Time,Experiment,Phase,Event,Detail,Action
16:59:03.575,EyeTracking,SettingUI,Experiment_Start,EyeTracking,
16:59:03.575,EyeTracking,SettingUI,Phase_Start,SettingUI,
17:02:03.396,EyeTracking,SettingUI,Hover_Enter,Button: demoFlickerSetting,Hovering
17:02:03.408,EyeTracking,SettingUI,Hover_Exit,Button: demoFlickerSetting,Hover_Exit
17:02:03.551,EyeTracking,SettingUI,Hover_Enter,Button: demoIntroScene,Hovering
17:02:03.765,EyeTracking,SettingUI,Hover_Exit,Button: demoIntroScene,Hover_Exit
17:02:03.820,EyeTracking,SettingUI,Hover_Enter,Button: addHzFlicker,Hovering
17:02:03.820,EyeTracking,SettingUI,Dwell_Start,Button: addHzFlicker,Dwell_Started
17:02:03.832,EyeTracking,SettingUI,Dwell_Start,Button: addHzFlicker,Dwell_Started
17:02:03.843,EyeTracking,SettingUI,Dwell_Start,Button: addHzFlicker,Dwell_Started
17:02:03.854,EyeTracking,SettingUI,Dwell_Start,Button: addHzFlicker,Dwell_Started
17:02:03.865,EyeTracking,SettingUI,Dwell_Start,Button: addHzFlicker,Dwell_Started
17:02:03.876,EyeTracking,SettingUI,Dwell_Start,Button: addHzFlicker,Dwell_Started
17:02:03.888,EyeTracking,SettingUI,Dwell_Start,Button: addHzFlicker,Dwell_Started
17:02:03.899,EyeTracking,SettingUI,Dwell_Start,Button: addHzFlicker,Dwell_Started
17:02:03.910,EyeTracking,SettingUI,Dwell_Start,Button: addHzFlicker,Dwell_Started
17:02:03.921,EyeTracking,SettingUI,Dwell_Start,Button: addHzFlicker,Dwell_Started
17:02:03.932,EyeTracking,SettingUI,Dwell_Start,Button: addHzFlicker,Dwell_Started
17:02:03.943,EyeTracking,SettingUI,Dwell_Start,Button: addHzFlicker,Dwell_Started
17:02:03.954,EyeTracking,SettingUI,Dwell_Start,Button: addHzFlicker,Dwell_Started
17:02:03.965,EyeTracking,SettingUI,Dwell_Start,Button: addHzFlicker,Dwell_Started
17:02:03.976,EyeTracking,SettingUI,Dwell_Start,Button: addHzFlicker,Dwell_Started
17:02:03.988,EyeTracking,SettingUI,Hover_Exit,Button: addHzFlicker,Hover_Exit
17:02:03.988,EyeTracking,SettingUI,Hover_Enter,Button: addTimeDwell,Hovering
17:02:03.988,EyeTracking,SettingUI,Dwell_Start,Button: addTimeDwell,Dwell_Started
17:02:03.999,EyeTracking,SettingUI,Hover_Exit,Button: addTimeDwell,Hover_Exit
17:02:03.999,EyeTracking,SettingUI,Hover_Enter,Button: addHzFlicker,Hovering
17:02:03.999,EyeTracking,SettingUI,Dwell_Start,Button: addHzFlicker,Dwell_Started
17:02:04.011,EyeTracking,SettingUI,Dwell_Start,Button: addHzFlicker,Dwell_Started
17:02:04.021,EyeTracking,SettingUI,Dwell_Start,Button: addHzFlicker,Dwell_Started
17:02:04.032,EyeTracking,SettingUI,Dwell_Start,Button: addHzFlicker,Dwell_Started
17:02:04.043,EyeTracking,SettingUI,Dwell_Start,Button: addHzFlicker,Dwell_Started
17:02:04.054,EyeTracking,SettingUI,Hover_Exit,Button: addHzFlicker,Hover_Exit
17:02:04.120,EyeTracking,SettingUI,Hover_Enter,Button: addHzFlicker,Hovering
17:02:04.120,EyeTracking,SettingUI,Dwell_Start,Button: addHzFlicker,Dwell_Started
17:02:04.131,EyeTracking,SettingUI,Hover_Exit,Button: addHzFlicker,Hover_Exit
17:02:04.142,EyeTracking,SettingUI,Hover_Enter,Button: addHzFlicker,Hovering
17:02:04.142,EyeTracking,SettingUI,Dwell_Start,Button: addHzFlicker,Dwell_Started
17:02:04.156,EyeTracking,SettingUI,Hover_Exit,Button: addHzFlicker,Hover_Exit
17:02:04.198,EyeTracking,SettingUI,Hover_Enter,Button: addHzFlicker,Hovering
17:02:04.198,EyeTracking,SettingUI,Dwell_Start,Button: addHzFlicker,Dwell_Started
17:02:04.210,EyeTracking,SettingUI,Dwell_Start,Button: addHzFlicker,Dwell_Started
17:02:04.221,EyeTracking,SettingUI,Dwell_Start,Button: addHzFlicker,Dwell_Started
17:02:04.231,EyeTracking,SettingUI,Dwell_Start,Button: addHzFlicker,Dwell_Started
17:02:04.241,EyeTracking,SettingUI,Dwell_Start,Button: addHzFlicker,Dwell_Started
17:02:04.255,EyeTracking,SettingUI,Dwell_Start,Button: addHzFlicker,Dwell_Started
17:02:04.264,EyeTracking,SettingUI,Dwell_Start,Button: addHzFlicker,Dwell_Started
17:02:04.276,EyeTracking,SettingUI,Dwell_Start,Button: addHzFlicker,Dwell_Started
17:02:04.287,EyeTracking,SettingUI,Dwell_Start,Button: addHzFlicker,Dwell_Started
17:02:04.298,EyeTracking,SettingUI,Hover_Exit,Button: addHzFlicker,Hover_Exit
17:02:04.331,EyeTracking,SettingUI,Hover_Enter,Button: addHzFlicker,Hovering
17:02:04.331,EyeTracking,SettingUI,Dwell_Start,Button: addHzFlicker,Dwell_Started
17:02:04.342,EyeTracking,SettingUI,Dwell_Start,Button: addHzFlicker,Dwell_Started
17:02:04.353,EyeTracking,SettingUI,Dwell_Start,Button: addHzFlicker,Dwell_Started
17:02:04.365,EyeTracking,SettingUI,Dwell_Start,Button: addHzFlicker,Dwell_Started
17:02:04.376,EyeTracking,SettingUI,Dwell_Start,Button: addHzFlicker,Dwell_Started
17:02:04.386,EyeTracking,SettingUI,Dwell_Start,Button: addHzFlicker,Dwell_Started
17:02:04.397,EyeTracking,SettingUI,Dwell_Start,Button: addHzFlicker,Dwell_Started
17:02:04.410,EyeTracking,SettingUI,Hover_Exit,Button: addHzFlicker,Hover_Exit
17:02:04.799,EyeTracking,SettingUI,Hover_Enter,Button: headingFlickerSetting,Hovering
17:02:05.497,EyeTracking,SettingUI,Hover_Exit,Button: headingFlickerSetting,Hover_Exit
17:02:06.263,EyeTracking,SettingUI,Hover_Enter,Button: headingFlickerSetting,Hovering
17:02:06.597,EyeTracking,SettingUI,Hover_Enter,Button: headingFlickerSetting,Hovering
17:02:06.644,EyeTracking,SettingUI,Hover_Exit,Button: headingFlickerSetting,Hover_Exit
17:02:06.645,EyeTracking,SettingUI,Hover_Enter,Button: headingDwellSetting,Hovering
17:02:06.723,EyeTracking,SettingUI,Hover_Exit,Button: headingDwellSetting,Hover_Exit
17:02:07.558,EyeTracking,SettingUI,Hover_Enter,Button: headingDwellSetting,Hovering
17:02:07.669,EyeTracking,SettingUI,Hover_Exit,Button: headingDwellSetting,Hover_Exit
17:02:08.184,EyeTracking,SettingUI,Hover_Enter,Button: headingFlickerSetting,Hovering
17:02:08.418,EyeTracking,SettingUI,Hover_Exit,Button: headingFlickerSetting,Hover_Exit
17:02:08.441,EyeTracking,SettingUI,Hover_Enter,Button: addHzFlicker,Hovering
17:02:08.441,EyeTracking,SettingUI,Dwell_Start,Button: addHzFlicker,Dwell_Started
17:02:08.451,EyeTracking,SettingUI,Dwell_Start,Button: addHzFlicker,Dwell_Started
17:02:08.463,EyeTracking,SettingUI,Dwell_Start,Button: addHzFlicker,Dwell_Started
17:02:08.474,EyeTracking,SettingUI,Dwell_Start,Button: addHzFlicker,Dwell_Started
17:02:08.485,EyeTracking,SettingUI,Dwell_Start,Button: addHzFlicker,Dwell_Started
17:02:08.494,EyeTracking,SettingUI,Dwell_Start,Button: addHzFlicker,Dwell_Started
17:02:08.507,EyeTracking,SettingUI,Dwell_Start,Button: addHzFlicker,Dwell_Started
17:02:08.517,EyeTracking,SettingUI,Dwell_Start,Button: addHzFlicker,Dwell_Started
17:02:08.530,EyeTracking,SettingUI,Dwell_Start,Button: addHzFlicker,Dwell_Started
17:02:08.540,EyeTracking,SettingUI,Dwell_Start,Button: addHzFlicker,Dwell_Started
17:02:08.551,EyeTracking,SettingUI,Dwell_Start,Button: addHzFlicker,Dwell_Started
17:02:08.563,EyeTracking,SettingUI,Dwell_Start,Button: addHzFlicker,Dwell_Started
17:02:08.575,EyeTracking,SettingUI,Dwell_Start,Button: addHzFlicker,Dwell_Started
17:02:08.586,EyeTracking,SettingUI,Dwell_Start,Button: addHzFlicker,Dwell_Started
17:02:08.597,EyeTracking,SettingUI,Dwell_Start,Button: addHzFlicker,Dwell_Started
17:02:08.607,EyeTracking,SettingUI,Dwell_Start,Button: addHzFlicker,Dwell_Started
17:02:08.617,EyeTracking,SettingUI,Dwell_Start,Button: addHzFlicker,Dwell_Started
17:02:08.629,EyeTracking,SettingUI,Dwell_Start,Button: addHzFlicker,Dwell_Started
17:02:08.640,EyeTracking,SettingUI,Hover_Exit,Button: addHzFlicker,Hover_Exit
17:02:08.685,EyeTracking,SettingUI,Hover_Enter,Button: demoIntroScene,Hovering
17:02:08.696,EyeTracking,SettingUI,Hover_Exit,Button: demoIntroScene,Hover_Exit
17:02:08.720,EyeTracking,SettingUI,Hover_Enter,Button: demoIntroScene,Hovering
17:02:08.730,EyeTracking,SettingUI,Hover_Exit,Button: demoIntroScene,Hover_Exit
17:02:08.818,EyeTracking,SettingUI,Hover_Enter,Button: demoIntroScene,Hovering
17:02:10.817,EyeTracking,SettingUI,Action_Executed,Button: demoIntroScene; Action: ButtonAction,Execution_Proceeding
17:02:21.334,EyeTracking,SettingUI,Hover_Enter,Button: demoIntroScene,Hovering
17:02:21.399,EyeTracking,SettingUI,Hover_Exit,Button: demoIntroScene,Hover_Exit
17:02:21.433,EyeTracking,SettingUI,Hover_Enter,Button: demoIntroScene,Hovering
17:02:21.445,EyeTracking,SettingUI,Hover_Exit,Button: demoIntroScene,Hover_Exit
17:02:22.378,EyeTracking,SettingUI,Hover_Enter,Button: Intro-Next-UI,Hovering
17:02:22.378,EyeTracking,SettingUI,Dwell_Start,Button: Intro-Next-UI,Dwell_Started
17:02:22.389,EyeTracking,SettingUI,Dwell_Start,Button: Intro-Next-UI,Dwell_Started
17:02:22.399,EyeTracking,SettingUI,Dwell_Start,Button: Intro-Next-UI,Dwell_Started
17:02:22.410,EyeTracking,SettingUI,Dwell_Start,Button: Intro-Next-UI,Dwell_Started
17:02:22.421,EyeTracking,SettingUI,Dwell_Start,Button: Intro-Next-UI,Dwell_Started
17:02:22.434,EyeTracking,SettingUI,Dwell_Start,Button: Intro-Next-UI,Dwell_Started
17:02:22.444,EyeTracking,SettingUI,Dwell_Start,Button: Intro-Next-UI,Dwell_Started
17:02:22.455,EyeTracking,SettingUI,Dwell_Start,Button: Intro-Next-UI,Dwell_Started
17:02:22.467,EyeTracking,SettingUI,Dwell_Start,Button: Intro-Next-UI,Dwell_Started
17:02:22.477,EyeTracking,SettingUI,Dwell_Start,Button: Intro-Next-UI,Dwell_Started
17:02:22.489,EyeTracking,SettingUI,Dwell_Start,Button: Intro-Next-UI,Dwell_Started
17:02:22.499,EyeTracking,SettingUI,Dwell_Start,Button: Intro-Next-UI,Dwell_Started
17:02:22.510,EyeTracking,SettingUI,Dwell_Start,Button: Intro-Next-UI,Dwell_Started
17:02:22.521,EyeTracking,SettingUI,Dwell_Start,Button: Intro-Next-UI,Dwell_Started
17:02:22.533,EyeTracking,SettingUI,Dwell_Start,Button: Intro-Next-UI,Dwell_Started
17:02:22.544,EyeTracking,SettingUI,Dwell_Start,Button: Intro-Next-UI,Dwell_Started
17:02:22.555,EyeTracking,SettingUI,Dwell_Start,Button: Intro-Next-UI,Dwell_Started
17:02:22.565,EyeTracking,SettingUI,Dwell_Start,Button: Intro-Next-UI,Dwell_Started
17:02:22.576,EyeTracking,SettingUI,Dwell_Start,Button: Intro-Next-UI,Dwell_Started
17:02:22.587,EyeTracking,SettingUI,Dwell_Start,Button: Intro-Next-UI,Dwell_Started
17:02:22.598,EyeTracking,SettingUI,Dwell_Start,Button: Intro-Next-UI,Dwell_Started
17:02:22.610,EyeTracking,SettingUI,Dwell_Start,Button: Intro-Next-UI,Dwell_Started
17:02:22.621,EyeTracking,SettingUI,Dwell_Start,Button: Intro-Next-UI,Dwell_Started
17:02:22.633,EyeTracking,SettingUI,Dwell_Start,Button: Intro-Next-UI,Dwell_Started
17:02:22.644,EyeTracking,SettingUI,Dwell_Start,Button: Intro-Next-UI,Dwell_Started
17:02:22.654,EyeTracking,SettingUI,Dwell_Start,Button: Intro-Next-UI,Dwell_Started
17:02:22.666,EyeTracking,SettingUI,Dwell_Start,Button: Intro-Next-UI,Dwell_Started
17:02:22.677,EyeTracking,SettingUI,Dwell_Start,Button: Intro-Next-UI,Dwell_Started
17:02:22.689,EyeTracking,SettingUI,Dwell_Start,Button: Intro-Next-UI,Dwell_Started
17:02:22.698,EyeTracking,SettingUI,Dwell_Start,Button: Intro-Next-UI,Dwell_Started
17:02:22.710,EyeTracking,SettingUI,Dwell_Start,Button: Intro-Next-UI,Dwell_Started
17:02:22.721,EyeTracking,SettingUI,Dwell_Start,Button: Intro-Next-UI,Dwell_Started
17:02:22.733,EyeTracking,SettingUI,Dwell_Start,Button: Intro-Next-UI,Dwell_Started
17:02:22.743,EyeTracking,SettingUI,Dwell_Start,Button: Intro-Next-UI,Dwell_Started
17:02:22.755,EyeTracking,SettingUI,Dwell_Start,Button: Intro-Next-UI,Dwell_Started
17:02:22.766,EyeTracking,SettingUI,Dwell_Start,Button: Intro-Next-UI,Dwell_Started
17:02:22.778,EyeTracking,SettingUI,Dwell_Start,Button: Intro-Next-UI,Dwell_Started
17:02:22.788,EyeTracking,SettingUI,Dwell_Start,Button: Intro-Next-UI,Dwell_Started
17:02:22.799,EyeTracking,SettingUI,Dwell_Start,Button: Intro-Next-UI,Dwell_Started
17:02:22.809,EyeTracking,SettingUI,Dwell_Start,Button: Intro-Next-UI,Dwell_Started
17:02:22.821,EyeTracking,SettingUI,Dwell_Start,Button: Intro-Next-UI,Dwell_Started
17:02:22.832,EyeTracking,SettingUI,Dwell_Start,Button: Intro-Next-UI,Dwell_Started
17:02:22.842,EyeTracking,SettingUI,Dwell_Start,Button: Intro-Next-UI,Dwell_Started
17:02:22.854,EyeTracking,SettingUI,Dwell_Start,Button: Intro-Next-UI,Dwell_Started
17:02:22.865,EyeTracking,SettingUI,Dwell_Start,Button: Intro-Next-UI,Dwell_Started
17:02:22.876,EyeTracking,SettingUI,Hover_Exit,Button: Intro-Next-UI,Hover_Exit
17:02:22.899,EyeTracking,SettingUI,Hover_Enter,Button: Intro-Next-UI,Hovering
17:02:22.899,EyeTracking,SettingUI,Dwell_Start,Button: Intro-Next-UI,Dwell_Started
17:02:22.911,EyeTracking,SettingUI,Dwell_Start,Button: Intro-Next-UI,Dwell_Started
17:02:22.921,EyeTracking,SettingUI,Dwell_Start,Button: Intro-Next-UI,Dwell_Started
17:02:22.933,EyeTracking,SettingUI,Hover_Exit,Button: Intro-Next-UI,Hover_Exit
17:02:23.422,EyeTracking,SettingUI,Hover_Enter,Button: Intro-Next-UI,Hovering
17:02:23.422,EyeTracking,SettingUI,Dwell_Start,Button: Intro-Next-UI,Dwell_Started
17:02:23.432,EyeTracking,SettingUI,Dwell_Start,Button: Intro-Next-UI,Dwell_Started
17:02:23.443,EyeTracking,SettingUI,Dwell_Start,Button: Intro-Next-UI,Dwell_Started
17:02:23.455,EyeTracking,SettingUI,Hover_Exit,Button: Intro-Next-UI,Hover_Exit
17:02:23.544,EyeTracking,SettingUI,Hover_Enter,Button: Intro-Next-UI,Hovering
17:02:23.544,EyeTracking,SettingUI,Dwell_Start,Button: Intro-Next-UI,Dwell_Started
17:02:23.555,EyeTracking,SettingUI,Hover_Exit,Button: Intro-Next-UI,Hover_Exit
17:02:23.598,EyeTracking,SettingUI,Hover_Enter,Button: Intro-Next-UI,Hovering
17:02:23.598,EyeTracking,SettingUI,Dwell_Start,Button: Intro-Next-UI,Dwell_Started
17:02:23.611,EyeTracking,SettingUI,Dwell_Start,Button: Intro-Next-UI,Dwell_Started
17:02:23.621,EyeTracking,SettingUI,Dwell_Start,Button: Intro-Next-UI,Dwell_Started
17:02:23.631,EyeTracking,SettingUI,Dwell_Start,Button: Intro-Next-UI,Dwell_Started
17:02:23.644,EyeTracking,SettingUI,Dwell_Start,Button: Intro-Next-UI,Dwell_Started
17:02:23.654,EyeTracking,SettingUI,Dwell_Start,Button: Intro-Next-UI,Dwell_Started
17:02:23.666,EyeTracking,SettingUI,Dwell_Start,Button: Intro-Next-UI,Dwell_Started
17:02:23.676,EyeTracking,SettingUI,Dwell_Start,Button: Intro-Next-UI,Dwell_Started
17:02:23.687,EyeTracking,SettingUI,Dwell_Start,Button: Intro-Next-UI,Dwell_Started
17:02:23.699,EyeTracking,SettingUI,Dwell_Start,Button: Intro-Next-UI,Dwell_Started
17:02:23.710,EyeTracking,SettingUI,Dwell_Start,Button: Intro-Next-UI,Dwell_Started
17:02:23.721,EyeTracking,SettingUI,Dwell_Start,Button: Intro-Next-UI,Dwell_Started
17:02:23.731,EyeTracking,SettingUI,Dwell_Start,Button: Intro-Next-UI,Dwell_Started
17:02:23.743,EyeTracking,SettingUI,Dwell_Start,Button: Intro-Next-UI,Dwell_Started
17:02:23.755,EyeTracking,SettingUI,Dwell_Start,Button: Intro-Next-UI,Dwell_Started
17:02:23.765,EyeTracking,SettingUI,Dwell_Start,Button: Intro-Next-UI,Dwell_Started
17:02:23.777,EyeTracking,SettingUI,Dwell_Start,Button: Intro-Next-UI,Dwell_Started
17:02:23.787,EyeTracking,SettingUI,Dwell_Start,Button: Intro-Next-UI,Dwell_Started
17:02:23.798,EyeTracking,SettingUI,Dwell_Start,Button: Intro-Next-UI,Dwell_Started
17:02:23.809,EyeTracking,SettingUI,Dwell_Start,Button: Intro-Next-UI,Dwell_Started
17:02:23.821,EyeTracking,SettingUI,Dwell_Start,Button: Intro-Next-UI,Dwell_Started
17:02:23.831,EyeTracking,SettingUI,Dwell_Start,Button: Intro-Next-UI,Dwell_Started
17:02:23.844,EyeTracking,SettingUI,Dwell_Start,Button: Intro-Next-UI,Dwell_Started
17:02:23.855,EyeTracking,SettingUI,Dwell_Start,Button: Intro-Next-UI,Dwell_Started
17:02:23.866,EyeTracking,SettingUI,Dwell_Start,Button: Intro-Next-UI,Dwell_Started
17:02:23.876,EyeTracking,SettingUI,Dwell_Start,Button: Intro-Next-UI,Dwell_Started
17:02:23.888,EyeTracking,SettingUI,Dwell_Start,Button: Intro-Next-UI,Dwell_Started
17:02:23.898,EyeTracking,SettingUI,Dwell_Start,Button: Intro-Next-UI,Dwell_Started
17:02:23.909,EyeTracking,SettingUI,Dwell_Start,Button: Intro-Next-UI,Dwell_Started
17:02:23.921,EyeTracking,SettingUI,Dwell_Start,Button: Intro-Next-UI,Dwell_Started
17:02:23.931,EyeTracking,SettingUI,Dwell_Start,Button: Intro-Next-UI,Dwell_Started
17:02:23.944,EyeTracking,SettingUI,Dwell_Start,Button: Intro-Next-UI,Dwell_Started
17:02:23.955,EyeTracking,SettingUI,Dwell_Start,Button: Intro-Next-UI,Dwell_Started
17:02:23.966,EyeTracking,SettingUI,Dwell_Start,Button: Intro-Next-UI,Dwell_Started
17:02:23.975,EyeTracking,SettingUI,Dwell_Start,Button: Intro-Next-UI,Dwell_Started
17:02:23.987,EyeTracking,SettingUI,Dwell_Start,Button: Intro-Next-UI,Dwell_Started
17:02:23.999,EyeTracking,SettingUI,Dwell_Start,Button: Intro-Next-UI,Dwell_Started
17:02:24.009,EyeTracking,SettingUI,Dwell_Start,Button: Intro-Next-UI,Dwell_Started
17:02:24.021,EyeTracking,SettingUI,Dwell_Start,Button: Intro-Next-UI,Dwell_Started
17:02:24.031,EyeTracking,SettingUI,Dwell_Start,Button: Intro-Next-UI,Dwell_Started
17:02:24.042,EyeTracking,SettingUI,Dwell_Start,Button: Intro-Next-UI,Dwell_Started
17:02:24.054,EyeTracking,SettingUI,Dwell_Start,Button: Intro-Next-UI,Dwell_Started
17:02:24.066,EyeTracking,SettingUI,Dwell_Start,Button: Intro-Next-UI,Dwell_Started
17:02:24.075,EyeTracking,SettingUI,Dwell_Start,Button: Intro-Next-UI,Dwell_Started
17:02:24.088,EyeTracking,SettingUI,Dwell_Start,Button: Intro-Next-UI,Dwell_Started
17:02:24.100,EyeTracking,SettingUI,Dwell_Start,Button: Intro-Next-UI,Dwell_Started
17:02:24.110,EyeTracking,SettingUI,Dwell_Start,Button: Intro-Next-UI,Dwell_Started
17:02:24.121,EyeTracking,SettingUI,Dwell_Start,Button: Intro-Next-UI,Dwell_Started
17:02:24.132,EyeTracking,SettingUI,Dwell_Start,Button: Intro-Next-UI,Dwell_Started
17:02:24.142,EyeTracking,SettingUI,Dwell_Start,Button: Intro-Next-UI,Dwell_Started
17:02:24.154,EyeTracking,SettingUI,Dwell_Start,Button: Intro-Next-UI,Dwell_Started
17:02:24.165,EyeTracking,SettingUI,Dwell_Start,Button: Intro-Next-UI,Dwell_Started
17:02:24.176,EyeTracking,SettingUI,Dwell_Start,Button: Intro-Next-UI,Dwell_Started
17:02:24.187,EyeTracking,SettingUI,Dwell_Start,Button: Intro-Next-UI,Dwell_Started
17:02:24.199,EyeTracking,SettingUI,Dwell_Start,Button: Intro-Next-UI,Dwell_Started
17:02:24.210,EyeTracking,SettingUI,Dwell_Start,Button: Intro-Next-UI,Dwell_Started
17:02:24.221,EyeTracking,SettingUI,Dwell_Start,Button: Intro-Next-UI,Dwell_Started
17:02:24.233,EyeTracking,SettingUI,Dwell_Start,Button: Intro-Next-UI,Dwell_Started
17:02:24.243,EyeTracking,SettingUI,Dwell_Start,Button: Intro-Next-UI,Dwell_Started
17:02:24.253,EyeTracking,SettingUI,Dwell_Start,Button: Intro-Next-UI,Dwell_Started
17:02:24.264,EyeTracking,SettingUI,Dwell_Start,Button: Intro-Next-UI,Dwell_Started
17:02:24.277,EyeTracking,SettingUI,Dwell_Start,Button: Intro-Next-UI,Dwell_Started
17:02:24.288,EyeTracking,SettingUI,Dwell_Start,Button: Intro-Next-UI,Dwell_Started
17:02:24.299,EyeTracking,SettingUI,Dwell_Start,Button: Intro-Next-UI,Dwell_Started
17:02:24.309,EyeTracking,SettingUI,Dwell_Start,Button: Intro-Next-UI,Dwell_Started
17:02:24.320,EyeTracking,SettingUI,Dwell_Start,Button: Intro-Next-UI,Dwell_Started
17:02:24.332,EyeTracking,SettingUI,Dwell_Start,Button: Intro-Next-UI,Dwell_Started
17:02:24.342,EyeTracking,SettingUI,Dwell_Start,Button: Intro-Next-UI,Dwell_Started
17:02:24.354,EyeTracking,SettingUI,Dwell_Start,Button: Intro-Next-UI,Dwell_Started
17:02:24.365,EyeTracking,SettingUI,Dwell_Start,Button: Intro-Next-UI,Dwell_Started
17:02:24.376,EyeTracking,SettingUI,Dwell_Start,Button: Intro-Next-UI,Dwell_Started
17:02:24.388,EyeTracking,SettingUI,Dwell_Start,Button: Intro-Next-UI,Dwell_Started
17:02:24.399,EyeTracking,SettingUI,Dwell_Start,Button: Intro-Next-UI,Dwell_Started
17:02:24.410,EyeTracking,SettingUI,Dwell_Start,Button: Intro-Next-UI,Dwell_Started
17:02:24.421,EyeTracking,SettingUI,Dwell_Start,Button: Intro-Next-UI,Dwell_Started
17:02:24.431,EyeTracking,SettingUI,Dwell_Start,Button: Intro-Next-UI,Dwell_Started
17:02:24.443,EyeTracking,SettingUI,Dwell_Start,Button: Intro-Next-UI,Dwell_Started
17:02:24.453,EyeTracking,SettingUI,Dwell_Start,Button: Intro-Next-UI,Dwell_Started
17:02:24.464,EyeTracking,SettingUI,Dwell_Start,Button: Intro-Next-UI,Dwell_Started
17:02:24.475,EyeTracking,SettingUI,Dwell_Start,Button: Intro-Next-UI,Dwell_Started
17:02:24.486,EyeTracking,SettingUI,Dwell_Start,Button: Intro-Next-UI,Dwell_Started
17:02:24.498,EyeTracking,SettingUI,Dwell_Start,Button: Intro-Next-UI,Dwell_Started
17:02:24.509,EyeTracking,SettingUI,Dwell_Start,Button: Intro-Next-UI,Dwell_Started
17:02:24.520,EyeTracking,SettingUI,Dwell_Start,Button: Intro-Next-UI,Dwell_Started
17:02:24.531,EyeTracking,SettingUI,Dwell_Start,Button: Intro-Next-UI,Dwell_Started
17:02:24.543,EyeTracking,SettingUI,Dwell_Start,Button: Intro-Next-UI,Dwell_Started
17:02:24.552,EyeTracking,SettingUI,Dwell_Start,Button: Intro-Next-UI,Dwell_Started
17:02:24.566,EyeTracking,SettingUI,Dwell_Start,Button: Intro-Next-UI,Dwell_Started
17:02:24.575,EyeTracking,SettingUI,Dwell_Start,Button: Intro-Next-UI,Dwell_Started
17:02:24.588,EyeTracking,SettingUI,Dwell_Start,Button: Intro-Next-UI,Dwell_Started
17:02:24.598,EyeTracking,SettingUI,Dwell_Start,Button: Intro-Next-UI,Dwell_Started
17:02:24.609,EyeTracking,SettingUI,Dwell_Start,Button: Intro-Next-UI,Dwell_Started
17:02:24.621,EyeTracking,SettingUI,Dwell_Start,Button: Intro-Next-UI,Dwell_Started
17:02:24.631,EyeTracking,SettingUI,Dwell_Start,Button: Intro-Next-UI,Dwell_Started
17:02:24.643,EyeTracking,SettingUI,Dwell_Start,Button: Intro-Next-UI,Dwell_Started
17:02:24.654,EyeTracking,SettingUI,Dwell_Start,Button: Intro-Next-UI,Dwell_Started
17:02:24.663,EyeTracking,SettingUI,Dwell_Start,Button: Intro-Next-UI,Dwell_Started
17:02:24.675,EyeTracking,SettingUI,Dwell_Start,Button: Intro-Next-UI,Dwell_Started
17:02:24.687,EyeTracking,SettingUI,Dwell_Start,Button: Intro-Next-UI,Dwell_Started
17:02:24.699,EyeTracking,SettingUI,Dwell_Start,Button: Intro-Next-UI,Dwell_Started
17:02:24.709,EyeTracking,SettingUI,Dwell_Start,Button: Intro-Next-UI,Dwell_Started
17:02:24.719,EyeTracking,SettingUI,Dwell_Start,Button: Intro-Next-UI,Dwell_Started
17:02:24.731,EyeTracking,SettingUI,Dwell_Start,Button: Intro-Next-UI,Dwell_Started
17:02:24.742,EyeTracking,SettingUI,Dwell_Start,Button: Intro-Next-UI,Dwell_Started
17:02:24.753,EyeTracking,SettingUI,Dwell_Start,Button: Intro-Next-UI,Dwell_Started
17:02:24.765,EyeTracking,SettingUI,Dwell_Start,Button: Intro-Next-UI,Dwell_Started
17:02:24.776,EyeTracking,SettingUI,Dwell_Start,Button: Intro-Next-UI,Dwell_Started
17:02:24.787,EyeTracking,SettingUI,Dwell_Start,Button: Intro-Next-UI,Dwell_Started
17:02:24.799,EyeTracking,SettingUI,Dwell_Start,Button: Intro-Next-UI,Dwell_Started
17:02:24.810,EyeTracking,SettingUI,Dwell_Start,Button: Intro-Next-UI,Dwell_Started
17:02:24.821,EyeTracking,SettingUI,Dwell_Start,Button: Intro-Next-UI,Dwell_Started
17:02:24.830,EyeTracking,SettingUI,Dwell_Start,Button: Intro-Next-UI,Dwell_Started
17:02:24.844,EyeTracking,SettingUI,Dwell_Start,Button: Intro-Next-UI,Dwell_Started
17:02:24.853,EyeTracking,SettingUI,Dwell_Start,Button: Intro-Next-UI,Dwell_Started
17:02:24.865,EyeTracking,SettingUI,Dwell_Start,Button: Intro-Next-UI,Dwell_Started
17:02:24.876,EyeTracking,SettingUI,Dwell_Start,Button: Intro-Next-UI,Dwell_Started
17:02:24.888,EyeTracking,SettingUI,Dwell_Start,Button: Intro-Next-UI,Dwell_Started
17:02:24.899,EyeTracking,SettingUI,Dwell_Start,Button: Intro-Next-UI,Dwell_Started
17:02:24.909,EyeTracking,SettingUI,Dwell_Start,Button: Intro-Next-UI,Dwell_Started
17:02:24.920,EyeTracking,SettingUI,Dwell_Start,Button: Intro-Next-UI,Dwell_Started
17:02:24.931,EyeTracking,SettingUI,Dwell_Start,Button: Intro-Next-UI,Dwell_Started
17:02:24.943,EyeTracking,SettingUI,Dwell_Start,Button: Intro-Next-UI,Dwell_Started
17:02:24.953,EyeTracking,SettingUI,Dwell_Start,Button: Intro-Next-UI,Dwell_Started
17:02:24.965,EyeTracking,SettingUI,Dwell_Start,Button: Intro-Next-UI,Dwell_Started
17:02:24.976,EyeTracking,SettingUI,Dwell_Start,Button: Intro-Next-UI,Dwell_Started
17:02:24.986,EyeTracking,SettingUI,Dwell_Start,Button: Intro-Next-UI,Dwell_Started
17:02:24.998,EyeTracking,SettingUI,Dwell_Start,Button: Intro-Next-UI,Dwell_Started
17:02:25.009,EyeTracking,SettingUI,Dwell_Start,Button: Intro-Next-UI,Dwell_Started
17:02:25.021,EyeTracking,SettingUI,Dwell_Start,Button: Intro-Next-UI,Dwell_Started
17:02:25.031,EyeTracking,SettingUI,Dwell_Start,Button: Intro-Next-UI,Dwell_Started
17:02:25.041,EyeTracking,SettingUI,Dwell_Start,Button: Intro-Next-UI,Dwell_Started
17:02:25.054,EyeTracking,SettingUI,Dwell_Start,Button: Intro-Next-UI,Dwell_Started
17:02:25.064,EyeTracking,SettingUI,Dwell_Start,Button: Intro-Next-UI,Dwell_Started
17:02:25.076,EyeTracking,SettingUI,Dwell_Start,Button: Intro-Next-UI,Dwell_Started
17:02:25.087,EyeTracking,SettingUI,Dwell_Start,Button: Intro-Next-UI,Dwell_Started
17:02:25.099,EyeTracking,SettingUI,Dwell_Start,Button: Intro-Next-UI,Dwell_Started
17:02:25.108,EyeTracking,SettingUI,Dwell_Start,Button: Intro-Next-UI,Dwell_Started
17:02:25.121,EyeTracking,SettingUI,Dwell_Start,Button: Intro-Next-UI,Dwell_Started
17:02:25.130,EyeTracking,SettingUI,Dwell_Start,Button: Intro-Next-UI,Dwell_Started
17:02:25.142,EyeTracking,SettingUI,Dwell_Start,Button: Intro-Next-UI,Dwell_Started
17:02:25.153,EyeTracking,SettingUI,Dwell_Start,Button: Intro-Next-UI,Dwell_Started
17:02:25.165,EyeTracking,SettingUI,Dwell_Start,Button: Intro-Next-UI,Dwell_Started
17:02:25.174,EyeTracking,SettingUI,Dwell_Start,Button: Intro-Next-UI,Dwell_Started
17:02:25.188,EyeTracking,SettingUI,Dwell_Start,Button: Intro-Next-UI,Dwell_Started
17:02:25.199,EyeTracking,SettingUI,Dwell_Start,Button: Intro-Next-UI,Dwell_Started
17:02:25.209,EyeTracking,SettingUI,Dwell_Start,Button: Intro-Next-UI,Dwell_Started
17:02:25.220,EyeTracking,SettingUI,Dwell_Start,Button: Intro-Next-UI,Dwell_Started
17:02:25.230,EyeTracking,SettingUI,Dwell_Start,Button: Intro-Next-UI,Dwell_Started
17:02:25.242,EyeTracking,SettingUI,Dwell_Start,Button: Intro-Next-UI,Dwell_Started
17:02:25.253,EyeTracking,SettingUI,Dwell_Start,Button: Intro-Next-UI,Dwell_Started
17:02:25.264,EyeTracking,SettingUI,Dwell_Start,Button: Intro-Next-UI,Dwell_Started
17:02:25.275,EyeTracking,SettingUI,Dwell_Start,Button: Intro-Next-UI,Dwell_Started
17:02:25.288,EyeTracking,SettingUI,Dwell_Start,Button: Intro-Next-UI,Dwell_Started
17:02:25.297,EyeTracking,SettingUI,Dwell_Start,Button: Intro-Next-UI,Dwell_Started
17:02:25.309,EyeTracking,SettingUI,Dwell_Start,Button: Intro-Next-UI,Dwell_Started
17:02:25.321,EyeTracking,SettingUI,Dwell_Start,Button: Intro-Next-UI,Dwell_Started
17:02:25.331,EyeTracking,SettingUI,Dwell_Start,Button: Intro-Next-UI,Dwell_Started
17:02:25.343,EyeTracking,SettingUI,Dwell_Start,Button: Intro-Next-UI,Dwell_Started
17:02:25.354,EyeTracking,SettingUI,Dwell_Start,Button: Intro-Next-UI,Dwell_Started
17:02:25.365,EyeTracking,SettingUI,Dwell_Start,Button: Intro-Next-UI,Dwell_Started
17:02:25.375,EyeTracking,SettingUI,Dwell_Start,Button: Intro-Next-UI,Dwell_Started
17:02:25.387,EyeTracking,SettingUI,Dwell_Start,Button: Intro-Next-UI,Dwell_Started
17:02:25.398,EyeTracking,SettingUI,Dwell_Start,Button: Intro-Next-UI,Dwell_Started
17:02:25.409,EyeTracking,SettingUI,Dwell_Start,Button: Intro-Next-UI,Dwell_Started
17:02:25.420,EyeTracking,SettingUI,Dwell_Start,Button: Intro-Next-UI,Dwell_Started
17:02:25.431,EyeTracking,SettingUI,Dwell_Start,Button: Intro-Next-UI,Dwell_Started
17:02:25.441,EyeTracking,SettingUI,Dwell_Start,Button: Intro-Next-UI,Dwell_Started
17:02:25.453,EyeTracking,SettingUI,Dwell_Start,Button: Intro-Next-UI,Dwell_Started
17:02:25.464,EyeTracking,SettingUI,Dwell_Start,Button: Intro-Next-UI,Dwell_Started
17:02:25.475,EyeTracking,SettingUI,Dwell_Start,Button: Intro-Next-UI,Dwell_Started
17:02:25.487,EyeTracking,SettingUI,Dwell_Start,Button: Intro-Next-UI,Dwell_Started
17:02:25.499,EyeTracking,SettingUI,Dwell_Start,Button: Intro-Next-UI,Dwell_Started
17:02:25.509,EyeTracking,SettingUI,Dwell_Start,Button: Intro-Next-UI,Dwell_Started
17:02:25.521,EyeTracking,SettingUI,Dwell_Start,Button: Intro-Next-UI,Dwell_Started
17:02:25.531,EyeTracking,SettingUI,Dwell_Start,Button: Intro-Next-UI,Dwell_Started
17:02:25.542,EyeTracking,SettingUI,Dwell_Start,Button: Intro-Next-UI,Dwell_Started
17:02:25.553,EyeTracking,SettingUI,Dwell_Start,Button: Intro-Next-UI,Dwell_Started
17:02:25.563,EyeTracking,SettingUI,Dwell_Start,Button: Intro-Next-UI,Dwell_Started
17:02:25.576,EyeTracking,SettingUI,Dwell_Start,Button: Intro-Next-UI,Dwell_Started
17:02:25.586,EyeTracking,SettingUI,Dwell_Start,Button: Intro-Next-UI,Dwell_Started
17:02:25.597,EyeTracking,SettingUI,Dwell_Start,Button: Intro-Next-UI,Dwell_Started
17:02:25.598,EyeTracking,SettingUI,Dwell_Complete,Button: Intro-Next-UI,Dwelling_Completed
17:02:25.598,EyeTracking,SettingUI,Flicker_Start,Intro-Next-UI,Flicker_Start
17:02:26.353,EyeTracking,SettingUI,Hover_Exit,Button: Intro-Next-UI,Hover_Exit
17:02:26.920,EyeTracking,SettingUI,Hover_Enter,Button: Intro-Next-UI,Hovering
17:02:26.920,EyeTracking,SettingUI,Dwell_Start,Button: Intro-Next-UI,Dwell_Started
17:02:26.931,EyeTracking,SettingUI,Dwell_Start,Button: Intro-Next-UI,Dwell_Started
17:02:26.941,EyeTracking,SettingUI,Dwell_Start,Button: Intro-Next-UI,Dwell_Started
17:02:26.952,EyeTracking,SettingUI,Dwell_Start,Button: Intro-Next-UI,Dwell_Started
17:02:26.963,EyeTracking,SettingUI,Dwell_Start,Button: Intro-Next-UI,Dwell_Started
17:02:26.975,EyeTracking,SettingUI,Dwell_Start,Button: Intro-Next-UI,Dwell_Started
17:02:26.986,EyeTracking,SettingUI,Dwell_Start,Button: Intro-Next-UI,Dwell_Started
17:02:26.997,EyeTracking,SettingUI,Dwell_Start,Button: Intro-Next-UI,Dwell_Started
17:02:27.008,EyeTracking,SettingUI,Dwell_Start,Button: Intro-Next-UI,Dwell_Started
17:02:27.019,EyeTracking,SettingUI,Dwell_Start,Button: Intro-Next-UI,Dwell_Started
17:02:27.030,EyeTracking,SettingUI,Dwell_Start,Button: Intro-Next-UI,Dwell_Started
17:02:27.041,EyeTracking,SettingUI,Dwell_Start,Button: Intro-Next-UI,Dwell_Started
17:02:27.053,EyeTracking,SettingUI,Dwell_Start,Button: Intro-Next-UI,Dwell_Started
17:02:27.064,EyeTracking,SettingUI,Dwell_Start,Button: Intro-Next-UI,Dwell_Started
17:02:27.074,EyeTracking,SettingUI,Dwell_Start,Button: Intro-Next-UI,Dwell_Started
17:02:27.087,EyeTracking,SettingUI,Dwell_Start,Button: Intro-Next-UI,Dwell_Started
17:02:27.098,EyeTracking,SettingUI,Dwell_Start,Button: Intro-Next-UI,Dwell_Started
17:02:27.108,EyeTracking,SettingUI,Dwell_Start,Button: Intro-Next-UI,Dwell_Started
17:02:27.119,EyeTracking,SettingUI,Dwell_Start,Button: Intro-Next-UI,Dwell_Started
17:02:27.131,EyeTracking,SettingUI,Dwell_Start,Button: Intro-Next-UI,Dwell_Started
17:02:27.141,EyeTracking,SettingUI,Dwell_Start,Button: Intro-Next-UI,Dwell_Started
17:02:27.152,EyeTracking,SettingUI,Dwell_Start,Button: Intro-Next-UI,Dwell_Started
17:02:27.163,EyeTracking,SettingUI,Dwell_Start,Button: Intro-Next-UI,Dwell_Started
17:02:27.174,EyeTracking,SettingUI,Dwell_Start,Button: Intro-Next-UI,Dwell_Started
17:02:27.186,EyeTracking,SettingUI,Dwell_Start,Button: Intro-Next-UI,Dwell_Started
17:02:27.197,EyeTracking,SettingUI,Dwell_Start,Button: Intro-Next-UI,Dwell_Started
17:02:27.207,EyeTracking,SettingUI,Dwell_Start,Button: Intro-Next-UI,Dwell_Started
17:02:27.220,EyeTracking,SettingUI,Dwell_Start,Button: Intro-Next-UI,Dwell_Started
17:02:27.231,EyeTracking,SettingUI,Dwell_Start,Button: Intro-Next-UI,Dwell_Started
17:02:27.243,EyeTracking,SettingUI,Dwell_Start,Button: Intro-Next-UI,Dwell_Started
17:02:27.251,EyeTracking,SettingUI,Dwell_Start,Button: Intro-Next-UI,Dwell_Started
17:02:27.263,EyeTracking,SettingUI,Dwell_Start,Button: Intro-Next-UI,Dwell_Started
17:02:27.275,EyeTracking,SettingUI,Dwell_Start,Button: Intro-Next-UI,Dwell_Started
17:02:27.285,EyeTracking,SettingUI,Dwell_Start,Button: Intro-Next-UI,Dwell_Started
17:02:27.296,EyeTracking,SettingUI,Dwell_Start,Button: Intro-Next-UI,Dwell_Started
17:02:27.308,EyeTracking,SettingUI,Dwell_Start,Button: Intro-Next-UI,Dwell_Started
17:02:27.320,EyeTracking,SettingUI,Dwell_Start,Button: Intro-Next-UI,Dwell_Started
17:02:27.331,EyeTracking,SettingUI,Dwell_Start,Button: Intro-Next-UI,Dwell_Started
17:02:27.341,EyeTracking,SettingUI,Dwell_Start,Button: Intro-Next-UI,Dwell_Started
17:02:27.351,EyeTracking,SettingUI,Dwell_Start,Button: Intro-Next-UI,Dwell_Started
17:02:27.362,EyeTracking,SettingUI,Dwell_Start,Button: Intro-Next-UI,Dwell_Started
17:02:27.373,EyeTracking,SettingUI,Dwell_Start,Button: Intro-Next-UI,Dwell_Started
17:02:27.385,EyeTracking,SettingUI,Dwell_Start,Button: Intro-Next-UI,Dwell_Started
17:02:27.398,EyeTracking,SettingUI,Dwell_Start,Button: Intro-Next-UI,Dwell_Started
17:02:27.407,EyeTracking,SettingUI,Dwell_Start,Button: Intro-Next-UI,Dwell_Started
17:02:27.419,EyeTracking,SettingUI,Dwell_Start,Button: Intro-Next-UI,Dwell_Started
17:02:27.430,EyeTracking,SettingUI,Dwell_Start,Button: Intro-Next-UI,Dwell_Started
17:02:27.441,EyeTracking,SettingUI,Dwell_Start,Button: Intro-Next-UI,Dwell_Started
17:02:27.453,EyeTracking,SettingUI,Dwell_Start,Button: Intro-Next-UI,Dwell_Started
17:02:27.463,EyeTracking,SettingUI,Dwell_Start,Button: Intro-Next-UI,Dwell_Started
17:02:27.474,EyeTracking,SettingUI,Dwell_Start,Button: Intro-Next-UI,Dwell_Started
17:02:27.486,EyeTracking,SettingUI,Dwell_Start,Button: Intro-Next-UI,Dwell_Started
17:02:27.497,EyeTracking,SettingUI,Dwell_Start,Button: Intro-Next-UI,Dwell_Started
17:02:27.508,EyeTracking,SettingUI,Dwell_Start,Button: Intro-Next-UI,Dwell_Started
17:02:27.520,EyeTracking,SettingUI,Dwell_Start,Button: Intro-Next-UI,Dwell_Started
17:02:27.531,EyeTracking,SettingUI,Dwell_Start,Button: Intro-Next-UI,Dwell_Started
17:02:27.541,EyeTracking,SettingUI,Dwell_Start,Button: Intro-Next-UI,Dwell_Started
17:02:27.551,EyeTracking,SettingUI,Dwell_Start,Button: Intro-Next-UI,Dwell_Started
17:02:27.564,EyeTracking,SettingUI,Dwell_Start,Button: Intro-Next-UI,Dwell_Started
17:02:27.574,EyeTracking,SettingUI,Dwell_Start,Button: Intro-Next-UI,Dwell_Started
17:02:27.586,EyeTracking,SettingUI,Dwell_Start,Button: Intro-Next-UI,Dwell_Started
17:02:27.597,EyeTracking,SettingUI,Dwell_Start,Button: Intro-Next-UI,Dwell_Started
17:02:27.608,EyeTracking,SettingUI,Dwell_Start,Button: Intro-Next-UI,Dwell_Started
17:02:27.608,EyeTracking,SettingUI,Flicker_End,Button: Intro-Next-UI,Flicker_End
17:02:27.608,EyeTracking,SettingUI,Action_Executed,Button: Intro-Next-UI; Action: ButtonAction,Execution_Proceeding
17:02:27.619,EyeTracking,SettingUI,Hover_Enter,Button: nextDwellSetting,Hovering
17:02:27.619,EyeTracking,SettingUI,Dwell_Start,Button: nextDwellSetting,Dwell_Started
17:02:27.630,EyeTracking,SettingUI,Dwell_Start,Button: nextDwellSetting,Dwell_Started
17:02:27.641,EyeTracking,SettingUI,Dwell_Start,Button: nextDwellSetting,Dwell_Started
17:02:27.651,EyeTracking,SettingUI,Dwell_Start,Button: nextDwellSetting,Dwell_Started
17:02:27.663,EyeTracking,SettingUI,Dwell_Start,Button: nextDwellSetting,Dwell_Started
17:02:27.674,EyeTracking,SettingUI,Dwell_Start,Button: nextDwellSetting,Dwell_Started
17:02:27.686,EyeTracking,SettingUI,Dwell_Start,Button: nextDwellSetting,Dwell_Started
17:02:27.697,EyeTracking,SettingUI,Dwell_Start,Button: nextDwellSetting,Dwell_Started
17:02:27.708,EyeTracking,SettingUI,Dwell_Start,Button: nextDwellSetting,Dwell_Started
17:02:27.721,EyeTracking,SettingUI,Dwell_Start,Button: nextDwellSetting,Dwell_Started
17:02:27.733,EyeTracking,SettingUI,Dwell_Start,Button: nextDwellSetting,Dwell_Started
17:02:27.741,EyeTracking,SettingUI,Dwell_Start,Button: nextDwellSetting,Dwell_Started
17:02:27.752,EyeTracking,SettingUI,Dwell_Start,Button: nextDwellSetting,Dwell_Started
17:02:27.763,EyeTracking,SettingUI,Dwell_Start,Button: nextDwellSetting,Dwell_Started
17:02:27.773,EyeTracking,SettingUI,Dwell_Start,Button: nextDwellSetting,Dwell_Started
17:02:27.786,EyeTracking,SettingUI,Dwell_Start,Button: nextDwellSetting,Dwell_Started
17:02:27.796,EyeTracking,SettingUI,Dwell_Start,Button: nextDwellSetting,Dwell_Started
17:02:27.807,EyeTracking,SettingUI,Dwell_Start,Button: nextDwellSetting,Dwell_Started
17:02:27.819,EyeTracking,SettingUI,Dwell_Start,Button: nextDwellSetting,Dwell_Started
17:02:27.829,EyeTracking,SettingUI,Dwell_Start,Button: nextDwellSetting,Dwell_Started
17:02:27.840,EyeTracking,SettingUI,Dwell_Start,Button: nextDwellSetting,Dwell_Started
17:02:27.851,EyeTracking,SettingUI,Dwell_Start,Button: nextDwellSetting,Dwell_Started
17:02:27.863,EyeTracking,SettingUI,Dwell_Start,Button: nextDwellSetting,Dwell_Started
17:02:27.872,EyeTracking,SettingUI,Dwell_Start,Button: nextDwellSetting,Dwell_Started
17:02:27.886,EyeTracking,SettingUI,Dwell_Start,Button: nextDwellSetting,Dwell_Started
17:02:27.895,EyeTracking,SettingUI,Dwell_Start,Button: nextDwellSetting,Dwell_Started
17:02:27.907,EyeTracking,SettingUI,Dwell_Start,Button: nextDwellSetting,Dwell_Started
17:02:27.919,EyeTracking,SettingUI,Dwell_Start,Button: nextDwellSetting,Dwell_Started
17:02:27.930,EyeTracking,SettingUI,Dwell_Start,Button: nextDwellSetting,Dwell_Started
17:02:27.941,EyeTracking,SettingUI,Dwell_Start,Button: nextDwellSetting,Dwell_Started
17:02:27.951,EyeTracking,SettingUI,Dwell_Start,Button: nextDwellSetting,Dwell_Started
17:02:27.963,EyeTracking,SettingUI,Dwell_Start,Button: nextDwellSetting,Dwell_Started
17:02:27.973,EyeTracking,SettingUI,Dwell_Start,Button: nextDwellSetting,Dwell_Started
17:02:27.985,EyeTracking,SettingUI,Dwell_Start,Button: nextDwellSetting,Dwell_Started
17:02:27.996,EyeTracking,SettingUI,Dwell_Start,Button: nextDwellSetting,Dwell_Started
17:02:28.007,EyeTracking,SettingUI,Dwell_Start,Button: nextDwellSetting,Dwell_Started
17:02:28.019,EyeTracking,SettingUI,Dwell_Start,Button: nextDwellSetting,Dwell_Started
17:02:28.030,EyeTracking,SettingUI,Dwell_Start,Button: nextDwellSetting,Dwell_Started
17:02:28.040,EyeTracking,SettingUI,Dwell_Start,Button: nextDwellSetting,Dwell_Started
17:02:28.052,EyeTracking,SettingUI,Dwell_Start,Button: nextDwellSetting,Dwell_Started
17:02:28.063,EyeTracking,SettingUI,Dwell_Start,Button: nextDwellSetting,Dwell_Started
17:02:28.074,EyeTracking,SettingUI,Dwell_Start,Button: nextDwellSetting,Dwell_Started
17:02:28.085,EyeTracking,SettingUI,Dwell_Start,Button: nextDwellSetting,Dwell_Started
17:02:28.095,EyeTracking,SettingUI,Dwell_Start,Button: nextDwellSetting,Dwell_Started
17:02:28.107,EyeTracking,SettingUI,Dwell_Start,Button: nextDwellSetting,Dwell_Started
17:02:28.118,EyeTracking,SettingUI,Dwell_Start,Button: nextDwellSetting,Dwell_Started
17:02:28.130,EyeTracking,SettingUI,Hover_Exit,Button: nextDwellSetting,Hover_Exit
17:02:28.173,EyeTracking,SettingUI,Hover_Enter,Button: subTimeDwell,Hovering
17:02:28.173,EyeTracking,SettingUI,Dwell_Start,Button: subTimeDwell,Dwell_Started
17:02:28.185,EyeTracking,SettingUI,Dwell_Start,Button: subTimeDwell,Dwell_Started
17:02:28.196,EyeTracking,SettingUI,Dwell_Start,Button: subTimeDwell,Dwell_Started
17:02:28.208,EyeTracking,SettingUI,Dwell_Start,Button: subTimeDwell,Dwell_Started
17:02:28.219,EyeTracking,SettingUI,Dwell_Start,Button: subTimeDwell,Dwell_Started
17:02:28.230,EyeTracking,SettingUI,Dwell_Start,Button: subTimeDwell,Dwell_Started
17:02:28.241,EyeTracking,SettingUI,Dwell_Start,Button: subTimeDwell,Dwell_Started
17:02:28.251,EyeTracking,SettingUI,Dwell_Start,Button: subTimeDwell,Dwell_Started
17:02:28.264,EyeTracking,SettingUI,Dwell_Start,Button: subTimeDwell,Dwell_Started
17:02:28.274,EyeTracking,SettingUI,Dwell_Start,Button: subTimeDwell,Dwell_Started
17:02:28.286,EyeTracking,SettingUI,Dwell_Start,Button: subTimeDwell,Dwell_Started
17:02:28.297,EyeTracking,SettingUI,Dwell_Start,Button: subTimeDwell,Dwell_Started
17:02:28.308,EyeTracking,SettingUI,Dwell_Start,Button: subTimeDwell,Dwell_Started
17:02:28.319,EyeTracking,SettingUI,Dwell_Start,Button: subTimeDwell,Dwell_Started
17:02:28.329,EyeTracking,SettingUI,Dwell_Start,Button: subTimeDwell,Dwell_Started
17:02:28.341,EyeTracking,SettingUI,Dwell_Start,Button: subTimeDwell,Dwell_Started
17:02:28.352,EyeTracking,SettingUI,Dwell_Start,Button: subTimeDwell,Dwell_Started
17:02:28.364,EyeTracking,SettingUI,Dwell_Start,Button: subTimeDwell,Dwell_Started
17:02:28.375,EyeTracking,SettingUI,Hover_Exit,Button: subTimeDwell,Hover_Exit
17:02:28.419,EyeTracking,SettingUI,Hover_Enter,Button: subTimeDwell,Hovering
17:02:28.419,EyeTracking,SettingUI,Dwell_Start,Button: subTimeDwell,Dwell_Started
17:02:28.429,EyeTracking,SettingUI,Dwell_Start,Button: subTimeDwell,Dwell_Started
17:02:28.440,EyeTracking,SettingUI,Dwell_Start,Button: subTimeDwell,Dwell_Started
17:02:28.451,EyeTracking,SettingUI,Dwell_Start,Button: subTimeDwell,Dwell_Started
17:02:28.463,EyeTracking,SettingUI,Dwell_Start,Button: subTimeDwell,Dwell_Started
17:02:28.473,EyeTracking,SettingUI,Dwell_Start,Button: subTimeDwell,Dwell_Started
17:02:28.486,EyeTracking,SettingUI,Dwell_Start,Button: subTimeDwell,Dwell_Started
17:02:28.495,EyeTracking,SettingUI,Dwell_Start,Button: subTimeDwell,Dwell_Started
17:02:28.509,EyeTracking,SettingUI,Dwell_Start,Button: subTimeDwell,Dwell_Started
17:02:28.518,EyeTracking,SettingUI,Dwell_Start,Button: subTimeDwell,Dwell_Started
17:02:28.530,EyeTracking,SettingUI,Dwell_Start,Button: subTimeDwell,Dwell_Started
17:02:28.541,EyeTracking,SettingUI,Dwell_Start,Button: subTimeDwell,Dwell_Started
17:02:28.551,EyeTracking,SettingUI,Dwell_Start,Button: subTimeDwell,Dwell_Started
17:02:28.563,EyeTracking,SettingUI,Dwell_Start,Button: subTimeDwell,Dwell_Started
17:02:28.573,EyeTracking,SettingUI,Dwell_Start,Button: subTimeDwell,Dwell_Started
17:02:28.585,EyeTracking,SettingUI,Dwell_Start,Button: subTimeDwell,Dwell_Started
17:02:28.595,EyeTracking,SettingUI,Dwell_Start,Button: subTimeDwell,Dwell_Started
17:02:28.607,EyeTracking,SettingUI,Dwell_Start,Button: subTimeDwell,Dwell_Started
17:02:28.619,EyeTracking,SettingUI,Dwell_Start,Button: subTimeDwell,Dwell_Started
17:02:28.628,EyeTracking,SettingUI,Dwell_Start,Button: subTimeDwell,Dwell_Started
17:02:28.640,EyeTracking,SettingUI,Dwell_Start,Button: subTimeDwell,Dwell_Started
17:02:28.651,EyeTracking,SettingUI,Dwell_Start,Button: subTimeDwell,Dwell_Started
17:02:28.663,EyeTracking,SettingUI,Dwell_Start,Button: subTimeDwell,Dwell_Started
17:02:28.674,EyeTracking,SettingUI,Hover_Exit,Button: subTimeDwell,Hover_Exit
17:02:28.940,EyeTracking,SettingUI,Hover_Enter,Button: subTimeDwell,Hovering
17:02:28.940,EyeTracking,SettingUI,Dwell_Start,Button: subTimeDwell,Dwell_Started
17:02:28.951,EyeTracking,SettingUI,Dwell_Start,Button: subTimeDwell,Dwell_Started
17:02:28.963,EyeTracking,SettingUI,Dwell_Start,Button: subTimeDwell,Dwell_Started
17:02:28.974,EyeTracking,SettingUI,Dwell_Start,Button: subTimeDwell,Dwell_Started
17:02:28.985,EyeTracking,SettingUI,Dwell_Start,Button: subTimeDwell,Dwell_Started
17:02:28.996,EyeTracking,SettingUI,Dwell_Start,Button: subTimeDwell,Dwell_Started
17:02:29.007,EyeTracking,SettingUI,Dwell_Start,Button: subTimeDwell,Dwell_Started
17:02:29.019,EyeTracking,SettingUI,Dwell_Start,Button: subTimeDwell,Dwell_Started
17:02:29.029,EyeTracking,SettingUI,Dwell_Start,Button: subTimeDwell,Dwell_Started
17:02:29.040,EyeTracking,SettingUI,Dwell_Start,Button: subTimeDwell,Dwell_Started
17:02:29.052,EyeTracking,SettingUI,Dwell_Start,Button: subTimeDwell,Dwell_Started
17:02:29.063,EyeTracking,SettingUI,Dwell_Start,Button: subTimeDwell,Dwell_Started
17:02:29.074,EyeTracking,SettingUI,Dwell_Start,Button: subTimeDwell,Dwell_Started
17:02:29.085,EyeTracking,SettingUI,Dwell_Start,Button: subTimeDwell,Dwell_Started
17:02:29.096,EyeTracking,SettingUI,Dwell_Start,Button: subTimeDwell,Dwell_Started
17:02:29.107,EyeTracking,SettingUI,Dwell_Start,Button: subTimeDwell,Dwell_Started
17:02:29.118,EyeTracking,SettingUI,Dwell_Start,Button: subTimeDwell,Dwell_Started
17:02:29.129,EyeTracking,SettingUI,Dwell_Start,Button: subTimeDwell,Dwell_Started
17:02:29.141,EyeTracking,SettingUI,Dwell_Start,Button: subTimeDwell,Dwell_Started
17:02:29.151,EyeTracking,SettingUI,Dwell_Start,Button: subTimeDwell,Dwell_Started
17:02:29.163,EyeTracking,SettingUI,Dwell_Start,Button: subTimeDwell,Dwell_Started
17:02:29.174,EyeTracking,SettingUI,Dwell_Start,Button: subTimeDwell,Dwell_Started
17:02:29.185,EyeTracking,SettingUI,Dwell_Start,Button: subTimeDwell,Dwell_Started
17:02:29.196,EyeTracking,SettingUI,Dwell_Start,Button: subTimeDwell,Dwell_Started
17:02:29.207,EyeTracking,SettingUI,Dwell_Start,Button: subTimeDwell,Dwell_Started
17:02:29.218,EyeTracking,SettingUI,Dwell_Start,Button: subTimeDwell,Dwell_Started
17:02:29.229,EyeTracking,SettingUI,Dwell_Start,Button: subTimeDwell,Dwell_Started
17:02:29.241,EyeTracking,SettingUI,Dwell_Start,Button: subTimeDwell,Dwell_Started
17:02:29.251,EyeTracking,SettingUI,Dwell_Start,Button: subTimeDwell,Dwell_Started
17:02:29.262,EyeTracking,SettingUI,Dwell_Start,Button: subTimeDwell,Dwell_Started
17:02:29.273,EyeTracking,SettingUI,Dwell_Start,Button: subTimeDwell,Dwell_Started
17:02:29.285,EyeTracking,SettingUI,Dwell_Start,Button: subTimeDwell,Dwell_Started
17:02:29.296,EyeTracking,SettingUI,Dwell_Start,Button: subTimeDwell,Dwell_Started
17:02:29.307,EyeTracking,SettingUI,Dwell_Start,Button: subTimeDwell,Dwell_Started
17:02:29.319,EyeTracking,SettingUI,Dwell_Start,Button: subTimeDwell,Dwell_Started
17:02:29.329,EyeTracking,SettingUI,Dwell_Start,Button: subTimeDwell,Dwell_Started
17:02:29.341,EyeTracking,SettingUI,Dwell_Start,Button: subTimeDwell,Dwell_Started
17:02:29.351,EyeTracking,SettingUI,Dwell_Start,Button: subTimeDwell,Dwell_Started
17:02:29.363,EyeTracking,SettingUI,Dwell_Start,Button: subTimeDwell,Dwell_Started
17:02:29.373,EyeTracking,SettingUI,Dwell_Start,Button: subTimeDwell,Dwell_Started
17:02:29.385,EyeTracking,SettingUI,Dwell_Start,Button: subTimeDwell,Dwell_Started
17:02:29.396,EyeTracking,SettingUI,Dwell_Start,Button: subTimeDwell,Dwell_Started
17:02:29.408,EyeTracking,SettingUI,Hover_Exit,Button: subTimeDwell,Hover_Exit
17:02:29.963,EyeTracking,SettingUI,Hover_Enter,Button: subTimeDwell,Hovering
17:02:29.963,EyeTracking,SettingUI,Dwell_Start,Button: subTimeDwell,Dwell_Started
17:02:29.973,EyeTracking,SettingUI,Dwell_Start,Button: subTimeDwell,Dwell_Started
17:02:29.985,EyeTracking,SettingUI,Dwell_Start,Button: subTimeDwell,Dwell_Started
17:02:29.994,EyeTracking,SettingUI,Dwell_Start,Button: subTimeDwell,Dwell_Started
17:02:30.006,EyeTracking,SettingUI,Dwell_Start,Button: subTimeDwell,Dwell_Started
17:02:30.018,EyeTracking,SettingUI,Dwell_Start,Button: subTimeDwell,Dwell_Started
17:02:30.029,EyeTracking,SettingUI,Dwell_Start,Button: subTimeDwell,Dwell_Started
17:02:30.039,EyeTracking,SettingUI,Dwell_Start,Button: subTimeDwell,Dwell_Started
17:02:30.051,EyeTracking,SettingUI,Dwell_Start,Button: subTimeDwell,Dwell_Started
17:02:30.062,EyeTracking,SettingUI,Dwell_Start,Button: subTimeDwell,Dwell_Started
17:02:30.073,EyeTracking,SettingUI,Dwell_Start,Button: subTimeDwell,Dwell_Started
17:02:30.085,EyeTracking,SettingUI,Dwell_Start,Button: subTimeDwell,Dwell_Started
17:02:30.096,EyeTracking,SettingUI,Dwell_Start,Button: subTimeDwell,Dwell_Started
17:02:30.105,EyeTracking,SettingUI,Dwell_Start,Button: subTimeDwell,Dwell_Started
17:02:30.117,EyeTracking,SettingUI,Dwell_Start,Button: subTimeDwell,Dwell_Started
17:02:30.128,EyeTracking,SettingUI,Dwell_Start,Button: subTimeDwell,Dwell_Started
17:02:30.140,EyeTracking,SettingUI,Dwell_Start,Button: subTimeDwell,Dwell_Started
17:02:30.151,EyeTracking,SettingUI,Dwell_Start,Button: subTimeDwell,Dwell_Started
17:02:30.162,EyeTracking,SettingUI,Dwell_Start,Button: subTimeDwell,Dwell_Started
17:02:30.173,EyeTracking,SettingUI,Dwell_Start,Button: subTimeDwell,Dwell_Started
17:02:30.183,EyeTracking,SettingUI,Dwell_Start,Button: subTimeDwell,Dwell_Started
17:02:30.194,EyeTracking,SettingUI,Dwell_Start,Button: subTimeDwell,Dwell_Started
17:02:30.206,EyeTracking,SettingUI,Dwell_Start,Button: subTimeDwell,Dwell_Started
17:02:30.217,EyeTracking,SettingUI,Dwell_Start,Button: subTimeDwell,Dwell_Started
17:02:30.229,EyeTracking,SettingUI,Dwell_Start,Button: subTimeDwell,Dwell_Started
17:02:30.240,EyeTracking,SettingUI,Dwell_Start,Button: subTimeDwell,Dwell_Started
17:02:30.251,EyeTracking,SettingUI,Dwell_Start,Button: subTimeDwell,Dwell_Started
17:02:30.263,EyeTracking,SettingUI,Dwell_Start,Button: subTimeDwell,Dwell_Started
17:02:30.274,EyeTracking,SettingUI,Dwell_Start,Button: subTimeDwell,Dwell_Started
17:02:30.284,EyeTracking,SettingUI,Dwell_Start,Button: subTimeDwell,Dwell_Started
17:02:30.295,EyeTracking,SettingUI,Dwell_Start,Button: subTimeDwell,Dwell_Started
17:02:30.306,EyeTracking,SettingUI,Dwell_Start,Button: subTimeDwell,Dwell_Started
17:02:30.318,EyeTracking,SettingUI,Hover_Exit,Button: subTimeDwell,Hover_Exit
17:02:30.352,EyeTracking,SettingUI,Hover_Enter,Button: subTimeDwell,Hovering
17:02:30.352,EyeTracking,SettingUI,Dwell_Start,Button: subTimeDwell,Dwell_Started
17:02:30.362,EyeTracking,SettingUI,Dwell_Start,Button: subTimeDwell,Dwell_Started
17:02:30.373,EyeTracking,SettingUI,Dwell_Start,Button: subTimeDwell,Dwell_Started
17:02:30.384,EyeTracking,SettingUI,Dwell_Start,Button: subTimeDwell,Dwell_Started
17:02:30.395,EyeTracking,SettingUI,Dwell_Start,Button: subTimeDwell,Dwell_Started
17:02:30.406,EyeTracking,SettingUI,Dwell_Start,Button: subTimeDwell,Dwell_Started
17:02:30.417,EyeTracking,SettingUI,Hover_Exit,Button: subTimeDwell,Hover_Exit
17:02:31.182,EyeTracking,SettingUI,Hover_Enter,Button: subTimeDwell,Hovering
17:02:31.182,EyeTracking,SettingUI,Dwell_Start,Button: subTimeDwell,Dwell_Started
17:02:31.195,EyeTracking,SettingUI,Dwell_Start,Button: subTimeDwell,Dwell_Started
17:02:31.207,EyeTracking,SettingUI,Hover_Exit,Button: subTimeDwell,Hover_Exit
17:02:31.293,EyeTracking,SettingUI,Hover_Enter,Button: subTimeDwell,Hovering
17:02:31.293,EyeTracking,SettingUI,Dwell_Start,Button: subTimeDwell,Dwell_Started
17:02:31.306,EyeTracking,SettingUI,Hover_Exit,Button: subTimeDwell,Hover_Exit
17:02:31.361,EyeTracking,SettingUI,Hover_Enter,Button: subTimeDwell,Hovering
17:02:31.361,EyeTracking,SettingUI,Dwell_Start,Button: subTimeDwell,Dwell_Started
17:02:31.372,EyeTracking,SettingUI,Dwell_Start,Button: subTimeDwell,Dwell_Started
17:02:31.384,EyeTracking,SettingUI,Hover_Exit,Button: subTimeDwell,Hover_Exit
17:02:31.395,EyeTracking,SettingUI,Hover_Enter,Button: subTimeDwell,Hovering
17:02:31.395,EyeTracking,SettingUI,Dwell_Start,Button: subTimeDwell,Dwell_Started
17:02:31.406,EyeTracking,SettingUI,Dwell_Start,Button: subTimeDwell,Dwell_Started
17:02:31.416,EyeTracking,SettingUI,Dwell_Start,Button: subTimeDwell,Dwell_Started
17:02:31.429,EyeTracking,SettingUI,Dwell_Start,Button: subTimeDwell,Dwell_Started
17:02:31.440,EyeTracking,SettingUI,Dwell_Start,Button: subTimeDwell,Dwell_Started
17:02:31.450,EyeTracking,SettingUI,Dwell_Start,Button: subTimeDwell,Dwell_Started
17:02:31.461,EyeTracking,SettingUI,Hover_Exit,Button: subTimeDwell,Hover_Exit
17:02:31.473,EyeTracking,SettingUI,Hover_Enter,Button: subTimeDwell,Hovering
17:02:31.473,EyeTracking,SettingUI,Dwell_Start,Button: subTimeDwell,Dwell_Started
17:02:31.484,EyeTracking,SettingUI,Dwell_Start,Button: subTimeDwell,Dwell_Started
17:02:31.494,EyeTracking,SettingUI,Hover_Exit,Button: subTimeDwell,Hover_Exit
17:02:31.628,EyeTracking,SettingUI,Hover_Enter,Button: subTimeDwell,Hovering
17:02:31.628,EyeTracking,SettingUI,Dwell_Start,Button: subTimeDwell,Dwell_Started
17:02:31.639,EyeTracking,SettingUI,Dwell_Start,Button: subTimeDwell,Dwell_Started
17:02:31.651,EyeTracking,SettingUI,Dwell_Start,Button: subTimeDwell,Dwell_Started
17:02:31.660,EyeTracking,SettingUI,Dwell_Start,Button: subTimeDwell,Dwell_Started
17:02:31.672,EyeTracking,SettingUI,Dwell_Start,Button: subTimeDwell,Dwell_Started
17:02:31.684,EyeTracking,SettingUI,Dwell_Start,Button: subTimeDwell,Dwell_Started
17:02:31.694,EyeTracking,SettingUI,Dwell_Start,Button: subTimeDwell,Dwell_Started
17:02:31.707,EyeTracking,SettingUI,Dwell_Start,Button: subTimeDwell,Dwell_Started
17:02:31.718,EyeTracking,SettingUI,Dwell_Start,Button: subTimeDwell,Dwell_Started
17:02:31.728,EyeTracking,SettingUI,Dwell_Start,Button: subTimeDwell,Dwell_Started
17:02:31.740,EyeTracking,SettingUI,Dwell_Start,Button: subTimeDwell,Dwell_Started
17:02:31.750,EyeTracking,SettingUI,Dwell_Start,Button: subTimeDwell,Dwell_Started
17:02:31.761,EyeTracking,SettingUI,Dwell_Start,Button: subTimeDwell,Dwell_Started
17:02:31.772,EyeTracking,SettingUI,Dwell_Start,Button: subTimeDwell,Dwell_Started
17:02:31.784,EyeTracking,SettingUI,Dwell_Start,Button: subTimeDwell,Dwell_Started
17:02:31.794,EyeTracking,SettingUI,Dwell_Start,Button: subTimeDwell,Dwell_Started
17:02:31.805,EyeTracking,SettingUI,Dwell_Start,Button: subTimeDwell,Dwell_Started
17:02:31.818,EyeTracking,SettingUI,Dwell_Start,Button: subTimeDwell,Dwell_Started
17:02:31.828,EyeTracking,SettingUI,Dwell_Start,Button: subTimeDwell,Dwell_Started
17:02:31.838,EyeTracking,SettingUI,Dwell_Start,Button: subTimeDwell,Dwell_Started
17:02:31.851,EyeTracking,SettingUI,Dwell_Start,Button: subTimeDwell,Dwell_Started
17:02:31.861,EyeTracking,SettingUI,Dwell_Start,Button: subTimeDwell,Dwell_Started
17:02:31.871,EyeTracking,SettingUI,Dwell_Start,Button: subTimeDwell,Dwell_Started
17:02:31.884,EyeTracking,SettingUI,Dwell_Start,Button: subTimeDwell,Dwell_Started
17:02:31.894,EyeTracking,SettingUI,Dwell_Start,Button: subTimeDwell,Dwell_Started
17:02:31.906,EyeTracking,SettingUI,Dwell_Start,Button: subTimeDwell,Dwell_Started
17:02:31.917,EyeTracking,SettingUI,Dwell_Start,Button: subTimeDwell,Dwell_Started
17:02:31.928,EyeTracking,SettingUI,Dwell_Start,Button: subTimeDwell,Dwell_Started
17:02:31.939,EyeTracking,SettingUI,Dwell_Start,Button: subTimeDwell,Dwell_Started
17:02:31.950,EyeTracking,SettingUI,Dwell_Start,Button: subTimeDwell,Dwell_Started
17:02:31.961,EyeTracking,SettingUI,Dwell_Start,Button: subTimeDwell,Dwell_Started
17:02:31.973,EyeTracking,SettingUI,Dwell_Start,Button: subTimeDwell,Dwell_Started
17:02:31.982,EyeTracking,SettingUI,Dwell_Start,Button: subTimeDwell,Dwell_Started
17:02:31.993,EyeTracking,SettingUI,Dwell_Start,Button: subTimeDwell,Dwell_Started
17:02:32.005,EyeTracking,SettingUI,Dwell_Start,Button: subTimeDwell,Dwell_Started
17:02:32.015,EyeTracking,SettingUI,Dwell_Start,Button: subTimeDwell,Dwell_Started
17:02:32.028,EyeTracking,SettingUI,Dwell_Start,Button: subTimeDwell,Dwell_Started
17:02:32.039,EyeTracking,SettingUI,Hover_Exit,Button: subTimeDwell,Hover_Exit
17:02:33.494,EyeTracking,SettingUI,Hover_Enter,Button: addTimeDwell,Hovering
17:02:33.494,EyeTracking,SettingUI,Dwell_Start,Button: addTimeDwell,Dwell_Started
17:02:33.505,EyeTracking,SettingUI,Hover_Exit,Button: addTimeDwell,Hover_Exit
17:02:33.527,EyeTracking,SettingUI,Hover_Enter,Button: addTimeDwell,Hovering
17:02:33.527,EyeTracking,SettingUI,Dwell_Start,Button: addTimeDwell,Dwell_Started
17:02:33.538,EyeTracking,SettingUI,Dwell_Start,Button: addTimeDwell,Dwell_Started
17:02:33.550,EyeTracking,SettingUI,Hover_Exit,Button: addTimeDwell,Hover_Exit
17:02:33.593,EyeTracking,SettingUI,Hover_Enter,Button: addTimeDwell,Hovering
17:02:33.593,EyeTracking,SettingUI,Dwell_Start,Button: addTimeDwell,Dwell_Started
17:02:33.606,EyeTracking,SettingUI,Dwell_Start,Button: addTimeDwell,Dwell_Started
17:02:33.616,EyeTracking,SettingUI,Dwell_Start,Button: addTimeDwell,Dwell_Started
17:02:33.627,EyeTracking,SettingUI,Dwell_Start,Button: addTimeDwell,Dwell_Started
17:02:33.639,EyeTracking,SettingUI,Dwell_Start,Button: addTimeDwell,Dwell_Started
17:02:33.649,EyeTracking,SettingUI,Dwell_Start,Button: addTimeDwell,Dwell_Started
17:02:33.660,EyeTracking,SettingUI,Dwell_Start,Button: addTimeDwell,Dwell_Started
17:02:33.672,EyeTracking,SettingUI,Dwell_Start,Button: addTimeDwell,Dwell_Started
17:02:33.681,EyeTracking,SettingUI,Dwell_Start,Button: addTimeDwell,Dwell_Started
17:02:33.694,EyeTracking,SettingUI,Dwell_Start,Button: addTimeDwell,Dwell_Started
17:02:33.704,EyeTracking,SettingUI,Dwell_Start,Button: addTimeDwell,Dwell_Started
17:02:33.717,EyeTracking,SettingUI,Dwell_Start,Button: addTimeDwell,Dwell_Started
17:02:33.727,EyeTracking,SettingUI,Dwell_Start,Button: addTimeDwell,Dwell_Started
17:02:33.739,EyeTracking,SettingUI,Dwell_Start,Button: addTimeDwell,Dwell_Started
17:02:33.749,EyeTracking,SettingUI,Dwell_Start,Button: addTimeDwell,Dwell_Started
17:02:33.761,EyeTracking,SettingUI,Dwell_Start,Button: addTimeDwell,Dwell_Started
17:02:33.772,EyeTracking,SettingUI,Dwell_Start,Button: addTimeDwell,Dwell_Started
17:02:33.783,EyeTracking,SettingUI,Dwell_Start,Button: addTimeDwell,Dwell_Started
17:02:33.793,EyeTracking,SettingUI,Dwell_Start,Button: addTimeDwell,Dwell_Started
17:02:33.804,EyeTracking,SettingUI,Dwell_Start,Button: addTimeDwell,Dwell_Started
17:02:33.817,EyeTracking,SettingUI,Dwell_Start,Button: addTimeDwell,Dwell_Started
17:02:33.826,EyeTracking,SettingUI,Dwell_Start,Button: addTimeDwell,Dwell_Started
17:02:33.837,EyeTracking,SettingUI,Hover_Exit,Button: addTimeDwell,Hover_Exit
17:02:33.871,EyeTracking,SettingUI,Hover_Enter,Button: subTimeDwell,Hovering
17:02:33.871,EyeTracking,SettingUI,Dwell_Start,Button: subTimeDwell,Dwell_Started
17:02:33.882,EyeTracking,SettingUI,Dwell_Start,Button: subTimeDwell,Dwell_Started
17:02:33.893,EyeTracking,SettingUI,Dwell_Start,Button: subTimeDwell,Dwell_Started
17:02:33.905,EyeTracking,SettingUI,Dwell_Start,Button: subTimeDwell,Dwell_Started
17:02:33.915,EyeTracking,SettingUI,Hover_Exit,Button: subTimeDwell,Hover_Exit
17:02:33.927,EyeTracking,SettingUI,Hover_Enter,Button: subTimeDwell,Hovering
17:02:33.927,EyeTracking,SettingUI,Dwell_Start,Button: subTimeDwell,Dwell_Started
17:02:33.938,EyeTracking,SettingUI,Dwell_Start,Button: subTimeDwell,Dwell_Started
17:02:33.950,EyeTracking,SettingUI,Dwell_Start,Button: subTimeDwell,Dwell_Started
17:02:33.960,EyeTracking,SettingUI,Dwell_Start,Button: subTimeDwell,Dwell_Started
17:02:33.971,EyeTracking,SettingUI,Dwell_Start,Button: subTimeDwell,Dwell_Started
17:02:33.983,EyeTracking,SettingUI,Dwell_Start,Button: subTimeDwell,Dwell_Started
17:02:33.994,EyeTracking,SettingUI,Dwell_Start,Button: subTimeDwell,Dwell_Started
17:02:34.006,EyeTracking,SettingUI,Dwell_Start,Button: subTimeDwell,Dwell_Started
17:02:34.015,EyeTracking,SettingUI,Dwell_Start,Button: subTimeDwell,Dwell_Started
17:02:34.027,EyeTracking,SettingUI,Dwell_Start,Button: subTimeDwell,Dwell_Started
17:02:34.038,EyeTracking,SettingUI,Dwell_Start,Button: subTimeDwell,Dwell_Started
17:02:34.048,EyeTracking,SettingUI,Dwell_Start,Button: subTimeDwell,Dwell_Started
17:02:34.059,EyeTracking,SettingUI,Dwell_Start,Button: subTimeDwell,Dwell_Started
17:02:34.071,EyeTracking,SettingUI,Dwell_Start,Button: subTimeDwell,Dwell_Started
17:02:34.083,EyeTracking,SettingUI,Dwell_Start,Button: subTimeDwell,Dwell_Started
17:02:34.093,EyeTracking,SettingUI,Dwell_Start,Button: subTimeDwell,Dwell_Started
17:02:34.104,EyeTracking,SettingUI,Dwell_Start,Button: subTimeDwell,Dwell_Started
17:02:34.117,EyeTracking,SettingUI,Dwell_Start,Button: subTimeDwell,Dwell_Started
17:02:34.126,EyeTracking,SettingUI,Dwell_Start,Button: subTimeDwell,Dwell_Started
17:02:34.137,EyeTracking,SettingUI,Dwell_Start,Button: subTimeDwell,Dwell_Started
17:02:34.149,EyeTracking,SettingUI,Dwell_Start,Button: subTimeDwell,Dwell_Started
17:02:34.161,EyeTracking,SettingUI,Dwell_Start,Button: subTimeDwell,Dwell_Started
17:02:34.171,EyeTracking,SettingUI,Dwell_Start,Button: subTimeDwell,Dwell_Started
17:02:34.182,EyeTracking,SettingUI,Dwell_Start,Button: subTimeDwell,Dwell_Started
17:02:34.193,EyeTracking,SettingUI,Dwell_Start,Button: subTimeDwell,Dwell_Started
17:02:34.203,EyeTracking,SettingUI,Dwell_Start,Button: subTimeDwell,Dwell_Started
17:02:34.216,EyeTracking,SettingUI,Dwell_Start,Button: subTimeDwell,Dwell_Started
17:02:34.226,EyeTracking,SettingUI,Dwell_Start,Button: subTimeDwell,Dwell_Started
17:02:34.239,EyeTracking,SettingUI,Dwell_Start,Button: subTimeDwell,Dwell_Started
17:02:34.248,EyeTracking,SettingUI,Dwell_Start,Button: subTimeDwell,Dwell_Started
17:02:34.259,EyeTracking,SettingUI,Dwell_Start,Button: subTimeDwell,Dwell_Started
17:02:34.271,EyeTracking,SettingUI,Dwell_Start,Button: subTimeDwell,Dwell_Started
17:02:34.281,EyeTracking,SettingUI,Dwell_Start,Button: subTimeDwell,Dwell_Started
17:02:34.294,EyeTracking,SettingUI,Dwell_Start,Button: subTimeDwell,Dwell_Started
17:02:34.304,EyeTracking,SettingUI,Dwell_Start,Button: subTimeDwell,Dwell_Started
17:02:34.316,EyeTracking,SettingUI,Dwell_Start,Button: subTimeDwell,Dwell_Started
17:02:34.327,EyeTracking,SettingUI,Dwell_Start,Button: subTimeDwell,Dwell_Started
17:02:34.338,EyeTracking,SettingUI,Dwell_Start,Button: subTimeDwell,Dwell_Started
17:02:34.348,EyeTracking,SettingUI,Dwell_Start,Button: subTimeDwell,Dwell_Started
17:02:34.360,EyeTracking,SettingUI,Dwell_Start,Button: subTimeDwell,Dwell_Started
17:02:34.371,EyeTracking,SettingUI,Dwell_Start,Button: subTimeDwell,Dwell_Started
17:02:34.382,EyeTracking,SettingUI,Dwell_Start,Button: subTimeDwell,Dwell_Started
17:02:34.392,EyeTracking,SettingUI,Dwell_Start,Button: subTimeDwell,Dwell_Started
17:02:34.404,EyeTracking,SettingUI,Dwell_Start,Button: subTimeDwell,Dwell_Started
17:02:34.415,EyeTracking,SettingUI,Dwell_Start,Button: subTimeDwell,Dwell_Started
17:02:34.426,EyeTracking,SettingUI,Dwell_Start,Button: subTimeDwell,Dwell_Started
17:02:34.437,EyeTracking,SettingUI,Dwell_Start,Button: subTimeDwell,Dwell_Started
17:02:34.448,EyeTracking,SettingUI,Dwell_Start,Button: subTimeDwell,Dwell_Started
17:02:34.459,EyeTracking,SettingUI,Dwell_Start,Button: subTimeDwell,Dwell_Started
17:02:34.470,EyeTracking,SettingUI,Dwell_Start,Button: subTimeDwell,Dwell_Started
17:02:34.483,EyeTracking,SettingUI,Dwell_Start,Button: subTimeDwell,Dwell_Started
17:02:34.493,EyeTracking,SettingUI,Dwell_Start,Button: subTimeDwell,Dwell_Started
17:02:34.504,EyeTracking,SettingUI,Dwell_Start,Button: subTimeDwell,Dwell_Started
17:02:34.514,EyeTracking,SettingUI,Dwell_Start,Button: subTimeDwell,Dwell_Started
17:02:34.526,EyeTracking,SettingUI,Dwell_Start,Button: subTimeDwell,Dwell_Started
17:02:34.537,EyeTracking,SettingUI,Dwell_Start,Button: subTimeDwell,Dwell_Started
17:02:34.549,EyeTracking,SettingUI,Dwell_Start,Button: subTimeDwell,Dwell_Started
17:02:34.560,EyeTracking,SettingUI,Dwell_Start,Button: subTimeDwell,Dwell_Started
17:02:34.571,EyeTracking,SettingUI,Dwell_Start,Button: subTimeDwell,Dwell_Started
17:02:34.583,EyeTracking,SettingUI,Dwell_Start,Button: subTimeDwell,Dwell_Started
17:02:34.593,EyeTracking,SettingUI,Dwell_Start,Button: subTimeDwell,Dwell_Started
17:02:34.604,EyeTracking,SettingUI,Dwell_Start,Button: subTimeDwell,Dwell_Started
17:02:34.616,EyeTracking,SettingUI,Dwell_Start,Button: subTimeDwell,Dwell_Started
17:02:34.626,EyeTracking,SettingUI,Dwell_Start,Button: subTimeDwell,Dwell_Started
17:02:34.637,EyeTracking,SettingUI,Dwell_Start,Button: subTimeDwell,Dwell_Started
17:02:34.649,EyeTracking,SettingUI,Dwell_Start,Button: subTimeDwell,Dwell_Started
17:02:34.660,EyeTracking,SettingUI,Dwell_Start,Button: subTimeDwell,Dwell_Started
17:02:34.671,EyeTracking,SettingUI,Dwell_Start,Button: subTimeDwell,Dwell_Started
17:02:34.681,EyeTracking,SettingUI,Dwell_Start,Button: subTimeDwell,Dwell_Started
17:02:34.692,EyeTracking,SettingUI,Dwell_Start,Button: subTimeDwell,Dwell_Started
17:02:34.705,EyeTracking,SettingUI,Dwell_Start,Button: subTimeDwell,Dwell_Started
17:02:34.716,EyeTracking,SettingUI,Dwell_Start,Button: subTimeDwell,Dwell_Started
17:02:34.726,EyeTracking,SettingUI,Dwell_Start,Button: subTimeDwell,Dwell_Started
17:02:34.737,EyeTracking,SettingUI,Dwell_Start,Button: subTimeDwell,Dwell_Started
17:02:34.748,EyeTracking,SettingUI,Dwell_Start,Button: subTimeDwell,Dwell_Started
17:02:34.760,EyeTracking,SettingUI,Dwell_Start,Button: subTimeDwell,Dwell_Started
17:02:34.771,EyeTracking,SettingUI,Dwell_Start,Button: subTimeDwell,Dwell_Started
17:02:34.783,EyeTracking,SettingUI,Dwell_Start,Button: subTimeDwell,Dwell_Started
17:02:34.792,EyeTracking,SettingUI,Dwell_Start,Button: subTimeDwell,Dwell_Started
17:02:34.805,EyeTracking,SettingUI,Dwell_Start,Button: subTimeDwell,Dwell_Started
17:02:34.816,EyeTracking,SettingUI,Dwell_Start,Button: subTimeDwell,Dwell_Started
17:02:34.827,EyeTracking,SettingUI,Dwell_Start,Button: subTimeDwell,Dwell_Started
17:02:34.837,EyeTracking,SettingUI,Dwell_Start,Button: subTimeDwell,Dwell_Started
17:02:34.850,EyeTracking,SettingUI,Dwell_Start,Button: subTimeDwell,Dwell_Started
17:02:34.859,EyeTracking,SettingUI,Dwell_Start,Button: subTimeDwell,Dwell_Started
17:02:34.870,EyeTracking,SettingUI,Dwell_Start,Button: subTimeDwell,Dwell_Started
17:02:34.882,EyeTracking,SettingUI,Dwell_Start,Button: subTimeDwell,Dwell_Started
17:02:34.894,EyeTracking,SettingUI,Dwell_Start,Button: subTimeDwell,Dwell_Started
17:02:34.905,EyeTracking,SettingUI,Dwell_Start,Button: subTimeDwell,Dwell_Started
17:02:34.914,EyeTracking,SettingUI,Dwell_Start,Button: subTimeDwell,Dwell_Started
17:02:34.927,EyeTracking,SettingUI,Dwell_Start,Button: subTimeDwell,Dwell_Started
17:02:34.938,EyeTracking,SettingUI,Dwell_Start,Button: subTimeDwell,Dwell_Started
17:02:34.949,EyeTracking,SettingUI,Dwell_Start,Button: subTimeDwell,Dwell_Started
17:02:34.960,EyeTracking,SettingUI,Dwell_Start,Button: subTimeDwell,Dwell_Started
17:02:34.970,EyeTracking,SettingUI,Dwell_Start,Button: subTimeDwell,Dwell_Started
17:02:34.982,EyeTracking,SettingUI,Dwell_Start,Button: subTimeDwell,Dwell_Started
17:02:34.992,EyeTracking,SettingUI,Dwell_Start,Button: subTimeDwell,Dwell_Started
17:02:35.005,EyeTracking,SettingUI,Dwell_Start,Button: subTimeDwell,Dwell_Started
17:02:35.017,EyeTracking,SettingUI,Dwell_Start,Button: subTimeDwell,Dwell_Started
17:02:35.027,EyeTracking,SettingUI,Dwell_Start,Button: subTimeDwell,Dwell_Started
17:02:35.037,EyeTracking,SettingUI,Dwell_Start,Button: subTimeDwell,Dwell_Started
17:02:35.048,EyeTracking,SettingUI,Dwell_Start,Button: subTimeDwell,Dwell_Started
17:02:35.060,EyeTracking,SettingUI,Dwell_Start,Button: subTimeDwell,Dwell_Started
17:02:35.070,EyeTracking,SettingUI,Dwell_Start,Button: subTimeDwell,Dwell_Started
17:02:35.082,EyeTracking,SettingUI,Dwell_Start,Button: subTimeDwell,Dwell_Started
17:02:35.093,EyeTracking,SettingUI,Dwell_Start,Button: subTimeDwell,Dwell_Started
17:02:35.104,EyeTracking,SettingUI,Dwell_Start,Button: subTimeDwell,Dwell_Started
17:02:35.115,EyeTracking,SettingUI,Dwell_Start,Button: subTimeDwell,Dwell_Started
17:02:35.127,EyeTracking,SettingUI,Dwell_Start,Button: subTimeDwell,Dwell_Started
17:02:35.138,EyeTracking,SettingUI,Dwell_Start,Button: subTimeDwell,Dwell_Started
17:02:35.148,EyeTracking,SettingUI,Dwell_Start,Button: subTimeDwell,Dwell_Started
17:02:35.159,EyeTracking,SettingUI,Dwell_Start,Button: subTimeDwell,Dwell_Started
17:02:35.171,EyeTracking,SettingUI,Dwell_Start,Button: subTimeDwell,Dwell_Started
17:02:35.181,EyeTracking,SettingUI,Dwell_Start,Button: subTimeDwell,Dwell_Started
17:02:35.194,EyeTracking,SettingUI,Dwell_Start,Button: subTimeDwell,Dwell_Started
17:02:35.203,EyeTracking,SettingUI,Dwell_Start,Button: subTimeDwell,Dwell_Started
17:02:35.215,EyeTracking,SettingUI,Dwell_Start,Button: subTimeDwell,Dwell_Started
17:02:35.226,EyeTracking,SettingUI,Dwell_Start,Button: subTimeDwell,Dwell_Started
17:02:35.237,EyeTracking,SettingUI,Dwell_Start,Button: subTimeDwell,Dwell_Started
17:02:35.248,EyeTracking,SettingUI,Dwell_Start,Button: subTimeDwell,Dwell_Started
17:02:35.260,EyeTracking,SettingUI,Dwell_Start,Button: subTimeDwell,Dwell_Started
17:02:35.270,EyeTracking,SettingUI,Dwell_Start,Button: subTimeDwell,Dwell_Started
17:02:35.281,EyeTracking,SettingUI,Dwell_Start,Button: subTimeDwell,Dwell_Started
17:02:35.293,EyeTracking,SettingUI,Dwell_Start,Button: subTimeDwell,Dwell_Started
17:02:35.303,EyeTracking,SettingUI,Dwell_Start,Button: subTimeDwell,Dwell_Started
17:02:35.314,EyeTracking,SettingUI,Dwell_Start,Button: subTimeDwell,Dwell_Started
17:02:35.325,EyeTracking,SettingUI,Dwell_Start,Button: subTimeDwell,Dwell_Started
17:02:35.338,EyeTracking,SettingUI,Dwell_Start,Button: subTimeDwell,Dwell_Started
17:02:35.348,EyeTracking,SettingUI,Dwell_Start,Button: subTimeDwell,Dwell_Started
17:02:35.360,EyeTracking,SettingUI,Dwell_Start,Button: subTimeDwell,Dwell_Started
17:02:35.370,EyeTracking,SettingUI,Dwell_Start,Button: subTimeDwell,Dwell_Started
17:02:35.382,EyeTracking,SettingUI,Dwell_Start,Button: subTimeDwell,Dwell_Started
17:02:35.393,EyeTracking,SettingUI,Dwell_Start,Button: subTimeDwell,Dwell_Started
17:02:35.405,EyeTracking,SettingUI,Dwell_Start,Button: subTimeDwell,Dwell_Started
17:02:35.414,EyeTracking,SettingUI,Dwell_Start,Button: subTimeDwell,Dwell_Started
17:02:35.427,EyeTracking,SettingUI,Dwell_Start,Button: subTimeDwell,Dwell_Started
17:02:35.436,EyeTracking,SettingUI,Dwell_Start,Button: subTimeDwell,Dwell_Started
17:02:35.448,EyeTracking,SettingUI,Dwell_Start,Button: subTimeDwell,Dwell_Started
17:02:35.459,EyeTracking,SettingUI,Dwell_Start,Button: subTimeDwell,Dwell_Started
17:02:35.471,EyeTracking,SettingUI,Dwell_Start,Button: subTimeDwell,Dwell_Started
17:02:35.481,EyeTracking,SettingUI,Dwell_Start,Button: subTimeDwell,Dwell_Started
17:02:35.493,EyeTracking,SettingUI,Dwell_Start,Button: subTimeDwell,Dwell_Started
17:02:35.503,EyeTracking,SettingUI,Dwell_Start,Button: subTimeDwell,Dwell_Started
17:02:35.516,EyeTracking,SettingUI,Dwell_Start,Button: subTimeDwell,Dwell_Started
17:02:35.525,EyeTracking,SettingUI,Dwell_Start,Button: subTimeDwell,Dwell_Started
17:02:35.536,EyeTracking,SettingUI,Dwell_Start,Button: subTimeDwell,Dwell_Started
17:02:35.548,EyeTracking,SettingUI,Dwell_Start,Button: subTimeDwell,Dwell_Started
17:02:35.558,EyeTracking,SettingUI,Dwell_Start,Button: subTimeDwell,Dwell_Started
17:02:35.570,EyeTracking,SettingUI,Dwell_Start,Button: subTimeDwell,Dwell_Started
17:02:35.581,EyeTracking,SettingUI,Dwell_Start,Button: subTimeDwell,Dwell_Started
17:02:35.593,EyeTracking,SettingUI,Dwell_Start,Button: subTimeDwell,Dwell_Started
17:02:35.604,EyeTracking,SettingUI,Dwell_Start,Button: subTimeDwell,Dwell_Started
17:02:35.615,EyeTracking,SettingUI,Dwell_Start,Button: subTimeDwell,Dwell_Started
17:02:35.626,EyeTracking,SettingUI,Dwell_Start,Button: subTimeDwell,Dwell_Started
17:02:35.637,EyeTracking,SettingUI,Dwell_Start,Button: subTimeDwell,Dwell_Started
17:02:35.647,EyeTracking,SettingUI,Dwell_Start,Button: subTimeDwell,Dwell_Started
17:02:35.660,EyeTracking,SettingUI,Dwell_Start,Button: subTimeDwell,Dwell_Started
17:02:35.669,EyeTracking,SettingUI,Dwell_Start,Button: subTimeDwell,Dwell_Started
17:02:35.682,EyeTracking,SettingUI,Dwell_Start,Button: subTimeDwell,Dwell_Started
17:02:35.693,EyeTracking,SettingUI,Dwell_Start,Button: subTimeDwell,Dwell_Started
17:02:35.703,EyeTracking,SettingUI,Dwell_Start,Button: subTimeDwell,Dwell_Started
17:02:35.715,EyeTracking,SettingUI,Dwell_Start,Button: subTimeDwell,Dwell_Started
17:02:35.726,EyeTracking,SettingUI,Dwell_Start,Button: subTimeDwell,Dwell_Started
17:02:35.737,EyeTracking,SettingUI,Dwell_Start,Button: subTimeDwell,Dwell_Started
17:02:35.748,EyeTracking,SettingUI,Dwell_Start,Button: subTimeDwell,Dwell_Started
17:02:35.758,EyeTracking,SettingUI,Dwell_Start,Button: subTimeDwell,Dwell_Started
17:02:35.769,EyeTracking,SettingUI,Dwell_Start,Button: subTimeDwell,Dwell_Started
17:02:35.780,EyeTracking,SettingUI,Dwell_Start,Button: subTimeDwell,Dwell_Started
17:02:35.793,EyeTracking,SettingUI,Dwell_Start,Button: subTimeDwell,Dwell_Started
17:02:35.803,EyeTracking,SettingUI,Dwell_Start,Button: subTimeDwell,Dwell_Started
17:02:35.816,EyeTracking,SettingUI,Dwell_Start,Button: subTimeDwell,Dwell_Started
17:02:35.826,EyeTracking,SettingUI,Dwell_Start,Button: subTimeDwell,Dwell_Started
17:02:35.836,EyeTracking,SettingUI,Dwell_Start,Button: subTimeDwell,Dwell_Started
17:02:35.847,EyeTracking,SettingUI,Dwell_Start,Button: subTimeDwell,Dwell_Started
17:02:35.859,EyeTracking,SettingUI,Dwell_Start,Button: subTimeDwell,Dwell_Started
17:02:35.870,EyeTracking,SettingUI,Dwell_Start,Button: subTimeDwell,Dwell_Started
17:02:35.881,EyeTracking,SettingUI,Dwell_Start,Button: subTimeDwell,Dwell_Started
17:02:35.892,EyeTracking,SettingUI,Dwell_Start,Button: subTimeDwell,Dwell_Started
17:02:35.903,EyeTracking,SettingUI,Dwell_Start,Button: subTimeDwell,Dwell_Started
17:02:35.915,EyeTracking,SettingUI,Dwell_Start,Button: subTimeDwell,Dwell_Started
17:02:35.925,EyeTracking,SettingUI,Dwell_Start,Button: subTimeDwell,Dwell_Started
17:02:35.925,EyeTracking,SettingUI,Dwell_Complete,Button: subTimeDwell,Dwelling_Completed
17:02:35.925,EyeTracking,SettingUI,Flicker_Start,subTimeDwell,Flicker_Start
17:02:37.936,EyeTracking,SettingUI,Flicker_End,Button: subTimeDwell,Flicker_End
17:02:37.936,EyeTracking,SettingUI,Action_Executed,Button: subTimeDwell; Action: ButtonAction,Execution_Proceeding
17:02:37.946,EyeTracking,SettingUI,Dwell_Start,Button: subTimeDwell,Dwell_Started
17:02:37.958,EyeTracking,SettingUI,Dwell_Start,Button: subTimeDwell,Dwell_Started
17:02:37.968,EyeTracking,SettingUI,Dwell_Start,Button: subTimeDwell,Dwell_Started
17:02:37.980,EyeTracking,SettingUI,Dwell_Start,Button: subTimeDwell,Dwell_Started
17:02:37.991,EyeTracking,SettingUI,Hover_Exit,Button: subTimeDwell,Hover_Exit
17:02:38.358,EyeTracking,SettingUI,Hover_Enter,Button: nextDwellSetting,Hovering
17:02:38.358,EyeTracking,SettingUI,Dwell_Start,Button: nextDwellSetting,Dwell_Started
17:02:38.369,EyeTracking,SettingUI,Dwell_Start,Button: nextDwellSetting,Dwell_Started
17:02:38.382,EyeTracking,SettingUI,Dwell_Start,Button: nextDwellSetting,Dwell_Started
17:02:38.391,EyeTracking,SettingUI,Dwell_Start,Button: nextDwellSetting,Dwell_Started
17:02:38.402,EyeTracking,SettingUI,Dwell_Start,Button: nextDwellSetting,Dwell_Started
17:02:38.412,EyeTracking,SettingUI,Dwell_Start,Button: nextDwellSetting,Dwell_Started
17:02:38.425,EyeTracking,SettingUI,Dwell_Start,Button: nextDwellSetting,Dwell_Started
17:02:38.435,EyeTracking,SettingUI,Dwell_Start,Button: nextDwellSetting,Dwell_Started
17:02:38.446,EyeTracking,SettingUI,Dwell_Start,Button: nextDwellSetting,Dwell_Started
17:02:38.457,EyeTracking,SettingUI,Dwell_Start,Button: nextDwellSetting,Dwell_Started
17:02:38.470,EyeTracking,SettingUI,Dwell_Start,Button: nextDwellSetting,Dwell_Started
17:02:38.479,EyeTracking,SettingUI,Dwell_Start,Button: nextDwellSetting,Dwell_Started
17:02:38.490,EyeTracking,SettingUI,Dwell_Start,Button: nextDwellSetting,Dwell_Started
17:02:38.501,EyeTracking,SettingUI,Dwell_Start,Button: nextDwellSetting,Dwell_Started
17:02:38.512,EyeTracking,SettingUI,Dwell_Start,Button: nextDwellSetting,Dwell_Started
17:02:38.525,EyeTracking,SettingUI,Dwell_Start,Button: nextDwellSetting,Dwell_Started
17:02:38.536,EyeTracking,SettingUI,Dwell_Start,Button: nextDwellSetting,Dwell_Started
17:02:38.547,EyeTracking,SettingUI,Dwell_Start,Button: nextDwellSetting,Dwell_Started
17:02:38.559,EyeTracking,SettingUI,Dwell_Start,Button: nextDwellSetting,Dwell_Started
17:02:38.570,EyeTracking,SettingUI,Dwell_Start,Button: nextDwellSetting,Dwell_Started
17:02:38.580,EyeTracking,SettingUI,Dwell_Start,Button: nextDwellSetting,Dwell_Started
17:02:38.590,EyeTracking,SettingUI,Dwell_Start,Button: nextDwellSetting,Dwell_Started
17:02:38.602,EyeTracking,SettingUI,Dwell_Start,Button: nextDwellSetting,Dwell_Started
17:02:38.614,EyeTracking,SettingUI,Dwell_Start,Button: nextDwellSetting,Dwell_Started
17:02:38.625,EyeTracking,SettingUI,Dwell_Start,Button: nextDwellSetting,Dwell_Started
17:02:38.637,EyeTracking,SettingUI,Dwell_Start,Button: nextDwellSetting,Dwell_Started
17:02:38.646,EyeTracking,SettingUI,Dwell_Start,Button: nextDwellSetting,Dwell_Started
17:02:38.658,EyeTracking,SettingUI,Dwell_Start,Button: nextDwellSetting,Dwell_Started
17:02:38.669,EyeTracking,SettingUI,Dwell_Start,Button: nextDwellSetting,Dwell_Started
17:02:38.680,EyeTracking,SettingUI,Dwell_Start,Button: nextDwellSetting,Dwell_Started
17:02:38.692,EyeTracking,SettingUI,Dwell_Start,Button: nextDwellSetting,Dwell_Started
17:02:38.702,EyeTracking,SettingUI,Hover_Exit,Button: nextDwellSetting,Hover_Exit
17:02:38.736,EyeTracking,SettingUI,Hover_Enter,Button: nextDwellSetting,Hovering
17:02:38.736,EyeTracking,SettingUI,Dwell_Start,Button: nextDwellSetting,Dwell_Started
17:02:38.746,EyeTracking,SettingUI,Dwell_Start,Button: nextDwellSetting,Dwell_Started
17:02:38.758,EyeTracking,SettingUI,Dwell_Start,Button: nextDwellSetting,Dwell_Started
17:02:38.769,EyeTracking,SettingUI,Dwell_Start,Button: nextDwellSetting,Dwell_Started
17:02:38.780,EyeTracking,SettingUI,Dwell_Start,Button: nextDwellSetting,Dwell_Started
17:02:38.792,EyeTracking,SettingUI,Dwell_Start,Button: nextDwellSetting,Dwell_Started
17:02:38.802,EyeTracking,SettingUI,Dwell_Start,Button: nextDwellSetting,Dwell_Started
17:02:38.812,EyeTracking,SettingUI,Dwell_Start,Button: nextDwellSetting,Dwell_Started
17:02:38.824,EyeTracking,SettingUI,Dwell_Start,Button: nextDwellSetting,Dwell_Started
17:02:38.835,EyeTracking,SettingUI,Dwell_Start,Button: nextDwellSetting,Dwell_Started
17:02:38.847,EyeTracking,SettingUI,Dwell_Start,Button: nextDwellSetting,Dwell_Started
17:02:38.858,EyeTracking,SettingUI,Dwell_Start,Button: nextDwellSetting,Dwell_Started
17:02:38.868,EyeTracking,SettingUI,Dwell_Start,Button: nextDwellSetting,Dwell_Started
17:02:38.879,EyeTracking,SettingUI,Dwell_Start,Button: nextDwellSetting,Dwell_Started
17:02:38.891,EyeTracking,SettingUI,Dwell_Start,Button: nextDwellSetting,Dwell_Started
17:02:38.901,EyeTracking,SettingUI,Dwell_Start,Button: nextDwellSetting,Dwell_Started
17:02:38.912,EyeTracking,SettingUI,Dwell_Start,Button: nextDwellSetting,Dwell_Started
17:02:38.925,EyeTracking,SettingUI,Dwell_Start,Button: nextDwellSetting,Dwell_Started
17:02:38.935,EyeTracking,SettingUI,Dwell_Start,Button: nextDwellSetting,Dwell_Started
17:02:38.946,EyeTracking,SettingUI,Dwell_Start,Button: nextDwellSetting,Dwell_Started
17:02:38.958,EyeTracking,SettingUI,Dwell_Start,Button: nextDwellSetting,Dwell_Started
17:02:38.969,EyeTracking,SettingUI,Dwell_Start,Button: nextDwellSetting,Dwell_Started
17:02:38.978,EyeTracking,SettingUI,Dwell_Start,Button: nextDwellSetting,Dwell_Started
17:02:38.992,EyeTracking,SettingUI,Dwell_Start,Button: nextDwellSetting,Dwell_Started
17:02:39.004,EyeTracking,SettingUI,Dwell_Start,Button: nextDwellSetting,Dwell_Started
17:02:39.013,EyeTracking,SettingUI,Dwell_Start,Button: nextDwellSetting,Dwell_Started
17:02:39.024,EyeTracking,SettingUI,Dwell_Start,Button: nextDwellSetting,Dwell_Started
17:02:39.035,EyeTracking,SettingUI,Dwell_Start,Button: nextDwellSetting,Dwell_Started
17:02:39.045,EyeTracking,SettingUI,Dwell_Start,Button: nextDwellSetting,Dwell_Started
17:02:39.057,EyeTracking,SettingUI,Dwell_Start,Button: nextDwellSetting,Dwell_Started
17:02:39.068,EyeTracking,SettingUI,Dwell_Start,Button: nextDwellSetting,Dwell_Started
17:02:39.079,EyeTracking,SettingUI,Dwell_Start,Button: nextDwellSetting,Dwell_Started
17:02:39.091,EyeTracking,SettingUI,Dwell_Start,Button: nextDwellSetting,Dwell_Started
17:02:39.102,EyeTracking,SettingUI,Dwell_Start,Button: nextDwellSetting,Dwell_Started
17:02:39.113,EyeTracking,SettingUI,Dwell_Start,Button: nextDwellSetting,Dwell_Started
17:02:39.125,EyeTracking,SettingUI,Dwell_Start,Button: nextDwellSetting,Dwell_Started
17:02:39.136,EyeTracking,SettingUI,Dwell_Start,Button: nextDwellSetting,Dwell_Started
17:02:39.146,EyeTracking,SettingUI,Dwell_Start,Button: nextDwellSetting,Dwell_Started
17:02:39.156,EyeTracking,SettingUI,Dwell_Start,Button: nextDwellSetting,Dwell_Started
17:02:39.170,EyeTracking,SettingUI,Dwell_Start,Button: nextDwellSetting,Dwell_Started
17:02:39.180,EyeTracking,SettingUI,Dwell_Start,Button: nextDwellSetting,Dwell_Started
17:02:39.190,EyeTracking,SettingUI,Dwell_Start,Button: nextDwellSetting,Dwell_Started
17:02:39.202,EyeTracking,SettingUI,Dwell_Start,Button: nextDwellSetting,Dwell_Started
17:02:39.214,EyeTracking,SettingUI,Dwell_Start,Button: nextDwellSetting,Dwell_Started
17:02:39.224,EyeTracking,SettingUI,Dwell_Start,Button: nextDwellSetting,Dwell_Started
17:02:39.235,EyeTracking,SettingUI,Dwell_Start,Button: nextDwellSetting,Dwell_Started
17:02:39.245,EyeTracking,SettingUI,Dwell_Start,Button: nextDwellSetting,Dwell_Started
17:02:39.256,EyeTracking,SettingUI,Dwell_Start,Button: nextDwellSetting,Dwell_Started
17:02:39.267,EyeTracking,SettingUI,Dwell_Start,Button: nextDwellSetting,Dwell_Started
17:02:39.280,EyeTracking,SettingUI,Dwell_Start,Button: nextDwellSetting,Dwell_Started
17:02:39.290,EyeTracking,SettingUI,Dwell_Start,Button: nextDwellSetting,Dwell_Started
17:02:39.303,EyeTracking,SettingUI,Dwell_Start,Button: nextDwellSetting,Dwell_Started
17:02:39.313,EyeTracking,SettingUI,Dwell_Start,Button: nextDwellSetting,Dwell_Started
17:02:39.324,EyeTracking,SettingUI,Dwell_Start,Button: nextDwellSetting,Dwell_Started
17:02:39.334,EyeTracking,SettingUI,Dwell_Start,Button: nextDwellSetting,Dwell_Started
17:02:39.345,EyeTracking,SettingUI,Dwell_Start,Button: nextDwellSetting,Dwell_Started
17:02:39.357,EyeTracking,SettingUI,Dwell_Start,Button: nextDwellSetting,Dwell_Started
17:02:39.368,EyeTracking,SettingUI,Dwell_Start,Button: nextDwellSetting,Dwell_Started
17:02:39.379,EyeTracking,SettingUI,Dwell_Start,Button: nextDwellSetting,Dwell_Started
17:02:39.391,EyeTracking,SettingUI,Dwell_Start,Button: nextDwellSetting,Dwell_Started
17:02:39.400,EyeTracking,SettingUI,Dwell_Start,Button: nextDwellSetting,Dwell_Started
17:02:39.413,EyeTracking,SettingUI,Dwell_Start,Button: nextDwellSetting,Dwell_Started
17:02:39.424,EyeTracking,SettingUI,Dwell_Start,Button: nextDwellSetting,Dwell_Started
17:02:39.434,EyeTracking,SettingUI,Dwell_Start,Button: nextDwellSetting,Dwell_Started
17:02:39.445,EyeTracking,SettingUI,Dwell_Start,Button: nextDwellSetting,Dwell_Started
17:02:39.457,EyeTracking,SettingUI,Dwell_Start,Button: nextDwellSetting,Dwell_Started
17:02:39.468,EyeTracking,SettingUI,Dwell_Start,Button: nextDwellSetting,Dwell_Started
17:02:39.479,EyeTracking,SettingUI,Dwell_Start,Button: nextDwellSetting,Dwell_Started
17:02:39.490,EyeTracking,SettingUI,Dwell_Start,Button: nextDwellSetting,Dwell_Started
17:02:39.501,EyeTracking,SettingUI,Dwell_Start,Button: nextDwellSetting,Dwell_Started
17:02:39.512,EyeTracking,SettingUI,Dwell_Start,Button: nextDwellSetting,Dwell_Started
17:02:39.524,EyeTracking,SettingUI,Dwell_Start,Button: nextDwellSetting,Dwell_Started
17:02:39.535,EyeTracking,SettingUI,Dwell_Start,Button: nextDwellSetting,Dwell_Started
17:02:39.547,EyeTracking,SettingUI,Dwell_Start,Button: nextDwellSetting,Dwell_Started
17:02:39.558,EyeTracking,SettingUI,Dwell_Start,Button: nextDwellSetting,Dwell_Started
17:02:39.567,EyeTracking,SettingUI,Dwell_Start,Button: nextDwellSetting,Dwell_Started
17:02:39.579,EyeTracking,SettingUI,Dwell_Start,Button: nextDwellSetting,Dwell_Started
17:02:39.591,EyeTracking,SettingUI,Dwell_Start,Button: nextDwellSetting,Dwell_Started
17:02:39.601,EyeTracking,SettingUI,Dwell_Start,Button: nextDwellSetting,Dwell_Started
17:02:39.612,EyeTracking,SettingUI,Dwell_Start,Button: nextDwellSetting,Dwell_Started
17:02:39.624,EyeTracking,SettingUI,Dwell_Start,Button: nextDwellSetting,Dwell_Started
17:02:39.635,EyeTracking,SettingUI,Dwell_Start,Button: nextDwellSetting,Dwell_Started
17:02:39.647,EyeTracking,SettingUI,Dwell_Start,Button: nextDwellSetting,Dwell_Started
17:02:39.657,EyeTracking,SettingUI,Dwell_Start,Button: nextDwellSetting,Dwell_Started
17:02:39.668,EyeTracking,SettingUI,Hover_Exit,Button: nextDwellSetting,Hover_Exit
17:02:39.680,EyeTracking,SettingUI,Hover_Enter,Button: nextDwellSetting,Hovering
17:02:39.680,EyeTracking,SettingUI,Dwell_Start,Button: nextDwellSetting,Dwell_Started
17:02:39.690,EyeTracking,SettingUI,Hover_Exit,Button: nextDwellSetting,Hover_Exit
17:02:39.708,EyeTracking,SettingUI,Hover_Enter,Button: nextDwellSetting,Hovering
17:02:39.708,EyeTracking,SettingUI,Dwell_Start,Button: nextDwellSetting,Dwell_Started
17:02:39.717,EyeTracking,SettingUI,Dwell_Start,Button: nextDwellSetting,Dwell_Started
17:02:39.726,EyeTracking,SettingUI,Dwell_Start,Button: nextDwellSetting,Dwell_Started
17:02:39.735,EyeTracking,SettingUI,Dwell_Start,Button: nextDwellSetting,Dwell_Started
17:02:39.742,EyeTracking,SettingUI,Dwell_Start,Button: nextDwellSetting,Dwell_Started
17:02:39.754,EyeTracking,SettingUI,Dwell_Start,Button: nextDwellSetting,Dwell_Started
17:02:39.763,EyeTracking,SettingUI,Dwell_Start,Button: nextDwellSetting,Dwell_Started
17:02:39.775,EyeTracking,SettingUI,Dwell_Start,Button: nextDwellSetting,Dwell_Started
17:02:39.786,EyeTracking,SettingUI,Dwell_Start,Button: nextDwellSetting,Dwell_Started
17:02:39.796,EyeTracking,SettingUI,Dwell_Start,Button: nextDwellSetting,Dwell_Started
17:02:39.808,EyeTracking,SettingUI,Dwell_Start,Button: nextDwellSetting,Dwell_Started
17:02:39.819,EyeTracking,SettingUI,Dwell_Start,Button: nextDwellSetting,Dwell_Started
17:02:39.830,EyeTracking,SettingUI,Dwell_Start,Button: nextDwellSetting,Dwell_Started
17:02:39.842,EyeTracking,SettingUI,Dwell_Start,Button: nextDwellSetting,Dwell_Started
17:02:39.853,EyeTracking,SettingUI,Dwell_Start,Button: nextDwellSetting,Dwell_Started
17:02:39.863,EyeTracking,SettingUI,Dwell_Start,Button: nextDwellSetting,Dwell_Started
17:02:39.874,EyeTracking,SettingUI,Dwell_Start,Button: nextDwellSetting,Dwell_Started
17:02:39.885,EyeTracking,SettingUI,Dwell_Start,Button: nextDwellSetting,Dwell_Started
17:02:39.897,EyeTracking,SettingUI,Dwell_Start,Button: nextDwellSetting,Dwell_Started
17:02:39.908,EyeTracking,SettingUI,Dwell_Start,Button: nextDwellSetting,Dwell_Started
17:02:39.918,EyeTracking,SettingUI,Dwell_Start,Button: nextDwellSetting,Dwell_Started
17:02:39.930,EyeTracking,SettingUI,Dwell_Start,Button: nextDwellSetting,Dwell_Started
17:02:39.942,EyeTracking,SettingUI,Dwell_Start,Button: nextDwellSetting,Dwell_Started
17:02:39.952,EyeTracking,SettingUI,Dwell_Start,Button: nextDwellSetting,Dwell_Started
17:02:39.963,EyeTracking,SettingUI,Dwell_Start,Button: nextDwellSetting,Dwell_Started
17:02:39.975,EyeTracking,SettingUI,Dwell_Start,Button: nextDwellSetting,Dwell_Started
17:02:39.986,EyeTracking,SettingUI,Dwell_Start,Button: nextDwellSetting,Dwell_Started
17:02:39.996,EyeTracking,SettingUI,Dwell_Start,Button: nextDwellSetting,Dwell_Started
17:02:40.008,EyeTracking,SettingUI,Hover_Exit,Button: nextDwellSetting,Hover_Exit
17:02:40.020,EyeTracking,SettingUI,Hover_Enter,Button: nextDwellSetting,Hovering
17:02:40.020,EyeTracking,SettingUI,Dwell_Start,Button: nextDwellSetting,Dwell_Started
17:02:40.030,EyeTracking,SettingUI,Dwell_Start,Button: nextDwellSetting,Dwell_Started
17:02:40.041,EyeTracking,SettingUI,Dwell_Start,Button: nextDwellSetting,Dwell_Started
17:02:40.052,EyeTracking,SettingUI,Dwell_Start,Button: nextDwellSetting,Dwell_Started
17:02:40.063,EyeTracking,SettingUI,Dwell_Start,Button: nextDwellSetting,Dwell_Started
17:02:40.074,EyeTracking,SettingUI,Dwell_Start,Button: nextDwellSetting,Dwell_Started
17:02:40.087,EyeTracking,SettingUI,Dwell_Start,Button: nextDwellSetting,Dwell_Started
17:02:40.098,EyeTracking,SettingUI,Dwell_Start,Button: nextDwellSetting,Dwell_Started
17:02:40.109,EyeTracking,SettingUI,Dwell_Start,Button: nextDwellSetting,Dwell_Started
17:02:40.119,EyeTracking,SettingUI,Dwell_Start,Button: nextDwellSetting,Dwell_Started
17:02:40.131,EyeTracking,SettingUI,Dwell_Start,Button: nextDwellSetting,Dwell_Started
17:02:40.142,EyeTracking,SettingUI,Dwell_Start,Button: nextDwellSetting,Dwell_Started
17:02:40.154,EyeTracking,SettingUI,Dwell_Start,Button: nextDwellSetting,Dwell_Started
17:02:40.165,EyeTracking,SettingUI,Dwell_Start,Button: nextDwellSetting,Dwell_Started
17:02:40.178,EyeTracking,SettingUI,Dwell_Start,Button: nextDwellSetting,Dwell_Started
17:02:40.188,EyeTracking,SettingUI,Dwell_Start,Button: nextDwellSetting,Dwell_Started
17:02:40.200,EyeTracking,SettingUI,Dwell_Start,Button: nextDwellSetting,Dwell_Started
17:02:40.210,EyeTracking,SettingUI,Dwell_Start,Button: nextDwellSetting,Dwell_Started
17:02:40.222,EyeTracking,SettingUI,Dwell_Start,Button: nextDwellSetting,Dwell_Started
17:02:40.235,EyeTracking,SettingUI,Dwell_Start,Button: nextDwellSetting,Dwell_Started
17:02:40.244,EyeTracking,SettingUI,Dwell_Start,Button: nextDwellSetting,Dwell_Started
17:02:40.255,EyeTracking,SettingUI,Dwell_Start,Button: nextDwellSetting,Dwell_Started
17:02:40.268,EyeTracking,SettingUI,Dwell_Start,Button: nextDwellSetting,Dwell_Started
17:02:40.279,EyeTracking,SettingUI,Dwell_Start,Button: nextDwellSetting,Dwell_Started
17:02:40.290,EyeTracking,SettingUI,Dwell_Start,Button: nextDwellSetting,Dwell_Started
17:02:40.302,EyeTracking,SettingUI,Dwell_Start,Button: nextDwellSetting,Dwell_Started
17:02:40.312,EyeTracking,SettingUI,Dwell_Start,Button: nextDwellSetting,Dwell_Started
17:02:40.322,EyeTracking,SettingUI,Dwell_Start,Button: nextDwellSetting,Dwell_Started
17:02:40.333,EyeTracking,SettingUI,Dwell_Start,Button: nextDwellSetting,Dwell_Started
17:02:40.345,EyeTracking,SettingUI,Dwell_Start,Button: nextDwellSetting,Dwell_Started
17:02:40.356,EyeTracking,SettingUI,Dwell_Start,Button: nextDwellSetting,Dwell_Started
17:02:40.367,EyeTracking,SettingUI,Dwell_Start,Button: nextDwellSetting,Dwell_Started
17:02:40.379,EyeTracking,SettingUI,Dwell_Start,Button: nextDwellSetting,Dwell_Started
17:02:40.390,EyeTracking,SettingUI,Dwell_Start,Button: nextDwellSetting,Dwell_Started
17:02:40.401,EyeTracking,SettingUI,Dwell_Start,Button: nextDwellSetting,Dwell_Started
17:02:40.413,EyeTracking,SettingUI,Dwell_Start,Button: nextDwellSetting,Dwell_Started
17:02:40.424,EyeTracking,SettingUI,Dwell_Start,Button: nextDwellSetting,Dwell_Started
17:02:40.435,EyeTracking,SettingUI,Dwell_Start,Button: nextDwellSetting,Dwell_Started
17:02:40.445,EyeTracking,SettingUI,Dwell_Start,Button: nextDwellSetting,Dwell_Started
17:02:40.456,EyeTracking,SettingUI,Dwell_Start,Button: nextDwellSetting,Dwell_Started
17:02:40.469,EyeTracking,SettingUI,Hover_Exit,Button: nextDwellSetting,Hover_Exit
17:02:40.490,EyeTracking,SettingUI,Hover_Enter,Button: nextDwellSetting,Hovering
17:02:40.490,EyeTracking,SettingUI,Dwell_Start,Button: nextDwellSetting,Dwell_Started
17:02:40.500,EyeTracking,SettingUI,Dwell_Start,Button: nextDwellSetting,Dwell_Started
17:02:40.513,EyeTracking,SettingUI,Hover_Exit,Button: nextDwellSetting,Hover_Exit
17:02:40.523,EyeTracking,SettingUI,Hover_Enter,Button: nextDwellSetting,Hovering
17:02:40.523,EyeTracking,SettingUI,Dwell_Start,Button: nextDwellSetting,Dwell_Started
17:02:40.535,EyeTracking,SettingUI,Hover_Exit,Button: nextDwellSetting,Hover_Exit
17:02:41.163,EyeTracking,SettingUI,Hover_Enter,Button: demoDwellSetting,Hovering
17:02:41.219,EyeTracking,SettingUI,Hover_Exit,Button: demoDwellSetting,Hover_Exit
17:02:41.256,EyeTracking,SettingUI,Hover_Enter,Button: nextDwellSetting,Hovering
17:02:41.256,EyeTracking,SettingUI,Dwell_Start,Button: nextDwellSetting,Dwell_Started
17:02:41.267,EyeTracking,SettingUI,Dwell_Start,Button: nextDwellSetting,Dwell_Started
17:02:41.279,EyeTracking,SettingUI,Dwell_Start,Button: nextDwellSetting,Dwell_Started
17:02:41.290,EyeTracking,SettingUI,Dwell_Start,Button: nextDwellSetting,Dwell_Started
17:02:41.300,EyeTracking,SettingUI,Dwell_Start,Button: nextDwellSetting,Dwell_Started
17:02:41.310,EyeTracking,SettingUI,Dwell_Start,Button: nextDwellSetting,Dwell_Started
17:02:41.324,EyeTracking,SettingUI,Dwell_Start,Button: nextDwellSetting,Dwell_Started
17:02:41.334,EyeTracking,SettingUI,Dwell_Start,Button: nextDwellSetting,Dwell_Started
17:02:41.345,EyeTracking,SettingUI,Dwell_Start,Button: nextDwellSetting,Dwell_Started
17:02:41.357,EyeTracking,SettingUI,Dwell_Start,Button: nextDwellSetting,Dwell_Started
17:02:41.368,EyeTracking,SettingUI,Dwell_Start,Button: nextDwellSetting,Dwell_Started
17:02:41.378,EyeTracking,SettingUI,Dwell_Start,Button: nextDwellSetting,Dwell_Started
17:02:41.389,EyeTracking,SettingUI,Dwell_Start,Button: nextDwellSetting,Dwell_Started
17:02:41.400,EyeTracking,SettingUI,Dwell_Start,Button: nextDwellSetting,Dwell_Started
17:02:41.412,EyeTracking,SettingUI,Dwell_Start,Button: nextDwellSetting,Dwell_Started
17:02:41.423,EyeTracking,SettingUI,Hover_Exit,Button: nextDwellSetting,Hover_Exit
17:02:41.500,EyeTracking,SettingUI,Hover_Enter,Button: nextDwellSetting,Hovering
17:02:41.500,EyeTracking,SettingUI,Dwell_Start,Button: nextDwellSetting,Dwell_Started
17:02:41.511,EyeTracking,SettingUI,Dwell_Start,Button: nextDwellSetting,Dwell_Started
17:02:41.522,EyeTracking,SettingUI,Dwell_Start,Button: nextDwellSetting,Dwell_Started
17:02:41.534,EyeTracking,SettingUI,Dwell_Start,Button: nextDwellSetting,Dwell_Started
17:02:41.545,EyeTracking,SettingUI,Dwell_Start,Button: nextDwellSetting,Dwell_Started
17:02:41.555,EyeTracking,SettingUI,Dwell_Start,Button: nextDwellSetting,Dwell_Started
17:02:41.568,EyeTracking,SettingUI,Dwell_Start,Button: nextDwellSetting,Dwell_Started
17:02:41.578,EyeTracking,SettingUI,Dwell_Start,Button: nextDwellSetting,Dwell_Started
17:02:41.590,EyeTracking,SettingUI,Dwell_Start,Button: nextDwellSetting,Dwell_Started
17:02:41.600,EyeTracking,SettingUI,Dwell_Start,Button: nextDwellSetting,Dwell_Started
17:02:41.612,EyeTracking,SettingUI,Dwell_Start,Button: nextDwellSetting,Dwell_Started
17:02:41.622,EyeTracking,SettingUI,Dwell_Start,Button: nextDwellSetting,Dwell_Started
17:02:41.634,EyeTracking,SettingUI,Dwell_Start,Button: nextDwellSetting,Dwell_Started
17:02:41.645,EyeTracking,SettingUI,Dwell_Start,Button: nextDwellSetting,Dwell_Started
17:02:41.656,EyeTracking,SettingUI,Dwell_Start,Button: nextDwellSetting,Dwell_Started
17:02:41.668,EyeTracking,SettingUI,Dwell_Start,Button: nextDwellSetting,Dwell_Started
17:02:41.678,EyeTracking,SettingUI,Dwell_Start,Button: nextDwellSetting,Dwell_Started
17:02:41.689,EyeTracking,SettingUI,Dwell_Start,Button: nextDwellSetting,Dwell_Started
17:02:41.700,EyeTracking,SettingUI,Dwell_Start,Button: nextDwellSetting,Dwell_Started
17:02:41.710,EyeTracking,SettingUI,Dwell_Start,Button: nextDwellSetting,Dwell_Started
17:02:41.722,EyeTracking,SettingUI,Dwell_Start,Button: nextDwellSetting,Dwell_Started
17:02:41.735,EyeTracking,SettingUI,Dwell_Start,Button: nextDwellSetting,Dwell_Started
17:02:41.745,EyeTracking,SettingUI,Dwell_Start,Button: nextDwellSetting,Dwell_Started
17:02:41.756,EyeTracking,SettingUI,Dwell_Start,Button: nextDwellSetting,Dwell_Started
17:02:41.766,EyeTracking,SettingUI,Dwell_Start,Button: nextDwellSetting,Dwell_Started
17:02:41.779,EyeTracking,SettingUI,Dwell_Start,Button: nextDwellSetting,Dwell_Started
17:02:41.789,EyeTracking,SettingUI,Dwell_Start,Button: nextDwellSetting,Dwell_Started
17:02:41.800,EyeTracking,SettingUI,Dwell_Start,Button: nextDwellSetting,Dwell_Started
17:02:41.810,EyeTracking,SettingUI,Dwell_Start,Button: nextDwellSetting,Dwell_Started
17:02:41.822,EyeTracking,SettingUI,Dwell_Start,Button: nextDwellSetting,Dwell_Started
17:02:41.834,EyeTracking,SettingUI,Dwell_Start,Button: nextDwellSetting,Dwell_Started
17:02:41.845,EyeTracking,SettingUI,Dwell_Start,Button: nextDwellSetting,Dwell_Started
17:02:41.856,EyeTracking,SettingUI,Dwell_Start,Button: nextDwellSetting,Dwell_Started
17:02:41.867,EyeTracking,SettingUI,Dwell_Start,Button: nextDwellSetting,Dwell_Started
17:02:41.879,EyeTracking,SettingUI,Dwell_Start,Button: nextDwellSetting,Dwell_Started
17:02:41.890,EyeTracking,SettingUI,Dwell_Start,Button: nextDwellSetting,Dwell_Started
17:02:41.900,EyeTracking,SettingUI,Dwell_Start,Button: nextDwellSetting,Dwell_Started
17:02:41.911,EyeTracking,SettingUI,Dwell_Start,Button: nextDwellSetting,Dwell_Started
17:02:41.923,EyeTracking,SettingUI,Dwell_Start,Button: nextDwellSetting,Dwell_Started
17:02:41.932,EyeTracking,SettingUI,Hover_Exit,Button: nextDwellSetting,Hover_Exit
17:02:42.790,EyeTracking,SettingUI,Hover_Enter,Button: nextDwellSetting,Hovering
17:02:42.790,EyeTracking,SettingUI,Dwell_Start,Button: nextDwellSetting,Dwell_Started
17:02:42.800,EyeTracking,SettingUI,Dwell_Start,Button: nextDwellSetting,Dwell_Started
17:02:42.812,EyeTracking,SettingUI,Dwell_Start,Button: nextDwellSetting,Dwell_Started
17:02:42.822,EyeTracking,SettingUI,Dwell_Start,Button: nextDwellSetting,Dwell_Started
17:02:42.834,EyeTracking,SettingUI,Dwell_Start,Button: nextDwellSetting,Dwell_Started
17:02:42.844,EyeTracking,SettingUI,Dwell_Start,Button: nextDwellSetting,Dwell_Started
17:02:42.857,EyeTracking,SettingUI,Dwell_Start,Button: nextDwellSetting,Dwell_Started
17:02:42.866,EyeTracking,SettingUI,Hover_Exit,Button: nextDwellSetting,Hover_Exit
17:02:42.879,EyeTracking,SettingUI,Hover_Enter,Button: nextDwellSetting,Hovering
17:02:42.879,EyeTracking,SettingUI,Dwell_Start,Button: nextDwellSetting,Dwell_Started
17:02:42.889,EyeTracking,SettingUI,Dwell_Start,Button: nextDwellSetting,Dwell_Started
17:02:42.900,EyeTracking,SettingUI,Dwell_Start,Button: nextDwellSetting,Dwell_Started
17:02:42.911,EyeTracking,SettingUI,Dwell_Start,Button: nextDwellSetting,Dwell_Started
17:02:42.923,EyeTracking,SettingUI,Dwell_Start,Button: nextDwellSetting,Dwell_Started
17:02:42.932,EyeTracking,SettingUI,Dwell_Start,Button: nextDwellSetting,Dwell_Started
17:02:42.944,EyeTracking,SettingUI,Dwell_Start,Button: nextDwellSetting,Dwell_Started
17:02:42.955,EyeTracking,SettingUI,Dwell_Start,Button: nextDwellSetting,Dwell_Started
17:02:42.966,EyeTracking,SettingUI,Dwell_Start,Button: nextDwellSetting,Dwell_Started
17:02:42.977,EyeTracking,SettingUI,Dwell_Start,Button: nextDwellSetting,Dwell_Started
17:02:42.989,EyeTracking,SettingUI,Dwell_Start,Button: nextDwellSetting,Dwell_Started
17:02:43.000,EyeTracking,SettingUI,Dwell_Start,Button: nextDwellSetting,Dwell_Started
17:02:43.010,EyeTracking,SettingUI,Dwell_Start,Button: nextDwellSetting,Dwell_Started
17:02:43.021,EyeTracking,SettingUI,Dwell_Start,Button: nextDwellSetting,Dwell_Started
17:02:43.033,EyeTracking,SettingUI,Dwell_Start,Button: nextDwellSetting,Dwell_Started
17:02:43.044,EyeTracking,SettingUI,Dwell_Start,Button: nextDwellSetting,Dwell_Started
17:02:43.055,EyeTracking,SettingUI,Dwell_Start,Button: nextDwellSetting,Dwell_Started
17:02:43.067,EyeTracking,SettingUI,Dwell_Start,Button: nextDwellSetting,Dwell_Started
17:02:43.077,EyeTracking,SettingUI,Dwell_Start,Button: nextDwellSetting,Dwell_Started
17:02:43.090,EyeTracking,SettingUI,Dwell_Start,Button: nextDwellSetting,Dwell_Started
17:02:43.100,EyeTracking,SettingUI,Dwell_Start,Button: nextDwellSetting,Dwell_Started
17:02:43.110,EyeTracking,SettingUI,Dwell_Start,Button: nextDwellSetting,Dwell_Started
17:02:43.122,EyeTracking,SettingUI,Dwell_Start,Button: nextDwellSetting,Dwell_Started
17:02:43.132,EyeTracking,SettingUI,Dwell_Start,Button: nextDwellSetting,Dwell_Started
17:02:43.145,EyeTracking,SettingUI,Dwell_Start,Button: nextDwellSetting,Dwell_Started
17:02:43.156,EyeTracking,SettingUI,Dwell_Start,Button: nextDwellSetting,Dwell_Started
17:02:43.166,EyeTracking,SettingUI,Dwell_Start,Button: nextDwellSetting,Dwell_Started
17:02:43.178,EyeTracking,SettingUI,Dwell_Start,Button: nextDwellSetting,Dwell_Started
17:02:43.189,EyeTracking,SettingUI,Dwell_Start,Button: nextDwellSetting,Dwell_Started
17:02:43.199,EyeTracking,SettingUI,Dwell_Start,Button: nextDwellSetting,Dwell_Started
17:02:43.211,EyeTracking,SettingUI,Dwell_Start,Button: nextDwellSetting,Dwell_Started
17:02:43.222,EyeTracking,SettingUI,Hover_Exit,Button: nextDwellSetting,Hover_Exit
17:02:43.443,EyeTracking,SettingUI,Hover_Enter,Button: nextDwellSetting,Hovering
17:02:43.443,EyeTracking,SettingUI,Dwell_Start,Button: nextDwellSetting,Dwell_Started
17:02:43.455,EyeTracking,SettingUI,Dwell_Start,Button: nextDwellSetting,Dwell_Started
17:02:43.466,EyeTracking,SettingUI,Hover_Exit,Button: nextDwellSetting,Hover_Exit
17:02:43.478,EyeTracking,SettingUI,Hover_Enter,Button: nextDwellSetting,Hovering
17:02:43.478,EyeTracking,SettingUI,Dwell_Start,Button: nextDwellSetting,Dwell_Started
17:02:43.489,EyeTracking,SettingUI,Hover_Exit,Button: nextDwellSetting,Hover_Exit
17:02:43.599,EyeTracking,SettingUI,Hover_Enter,Button: nextDwellSetting,Hovering
17:02:43.599,EyeTracking,SettingUI,Dwell_Start,Button: nextDwellSetting,Dwell_Started
17:02:43.610,EyeTracking,SettingUI,Dwell_Start,Button: nextDwellSetting,Dwell_Started
17:02:43.622,EyeTracking,SettingUI,Dwell_Start,Button: nextDwellSetting,Dwell_Started
17:02:43.632,EyeTracking,SettingUI,Dwell_Start,Button: nextDwellSetting,Dwell_Started
17:02:43.644,EyeTracking,SettingUI,Dwell_Start,Button: nextDwellSetting,Dwell_Started
17:02:43.656,EyeTracking,SettingUI,Dwell_Start,Button: nextDwellSetting,Dwell_Started
17:02:43.666,EyeTracking,SettingUI,Dwell_Start,Button: nextDwellSetting,Dwell_Started
17:02:43.677,EyeTracking,SettingUI,Dwell_Start,Button: nextDwellSetting,Dwell_Started
17:02:43.689,EyeTracking,SettingUI,Dwell_Start,Button: nextDwellSetting,Dwell_Started
17:02:43.705,EyeTracking,SettingUI,Dwell_Start,Button: nextDwellSetting,Dwell_Started
17:02:43.714,EyeTracking,SettingUI,Dwell_Start,Button: nextDwellSetting,Dwell_Started
17:02:43.722,EyeTracking,SettingUI,Hover_Exit,Button: nextDwellSetting,Hover_Exit
17:02:43.764,EyeTracking,SettingUI,Hover_Enter,Button: nextDwellSetting,Hovering
17:02:43.764,EyeTracking,SettingUI,Dwell_Start,Button: nextDwellSetting,Dwell_Started
17:02:43.774,EyeTracking,SettingUI,Dwell_Start,Button: nextDwellSetting,Dwell_Started
17:02:43.786,EyeTracking,SettingUI,Dwell_Start,Button: nextDwellSetting,Dwell_Started
17:02:43.797,EyeTracking,SettingUI,Hover_Exit,Button: nextDwellSetting,Hover_Exit
17:02:44.488,EyeTracking,SettingUI,Hover_Enter,Button: nextDwellSetting,Hovering
17:02:44.488,EyeTracking,SettingUI,Dwell_Start,Button: nextDwellSetting,Dwell_Started
17:02:44.498,EyeTracking,SettingUI,Dwell_Start,Button: nextDwellSetting,Dwell_Started
17:02:44.510,EyeTracking,SettingUI,Dwell_Start,Button: nextDwellSetting,Dwell_Started
17:02:44.521,EyeTracking,SettingUI,Dwell_Start,Button: nextDwellSetting,Dwell_Started
17:02:44.532,EyeTracking,SettingUI,Dwell_Start,Button: nextDwellSetting,Dwell_Started
17:02:44.544,EyeTracking,SettingUI,Dwell_Start,Button: nextDwellSetting,Dwell_Started
17:02:44.553,EyeTracking,SettingUI,Dwell_Start,Button: nextDwellSetting,Dwell_Started
17:02:44.566,EyeTracking,SettingUI,Dwell_Start,Button: nextDwellSetting,Dwell_Started
17:02:44.578,EyeTracking,SettingUI,Dwell_Start,Button: nextDwellSetting,Dwell_Started
17:02:44.588,EyeTracking,SettingUI,Dwell_Start,Button: nextDwellSetting,Dwell_Started
17:02:44.599,EyeTracking,SettingUI,Dwell_Start,Button: nextDwellSetting,Dwell_Started
17:02:44.610,EyeTracking,SettingUI,Dwell_Start,Button: nextDwellSetting,Dwell_Started
17:02:44.622,EyeTracking,SettingUI,Dwell_Start,Button: nextDwellSetting,Dwell_Started
17:02:44.631,EyeTracking,SettingUI,Dwell_Start,Button: nextDwellSetting,Dwell_Started
17:02:44.644,EyeTracking,SettingUI,Dwell_Start,Button: nextDwellSetting,Dwell_Started
17:02:44.654,EyeTracking,SettingUI,Dwell_Start,Button: nextDwellSetting,Dwell_Started
17:02:44.666,EyeTracking,SettingUI,Dwell_Start,Button: nextDwellSetting,Dwell_Started
17:02:44.677,EyeTracking,SettingUI,Dwell_Start,Button: nextDwellSetting,Dwell_Started
17:02:44.688,EyeTracking,SettingUI,Hover_Exit,Button: nextDwellSetting,Hover_Exit
17:02:44.722,EyeTracking,SettingUI,Hover_Enter,Button: nextDwellSetting,Hovering
17:02:44.722,EyeTracking,SettingUI,Dwell_Start,Button: nextDwellSetting,Dwell_Started
17:02:44.731,EyeTracking,SettingUI,Dwell_Start,Button: nextDwellSetting,Dwell_Started
17:02:44.743,EyeTracking,SettingUI,Hover_Exit,Button: nextDwellSetting,Hover_Exit
17:02:44.799,EyeTracking,SettingUI,Hover_Enter,Button: nextDwellSetting,Hovering
17:02:44.799,EyeTracking,SettingUI,Dwell_Start,Button: nextDwellSetting,Dwell_Started
17:02:44.810,EyeTracking,SettingUI,Dwell_Start,Button: nextDwellSetting,Dwell_Started
17:02:44.822,EyeTracking,SettingUI,Dwell_Start,Button: nextDwellSetting,Dwell_Started
17:02:44.832,EyeTracking,SettingUI,Dwell_Start,Button: nextDwellSetting,Dwell_Started
17:02:44.842,EyeTracking,SettingUI,Dwell_Start,Button: nextDwellSetting,Dwell_Started
17:02:44.853,EyeTracking,SettingUI,Dwell_Start,Button: nextDwellSetting,Dwell_Started
17:02:44.867,EyeTracking,SettingUI,Dwell_Start,Button: nextDwellSetting,Dwell_Started
17:02:44.876,EyeTracking,SettingUI,Hover_Exit,Button: nextDwellSetting,Hover_Exit
17:02:44.965,EyeTracking,SettingUI,Hover_Enter,Button: nextDwellSetting,Hovering
17:02:44.965,EyeTracking,SettingUI,Dwell_Start,Button: nextDwellSetting,Dwell_Started
17:02:44.977,EyeTracking,SettingUI,Hover_Exit,Button: nextDwellSetting,Hover_Exit
17:02:44.988,EyeTracking,SettingUI,Hover_Enter,Button: nextDwellSetting,Hovering
17:02:44.988,EyeTracking,SettingUI,Dwell_Start,Button: nextDwellSetting,Dwell_Started
17:02:44.999,EyeTracking,SettingUI,Dwell_Start,Button: nextDwellSetting,Dwell_Started
17:02:45.010,EyeTracking,SettingUI,Hover_Exit,Button: nextDwellSetting,Hover_Exit
17:02:45.075,EyeTracking,SettingUI,Hover_Enter,Button: nextDwellSetting,Hovering
17:02:45.075,EyeTracking,SettingUI,Dwell_Start,Button: nextDwellSetting,Dwell_Started
17:02:45.087,EyeTracking,SettingUI,Dwell_Start,Button: nextDwellSetting,Dwell_Started
17:02:45.099,EyeTracking,SettingUI,Dwell_Start,Button: nextDwellSetting,Dwell_Started
17:02:45.110,EyeTracking,SettingUI,Dwell_Start,Button: nextDwellSetting,Dwell_Started
17:02:45.120,EyeTracking,SettingUI,Dwell_Start,Button: nextDwellSetting,Dwell_Started
17:02:45.132,EyeTracking,SettingUI,Hover_Exit,Button: nextDwellSetting,Hover_Exit
17:02:45.155,EyeTracking,SettingUI,Hover_Enter,Button: nextDwellSetting,Hovering
17:02:45.155,EyeTracking,SettingUI,Dwell_Start,Button: nextDwellSetting,Dwell_Started
17:02:45.165,EyeTracking,SettingUI,Dwell_Start,Button: nextDwellSetting,Dwell_Started
17:02:45.176,EyeTracking,SettingUI,Dwell_Start,Button: nextDwellSetting,Dwell_Started
17:02:45.187,EyeTracking,SettingUI,Hover_Exit,Button: nextDwellSetting,Hover_Exit
17:02:45.299,EyeTracking,SettingUI,Hover_Enter,Button: nextDwellSetting,Hovering
17:02:45.299,EyeTracking,SettingUI,Dwell_Start,Button: nextDwellSetting,Dwell_Started
17:02:45.310,EyeTracking,SettingUI,Dwell_Start,Button: nextDwellSetting,Dwell_Started
17:02:45.320,EyeTracking,SettingUI,Dwell_Start,Button: nextDwellSetting,Dwell_Started
17:02:45.332,EyeTracking,SettingUI,Dwell_Start,Button: nextDwellSetting,Dwell_Started
17:02:45.343,EyeTracking,SettingUI,Dwell_Start,Button: nextDwellSetting,Dwell_Started
17:02:45.355,EyeTracking,SettingUI,Dwell_Start,Button: nextDwellSetting,Dwell_Started
17:02:45.365,EyeTracking,SettingUI,Hover_Exit,Button: nextDwellSetting,Hover_Exit
17:02:46.099,EyeTracking,SettingUI,Hover_Enter,Button: nextDwellSetting,Hovering
17:02:46.099,EyeTracking,SettingUI,Dwell_Start,Button: nextDwellSetting,Dwell_Started
17:02:46.109,EyeTracking,SettingUI,Dwell_Start,Button: nextDwellSetting,Dwell_Started
17:02:46.121,EyeTracking,SettingUI,Dwell_Start,Button: nextDwellSetting,Dwell_Started
17:02:46.132,EyeTracking,SettingUI,Dwell_Start,Button: nextDwellSetting,Dwell_Started
17:02:46.142,EyeTracking,SettingUI,Dwell_Start,Button: nextDwellSetting,Dwell_Started
17:02:46.153,EyeTracking,SettingUI,Dwell_Start,Button: nextDwellSetting,Dwell_Started
17:02:46.165,EyeTracking,SettingUI,Dwell_Start,Button: nextDwellSetting,Dwell_Started
17:02:46.176,EyeTracking,SettingUI,Dwell_Start,Button: nextDwellSetting,Dwell_Started
17:02:46.187,EyeTracking,SettingUI,Dwell_Start,Button: nextDwellSetting,Dwell_Started
17:02:46.199,EyeTracking,SettingUI,Dwell_Start,Button: nextDwellSetting,Dwell_Started
17:02:46.210,EyeTracking,SettingUI,Dwell_Start,Button: nextDwellSetting,Dwell_Started
17:02:46.220,EyeTracking,SettingUI,Dwell_Start,Button: nextDwellSetting,Dwell_Started
17:02:46.231,EyeTracking,SettingUI,Dwell_Start,Button: nextDwellSetting,Dwell_Started
17:02:46.243,EyeTracking,SettingUI,Dwell_Start,Button: nextDwellSetting,Dwell_Started
17:02:46.253,EyeTracking,SettingUI,Dwell_Start,Button: nextDwellSetting,Dwell_Started
17:02:46.264,EyeTracking,SettingUI,Dwell_Start,Button: nextDwellSetting,Dwell_Started
17:02:46.277,EyeTracking,SettingUI,Dwell_Start,Button: nextDwellSetting,Dwell_Started
17:02:46.287,EyeTracking,SettingUI,Dwell_Start,Button: nextDwellSetting,Dwell_Started
17:02:46.298,EyeTracking,SettingUI,Dwell_Start,Button: nextDwellSetting,Dwell_Started
17:02:46.309,EyeTracking,SettingUI,Dwell_Start,Button: nextDwellSetting,Dwell_Started
17:02:46.320,EyeTracking,SettingUI,Dwell_Start,Button: nextDwellSetting,Dwell_Started
17:02:46.330,EyeTracking,SettingUI,Dwell_Start,Button: nextDwellSetting,Dwell_Started
17:02:46.342,EyeTracking,SettingUI,Dwell_Start,Button: nextDwellSetting,Dwell_Started
17:02:46.355,EyeTracking,SettingUI,Dwell_Start,Button: nextDwellSetting,Dwell_Started
17:02:46.365,EyeTracking,SettingUI,Dwell_Start,Button: nextDwellSetting,Dwell_Started
17:02:46.376,EyeTracking,SettingUI,Dwell_Start,Button: nextDwellSetting,Dwell_Started
17:02:46.388,EyeTracking,SettingUI,Dwell_Start,Button: nextDwellSetting,Dwell_Started
17:02:46.399,EyeTracking,SettingUI,Dwell_Start,Button: nextDwellSetting,Dwell_Started
17:02:46.409,EyeTracking,SettingUI,Dwell_Start,Button: nextDwellSetting,Dwell_Started
17:02:46.420,EyeTracking,SettingUI,Dwell_Start,Button: nextDwellSetting,Dwell_Started
17:02:46.431,EyeTracking,SettingUI,Dwell_Start,Button: nextDwellSetting,Dwell_Started
17:02:46.442,EyeTracking,SettingUI,Dwell_Start,Button: nextDwellSetting,Dwell_Started
17:02:46.454,EyeTracking,SettingUI,Dwell_Start,Button: nextDwellSetting,Dwell_Started
17:02:46.465,EyeTracking,SettingUI,Dwell_Start,Button: nextDwellSetting,Dwell_Started
17:02:46.476,EyeTracking,SettingUI,Dwell_Start,Button: nextDwellSetting,Dwell_Started
17:02:46.487,EyeTracking,SettingUI,Dwell_Start,Button: nextDwellSetting,Dwell_Started
17:02:46.498,EyeTracking,SettingUI,Dwell_Start,Button: nextDwellSetting,Dwell_Started
17:02:46.509,EyeTracking,SettingUI,Dwell_Start,Button: nextDwellSetting,Dwell_Started
17:02:46.521,EyeTracking,SettingUI,Dwell_Start,Button: nextDwellSetting,Dwell_Started
17:02:46.531,EyeTracking,SettingUI,Dwell_Start,Button: nextDwellSetting,Dwell_Started
17:02:46.543,EyeTracking,SettingUI,Dwell_Start,Button: nextDwellSetting,Dwell_Started
17:02:46.554,EyeTracking,SettingUI,Dwell_Start,Button: nextDwellSetting,Dwell_Started
17:02:46.566,EyeTracking,SettingUI,Dwell_Start,Button: nextDwellSetting,Dwell_Started
17:02:46.576,EyeTracking,SettingUI,Dwell_Start,Button: nextDwellSetting,Dwell_Started
17:02:46.588,EyeTracking,SettingUI,Dwell_Start,Button: nextDwellSetting,Dwell_Started
17:02:46.598,EyeTracking,SettingUI,Hover_Exit,Button: nextDwellSetting,Hover_Exit
17:02:46.764,EyeTracking,SettingUI,Hover_Enter,Button: nextDwellSetting,Hovering
17:02:46.764,EyeTracking,SettingUI,Dwell_Start,Button: nextDwellSetting,Dwell_Started
17:02:46.776,EyeTracking,SettingUI,Dwell_Start,Button: nextDwellSetting,Dwell_Started
17:02:46.788,EyeTracking,SettingUI,Dwell_Start,Button: nextDwellSetting,Dwell_Started
17:02:46.797,EyeTracking,SettingUI,Dwell_Start,Button: nextDwellSetting,Dwell_Started
17:02:46.810,EyeTracking,SettingUI,Dwell_Start,Button: nextDwellSetting,Dwell_Started
17:02:46.820,EyeTracking,SettingUI,Dwell_Start,Button: nextDwellSetting,Dwell_Started
17:02:46.831,EyeTracking,SettingUI,Dwell_Start,Button: nextDwellSetting,Dwell_Started
17:02:46.842,EyeTracking,SettingUI,Dwell_Start,Button: nextDwellSetting,Dwell_Started
17:02:46.852,EyeTracking,SettingUI,Dwell_Start,Button: nextDwellSetting,Dwell_Started
17:02:46.865,EyeTracking,SettingUI,Hover_Exit,Button: nextDwellSetting,Hover_Exit
17:02:47.087,EyeTracking,SettingUI,Hover_Enter,Button: nextDwellSetting,Hovering
17:02:47.087,EyeTracking,SettingUI,Dwell_Start,Button: nextDwellSetting,Dwell_Started
17:02:47.098,EyeTracking,SettingUI,Dwell_Start,Button: nextDwellSetting,Dwell_Started
17:02:47.108,EyeTracking,SettingUI,Dwell_Start,Button: nextDwellSetting,Dwell_Started
17:02:47.120,EyeTracking,SettingUI,Dwell_Start,Button: nextDwellSetting,Dwell_Started
17:02:47.130,EyeTracking,SettingUI,Dwell_Start,Button: nextDwellSetting,Dwell_Started
17:02:47.142,EyeTracking,SettingUI,Dwell_Start,Button: nextDwellSetting,Dwell_Started
17:02:47.152,EyeTracking,SettingUI,Dwell_Start,Button: nextDwellSetting,Dwell_Started
17:02:47.164,EyeTracking,SettingUI,Dwell_Start,Button: nextDwellSetting,Dwell_Started
17:02:47.176,EyeTracking,SettingUI,Dwell_Start,Button: nextDwellSetting,Dwell_Started
17:02:47.186,EyeTracking,SettingUI,Dwell_Start,Button: nextDwellSetting,Dwell_Started
17:02:47.198,EyeTracking,SettingUI,Dwell_Start,Button: nextDwellSetting,Dwell_Started
17:02:47.209,EyeTracking,SettingUI,Dwell_Start,Button: nextDwellSetting,Dwell_Started
17:02:47.220,EyeTracking,SettingUI,Dwell_Start,Button: nextDwellSetting,Dwell_Started
17:02:47.230,EyeTracking,SettingUI,Dwell_Start,Button: nextDwellSetting,Dwell_Started
17:02:47.242,EyeTracking,SettingUI,Dwell_Start,Button: nextDwellSetting,Dwell_Started
17:02:47.253,EyeTracking,SettingUI,Dwell_Start,Button: nextDwellSetting,Dwell_Started
17:02:47.264,EyeTracking,SettingUI,Dwell_Start,Button: nextDwellSetting,Dwell_Started
17:02:47.276,EyeTracking,SettingUI,Dwell_Start,Button: nextDwellSetting,Dwell_Started
17:02:47.287,EyeTracking,SettingUI,Dwell_Start,Button: nextDwellSetting,Dwell_Started
17:02:47.298,EyeTracking,SettingUI,Dwell_Start,Button: nextDwellSetting,Dwell_Started
17:02:47.309,EyeTracking,SettingUI,Dwell_Start,Button: nextDwellSetting,Dwell_Started
17:02:47.320,EyeTracking,SettingUI,Dwell_Start,Button: nextDwellSetting,Dwell_Started
17:02:47.330,EyeTracking,SettingUI,Dwell_Start,Button: nextDwellSetting,Dwell_Started
17:02:47.342,EyeTracking,SettingUI,Dwell_Start,Button: nextDwellSetting,Dwell_Started
17:02:47.352,EyeTracking,SettingUI,Dwell_Start,Button: nextDwellSetting,Dwell_Started
17:02:47.363,EyeTracking,SettingUI,Dwell_Start,Button: nextDwellSetting,Dwell_Started
17:02:47.376,EyeTracking,SettingUI,Dwell_Start,Button: nextDwellSetting,Dwell_Started
17:02:47.387,EyeTracking,SettingUI,Dwell_Start,Button: nextDwellSetting,Dwell_Started
17:02:47.397,EyeTracking,SettingUI,Dwell_Start,Button: nextDwellSetting,Dwell_Started
17:02:47.409,EyeTracking,SettingUI,Dwell_Start,Button: nextDwellSetting,Dwell_Started
17:02:47.420,EyeTracking,SettingUI,Dwell_Start,Button: nextDwellSetting,Dwell_Started
17:02:47.430,EyeTracking,SettingUI,Dwell_Start,Button: nextDwellSetting,Dwell_Started
17:02:47.441,EyeTracking,SettingUI,Dwell_Start,Button: nextDwellSetting,Dwell_Started
17:02:47.453,EyeTracking,SettingUI,Dwell_Start,Button: nextDwellSetting,Dwell_Started
17:02:47.464,EyeTracking,SettingUI,Dwell_Start,Button: nextDwellSetting,Dwell_Started
17:02:47.475,EyeTracking,SettingUI,Dwell_Start,Button: nextDwellSetting,Dwell_Started
17:02:47.487,EyeTracking,SettingUI,Dwell_Start,Button: nextDwellSetting,Dwell_Started
17:02:47.497,EyeTracking,SettingUI,Dwell_Start,Button: nextDwellSetting,Dwell_Started
17:02:47.509,EyeTracking,SettingUI,Dwell_Start,Button: nextDwellSetting,Dwell_Started
17:02:47.519,EyeTracking,SettingUI,Dwell_Start,Button: nextDwellSetting,Dwell_Started
17:02:47.530,EyeTracking,SettingUI,Dwell_Start,Button: nextDwellSetting,Dwell_Started
17:02:47.542,EyeTracking,SettingUI,Dwell_Start,Button: nextDwellSetting,Dwell_Started
17:02:47.552,EyeTracking,SettingUI,Dwell_Start,Button: nextDwellSetting,Dwell_Started
17:02:47.564,EyeTracking,SettingUI,Dwell_Start,Button: nextDwellSetting,Dwell_Started
17:02:47.574,EyeTracking,SettingUI,Dwell_Start,Button: nextDwellSetting,Dwell_Started
17:02:47.585,EyeTracking,SettingUI,Dwell_Start,Button: nextDwellSetting,Dwell_Started
17:02:47.597,EyeTracking,SettingUI,Dwell_Start,Button: nextDwellSetting,Dwell_Started
17:02:47.610,EyeTracking,SettingUI,Dwell_Start,Button: nextDwellSetting,Dwell_Started
17:02:47.620,EyeTracking,SettingUI,Hover_Exit,Button: nextDwellSetting,Hover_Exit
17:02:47.652,EyeTracking,SettingUI,Hover_Enter,Button: nextDwellSetting,Hovering
17:02:47.652,EyeTracking,SettingUI,Dwell_Start,Button: nextDwellSetting,Dwell_Started
17:02:47.665,EyeTracking,SettingUI,Dwell_Start,Button: nextDwellSetting,Dwell_Started
17:02:47.675,EyeTracking,SettingUI,Dwell_Start,Button: nextDwellSetting,Dwell_Started
17:02:47.686,EyeTracking,SettingUI,Dwell_Start,Button: nextDwellSetting,Dwell_Started
17:02:47.698,EyeTracking,SettingUI,Dwell_Start,Button: nextDwellSetting,Dwell_Started
17:02:47.707,EyeTracking,SettingUI,Dwell_Start,Button: nextDwellSetting,Dwell_Started
17:02:47.720,EyeTracking,SettingUI,Dwell_Start,Button: nextDwellSetting,Dwell_Started
17:02:47.731,EyeTracking,SettingUI,Dwell_Start,Button: nextDwellSetting,Dwell_Started
17:02:47.742,EyeTracking,SettingUI,Dwell_Start,Button: nextDwellSetting,Dwell_Started
17:02:47.752,EyeTracking,SettingUI,Dwell_Start,Button: nextDwellSetting,Dwell_Started
17:02:47.765,EyeTracking,SettingUI,Dwell_Start,Button: nextDwellSetting,Dwell_Started
17:02:47.774,EyeTracking,SettingUI,Dwell_Start,Button: nextDwellSetting,Dwell_Started
17:02:47.785,EyeTracking,SettingUI,Dwell_Start,Button: nextDwellSetting,Dwell_Started
17:02:47.797,EyeTracking,SettingUI,Dwell_Start,Button: nextDwellSetting,Dwell_Started
17:02:47.809,EyeTracking,SettingUI,Dwell_Start,Button: nextDwellSetting,Dwell_Started
17:02:47.820,EyeTracking,SettingUI,Dwell_Start,Button: nextDwellSetting,Dwell_Started
17:02:47.830,EyeTracking,SettingUI,Dwell_Start,Button: nextDwellSetting,Dwell_Started
17:02:47.841,EyeTracking,SettingUI,Dwell_Start,Button: nextDwellSetting,Dwell_Started
17:02:47.853,EyeTracking,SettingUI,Dwell_Start,Button: nextDwellSetting,Dwell_Started
17:02:47.864,EyeTracking,SettingUI,Dwell_Start,Button: nextDwellSetting,Dwell_Started
17:02:47.875,EyeTracking,SettingUI,Dwell_Start,Button: nextDwellSetting,Dwell_Started
17:02:47.887,EyeTracking,SettingUI,Dwell_Start,Button: nextDwellSetting,Dwell_Started
17:02:47.898,EyeTracking,SettingUI,Dwell_Start,Button: nextDwellSetting,Dwell_Started
17:02:47.908,EyeTracking,SettingUI,Dwell_Start,Button: nextDwellSetting,Dwell_Started
17:02:47.920,EyeTracking,SettingUI,Dwell_Start,Button: nextDwellSetting,Dwell_Started
17:02:47.931,EyeTracking,SettingUI,Dwell_Start,Button: nextDwellSetting,Dwell_Started
17:02:47.940,EyeTracking,SettingUI,Dwell_Start,Button: nextDwellSetting,Dwell_Started
17:02:47.952,EyeTracking,SettingUI,Dwell_Start,Button: nextDwellSetting,Dwell_Started
17:02:47.964,EyeTracking,SettingUI,Dwell_Start,Button: nextDwellSetting,Dwell_Started
17:02:47.975,EyeTracking,SettingUI,Dwell_Start,Button: nextDwellSetting,Dwell_Started
17:02:47.986,EyeTracking,SettingUI,Dwell_Start,Button: nextDwellSetting,Dwell_Started
17:02:47.998,EyeTracking,SettingUI,Dwell_Start,Button: nextDwellSetting,Dwell_Started
17:02:48.008,EyeTracking,SettingUI,Dwell_Start,Button: nextDwellSetting,Dwell_Started
17:02:48.020,EyeTracking,SettingUI,Dwell_Start,Button: nextDwellSetting,Dwell_Started
17:02:48.030,EyeTracking,SettingUI,Dwell_Start,Button: nextDwellSetting,Dwell_Started
17:02:48.042,EyeTracking,SettingUI,Dwell_Start,Button: nextDwellSetting,Dwell_Started
17:02:48.052,EyeTracking,SettingUI,Dwell_Start,Button: nextDwellSetting,Dwell_Started
17:02:48.064,EyeTracking,SettingUI,Dwell_Start,Button: nextDwellSetting,Dwell_Started
17:02:48.074,EyeTracking,SettingUI,Dwell_Start,Button: nextDwellSetting,Dwell_Started
17:02:48.086,EyeTracking,SettingUI,Dwell_Start,Button: nextDwellSetting,Dwell_Started
17:02:48.097,EyeTracking,SettingUI,Dwell_Start,Button: nextDwellSetting,Dwell_Started
17:02:48.109,EyeTracking,SettingUI,Dwell_Start,Button: nextDwellSetting,Dwell_Started
17:02:48.120,EyeTracking,SettingUI,Dwell_Start,Button: nextDwellSetting,Dwell_Started
17:02:48.130,EyeTracking,SettingUI,Dwell_Start,Button: nextDwellSetting,Dwell_Started
17:02:48.141,EyeTracking,SettingUI,Dwell_Start,Button: nextDwellSetting,Dwell_Started
17:02:48.152,EyeTracking,SettingUI,Dwell_Start,Button: nextDwellSetting,Dwell_Started
17:02:48.164,EyeTracking,SettingUI,Dwell_Start,Button: nextDwellSetting,Dwell_Started
17:02:48.175,EyeTracking,SettingUI,Dwell_Start,Button: nextDwellSetting,Dwell_Started
17:02:48.186,EyeTracking,SettingUI,Dwell_Start,Button: nextDwellSetting,Dwell_Started
17:02:48.198,EyeTracking,SettingUI,Dwell_Start,Button: nextDwellSetting,Dwell_Started
17:02:48.209,EyeTracking,SettingUI,Dwell_Start,Button: nextDwellSetting,Dwell_Started
17:02:48.219,EyeTracking,SettingUI,Dwell_Start,Button: nextDwellSetting,Dwell_Started
17:02:48.231,EyeTracking,SettingUI,Dwell_Start,Button: nextDwellSetting,Dwell_Started
17:02:48.241,EyeTracking,SettingUI,Dwell_Start,Button: nextDwellSetting,Dwell_Started
17:02:48.252,EyeTracking,SettingUI,Dwell_Start,Button: nextDwellSetting,Dwell_Started
17:02:48.265,EyeTracking,SettingUI,Dwell_Start,Button: nextDwellSetting,Dwell_Started
17:02:48.274,EyeTracking,SettingUI,Dwell_Start,Button: nextDwellSetting,Dwell_Started
17:02:48.286,EyeTracking,SettingUI,Dwell_Start,Button: nextDwellSetting,Dwell_Started
17:02:48.298,EyeTracking,SettingUI,Dwell_Start,Button: nextDwellSetting,Dwell_Started
17:02:48.309,EyeTracking,SettingUI,Dwell_Start,Button: nextDwellSetting,Dwell_Started
17:02:48.320,EyeTracking,SettingUI,Dwell_Start,Button: nextDwellSetting,Dwell_Started
17:02:48.330,EyeTracking,SettingUI,Dwell_Start,Button: nextDwellSetting,Dwell_Started
17:02:48.341,EyeTracking,SettingUI,Dwell_Start,Button: nextDwellSetting,Dwell_Started
17:02:48.351,EyeTracking,SettingUI,Dwell_Start,Button: nextDwellSetting,Dwell_Started
17:02:48.364,EyeTracking,SettingUI,Dwell_Start,Button: nextDwellSetting,Dwell_Started
17:02:48.374,EyeTracking,SettingUI,Dwell_Start,Button: nextDwellSetting,Dwell_Started
17:02:48.386,EyeTracking,SettingUI,Dwell_Start,Button: nextDwellSetting,Dwell_Started
17:02:48.396,EyeTracking,SettingUI,Dwell_Start,Button: nextDwellSetting,Dwell_Started
17:02:48.409,EyeTracking,SettingUI,Dwell_Start,Button: nextDwellSetting,Dwell_Started
17:02:48.419,EyeTracking,SettingUI,Dwell_Start,Button: nextDwellSetting,Dwell_Started
17:02:48.430,EyeTracking,SettingUI,Dwell_Start,Button: nextDwellSetting,Dwell_Started
17:02:48.441,EyeTracking,SettingUI,Dwell_Start,Button: nextDwellSetting,Dwell_Started
17:02:48.453,EyeTracking,SettingUI,Dwell_Start,Button: nextDwellSetting,Dwell_Started
17:02:48.464,EyeTracking,SettingUI,Dwell_Start,Button: nextDwellSetting,Dwell_Started
17:02:48.475,EyeTracking,SettingUI,Dwell_Start,Button: nextDwellSetting,Dwell_Started
17:02:48.485,EyeTracking,SettingUI,Dwell_Start,Button: nextDwellSetting,Dwell_Started
17:02:48.497,EyeTracking,SettingUI,Dwell_Start,Button: nextDwellSetting,Dwell_Started
17:02:48.508,EyeTracking,SettingUI,Dwell_Start,Button: nextDwellSetting,Dwell_Started
17:02:48.520,EyeTracking,SettingUI,Dwell_Start,Button: nextDwellSetting,Dwell_Started
17:02:48.530,EyeTracking,SettingUI,Dwell_Start,Button: nextDwellSetting,Dwell_Started
17:02:48.541,EyeTracking,SettingUI,Dwell_Start,Button: nextDwellSetting,Dwell_Started
17:02:48.552,EyeTracking,SettingUI,Dwell_Start,Button: nextDwellSetting,Dwell_Started
17:02:48.564,EyeTracking,SettingUI,Dwell_Start,Button: nextDwellSetting,Dwell_Started
17:02:48.576,EyeTracking,SettingUI,Dwell_Start,Button: nextDwellSetting,Dwell_Started
17:02:48.586,EyeTracking,SettingUI,Dwell_Start,Button: nextDwellSetting,Dwell_Started
17:02:48.597,EyeTracking,SettingUI,Dwell_Start,Button: nextDwellSetting,Dwell_Started
17:02:48.608,EyeTracking,SettingUI,Dwell_Start,Button: nextDwellSetting,Dwell_Started
17:02:48.619,EyeTracking,SettingUI,Dwell_Start,Button: nextDwellSetting,Dwell_Started
17:02:48.630,EyeTracking,SettingUI,Dwell_Start,Button: nextDwellSetting,Dwell_Started
17:02:48.641,EyeTracking,SettingUI,Dwell_Start,Button: nextDwellSetting,Dwell_Started
17:02:48.652,EyeTracking,SettingUI,Dwell_Start,Button: nextDwellSetting,Dwell_Started
17:02:48.664,EyeTracking,SettingUI,Dwell_Start,Button: nextDwellSetting,Dwell_Started
17:02:48.674,EyeTracking,SettingUI,Dwell_Start,Button: nextDwellSetting,Dwell_Started
17:02:48.686,EyeTracking,SettingUI,Dwell_Start,Button: nextDwellSetting,Dwell_Started
17:02:48.697,EyeTracking,SettingUI,Dwell_Start,Button: nextDwellSetting,Dwell_Started
17:02:48.707,EyeTracking,SettingUI,Dwell_Start,Button: nextDwellSetting,Dwell_Started
17:02:48.718,EyeTracking,SettingUI,Dwell_Start,Button: nextDwellSetting,Dwell_Started
17:02:48.730,EyeTracking,SettingUI,Dwell_Start,Button: nextDwellSetting,Dwell_Started
17:02:48.741,EyeTracking,SettingUI,Dwell_Start,Button: nextDwellSetting,Dwell_Started
17:02:48.753,EyeTracking,SettingUI,Dwell_Start,Button: nextDwellSetting,Dwell_Started
17:02:48.763,EyeTracking,SettingUI,Dwell_Start,Button: nextDwellSetting,Dwell_Started
17:02:48.775,EyeTracking,SettingUI,Dwell_Start,Button: nextDwellSetting,Dwell_Started
17:02:48.786,EyeTracking,SettingUI,Dwell_Start,Button: nextDwellSetting,Dwell_Started
17:02:48.798,EyeTracking,SettingUI,Dwell_Start,Button: nextDwellSetting,Dwell_Started
17:02:48.808,EyeTracking,SettingUI,Dwell_Start,Button: nextDwellSetting,Dwell_Started
17:02:48.820,EyeTracking,SettingUI,Dwell_Start,Button: nextDwellSetting,Dwell_Started
17:02:48.829,EyeTracking,SettingUI,Dwell_Start,Button: nextDwellSetting,Dwell_Started
17:02:48.841,EyeTracking,SettingUI,Dwell_Start,Button: nextDwellSetting,Dwell_Started
17:02:48.852,EyeTracking,SettingUI,Dwell_Start,Button: nextDwellSetting,Dwell_Started
17:02:48.863,EyeTracking,SettingUI,Dwell_Start,Button: nextDwellSetting,Dwell_Started
17:02:48.873,EyeTracking,SettingUI,Dwell_Start,Button: nextDwellSetting,Dwell_Started
17:02:48.884,EyeTracking,SettingUI,Dwell_Start,Button: nextDwellSetting,Dwell_Started
17:02:48.896,EyeTracking,SettingUI,Dwell_Start,Button: nextDwellSetting,Dwell_Started
17:02:48.908,EyeTracking,SettingUI,Dwell_Start,Button: nextDwellSetting,Dwell_Started
17:02:48.919,EyeTracking,SettingUI,Dwell_Start,Button: nextDwellSetting,Dwell_Started
17:02:48.930,EyeTracking,SettingUI,Dwell_Start,Button: nextDwellSetting,Dwell_Started
17:02:48.940,EyeTracking,SettingUI,Dwell_Start,Button: nextDwellSetting,Dwell_Started
17:02:48.951,EyeTracking,SettingUI,Dwell_Start,Button: nextDwellSetting,Dwell_Started
17:02:48.964,EyeTracking,SettingUI,Dwell_Start,Button: nextDwellSetting,Dwell_Started
17:02:48.974,EyeTracking,SettingUI,Dwell_Start,Button: nextDwellSetting,Dwell_Started
17:02:48.985,EyeTracking,SettingUI,Dwell_Start,Button: nextDwellSetting,Dwell_Started
17:02:48.998,EyeTracking,SettingUI,Dwell_Start,Button: nextDwellSetting,Dwell_Started
17:02:49.007,EyeTracking,SettingUI,Dwell_Start,Button: nextDwellSetting,Dwell_Started
17:02:49.019,EyeTracking,SettingUI,Dwell_Start,Button: nextDwellSetting,Dwell_Started
17:02:49.030,EyeTracking,SettingUI,Dwell_Start,Button: nextDwellSetting,Dwell_Started
17:02:49.040,EyeTracking,SettingUI,Dwell_Start,Button: nextDwellSetting,Dwell_Started
17:02:49.052,EyeTracking,SettingUI,Dwell_Start,Button: nextDwellSetting,Dwell_Started
17:02:49.064,EyeTracking,SettingUI,Dwell_Start,Button: nextDwellSetting,Dwell_Started
17:02:49.074,EyeTracking,SettingUI,Dwell_Start,Button: nextDwellSetting,Dwell_Started
17:02:49.085,EyeTracking,SettingUI,Dwell_Start,Button: nextDwellSetting,Dwell_Started
17:02:49.098,EyeTracking,SettingUI,Dwell_Start,Button: nextDwellSetting,Dwell_Started
17:02:49.108,EyeTracking,SettingUI,Dwell_Start,Button: nextDwellSetting,Dwell_Started
17:02:49.120,EyeTracking,SettingUI,Dwell_Start,Button: nextDwellSetting,Dwell_Started
17:02:49.129,EyeTracking,SettingUI,Dwell_Start,Button: nextDwellSetting,Dwell_Started
17:02:49.141,EyeTracking,SettingUI,Dwell_Start,Button: nextDwellSetting,Dwell_Started
17:02:49.153,EyeTracking,SettingUI,Dwell_Start,Button: nextDwellSetting,Dwell_Started
17:02:49.153,EyeTracking,SettingUI,Dwell_Complete,Button: nextDwellSetting,Dwelling_Completed
17:02:49.153,EyeTracking,SettingUI,Flicker_Start,nextDwellSetting,Flicker_Start
17:02:50.829,EyeTracking,SettingUI,Hover_Exit,Button: nextDwellSetting,Hover_Exit
17:02:50.872,EyeTracking,SettingUI,Hover_Enter,Button: nextDwellSetting,Hovering
17:02:50.872,EyeTracking,SettingUI,Dwell_Start,Button: nextDwellSetting,Dwell_Started
17:02:50.885,EyeTracking,SettingUI,Dwell_Start,Button: nextDwellSetting,Dwell_Started
17:02:50.896,EyeTracking,SettingUI,Dwell_Start,Button: nextDwellSetting,Dwell_Started
17:02:50.907,EyeTracking,SettingUI,Dwell_Start,Button: nextDwellSetting,Dwell_Started
17:02:50.917,EyeTracking,SettingUI,Dwell_Start,Button: nextDwellSetting,Dwell_Started
17:02:50.930,EyeTracking,SettingUI,Dwell_Start,Button: nextDwellSetting,Dwell_Started
17:02:50.940,EyeTracking,SettingUI,Dwell_Start,Button: nextDwellSetting,Dwell_Started
17:02:50.951,EyeTracking,SettingUI,Dwell_Start,Button: nextDwellSetting,Dwell_Started
17:02:50.963,EyeTracking,SettingUI,Dwell_Start,Button: nextDwellSetting,Dwell_Started
17:02:50.973,EyeTracking,SettingUI,Dwell_Start,Button: nextDwellSetting,Dwell_Started
17:02:50.984,EyeTracking,SettingUI,Dwell_Start,Button: nextDwellSetting,Dwell_Started
17:02:50.996,EyeTracking,SettingUI,Dwell_Start,Button: nextDwellSetting,Dwell_Started
17:02:51.007,EyeTracking,SettingUI,Dwell_Start,Button: nextDwellSetting,Dwell_Started
17:02:51.017,EyeTracking,SettingUI,Dwell_Start,Button: nextDwellSetting,Dwell_Started
17:02:51.029,EyeTracking,SettingUI,Dwell_Start,Button: nextDwellSetting,Dwell_Started
17:02:51.039,EyeTracking,SettingUI,Dwell_Start,Button: nextDwellSetting,Dwell_Started
17:02:51.050,EyeTracking,SettingUI,Dwell_Start,Button: nextDwellSetting,Dwell_Started
17:02:51.063,EyeTracking,SettingUI,Dwell_Start,Button: nextDwellSetting,Dwell_Started
17:02:51.073,EyeTracking,SettingUI,Dwell_Start,Button: nextDwellSetting,Dwell_Started
17:02:51.085,EyeTracking,SettingUI,Dwell_Start,Button: nextDwellSetting,Dwell_Started
17:02:51.095,EyeTracking,SettingUI,Dwell_Start,Button: nextDwellSetting,Dwell_Started
17:02:51.107,EyeTracking,SettingUI,Dwell_Start,Button: nextDwellSetting,Dwell_Started
17:02:51.117,EyeTracking,SettingUI,Dwell_Start,Button: nextDwellSetting,Dwell_Started
17:02:51.129,EyeTracking,SettingUI,Dwell_Start,Button: nextDwellSetting,Dwell_Started
17:02:51.139,EyeTracking,SettingUI,Dwell_Start,Button: nextDwellSetting,Dwell_Started
17:02:51.150,EyeTracking,SettingUI,Dwell_Start,Button: nextDwellSetting,Dwell_Started
17:02:51.163,EyeTracking,SettingUI,Dwell_Start,Button: nextDwellSetting,Dwell_Started
17:02:51.163,EyeTracking,SettingUI,Flicker_End,Button: nextDwellSetting,Flicker_End
17:02:51.163,EyeTracking,SettingUI,Action_Executed,Button: nextDwellSetting; Action: ButtonAction,Execution_Proceeding
17:02:51.173,EyeTracking,SettingUI,Hover_Enter,Button: nextFlickerSetting,Hovering
17:02:51.173,EyeTracking,SettingUI,Dwell_Start,Button: nextFlickerSetting,Dwell_Started
17:02:51.185,EyeTracking,SettingUI,Dwell_Start,Button: nextFlickerSetting,Dwell_Started
17:02:51.195,EyeTracking,SettingUI,Dwell_Start,Button: nextFlickerSetting,Dwell_Started
17:02:51.208,EyeTracking,SettingUI,Dwell_Start,Button: nextFlickerSetting,Dwell_Started
17:02:51.218,EyeTracking,SettingUI,Dwell_Start,Button: nextFlickerSetting,Dwell_Started
17:02:51.229,EyeTracking,SettingUI,Dwell_Start,Button: nextFlickerSetting,Dwell_Started
17:02:51.239,EyeTracking,SettingUI,Dwell_Start,Button: nextFlickerSetting,Dwell_Started
17:02:51.252,EyeTracking,SettingUI,Dwell_Start,Button: nextFlickerSetting,Dwell_Started
17:02:51.263,EyeTracking,SettingUI,Dwell_Start,Button: nextFlickerSetting,Dwell_Started
17:02:51.273,EyeTracking,SettingUI,Dwell_Start,Button: nextFlickerSetting,Dwell_Started
17:02:51.284,EyeTracking,SettingUI,Dwell_Start,Button: nextFlickerSetting,Dwell_Started
17:02:51.296,EyeTracking,SettingUI,Dwell_Start,Button: nextFlickerSetting,Dwell_Started
17:02:51.307,EyeTracking,SettingUI,Dwell_Start,Button: nextFlickerSetting,Dwell_Started
17:02:51.317,EyeTracking,SettingUI,Dwell_Start,Button: nextFlickerSetting,Dwell_Started
17:02:51.328,EyeTracking,SettingUI,Dwell_Start,Button: nextFlickerSetting,Dwell_Started
17:02:51.341,EyeTracking,SettingUI,Dwell_Start,Button: nextFlickerSetting,Dwell_Started
17:02:51.352,EyeTracking,SettingUI,Dwell_Start,Button: nextFlickerSetting,Dwell_Started
17:02:51.363,EyeTracking,SettingUI,Hover_Exit,Button: nextFlickerSetting,Hover_Exit
17:02:51.651,EyeTracking,SettingUI,Hover_Enter,Button: headingFlickerSetting,Hovering
17:02:51.661,EyeTracking,SettingUI,Hover_Exit,Button: headingFlickerSetting,Hover_Exit
17:02:52.184,EyeTracking,SettingUI,Hover_Enter,Button: nextFlickerSetting,Hovering
17:02:52.184,EyeTracking,SettingUI,Dwell_Start,Button: nextFlickerSetting,Dwell_Started
17:02:52.196,EyeTracking,SettingUI,Dwell_Start,Button: nextFlickerSetting,Dwell_Started
17:02:52.206,EyeTracking,SettingUI,Dwell_Start,Button: nextFlickerSetting,Dwell_Started
17:02:52.218,EyeTracking,SettingUI,Dwell_Start,Button: nextFlickerSetting,Dwell_Started
17:02:52.229,EyeTracking,SettingUI,Dwell_Start,Button: nextFlickerSetting,Dwell_Started
17:02:52.239,EyeTracking,SettingUI,Dwell_Start,Button: nextFlickerSetting,Dwell_Started
17:02:52.249,EyeTracking,SettingUI,Dwell_Start,Button: nextFlickerSetting,Dwell_Started
17:02:52.262,EyeTracking,SettingUI,Dwell_Start,Button: nextFlickerSetting,Dwell_Started
17:02:52.272,EyeTracking,SettingUI,Dwell_Start,Button: nextFlickerSetting,Dwell_Started
17:02:52.283,EyeTracking,SettingUI,Dwell_Start,Button: nextFlickerSetting,Dwell_Started
17:02:52.295,EyeTracking,SettingUI,Dwell_Start,Button: nextFlickerSetting,Dwell_Started
17:02:52.306,EyeTracking,SettingUI,Dwell_Start,Button: nextFlickerSetting,Dwell_Started
17:02:52.317,EyeTracking,SettingUI,Dwell_Start,Button: nextFlickerSetting,Dwell_Started
17:02:52.328,EyeTracking,SettingUI,Dwell_Start,Button: nextFlickerSetting,Dwell_Started
17:02:52.339,EyeTracking,SettingUI,Dwell_Start,Button: nextFlickerSetting,Dwell_Started
17:02:52.351,EyeTracking,SettingUI,Dwell_Start,Button: nextFlickerSetting,Dwell_Started
17:02:52.361,EyeTracking,SettingUI,Dwell_Start,Button: nextFlickerSetting,Dwell_Started
17:02:52.372,EyeTracking,SettingUI,Dwell_Start,Button: nextFlickerSetting,Dwell_Started
17:02:52.384,EyeTracking,SettingUI,Dwell_Start,Button: nextFlickerSetting,Dwell_Started
17:02:52.394,EyeTracking,SettingUI,Dwell_Start,Button: nextFlickerSetting,Dwell_Started
17:02:52.406,EyeTracking,SettingUI,Dwell_Start,Button: nextFlickerSetting,Dwell_Started
17:02:52.418,EyeTracking,SettingUI,Dwell_Start,Button: nextFlickerSetting,Dwell_Started
17:02:52.428,EyeTracking,SettingUI,Dwell_Start,Button: nextFlickerSetting,Dwell_Started
17:02:52.439,EyeTracking,SettingUI,Dwell_Start,Button: nextFlickerSetting,Dwell_Started
17:02:52.449,EyeTracking,SettingUI,Dwell_Start,Button: nextFlickerSetting,Dwell_Started
17:02:52.463,EyeTracking,SettingUI,Dwell_Start,Button: nextFlickerSetting,Dwell_Started
17:02:52.472,EyeTracking,SettingUI,Dwell_Start,Button: nextFlickerSetting,Dwell_Started
17:02:52.483,EyeTracking,SettingUI,Dwell_Start,Button: nextFlickerSetting,Dwell_Started
17:02:52.495,EyeTracking,SettingUI,Dwell_Start,Button: nextFlickerSetting,Dwell_Started
17:02:52.507,EyeTracking,SettingUI,Dwell_Start,Button: nextFlickerSetting,Dwell_Started
17:02:52.517,EyeTracking,SettingUI,Dwell_Start,Button: nextFlickerSetting,Dwell_Started
17:02:52.528,EyeTracking,SettingUI,Dwell_Start,Button: nextFlickerSetting,Dwell_Started
17:02:52.539,EyeTracking,SettingUI,Dwell_Start,Button: nextFlickerSetting,Dwell_Started
17:02:52.551,EyeTracking,SettingUI,Dwell_Start,Button: nextFlickerSetting,Dwell_Started
17:02:52.561,EyeTracking,SettingUI,Hover_Exit,Button: nextFlickerSetting,Hover_Exit
17:02:52.861,EyeTracking,SettingUI,Hover_Enter,Button: nextFlickerSetting,Hovering
17:02:52.861,EyeTracking,SettingUI,Dwell_Start,Button: nextFlickerSetting,Dwell_Started
17:02:52.874,EyeTracking,SettingUI,Dwell_Start,Button: nextFlickerSetting,Dwell_Started
17:02:52.883,EyeTracking,SettingUI,Dwell_Start,Button: nextFlickerSetting,Dwell_Started
17:02:52.895,EyeTracking,SettingUI,Dwell_Start,Button: nextFlickerSetting,Dwell_Started
17:02:52.906,EyeTracking,SettingUI,Dwell_Start,Button: nextFlickerSetting,Dwell_Started
17:02:52.917,EyeTracking,SettingUI,Dwell_Start,Button: nextFlickerSetting,Dwell_Started
17:02:52.929,EyeTracking,SettingUI,Dwell_Start,Button: nextFlickerSetting,Dwell_Started
17:02:52.939,EyeTracking,SettingUI,Dwell_Start,Button: nextFlickerSetting,Dwell_Started
17:02:52.949,EyeTracking,SettingUI,Dwell_Start,Button: nextFlickerSetting,Dwell_Started
17:02:52.962,EyeTracking,SettingUI,Dwell_Start,Button: nextFlickerSetting,Dwell_Started
17:02:52.971,EyeTracking,SettingUI,Dwell_Start,Button: nextFlickerSetting,Dwell_Started
17:02:52.983,EyeTracking,SettingUI,Dwell_Start,Button: nextFlickerSetting,Dwell_Started
17:02:52.995,EyeTracking,SettingUI,Dwell_Start,Button: nextFlickerSetting,Dwell_Started
17:02:53.005,EyeTracking,SettingUI,Dwell_Start,Button: nextFlickerSetting,Dwell_Started
17:02:53.017,EyeTracking,SettingUI,Dwell_Start,Button: nextFlickerSetting,Dwell_Started
17:02:53.027,EyeTracking,SettingUI,Dwell_Start,Button: nextFlickerSetting,Dwell_Started
17:02:53.038,EyeTracking,SettingUI,Dwell_Start,Button: nextFlickerSetting,Dwell_Started
17:02:53.049,EyeTracking,SettingUI,Dwell_Start,Button: nextFlickerSetting,Dwell_Started
17:02:53.063,EyeTracking,SettingUI,Dwell_Start,Button: nextFlickerSetting,Dwell_Started
17:02:53.071,EyeTracking,SettingUI,Dwell_Start,Button: nextFlickerSetting,Dwell_Started
17:02:53.084,EyeTracking,SettingUI,Dwell_Start,Button: nextFlickerSetting,Dwell_Started
17:02:53.095,EyeTracking,SettingUI,Dwell_Start,Button: nextFlickerSetting,Dwell_Started
17:02:53.106,EyeTracking,SettingUI,Dwell_Start,Button: nextFlickerSetting,Dwell_Started
17:02:53.117,EyeTracking,SettingUI,Dwell_Start,Button: nextFlickerSetting,Dwell_Started
17:02:53.128,EyeTracking,SettingUI,Dwell_Start,Button: nextFlickerSetting,Dwell_Started
17:02:53.139,EyeTracking,SettingUI,Dwell_Start,Button: nextFlickerSetting,Dwell_Started
17:02:53.149,EyeTracking,SettingUI,Dwell_Start,Button: nextFlickerSetting,Dwell_Started
17:02:53.161,EyeTracking,SettingUI,Dwell_Start,Button: nextFlickerSetting,Dwell_Started
17:02:53.172,EyeTracking,SettingUI,Dwell_Start,Button: nextFlickerSetting,Dwell_Started
17:02:53.184,EyeTracking,SettingUI,Dwell_Start,Button: nextFlickerSetting,Dwell_Started
17:02:53.195,EyeTracking,SettingUI,Dwell_Start,Button: nextFlickerSetting,Dwell_Started
17:02:53.206,EyeTracking,SettingUI,Dwell_Start,Button: nextFlickerSetting,Dwell_Started
17:02:53.217,EyeTracking,SettingUI,Dwell_Start,Button: nextFlickerSetting,Dwell_Started
17:02:53.229,EyeTracking,SettingUI,Dwell_Start,Button: nextFlickerSetting,Dwell_Started
17:02:53.240,EyeTracking,SettingUI,Dwell_Start,Button: nextFlickerSetting,Dwell_Started
17:02:53.249,EyeTracking,SettingUI,Dwell_Start,Button: nextFlickerSetting,Dwell_Started
17:02:53.261,EyeTracking,SettingUI,Hover_Exit,Button: nextFlickerSetting,Hover_Exit
17:02:53.284,EyeTracking,SettingUI,Hover_Enter,Button: nextFlickerSetting,Hovering
17:02:53.284,EyeTracking,SettingUI,Dwell_Start,Button: nextFlickerSetting,Dwell_Started
17:02:53.295,EyeTracking,SettingUI,Hover_Exit,Button: nextFlickerSetting,Hover_Exit
17:02:53.316,EyeTracking,SettingUI,Hover_Enter,Button: nextFlickerSetting,Hovering
17:02:53.316,EyeTracking,SettingUI,Dwell_Start,Button: nextFlickerSetting,Dwell_Started
17:02:53.329,EyeTracking,SettingUI,Dwell_Start,Button: nextFlickerSetting,Dwell_Started
17:02:53.339,EyeTracking,SettingUI,Dwell_Start,Button: nextFlickerSetting,Dwell_Started
17:02:53.349,EyeTracking,SettingUI,Dwell_Start,Button: nextFlickerSetting,Dwell_Started
17:02:53.363,EyeTracking,SettingUI,Dwell_Start,Button: nextFlickerSetting,Dwell_Started
17:02:53.371,EyeTracking,SettingUI,Dwell_Start,Button: nextFlickerSetting,Dwell_Started
17:02:53.383,EyeTracking,SettingUI,Dwell_Start,Button: nextFlickerSetting,Dwell_Started
17:02:53.394,EyeTracking,SettingUI,Dwell_Start,Button: nextFlickerSetting,Dwell_Started
17:02:53.405,EyeTracking,SettingUI,Dwell_Start,Button: nextFlickerSetting,Dwell_Started
17:02:53.416,EyeTracking,SettingUI,Dwell_Start,Button: nextFlickerSetting,Dwell_Started
17:02:53.427,EyeTracking,SettingUI,Dwell_Start,Button: nextFlickerSetting,Dwell_Started
17:02:53.439,EyeTracking,SettingUI,Dwell_Start,Button: nextFlickerSetting,Dwell_Started
17:02:53.449,EyeTracking,SettingUI,Dwell_Start,Button: nextFlickerSetting,Dwell_Started
17:02:53.463,EyeTracking,SettingUI,Dwell_Start,Button: nextFlickerSetting,Dwell_Started
17:02:53.472,EyeTracking,SettingUI,Dwell_Start,Button: nextFlickerSetting,Dwell_Started
17:02:53.482,EyeTracking,SettingUI,Dwell_Start,Button: nextFlickerSetting,Dwell_Started
17:02:53.494,EyeTracking,SettingUI,Dwell_Start,Button: nextFlickerSetting,Dwell_Started
17:02:53.506,EyeTracking,SettingUI,Dwell_Start,Button: nextFlickerSetting,Dwell_Started
17:02:53.518,EyeTracking,SettingUI,Dwell_Start,Button: nextFlickerSetting,Dwell_Started
17:02:53.528,EyeTracking,SettingUI,Dwell_Start,Button: nextFlickerSetting,Dwell_Started
17:02:53.539,EyeTracking,SettingUI,Dwell_Start,Button: nextFlickerSetting,Dwell_Started
17:02:53.549,EyeTracking,SettingUI,Hover_Exit,Button: nextFlickerSetting,Hover_Exit
17:02:53.583,EyeTracking,SettingUI,Hover_Enter,Button: nextFlickerSetting,Hovering
17:02:53.583,EyeTracking,SettingUI,Dwell_Start,Button: nextFlickerSetting,Dwell_Started
17:02:53.593,EyeTracking,SettingUI,Hover_Exit,Button: nextFlickerSetting,Hover_Exit
17:02:54.861,EyeTracking,SettingUI,Hover_Enter,Button: nextFlickerSetting,Hovering
17:02:54.861,EyeTracking,SettingUI,Dwell_Start,Button: nextFlickerSetting,Dwell_Started
17:02:54.871,EyeTracking,SettingUI,Dwell_Start,Button: nextFlickerSetting,Dwell_Started
17:02:54.881,EyeTracking,SettingUI,Dwell_Start,Button: nextFlickerSetting,Dwell_Started
17:02:54.894,EyeTracking,SettingUI,Dwell_Start,Button: nextFlickerSetting,Dwell_Started
17:02:54.904,EyeTracking,SettingUI,Dwell_Start,Button: nextFlickerSetting,Dwell_Started
17:02:54.915,EyeTracking,SettingUI,Dwell_Start,Button: nextFlickerSetting,Dwell_Started
17:02:54.927,EyeTracking,SettingUI,Dwell_Start,Button: nextFlickerSetting,Dwell_Started
17:02:54.938,EyeTracking,SettingUI,Dwell_Start,Button: nextFlickerSetting,Dwell_Started
17:02:54.949,EyeTracking,SettingUI,Dwell_Start,Button: nextFlickerSetting,Dwell_Started
17:02:54.961,EyeTracking,SettingUI,Dwell_Start,Button: nextFlickerSetting,Dwell_Started
17:02:54.971,EyeTracking,SettingUI,Dwell_Start,Button: nextFlickerSetting,Dwell_Started
17:02:54.982,EyeTracking,SettingUI,Dwell_Start,Button: nextFlickerSetting,Dwell_Started
17:02:54.994,EyeTracking,SettingUI,Dwell_Start,Button: nextFlickerSetting,Dwell_Started
17:02:55.004,EyeTracking,SettingUI,Dwell_Start,Button: nextFlickerSetting,Dwell_Started
17:02:55.017,EyeTracking,SettingUI,Dwell_Start,Button: nextFlickerSetting,Dwell_Started
17:02:55.026,EyeTracking,SettingUI,Dwell_Start,Button: nextFlickerSetting,Dwell_Started
17:02:55.038,EyeTracking,SettingUI,Dwell_Start,Button: nextFlickerSetting,Dwell_Started
17:02:55.049,EyeTracking,SettingUI,Dwell_Start,Button: nextFlickerSetting,Dwell_Started
17:02:55.061,EyeTracking,SettingUI,Dwell_Start,Button: nextFlickerSetting,Dwell_Started
17:02:55.071,EyeTracking,SettingUI,Dwell_Start,Button: nextFlickerSetting,Dwell_Started
17:02:55.081,EyeTracking,SettingUI,Dwell_Start,Button: nextFlickerSetting,Dwell_Started
17:02:55.093,EyeTracking,SettingUI,Dwell_Start,Button: nextFlickerSetting,Dwell_Started
17:02:55.104,EyeTracking,SettingUI,Dwell_Start,Button: nextFlickerSetting,Dwell_Started
17:02:55.115,EyeTracking,SettingUI,Dwell_Start,Button: nextFlickerSetting,Dwell_Started
17:02:55.127,EyeTracking,SettingUI,Dwell_Start,Button: nextFlickerSetting,Dwell_Started
17:02:55.138,EyeTracking,SettingUI,Dwell_Start,Button: nextFlickerSetting,Dwell_Started
17:02:55.148,EyeTracking,SettingUI,Dwell_Start,Button: nextFlickerSetting,Dwell_Started
17:02:55.161,EyeTracking,SettingUI,Dwell_Start,Button: nextFlickerSetting,Dwell_Started
17:02:55.171,EyeTracking,SettingUI,Dwell_Start,Button: nextFlickerSetting,Dwell_Started
17:02:55.182,EyeTracking,SettingUI,Dwell_Start,Button: nextFlickerSetting,Dwell_Started
17:02:55.194,EyeTracking,SettingUI,Dwell_Start,Button: nextFlickerSetting,Dwell_Started
17:02:55.205,EyeTracking,SettingUI,Dwell_Start,Button: nextFlickerSetting,Dwell_Started
17:02:55.215,EyeTracking,SettingUI,Dwell_Start,Button: nextFlickerSetting,Dwell_Started
17:02:55.228,EyeTracking,SettingUI,Dwell_Start,Button: nextFlickerSetting,Dwell_Started
17:02:55.237,EyeTracking,SettingUI,Dwell_Start,Button: nextFlickerSetting,Dwell_Started
17:02:55.249,EyeTracking,SettingUI,Dwell_Start,Button: nextFlickerSetting,Dwell_Started
17:02:55.259,EyeTracking,SettingUI,Hover_Exit,Button: nextFlickerSetting,Hover_Exit
17:02:55.460,EyeTracking,SettingUI,Hover_Enter,Button: nextFlickerSetting,Hovering
17:02:55.460,EyeTracking,SettingUI,Dwell_Start,Button: nextFlickerSetting,Dwell_Started
17:02:55.472,EyeTracking,SettingUI,Dwell_Start,Button: nextFlickerSetting,Dwell_Started
17:02:55.482,EyeTracking,SettingUI,Dwell_Start,Button: nextFlickerSetting,Dwell_Started
17:02:55.494,EyeTracking,SettingUI,Hover_Exit,Button: nextFlickerSetting,Hover_Exit
17:02:56.215,EyeTracking,SettingUI,Hover_Enter,Button: demoFlickerSetting,Hovering
17:02:56.415,EyeTracking,SettingUI,Hover_Exit,Button: demoFlickerSetting,Hover_Exit
17:02:56.526,EyeTracking,SettingUI,Hover_Enter,Button: nextFlickerSetting,Hovering
17:02:56.526,EyeTracking,SettingUI,Dwell_Start,Button: nextFlickerSetting,Dwell_Started
17:02:56.537,EyeTracking,SettingUI,Dwell_Start,Button: nextFlickerSetting,Dwell_Started
17:02:56.548,EyeTracking,SettingUI,Dwell_Start,Button: nextFlickerSetting,Dwell_Started
17:02:56.560,EyeTracking,SettingUI,Dwell_Start,Button: nextFlickerSetting,Dwell_Started
17:02:56.569,EyeTracking,SettingUI,Dwell_Start,Button: nextFlickerSetting,Dwell_Started
17:02:56.582,EyeTracking,SettingUI,Dwell_Start,Button: nextFlickerSetting,Dwell_Started
17:02:56.594,EyeTracking,SettingUI,Dwell_Start,Button: nextFlickerSetting,Dwell_Started
17:02:56.604,EyeTracking,SettingUI,Dwell_Start,Button: nextFlickerSetting,Dwell_Started
17:02:56.615,EyeTracking,SettingUI,Dwell_Start,Button: nextFlickerSetting,Dwell_Started
17:02:56.626,EyeTracking,SettingUI,Dwell_Start,Button: nextFlickerSetting,Dwell_Started
17:02:56.637,EyeTracking,SettingUI,Hover_Exit,Button: nextFlickerSetting,Hover_Exit
17:02:57.004,EyeTracking,SettingUI,Hover_Enter,Button: nextFlickerSetting,Hovering
17:02:57.004,EyeTracking,SettingUI,Dwell_Start,Button: nextFlickerSetting,Dwell_Started
17:02:57.015,EyeTracking,SettingUI,Dwell_Start,Button: nextFlickerSetting,Dwell_Started
17:02:57.026,EyeTracking,SettingUI,Dwell_Start,Button: nextFlickerSetting,Dwell_Started
17:02:57.037,EyeTracking,SettingUI,Dwell_Start,Button: nextFlickerSetting,Dwell_Started
17:02:57.048,EyeTracking,SettingUI,Dwell_Start,Button: nextFlickerSetting,Dwell_Started
17:02:57.059,EyeTracking,SettingUI,Dwell_Start,Button: nextFlickerSetting,Dwell_Started
17:02:57.071,EyeTracking,SettingUI,Dwell_Start,Button: nextFlickerSetting,Dwell_Started
17:02:57.081,EyeTracking,SettingUI,Dwell_Start,Button: nextFlickerSetting,Dwell_Started
17:02:57.091,EyeTracking,SettingUI,Dwell_Start,Button: nextFlickerSetting,Dwell_Started
17:02:57.104,EyeTracking,SettingUI,Dwell_Start,Button: nextFlickerSetting,Dwell_Started
17:02:57.115,EyeTracking,SettingUI,Dwell_Start,Button: nextFlickerSetting,Dwell_Started
17:02:57.126,EyeTracking,SettingUI,Dwell_Start,Button: nextFlickerSetting,Dwell_Started
17:02:57.137,EyeTracking,SettingUI,Dwell_Start,Button: nextFlickerSetting,Dwell_Started
17:02:57.149,EyeTracking,SettingUI,Dwell_Start,Button: nextFlickerSetting,Dwell_Started
17:02:57.159,EyeTracking,SettingUI,Dwell_Start,Button: nextFlickerSetting,Dwell_Started
17:02:57.169,EyeTracking,SettingUI,Dwell_Start,Button: nextFlickerSetting,Dwell_Started
17:02:57.181,EyeTracking,SettingUI,Dwell_Start,Button: nextFlickerSetting,Dwell_Started
17:02:57.194,EyeTracking,SettingUI,Dwell_Start,Button: nextFlickerSetting,Dwell_Started
17:02:57.204,EyeTracking,SettingUI,Dwell_Start,Button: nextFlickerSetting,Dwell_Started
17:02:57.214,EyeTracking,SettingUI,Dwell_Start,Button: nextFlickerSetting,Dwell_Started
17:02:57.227,EyeTracking,SettingUI,Dwell_Start,Button: nextFlickerSetting,Dwell_Started
17:02:57.236,EyeTracking,SettingUI,Dwell_Start,Button: nextFlickerSetting,Dwell_Started
17:02:57.248,EyeTracking,SettingUI,Dwell_Start,Button: nextFlickerSetting,Dwell_Started
17:02:57.260,EyeTracking,SettingUI,Dwell_Start,Button: nextFlickerSetting,Dwell_Started
17:02:57.269,EyeTracking,SettingUI,Dwell_Start,Button: nextFlickerSetting,Dwell_Started
17:02:57.281,EyeTracking,SettingUI,Dwell_Start,Button: nextFlickerSetting,Dwell_Started
17:02:57.292,EyeTracking,SettingUI,Dwell_Start,Button: nextFlickerSetting,Dwell_Started
17:02:57.304,EyeTracking,SettingUI,Dwell_Start,Button: nextFlickerSetting,Dwell_Started
17:02:57.315,EyeTracking,SettingUI,Dwell_Start,Button: nextFlickerSetting,Dwell_Started
17:02:57.326,EyeTracking,SettingUI,Dwell_Start,Button: nextFlickerSetting,Dwell_Started
17:02:57.337,EyeTracking,SettingUI,Dwell_Start,Button: nextFlickerSetting,Dwell_Started
17:02:57.348,EyeTracking,SettingUI,Dwell_Start,Button: nextFlickerSetting,Dwell_Started
17:02:57.359,EyeTracking,SettingUI,Dwell_Start,Button: nextFlickerSetting,Dwell_Started
17:02:57.369,EyeTracking,SettingUI,Dwell_Start,Button: nextFlickerSetting,Dwell_Started
17:02:57.380,EyeTracking,SettingUI,Dwell_Start,Button: nextFlickerSetting,Dwell_Started
17:02:57.393,EyeTracking,SettingUI,Dwell_Start,Button: nextFlickerSetting,Dwell_Started
17:02:57.403,EyeTracking,SettingUI,Dwell_Start,Button: nextFlickerSetting,Dwell_Started
17:02:57.415,EyeTracking,SettingUI,Dwell_Start,Button: nextFlickerSetting,Dwell_Started
17:02:57.426,EyeTracking,SettingUI,Dwell_Start,Button: nextFlickerSetting,Dwell_Started
17:02:57.437,EyeTracking,SettingUI,Dwell_Start,Button: nextFlickerSetting,Dwell_Started
17:02:57.446,EyeTracking,SettingUI,Dwell_Start,Button: nextFlickerSetting,Dwell_Started
17:02:57.459,EyeTracking,SettingUI,Dwell_Start,Button: nextFlickerSetting,Dwell_Started
17:02:57.469,EyeTracking,SettingUI,Dwell_Start,Button: nextFlickerSetting,Dwell_Started
17:02:57.481,EyeTracking,SettingUI,Dwell_Start,Button: nextFlickerSetting,Dwell_Started
17:02:57.492,EyeTracking,SettingUI,Dwell_Start,Button: nextFlickerSetting,Dwell_Started
17:02:57.504,EyeTracking,SettingUI,Dwell_Start,Button: nextFlickerSetting,Dwell_Started
17:02:57.514,EyeTracking,SettingUI,Dwell_Start,Button: nextFlickerSetting,Dwell_Started
17:02:57.525,EyeTracking,SettingUI,Dwell_Start,Button: nextFlickerSetting,Dwell_Started
17:02:57.537,EyeTracking,SettingUI,Dwell_Start,Button: nextFlickerSetting,Dwell_Started
17:02:57.549,EyeTracking,SettingUI,Dwell_Start,Button: nextFlickerSetting,Dwell_Started
17:02:57.559,EyeTracking,SettingUI,Dwell_Start,Button: nextFlickerSetting,Dwell_Started
17:02:57.571,EyeTracking,SettingUI,Dwell_Start,Button: nextFlickerSetting,Dwell_Started
17:02:57.581,EyeTracking,SettingUI,Dwell_Start,Button: nextFlickerSetting,Dwell_Started
17:02:57.592,EyeTracking,SettingUI,Dwell_Start,Button: nextFlickerSetting,Dwell_Started
17:02:57.604,EyeTracking,SettingUI,Dwell_Start,Button: nextFlickerSetting,Dwell_Started
17:02:57.615,EyeTracking,SettingUI,Dwell_Start,Button: nextFlickerSetting,Dwell_Started
17:02:57.625,EyeTracking,SettingUI,Dwell_Start,Button: nextFlickerSetting,Dwell_Started
17:02:57.636,EyeTracking,SettingUI,Dwell_Start,Button: nextFlickerSetting,Dwell_Started
17:02:57.648,EyeTracking,SettingUI,Dwell_Start,Button: nextFlickerSetting,Dwell_Started
17:02:57.658,EyeTracking,SettingUI,Dwell_Start,Button: nextFlickerSetting,Dwell_Started
17:02:57.669,EyeTracking,SettingUI,Dwell_Start,Button: nextFlickerSetting,Dwell_Started
17:02:57.681,EyeTracking,SettingUI,Dwell_Start,Button: nextFlickerSetting,Dwell_Started
17:02:57.691,EyeTracking,SettingUI,Dwell_Start,Button: nextFlickerSetting,Dwell_Started
17:02:57.704,EyeTracking,SettingUI,Dwell_Start,Button: nextFlickerSetting,Dwell_Started
17:02:57.715,EyeTracking,SettingUI,Dwell_Start,Button: nextFlickerSetting,Dwell_Started
17:02:57.725,EyeTracking,SettingUI,Dwell_Start,Button: nextFlickerSetting,Dwell_Started
17:02:57.736,EyeTracking,SettingUI,Dwell_Start,Button: nextFlickerSetting,Dwell_Started
17:02:57.747,EyeTracking,SettingUI,Dwell_Start,Button: nextFlickerSetting,Dwell_Started
17:02:57.759,EyeTracking,SettingUI,Dwell_Start,Button: nextFlickerSetting,Dwell_Started
17:02:57.769,EyeTracking,SettingUI,Dwell_Start,Button: nextFlickerSetting,Dwell_Started
17:02:57.780,EyeTracking,SettingUI,Dwell_Start,Button: nextFlickerSetting,Dwell_Started
17:02:57.792,EyeTracking,SettingUI,Dwell_Start,Button: nextFlickerSetting,Dwell_Started
17:02:57.804,EyeTracking,SettingUI,Dwell_Start,Button: nextFlickerSetting,Dwell_Started
17:02:57.815,EyeTracking,SettingUI,Dwell_Start,Button: nextFlickerSetting,Dwell_Started
17:02:57.825,EyeTracking,SettingUI,Dwell_Start,Button: nextFlickerSetting,Dwell_Started
17:02:57.836,EyeTracking,SettingUI,Dwell_Start,Button: nextFlickerSetting,Dwell_Started
17:02:57.847,EyeTracking,SettingUI,Dwell_Start,Button: nextFlickerSetting,Dwell_Started
17:02:57.858,EyeTracking,SettingUI,Dwell_Start,Button: nextFlickerSetting,Dwell_Started
17:02:57.869,EyeTracking,SettingUI,Dwell_Start,Button: nextFlickerSetting,Dwell_Started
17:02:57.882,EyeTracking,SettingUI,Dwell_Start,Button: nextFlickerSetting,Dwell_Started
17:02:57.891,EyeTracking,SettingUI,Dwell_Start,Button: nextFlickerSetting,Dwell_Started
17:02:57.904,EyeTracking,SettingUI,Dwell_Start,Button: nextFlickerSetting,Dwell_Started
17:02:57.914,EyeTracking,SettingUI,Dwell_Start,Button: nextFlickerSetting,Dwell_Started
17:02:57.925,EyeTracking,SettingUI,Dwell_Start,Button: nextFlickerSetting,Dwell_Started
17:02:57.936,EyeTracking,SettingUI,Dwell_Start,Button: nextFlickerSetting,Dwell_Started
17:02:57.947,EyeTracking,SettingUI,Dwell_Start,Button: nextFlickerSetting,Dwell_Started
17:02:57.958,EyeTracking,SettingUI,Dwell_Start,Button: nextFlickerSetting,Dwell_Started
17:02:57.969,EyeTracking,SettingUI,Dwell_Start,Button: nextFlickerSetting,Dwell_Started
17:02:57.982,EyeTracking,SettingUI,Dwell_Start,Button: nextFlickerSetting,Dwell_Started
17:02:57.991,EyeTracking,SettingUI,Dwell_Start,Button: nextFlickerSetting,Dwell_Started
17:02:58.003,EyeTracking,SettingUI,Dwell_Start,Button: nextFlickerSetting,Dwell_Started
17:02:58.013,EyeTracking,SettingUI,Dwell_Start,Button: nextFlickerSetting,Dwell_Started
17:02:58.026,EyeTracking,SettingUI,Dwell_Start,Button: nextFlickerSetting,Dwell_Started
17:02:58.037,EyeTracking,SettingUI,Dwell_Start,Button: nextFlickerSetting,Dwell_Started
17:02:58.046,EyeTracking,SettingUI,Dwell_Start,Button: nextFlickerSetting,Dwell_Started
17:02:58.058,EyeTracking,SettingUI,Dwell_Start,Button: nextFlickerSetting,Dwell_Started
17:02:58.069,EyeTracking,SettingUI,Dwell_Start,Button: nextFlickerSetting,Dwell_Started
17:02:58.081,EyeTracking,SettingUI,Dwell_Start,Button: nextFlickerSetting,Dwell_Started
17:02:58.091,EyeTracking,SettingUI,Dwell_Start,Button: nextFlickerSetting,Dwell_Started
17:02:58.103,EyeTracking,SettingUI,Dwell_Start,Button: nextFlickerSetting,Dwell_Started
17:02:58.114,EyeTracking,SettingUI,Dwell_Start,Button: nextFlickerSetting,Dwell_Started
17:02:58.124,EyeTracking,SettingUI,Dwell_Start,Button: nextFlickerSetting,Dwell_Started
17:02:58.136,EyeTracking,SettingUI,Dwell_Start,Button: nextFlickerSetting,Dwell_Started
17:02:58.148,EyeTracking,SettingUI,Dwell_Start,Button: nextFlickerSetting,Dwell_Started
17:02:58.158,EyeTracking,SettingUI,Dwell_Start,Button: nextFlickerSetting,Dwell_Started
17:02:58.169,EyeTracking,SettingUI,Dwell_Start,Button: nextFlickerSetting,Dwell_Started
17:02:58.181,EyeTracking,SettingUI,Dwell_Start,Button: nextFlickerSetting,Dwell_Started
17:02:58.192,EyeTracking,SettingUI,Dwell_Start,Button: nextFlickerSetting,Dwell_Started
17:02:58.203,EyeTracking,SettingUI,Dwell_Start,Button: nextFlickerSetting,Dwell_Started
17:02:58.215,EyeTracking,SettingUI,Dwell_Start,Button: nextFlickerSetting,Dwell_Started
17:02:58.226,EyeTracking,SettingUI,Dwell_Start,Button: nextFlickerSetting,Dwell_Started
17:02:58.236,EyeTracking,SettingUI,Dwell_Start,Button: nextFlickerSetting,Dwell_Started
17:02:58.248,EyeTracking,SettingUI,Dwell_Start,Button: nextFlickerSetting,Dwell_Started
17:02:58.258,EyeTracking,SettingUI,Dwell_Start,Button: nextFlickerSetting,Dwell_Started
17:02:58.269,EyeTracking,SettingUI,Dwell_Start,Button: nextFlickerSetting,Dwell_Started
17:02:58.281,EyeTracking,SettingUI,Dwell_Start,Button: nextFlickerSetting,Dwell_Started
17:02:58.291,EyeTracking,SettingUI,Dwell_Start,Button: nextFlickerSetting,Dwell_Started
17:02:58.303,EyeTracking,SettingUI,Dwell_Start,Button: nextFlickerSetting,Dwell_Started
17:02:58.314,EyeTracking,SettingUI,Dwell_Start,Button: nextFlickerSetting,Dwell_Started
17:02:58.326,EyeTracking,SettingUI,Dwell_Start,Button: nextFlickerSetting,Dwell_Started
17:02:58.336,EyeTracking,SettingUI,Dwell_Start,Button: nextFlickerSetting,Dwell_Started
17:02:58.347,EyeTracking,SettingUI,Dwell_Start,Button: nextFlickerSetting,Dwell_Started
17:02:58.359,EyeTracking,SettingUI,Dwell_Start,Button: nextFlickerSetting,Dwell_Started
17:02:58.369,EyeTracking,SettingUI,Dwell_Start,Button: nextFlickerSetting,Dwell_Started
17:02:58.380,EyeTracking,SettingUI,Dwell_Start,Button: nextFlickerSetting,Dwell_Started
17:02:58.391,EyeTracking,SettingUI,Dwell_Start,Button: nextFlickerSetting,Dwell_Started
17:02:58.404,EyeTracking,SettingUI,Dwell_Start,Button: nextFlickerSetting,Dwell_Started
17:02:58.413,EyeTracking,SettingUI,Dwell_Start,Button: nextFlickerSetting,Dwell_Started
17:02:58.425,EyeTracking,SettingUI,Dwell_Start,Button: nextFlickerSetting,Dwell_Started
17:02:58.437,EyeTracking,SettingUI,Dwell_Start,Button: nextFlickerSetting,Dwell_Started
17:02:58.448,EyeTracking,SettingUI,Dwell_Start,Button: nextFlickerSetting,Dwell_Started
17:02:58.458,EyeTracking,SettingUI,Dwell_Start,Button: nextFlickerSetting,Dwell_Started
17:02:58.469,EyeTracking,SettingUI,Dwell_Start,Button: nextFlickerSetting,Dwell_Started
17:02:58.480,EyeTracking,SettingUI,Dwell_Start,Button: nextFlickerSetting,Dwell_Started
17:02:58.491,EyeTracking,SettingUI,Dwell_Start,Button: nextFlickerSetting,Dwell_Started
17:02:58.503,EyeTracking,SettingUI,Dwell_Start,Button: nextFlickerSetting,Dwell_Started
17:02:58.503,EyeTracking,SettingUI,Dwell_Complete,Button: nextFlickerSetting,Dwelling_Completed
17:02:58.503,EyeTracking,SettingUI,Flicker_Start,nextFlickerSetting,Flicker_Start
17:02:58.980,EyeTracking,SettingUI,Hover_Exit,Button: nextFlickerSetting,Hover_Exit
17:02:59.058,EyeTracking,SettingUI,Hover_Enter,Button: demoFlickerSetting,Hovering
17:03:00.023,EyeTracking,SettingUI,Hover_Exit,Button: demoFlickerSetting,Hover_Exit
17:03:00.124,EyeTracking,SettingUI,Hover_Enter,Button: demoFlickerSetting,Hovering
17:03:00.157,EyeTracking,SettingUI,Hover_Exit,Button: demoFlickerSetting,Hover_Exit
17:03:00.168,EyeTracking,SettingUI,Hover_Enter,Button: demoFlickerSetting,Hovering
17:03:00.513,EyeTracking,SettingUI,Flicker_End,Button: nextFlickerSetting,Flicker_End
17:03:00.513,EyeTracking,SettingUI,Action_Executed,Button: nextFlickerSetting; Action: ButtonAction,Execution_Proceeding
17:03:00.513,EyeTracking,TestUI,Phase_Start,TestUI,
17:03:04.711,EyeTracking,TestUI,Hover_Enter,Button: NextHybrid,Hovering
17:03:04.711,EyeTracking,TestUI,Dwell_Start,Button: NextHybrid,Dwell_Started
17:03:04.723,EyeTracking,TestUI,Dwell_Start,Button: NextHybrid,Dwell_Started
17:03:04.734,EyeTracking,TestUI,Dwell_Start,Button: NextHybrid,Dwell_Started
17:03:04.743,EyeTracking,TestUI,Dwell_Start,Button: NextHybrid,Dwell_Started
17:03:04.755,EyeTracking,TestUI,Dwell_Start,Button: NextHybrid,Dwell_Started
17:03:04.766,EyeTracking,TestUI,Dwell_Start,Button: NextHybrid,Dwell_Started
17:03:04.778,EyeTracking,TestUI,Dwell_Start,Button: NextHybrid,Dwell_Started
17:03:04.789,EyeTracking,TestUI,Dwell_Start,Button: NextHybrid,Dwell_Started
17:03:04.800,EyeTracking,TestUI,Dwell_Start,Button: NextHybrid,Dwell_Started
17:03:04.810,EyeTracking,TestUI,Dwell_Start,Button: NextHybrid,Dwell_Started
17:03:04.822,EyeTracking,TestUI,Hover_Exit,Button: NextHybrid,Hover_Exit
17:03:06.654,EyeTracking,TestUI,Hover_Enter,Button: NextHybrid,Hovering
17:03:06.654,EyeTracking,TestUI,Dwell_Start,Button: NextHybrid,Dwell_Started
17:03:06.666,EyeTracking,TestUI,Dwell_Start,Button: NextHybrid,Dwell_Started
17:03:06.677,EyeTracking,TestUI,Dwell_Start,Button: NextHybrid,Dwell_Started
17:03:06.687,EyeTracking,TestUI,Dwell_Start,Button: NextHybrid,Dwell_Started
17:03:06.698,EyeTracking,TestUI,Dwell_Start,Button: NextHybrid,Dwell_Started
17:03:06.712,EyeTracking,TestUI,Dwell_Start,Button: NextHybrid,Dwell_Started
17:03:06.720,EyeTracking,TestUI,Dwell_Start,Button: NextHybrid,Dwell_Started
17:03:06.733,EyeTracking,TestUI,Dwell_Start,Button: NextHybrid,Dwell_Started
17:03:06.744,EyeTracking,TestUI,Dwell_Start,Button: NextHybrid,Dwell_Started
17:03:06.753,EyeTracking,TestUI,Dwell_Start,Button: NextHybrid,Dwell_Started
17:03:06.765,EyeTracking,TestUI,Dwell_Start,Button: NextHybrid,Dwell_Started
17:03:06.777,EyeTracking,TestUI,Dwell_Start,Button: NextHybrid,Dwell_Started
17:03:06.788,EyeTracking,TestUI,Dwell_Start,Button: NextHybrid,Dwell_Started
17:03:06.800,EyeTracking,TestUI,Dwell_Start,Button: NextHybrid,Dwell_Started
17:03:06.808,EyeTracking,TestUI,Dwell_Start,Button: NextHybrid,Dwell_Started
17:03:06.821,EyeTracking,TestUI,Dwell_Start,Button: NextHybrid,Dwell_Started
17:03:06.832,EyeTracking,TestUI,Dwell_Start,Button: NextHybrid,Dwell_Started
17:03:06.843,EyeTracking,TestUI,Dwell_Start,Button: NextHybrid,Dwell_Started
17:03:06.855,EyeTracking,TestUI,Dwell_Start,Button: NextHybrid,Dwell_Started
17:03:06.866,EyeTracking,TestUI,Dwell_Start,Button: NextHybrid,Dwell_Started
17:03:06.876,EyeTracking,TestUI,Dwell_Start,Button: NextHybrid,Dwell_Started
17:03:06.887,EyeTracking,TestUI,Dwell_Start,Button: NextHybrid,Dwell_Started
17:03:06.898,EyeTracking,TestUI,Dwell_Start,Button: NextHybrid,Dwell_Started
17:03:06.910,EyeTracking,TestUI,Dwell_Start,Button: NextHybrid,Dwell_Started
17:03:06.920,EyeTracking,TestUI,Dwell_Start,Button: NextHybrid,Dwell_Started
17:03:06.931,EyeTracking,TestUI,Dwell_Start,Button: NextHybrid,Dwell_Started
17:03:06.943,EyeTracking,TestUI,Dwell_Start,Button: NextHybrid,Dwell_Started
17:03:06.954,EyeTracking,TestUI,Dwell_Start,Button: NextHybrid,Dwell_Started
17:03:06.965,EyeTracking,TestUI,Dwell_Start,Button: NextHybrid,Dwell_Started
17:03:06.975,EyeTracking,TestUI,Dwell_Start,Button: NextHybrid,Dwell_Started
17:03:06.988,EyeTracking,TestUI,Dwell_Start,Button: NextHybrid,Dwell_Started
17:03:06.998,EyeTracking,TestUI,Dwell_Start,Button: NextHybrid,Dwell_Started
17:03:07.008,EyeTracking,TestUI,Dwell_Start,Button: NextHybrid,Dwell_Started
17:03:07.022,EyeTracking,TestUI,Dwell_Start,Button: NextHybrid,Dwell_Started
17:03:07.032,EyeTracking,TestUI,Dwell_Start,Button: NextHybrid,Dwell_Started
17:03:07.042,EyeTracking,TestUI,Dwell_Start,Button: NextHybrid,Dwell_Started
17:03:07.053,EyeTracking,TestUI,Dwell_Start,Button: NextHybrid,Dwell_Started
17:03:07.065,EyeTracking,TestUI,Dwell_Start,Button: NextHybrid,Dwell_Started
17:03:07.076,EyeTracking,TestUI,Dwell_Start,Button: NextHybrid,Dwell_Started
17:03:07.088,EyeTracking,TestUI,Dwell_Start,Button: NextHybrid,Dwell_Started
17:03:07.098,EyeTracking,TestUI,Dwell_Start,Button: NextHybrid,Dwell_Started
17:03:07.108,EyeTracking,TestUI,Dwell_Start,Button: NextHybrid,Dwell_Started
17:03:07.121,EyeTracking,TestUI,Dwell_Start,Button: NextHybrid,Dwell_Started
17:03:07.131,EyeTracking,TestUI,Dwell_Start,Button: NextHybrid,Dwell_Started
17:03:07.143,EyeTracking,TestUI,Dwell_Start,Button: NextHybrid,Dwell_Started
17:03:07.154,EyeTracking,TestUI,Dwell_Start,Button: NextHybrid,Dwell_Started
17:03:07.164,EyeTracking,TestUI,Dwell_Start,Button: NextHybrid,Dwell_Started
17:03:07.175,EyeTracking,TestUI,Dwell_Start,Button: NextHybrid,Dwell_Started
17:03:07.186,EyeTracking,TestUI,Dwell_Start,Button: NextHybrid,Dwell_Started
17:03:07.199,EyeTracking,TestUI,Dwell_Start,Button: NextHybrid,Dwell_Started
17:03:07.209,EyeTracking,TestUI,Dwell_Start,Button: NextHybrid,Dwell_Started
17:03:07.221,EyeTracking,TestUI,Dwell_Start,Button: NextHybrid,Dwell_Started
17:03:07.231,EyeTracking,TestUI,Dwell_Start,Button: NextHybrid,Dwell_Started
17:03:07.242,EyeTracking,TestUI,Dwell_Start,Button: NextHybrid,Dwell_Started
17:03:07.255,EyeTracking,TestUI,Dwell_Start,Button: NextHybrid,Dwell_Started
17:03:07.265,EyeTracking,TestUI,Dwell_Start,Button: NextHybrid,Dwell_Started
17:03:07.275,EyeTracking,TestUI,Dwell_Start,Button: NextHybrid,Dwell_Started
17:03:07.287,EyeTracking,TestUI,Dwell_Start,Button: NextHybrid,Dwell_Started
17:03:07.298,EyeTracking,TestUI,Dwell_Start,Button: NextHybrid,Dwell_Started
17:03:07.310,EyeTracking,TestUI,Dwell_Start,Button: NextHybrid,Dwell_Started
17:03:07.321,EyeTracking,TestUI,Dwell_Start,Button: NextHybrid,Dwell_Started
17:03:07.331,EyeTracking,TestUI,Dwell_Start,Button: NextHybrid,Dwell_Started
17:03:07.343,EyeTracking,TestUI,Dwell_Start,Button: NextHybrid,Dwell_Started
17:03:07.354,EyeTracking,TestUI,Dwell_Start,Button: NextHybrid,Dwell_Started
17:03:07.365,EyeTracking,TestUI,Dwell_Start,Button: NextHybrid,Dwell_Started
17:03:07.377,EyeTracking,TestUI,Dwell_Start,Button: NextHybrid,Dwell_Started
17:03:07.387,EyeTracking,TestUI,Dwell_Start,Button: NextHybrid,Dwell_Started
17:03:07.397,EyeTracking,TestUI,Dwell_Start,Button: NextHybrid,Dwell_Started
17:03:07.408,EyeTracking,TestUI,Dwell_Start,Button: NextHybrid,Dwell_Started
17:03:07.420,EyeTracking,TestUI,Dwell_Start,Button: NextHybrid,Dwell_Started
17:03:07.430,EyeTracking,TestUI,Dwell_Start,Button: NextHybrid,Dwell_Started
17:03:07.444,EyeTracking,TestUI,Dwell_Start,Button: NextHybrid,Dwell_Started
17:03:07.454,EyeTracking,TestUI,Dwell_Start,Button: NextHybrid,Dwell_Started
17:03:07.466,EyeTracking,TestUI,Dwell_Start,Button: NextHybrid,Dwell_Started
17:03:07.477,EyeTracking,TestUI,Dwell_Start,Button: NextHybrid,Dwell_Started
17:03:07.487,EyeTracking,TestUI,Dwell_Start,Button: NextHybrid,Dwell_Started
17:03:07.498,EyeTracking,TestUI,Dwell_Start,Button: NextHybrid,Dwell_Started
17:03:07.510,EyeTracking,TestUI,Dwell_Start,Button: NextHybrid,Dwell_Started
17:03:07.520,EyeTracking,TestUI,Dwell_Start,Button: NextHybrid,Dwell_Started
17:03:07.531,EyeTracking,TestUI,Dwell_Start,Button: NextHybrid,Dwell_Started
17:03:07.543,EyeTracking,TestUI,Dwell_Start,Button: NextHybrid,Dwell_Started
17:03:07.553,EyeTracking,TestUI,Dwell_Start,Button: NextHybrid,Dwell_Started
17:03:07.566,EyeTracking,TestUI,Dwell_Start,Button: NextHybrid,Dwell_Started
17:03:07.575,EyeTracking,TestUI,Dwell_Start,Button: NextHybrid,Dwell_Started
17:03:07.587,EyeTracking,TestUI,Dwell_Start,Button: NextHybrid,Dwell_Started
17:03:07.598,EyeTracking,TestUI,Dwell_Start,Button: NextHybrid,Dwell_Started
17:03:07.608,EyeTracking,TestUI,Dwell_Start,Button: NextHybrid,Dwell_Started
17:03:07.620,EyeTracking,TestUI,Dwell_Start,Button: NextHybrid,Dwell_Started
17:03:07.632,EyeTracking,TestUI,Dwell_Start,Button: NextHybrid,Dwell_Started
17:03:07.642,EyeTracking,TestUI,Dwell_Start,Button: NextHybrid,Dwell_Started
17:03:07.653,EyeTracking,TestUI,Dwell_Start,Button: NextHybrid,Dwell_Started
17:03:07.665,EyeTracking,TestUI,Dwell_Start,Button: NextHybrid,Dwell_Started
17:03:07.676,EyeTracking,TestUI,Dwell_Start,Button: NextHybrid,Dwell_Started
17:03:07.687,EyeTracking,TestUI,Dwell_Start,Button: NextHybrid,Dwell_Started
17:03:07.697,EyeTracking,TestUI,Dwell_Start,Button: NextHybrid,Dwell_Started
17:03:07.709,EyeTracking,TestUI,Dwell_Start,Button: NextHybrid,Dwell_Started
17:03:07.720,EyeTracking,TestUI,Dwell_Start,Button: NextHybrid,Dwell_Started
17:03:07.730,EyeTracking,TestUI,Dwell_Start,Button: NextHybrid,Dwell_Started
17:03:07.743,EyeTracking,TestUI,Dwell_Start,Button: NextHybrid,Dwell_Started
17:03:07.753,EyeTracking,TestUI,Dwell_Start,Button: NextHybrid,Dwell_Started
17:03:07.764,EyeTracking,TestUI,Dwell_Start,Button: NextHybrid,Dwell_Started
17:03:07.776,EyeTracking,TestUI,Dwell_Start,Button: NextHybrid,Dwell_Started
17:03:07.787,EyeTracking,TestUI,Dwell_Start,Button: NextHybrid,Dwell_Started
17:03:07.798,EyeTracking,TestUI,Dwell_Start,Button: NextHybrid,Dwell_Started
17:03:07.810,EyeTracking,TestUI,Dwell_Start,Button: NextHybrid,Dwell_Started
17:03:07.820,EyeTracking,TestUI,Dwell_Start,Button: NextHybrid,Dwell_Started
17:03:07.830,EyeTracking,TestUI,Dwell_Start,Button: NextHybrid,Dwell_Started
17:03:07.841,EyeTracking,TestUI,Dwell_Start,Button: NextHybrid,Dwell_Started
17:03:07.853,EyeTracking,TestUI,Dwell_Start,Button: NextHybrid,Dwell_Started
17:03:07.864,EyeTracking,TestUI,Dwell_Start,Button: NextHybrid,Dwell_Started
17:03:07.875,EyeTracking,TestUI,Dwell_Start,Button: NextHybrid,Dwell_Started
17:03:07.888,EyeTracking,TestUI,Dwell_Start,Button: NextHybrid,Dwell_Started
17:03:07.899,EyeTracking,TestUI,Dwell_Start,Button: NextHybrid,Dwell_Started
17:03:07.908,EyeTracking,TestUI,Dwell_Start,Button: NextHybrid,Dwell_Started
17:03:07.921,EyeTracking,TestUI,Dwell_Start,Button: NextHybrid,Dwell_Started
17:03:07.931,EyeTracking,TestUI,Dwell_Start,Button: NextHybrid,Dwell_Started
17:03:07.943,EyeTracking,TestUI,Dwell_Start,Button: NextHybrid,Dwell_Started
17:03:07.954,EyeTracking,TestUI,Dwell_Start,Button: NextHybrid,Dwell_Started
17:03:07.966,EyeTracking,TestUI,Dwell_Start,Button: NextHybrid,Dwell_Started
17:03:07.975,EyeTracking,TestUI,Dwell_Start,Button: NextHybrid,Dwell_Started
17:03:07.987,EyeTracking,TestUI,Dwell_Start,Button: NextHybrid,Dwell_Started
17:03:07.998,EyeTracking,TestUI,Dwell_Start,Button: NextHybrid,Dwell_Started
17:03:08.008,EyeTracking,TestUI,Dwell_Start,Button: NextHybrid,Dwell_Started
17:03:08.020,EyeTracking,TestUI,Dwell_Start,Button: NextHybrid,Dwell_Started
17:03:08.032,EyeTracking,TestUI,Dwell_Start,Button: NextHybrid,Dwell_Started
17:03:08.044,EyeTracking,TestUI,Dwell_Start,Button: NextHybrid,Dwell_Started
17:03:08.053,EyeTracking,TestUI,Dwell_Start,Button: NextHybrid,Dwell_Started
17:03:08.064,EyeTracking,TestUI,Dwell_Start,Button: NextHybrid,Dwell_Started
17:03:08.076,EyeTracking,TestUI,Dwell_Start,Button: NextHybrid,Dwell_Started
17:03:08.086,EyeTracking,TestUI,Dwell_Start,Button: NextHybrid,Dwell_Started
17:03:08.098,EyeTracking,TestUI,Dwell_Start,Button: NextHybrid,Dwell_Started
17:03:08.108,EyeTracking,TestUI,Dwell_Start,Button: NextHybrid,Dwell_Started
17:03:08.120,EyeTracking,TestUI,Dwell_Start,Button: NextHybrid,Dwell_Started
17:03:08.132,EyeTracking,TestUI,Hover_Exit,Button: NextHybrid,Hover_Exit
17:03:08.320,EyeTracking,TestUI,Hover_Enter,Button: NextHybrid,Hovering
17:03:08.320,EyeTracking,TestUI,Dwell_Start,Button: NextHybrid,Dwell_Started
17:03:08.331,EyeTracking,TestUI,Dwell_Start,Button: NextHybrid,Dwell_Started
17:03:08.342,EyeTracking,TestUI,Dwell_Start,Button: NextHybrid,Dwell_Started
17:03:08.354,EyeTracking,TestUI,Dwell_Start,Button: NextHybrid,Dwell_Started
17:03:08.365,EyeTracking,TestUI,Dwell_Start,Button: NextHybrid,Dwell_Started
17:03:08.375,EyeTracking,TestUI,Dwell_Start,Button: NextHybrid,Dwell_Started
17:03:08.387,EyeTracking,TestUI,Dwell_Start,Button: NextHybrid,Dwell_Started
17:03:08.398,EyeTracking,TestUI,Dwell_Start,Button: NextHybrid,Dwell_Started
17:03:08.408,EyeTracking,TestUI,Dwell_Start,Button: NextHybrid,Dwell_Started
17:03:08.421,EyeTracking,TestUI,Dwell_Start,Button: NextHybrid,Dwell_Started
17:03:08.431,EyeTracking,TestUI,Dwell_Start,Button: NextHybrid,Dwell_Started
17:03:08.443,EyeTracking,TestUI,Dwell_Start,Button: NextHybrid,Dwell_Started
17:03:08.453,EyeTracking,TestUI,Dwell_Start,Button: NextHybrid,Dwell_Started
17:03:08.464,EyeTracking,TestUI,Dwell_Start,Button: NextHybrid,Dwell_Started
17:03:08.475,EyeTracking,TestUI,Dwell_Start,Button: NextHybrid,Dwell_Started
17:03:08.487,EyeTracking,TestUI,Dwell_Start,Button: NextHybrid,Dwell_Started
17:03:08.496,EyeTracking,TestUI,Dwell_Start,Button: NextHybrid,Dwell_Started
17:03:08.508,EyeTracking,TestUI,Dwell_Start,Button: NextHybrid,Dwell_Started
17:03:08.520,EyeTracking,TestUI,Dwell_Start,Button: NextHybrid,Dwell_Started
17:03:08.532,EyeTracking,TestUI,Dwell_Start,Button: NextHybrid,Dwell_Started
17:03:08.542,EyeTracking,TestUI,Dwell_Start,Button: NextHybrid,Dwell_Started
17:03:08.552,EyeTracking,TestUI,Dwell_Start,Button: NextHybrid,Dwell_Started
17:03:08.564,EyeTracking,TestUI,Dwell_Start,Button: NextHybrid,Dwell_Started
17:03:08.574,EyeTracking,TestUI,Hover_Exit,Button: NextHybrid,Hover_Exit
17:03:09.541,EyeTracking,TestUI,Hover_Enter,Button: NextHybrid,Hovering
17:03:09.541,EyeTracking,TestUI,Dwell_Start,Button: NextHybrid,Dwell_Started
17:03:09.552,EyeTracking,TestUI,Dwell_Start,Button: NextHybrid,Dwell_Started
17:03:09.565,EyeTracking,TestUI,Hover_Exit,Button: NextHybrid,Hover_Exit
17:03:12.318,EyeTracking,TestUI,Hover_Enter,Button: NextHybrid,Hovering
17:03:12.318,EyeTracking,TestUI,Dwell_Start,Button: NextHybrid,Dwell_Started
17:03:12.328,EyeTracking,TestUI,Dwell_Start,Button: NextHybrid,Dwell_Started
17:03:12.341,EyeTracking,TestUI,Dwell_Start,Button: NextHybrid,Dwell_Started
17:03:12.351,EyeTracking,TestUI,Dwell_Start,Button: NextHybrid,Dwell_Started
17:03:12.362,EyeTracking,TestUI,Dwell_Start,Button: NextHybrid,Dwell_Started
17:03:12.373,EyeTracking,TestUI,Dwell_Start,Button: NextHybrid,Dwell_Started
17:03:12.384,EyeTracking,TestUI,Dwell_Start,Button: NextHybrid,Dwell_Started
17:03:12.396,EyeTracking,TestUI,Dwell_Start,Button: NextHybrid,Dwell_Started
17:03:12.406,EyeTracking,TestUI,Dwell_Start,Button: NextHybrid,Dwell_Started
17:03:12.418,EyeTracking,TestUI,Dwell_Start,Button: NextHybrid,Dwell_Started
17:03:12.428,EyeTracking,TestUI,Dwell_Start,Button: NextHybrid,Dwell_Started
17:03:12.440,EyeTracking,TestUI,Dwell_Start,Button: NextHybrid,Dwell_Started
17:03:12.451,EyeTracking,TestUI,Dwell_Start,Button: NextHybrid,Dwell_Started
17:03:12.463,EyeTracking,TestUI,Dwell_Start,Button: NextHybrid,Dwell_Started
17:03:12.473,EyeTracking,TestUI,Dwell_Start,Button: NextHybrid,Dwell_Started
17:03:12.484,EyeTracking,TestUI,Dwell_Start,Button: NextHybrid,Dwell_Started
17:03:12.496,EyeTracking,TestUI,Dwell_Start,Button: NextHybrid,Dwell_Started
17:03:12.506,EyeTracking,TestUI,Dwell_Start,Button: NextHybrid,Dwell_Started
17:03:12.518,EyeTracking,TestUI,Dwell_Start,Button: NextHybrid,Dwell_Started
17:03:12.528,EyeTracking,TestUI,Dwell_Start,Button: NextHybrid,Dwell_Started
17:03:12.540,EyeTracking,TestUI,Dwell_Start,Button: NextHybrid,Dwell_Started
17:03:12.550,EyeTracking,TestUI,Dwell_Start,Button: NextHybrid,Dwell_Started
17:03:12.563,EyeTracking,TestUI,Dwell_Start,Button: NextHybrid,Dwell_Started
17:03:12.573,EyeTracking,TestUI,Dwell_Start,Button: NextHybrid,Dwell_Started
17:03:12.584,EyeTracking,TestUI,Dwell_Start,Button: NextHybrid,Dwell_Started
17:03:12.595,EyeTracking,TestUI,Dwell_Start,Button: NextHybrid,Dwell_Started
17:03:12.607,EyeTracking,TestUI,Dwell_Start,Button: NextHybrid,Dwell_Started
17:03:12.618,EyeTracking,TestUI,Dwell_Start,Button: NextHybrid,Dwell_Started
17:03:12.630,EyeTracking,TestUI,Dwell_Start,Button: NextHybrid,Dwell_Started
17:03:12.639,EyeTracking,TestUI,Dwell_Start,Button: NextHybrid,Dwell_Started
17:03:12.651,EyeTracking,TestUI,Dwell_Start,Button: NextHybrid,Dwell_Started
17:03:12.661,EyeTracking,TestUI,Dwell_Start,Button: NextHybrid,Dwell_Started
17:03:12.672,EyeTracking,TestUI,Dwell_Start,Button: NextHybrid,Dwell_Started
17:03:12.684,EyeTracking,TestUI,Dwell_Start,Button: NextHybrid,Dwell_Started
17:03:12.695,EyeTracking,TestUI,Dwell_Start,Button: NextHybrid,Dwell_Started
17:03:12.707,EyeTracking,TestUI,Dwell_Start,Button: NextHybrid,Dwell_Started
17:03:12.717,EyeTracking,TestUI,Dwell_Start,Button: NextHybrid,Dwell_Started
17:03:12.728,EyeTracking,TestUI,Dwell_Start,Button: NextHybrid,Dwell_Started
17:03:12.741,EyeTracking,TestUI,Dwell_Start,Button: NextHybrid,Dwell_Started
17:03:12.751,EyeTracking,TestUI,Dwell_Start,Button: NextHybrid,Dwell_Started
17:03:12.761,EyeTracking,TestUI,Dwell_Start,Button: NextHybrid,Dwell_Started
17:03:12.774,EyeTracking,TestUI,Dwell_Start,Button: NextHybrid,Dwell_Started
17:03:12.784,EyeTracking,TestUI,Dwell_Start,Button: NextHybrid,Dwell_Started
17:03:12.795,EyeTracking,TestUI,Dwell_Start,Button: NextHybrid,Dwell_Started
17:03:12.807,EyeTracking,TestUI,Dwell_Start,Button: NextHybrid,Dwell_Started
17:03:12.818,EyeTracking,TestUI,Dwell_Start,Button: NextHybrid,Dwell_Started
17:03:12.830,EyeTracking,TestUI,Dwell_Start,Button: NextHybrid,Dwell_Started
17:03:12.840,EyeTracking,TestUI,Dwell_Start,Button: NextHybrid,Dwell_Started
17:03:12.851,EyeTracking,TestUI,Dwell_Start,Button: NextHybrid,Dwell_Started
17:03:12.862,EyeTracking,TestUI,Dwell_Start,Button: NextHybrid,Dwell_Started
17:03:12.872,EyeTracking,TestUI,Dwell_Start,Button: NextHybrid,Dwell_Started
17:03:12.885,EyeTracking,TestUI,Dwell_Start,Button: NextHybrid,Dwell_Started
17:03:12.896,EyeTracking,TestUI,Dwell_Start,Button: NextHybrid,Dwell_Started
17:03:12.907,EyeTracking,TestUI,Dwell_Start,Button: NextHybrid,Dwell_Started
17:03:12.918,EyeTracking,TestUI,Dwell_Start,Button: NextHybrid,Dwell_Started
17:03:12.929,EyeTracking,TestUI,Dwell_Start,Button: NextHybrid,Dwell_Started
17:03:12.940,EyeTracking,TestUI,Dwell_Start,Button: NextHybrid,Dwell_Started
17:03:12.951,EyeTracking,TestUI,Dwell_Start,Button: NextHybrid,Dwell_Started
17:03:12.963,EyeTracking,TestUI,Dwell_Start,Button: NextHybrid,Dwell_Started
17:03:12.974,EyeTracking,TestUI,Dwell_Start,Button: NextHybrid,Dwell_Started
17:03:12.984,EyeTracking,TestUI,Dwell_Start,Button: NextHybrid,Dwell_Started
17:03:12.995,EyeTracking,TestUI,Dwell_Start,Button: NextHybrid,Dwell_Started
17:03:13.006,EyeTracking,TestUI,Dwell_Start,Button: NextHybrid,Dwell_Started
17:03:13.018,EyeTracking,TestUI,Dwell_Start,Button: NextHybrid,Dwell_Started
17:03:13.028,EyeTracking,TestUI,Dwell_Start,Button: NextHybrid,Dwell_Started
17:03:13.040,EyeTracking,TestUI,Dwell_Start,Button: NextHybrid,Dwell_Started
17:03:13.050,EyeTracking,TestUI,Dwell_Start,Button: NextHybrid,Dwell_Started
17:03:13.062,EyeTracking,TestUI,Dwell_Start,Button: NextHybrid,Dwell_Started
17:03:13.073,EyeTracking,TestUI,Dwell_Start,Button: NextHybrid,Dwell_Started
17:03:13.084,EyeTracking,TestUI,Dwell_Start,Button: NextHybrid,Dwell_Started
17:03:13.094,EyeTracking,TestUI,Dwell_Start,Button: NextHybrid,Dwell_Started
17:03:13.106,EyeTracking,TestUI,Dwell_Start,Button: NextHybrid,Dwell_Started
17:03:13.118,EyeTracking,TestUI,Dwell_Start,Button: NextHybrid,Dwell_Started
17:03:13.128,EyeTracking,TestUI,Dwell_Start,Button: NextHybrid,Dwell_Started
17:03:13.140,EyeTracking,TestUI,Dwell_Start,Button: NextHybrid,Dwell_Started
17:03:13.152,EyeTracking,TestUI,Dwell_Start,Button: NextHybrid,Dwell_Started
17:03:13.161,EyeTracking,TestUI,Dwell_Start,Button: NextHybrid,Dwell_Started
17:03:13.174,EyeTracking,TestUI,Dwell_Start,Button: NextHybrid,Dwell_Started
17:03:13.184,EyeTracking,TestUI,Dwell_Start,Button: NextHybrid,Dwell_Started
17:03:13.196,EyeTracking,TestUI,Dwell_Start,Button: NextHybrid,Dwell_Started
17:03:13.207,EyeTracking,TestUI,Dwell_Start,Button: NextHybrid,Dwell_Started
17:03:13.216,EyeTracking,TestUI,Dwell_Start,Button: NextHybrid,Dwell_Started
17:03:13.227,EyeTracking,TestUI,Dwell_Start,Button: NextHybrid,Dwell_Started
17:03:13.239,EyeTracking,TestUI,Dwell_Start,Button: NextHybrid,Dwell_Started
17:03:13.250,EyeTracking,TestUI,Dwell_Start,Button: NextHybrid,Dwell_Started
17:03:13.262,EyeTracking,TestUI,Dwell_Start,Button: NextHybrid,Dwell_Started
17:03:13.273,EyeTracking,TestUI,Dwell_Start,Button: NextHybrid,Dwell_Started
17:03:13.284,EyeTracking,TestUI,Dwell_Start,Button: NextHybrid,Dwell_Started
17:03:13.296,EyeTracking,TestUI,Dwell_Start,Button: NextHybrid,Dwell_Started
17:03:13.306,EyeTracking,TestUI,Dwell_Start,Button: NextHybrid,Dwell_Started
17:03:13.317,EyeTracking,TestUI,Dwell_Start,Button: NextHybrid,Dwell_Started
17:03:13.329,EyeTracking,TestUI,Dwell_Start,Button: NextHybrid,Dwell_Started
17:03:13.340,EyeTracking,TestUI,Dwell_Start,Button: NextHybrid,Dwell_Started
17:03:13.349,EyeTracking,TestUI,Dwell_Start,Button: NextHybrid,Dwell_Started
17:03:13.362,EyeTracking,TestUI,Dwell_Start,Button: NextHybrid,Dwell_Started
17:03:13.373,EyeTracking,TestUI,Dwell_Start,Button: NextHybrid,Dwell_Started
17:03:13.383,EyeTracking,TestUI,Dwell_Start,Button: NextHybrid,Dwell_Started
17:03:13.395,EyeTracking,TestUI,Dwell_Start,Button: NextHybrid,Dwell_Started
17:03:13.407,EyeTracking,TestUI,Dwell_Start,Button: NextHybrid,Dwell_Started
17:03:13.417,EyeTracking,TestUI,Dwell_Start,Button: NextHybrid,Dwell_Started
17:03:13.428,EyeTracking,TestUI,Dwell_Start,Button: NextHybrid,Dwell_Started
17:03:13.438,EyeTracking,TestUI,Dwell_Start,Button: NextHybrid,Dwell_Started
17:03:13.450,EyeTracking,TestUI,Dwell_Start,Button: NextHybrid,Dwell_Started
17:03:13.461,EyeTracking,TestUI,Dwell_Start,Button: NextHybrid,Dwell_Started
17:03:13.472,EyeTracking,TestUI,Dwell_Start,Button: NextHybrid,Dwell_Started
17:03:13.484,EyeTracking,TestUI,Dwell_Start,Button: NextHybrid,Dwell_Started
17:03:13.494,EyeTracking,TestUI,Dwell_Start,Button: NextHybrid,Dwell_Started
17:03:13.505,EyeTracking,TestUI,Dwell_Start,Button: NextHybrid,Dwell_Started
17:03:13.517,EyeTracking,TestUI,Dwell_Start,Button: NextHybrid,Dwell_Started
17:03:13.528,EyeTracking,TestUI,Dwell_Start,Button: NextHybrid,Dwell_Started
17:03:13.540,EyeTracking,TestUI,Dwell_Start,Button: NextHybrid,Dwell_Started
17:03:13.550,EyeTracking,TestUI,Dwell_Start,Button: NextHybrid,Dwell_Started
17:03:13.560,EyeTracking,TestUI,Dwell_Start,Button: NextHybrid,Dwell_Started
17:03:13.573,EyeTracking,TestUI,Dwell_Start,Button: NextHybrid,Dwell_Started
17:03:13.583,EyeTracking,TestUI,Dwell_Start,Button: NextHybrid,Dwell_Started
17:03:13.594,EyeTracking,TestUI,Dwell_Start,Button: NextHybrid,Dwell_Started
17:03:13.607,EyeTracking,TestUI,Dwell_Start,Button: NextHybrid,Dwell_Started
17:03:13.617,EyeTracking,TestUI,Dwell_Start,Button: NextHybrid,Dwell_Started
17:03:13.629,EyeTracking,TestUI,Dwell_Start,Button: NextHybrid,Dwell_Started
17:03:13.640,EyeTracking,TestUI,Dwell_Start,Button: NextHybrid,Dwell_Started
17:03:13.650,EyeTracking,TestUI,Dwell_Start,Button: NextHybrid,Dwell_Started
17:03:13.661,EyeTracking,TestUI,Dwell_Start,Button: NextHybrid,Dwell_Started
17:03:13.674,EyeTracking,TestUI,Dwell_Start,Button: NextHybrid,Dwell_Started
17:03:13.684,EyeTracking,TestUI,Dwell_Start,Button: NextHybrid,Dwell_Started
17:03:13.696,EyeTracking,TestUI,Dwell_Start,Button: NextHybrid,Dwell_Started
17:03:13.706,EyeTracking,TestUI,Dwell_Start,Button: NextHybrid,Dwell_Started
17:03:13.718,EyeTracking,TestUI,Dwell_Start,Button: NextHybrid,Dwell_Started
17:03:13.728,EyeTracking,TestUI,Dwell_Start,Button: NextHybrid,Dwell_Started
17:03:13.739,EyeTracking,TestUI,Dwell_Start,Button: NextHybrid,Dwell_Started
17:03:13.749,EyeTracking,TestUI,Dwell_Start,Button: NextHybrid,Dwell_Started
17:03:13.762,EyeTracking,TestUI,Dwell_Start,Button: NextHybrid,Dwell_Started
17:03:13.772,EyeTracking,TestUI,Dwell_Start,Button: NextHybrid,Dwell_Started
17:03:13.784,EyeTracking,TestUI,Dwell_Start,Button: NextHybrid,Dwell_Started
17:03:13.796,EyeTracking,TestUI,Dwell_Start,Button: NextHybrid,Dwell_Started
17:03:13.806,EyeTracking,TestUI,Dwell_Start,Button: NextHybrid,Dwell_Started
17:03:13.818,EyeTracking,TestUI,Dwell_Start,Button: NextHybrid,Dwell_Started
17:03:13.818,EyeTracking,TestUI,Dwell_Complete,Button: NextHybrid,Dwelling_Completed
17:03:13.818,EyeTracking,TestUI,Flicker_Start,NextHybrid,Flicker_Start
17:03:14.118,EyeTracking,TestUI,Hover_Exit,Button: NextHybrid,Hover_Exit
17:03:15.571,EyeTracking,TestUI,Hover_Enter,Button: NextHybrid,Hovering
17:03:15.571,EyeTracking,TestUI,Dwell_Start,Button: NextHybrid,Dwell_Started
17:03:15.583,EyeTracking,TestUI,Dwell_Start,Button: NextHybrid,Dwell_Started
17:03:15.594,EyeTracking,TestUI,Dwell_Start,Button: NextHybrid,Dwell_Started
17:03:15.606,EyeTracking,TestUI,Dwell_Start,Button: NextHybrid,Dwell_Started
17:03:15.615,EyeTracking,TestUI,Dwell_Start,Button: NextHybrid,Dwell_Started
17:03:15.628,EyeTracking,TestUI,Dwell_Start,Button: NextHybrid,Dwell_Started
17:03:15.638,EyeTracking,TestUI,Dwell_Start,Button: NextHybrid,Dwell_Started
17:03:15.649,EyeTracking,TestUI,Dwell_Start,Button: NextHybrid,Dwell_Started
17:03:15.660,EyeTracking,TestUI,Dwell_Start,Button: NextHybrid,Dwell_Started
17:03:15.672,EyeTracking,TestUI,Dwell_Start,Button: NextHybrid,Dwell_Started
17:03:15.683,EyeTracking,TestUI,Dwell_Start,Button: NextHybrid,Dwell_Started
17:03:15.694,EyeTracking,TestUI,Dwell_Start,Button: NextHybrid,Dwell_Started
17:03:15.706,EyeTracking,TestUI,Dwell_Start,Button: NextHybrid,Dwell_Started
17:03:15.717,EyeTracking,TestUI,Dwell_Start,Button: NextHybrid,Dwell_Started
17:03:15.726,EyeTracking,TestUI,Dwell_Start,Button: NextHybrid,Dwell_Started
17:03:15.738,EyeTracking,TestUI,Dwell_Start,Button: NextHybrid,Dwell_Started
17:03:15.749,EyeTracking,TestUI,Dwell_Start,Button: NextHybrid,Dwell_Started
17:03:15.760,EyeTracking,TestUI,Dwell_Start,Button: NextHybrid,Dwell_Started
17:03:15.771,EyeTracking,TestUI,Dwell_Start,Button: NextHybrid,Dwell_Started
17:03:15.783,EyeTracking,TestUI,Dwell_Start,Button: NextHybrid,Dwell_Started
17:03:15.793,EyeTracking,TestUI,Dwell_Start,Button: NextHybrid,Dwell_Started
17:03:15.805,EyeTracking,TestUI,Dwell_Start,Button: NextHybrid,Dwell_Started
17:03:15.816,EyeTracking,TestUI,Dwell_Start,Button: NextHybrid,Dwell_Started
17:03:15.828,EyeTracking,TestUI,Dwell_Start,Button: NextHybrid,Dwell_Started
17:03:15.828,EyeTracking,TestUI,Flicker_End,Button: NextHybrid,Flicker_End
17:03:15.828,EyeTracking,TestUI,Action_Executed,Button: NextHybrid; Action: ButtonAction,Execution_Proceeding
17:03:16.071,EyeTracking,TestUI,Hover_Enter,Button: deleteTestUI,Hovering
17:03:16.071,EyeTracking,TestUI,Dwell_Start,Button: deleteTestUI,Dwell_Started
17:03:16.082,EyeTracking,TestUI,Dwell_Start,Button: deleteTestUI,Dwell_Started
17:03:16.093,EyeTracking,TestUI,Dwell_Start,Button: deleteTestUI,Dwell_Started
17:03:16.104,EyeTracking,TestUI,Dwell_Start,Button: deleteTestUI,Dwell_Started
17:03:16.115,EyeTracking,TestUI,Dwell_Start,Button: deleteTestUI,Dwell_Started
17:03:16.127,EyeTracking,TestUI,Dwell_Start,Button: deleteTestUI,Dwell_Started
17:03:16.137,EyeTracking,TestUI,Dwell_Start,Button: deleteTestUI,Dwell_Started
17:03:16.148,EyeTracking,TestUI,Dwell_Start,Button: deleteTestUI,Dwell_Started
17:03:16.160,EyeTracking,TestUI,Dwell_Start,Button: deleteTestUI,Dwell_Started
17:03:16.170,EyeTracking,TestUI,Dwell_Start,Button: deleteTestUI,Dwell_Started
17:03:16.182,EyeTracking,TestUI,Dwell_Start,Button: deleteTestUI,Dwell_Started
17:03:16.193,EyeTracking,TestUI,Dwell_Start,Button: deleteTestUI,Dwell_Started
17:03:16.205,EyeTracking,TestUI,Hover_Exit,Button: deleteTestUI,Hover_Exit
17:03:16.371,EyeTracking,TestUI,Hover_Enter,Button: deleteTestUI,Hovering
17:03:16.371,EyeTracking,TestUI,Dwell_Start,Button: deleteTestUI,Dwell_Started
17:03:16.383,EyeTracking,TestUI,Dwell_Start,Button: deleteTestUI,Dwell_Started
17:03:16.394,EyeTracking,TestUI,Dwell_Start,Button: deleteTestUI,Dwell_Started
17:03:16.405,EyeTracking,TestUI,Dwell_Start,Button: deleteTestUI,Dwell_Started
17:03:16.414,EyeTracking,TestUI,Hover_Exit,Button: deleteTestUI,Hover_Exit
17:03:16.693,EyeTracking,TestUI,Hover_Enter,Button: 6,Hovering
17:03:16.693,EyeTracking,TestUI,Dwell_Start,Button: 6,Dwell_Started
17:03:16.704,EyeTracking,TestUI,Dwell_Start,Button: 6,Dwell_Started
17:03:16.715,EyeTracking,TestUI,Hover_Exit,Button: 6,Hover_Exit
17:03:17.659,EyeTracking,TestUI,Hover_Enter,Button: 3,Hovering
17:03:17.659,EyeTracking,TestUI,Dwell_Start,Button: 3,Dwell_Started
17:03:17.672,EyeTracking,TestUI,Hover_Exit,Button: 3,Hover_Exit
17:03:17.782,EyeTracking,TestUI,Hover_Enter,Button: 3,Hovering
17:03:17.782,EyeTracking,TestUI,Dwell_Start,Button: 3,Dwell_Started
17:03:17.793,EyeTracking,TestUI,Dwell_Start,Button: 3,Dwell_Started
17:03:17.804,EyeTracking,TestUI,Dwell_Start,Button: 3,Dwell_Started
17:03:17.815,EyeTracking,TestUI,Hover_Exit,Button: 3,Hover_Exit
17:03:17.871,EyeTracking,TestUI,Hover_Enter,Button: 3,Hovering
17:03:17.871,EyeTracking,TestUI,Dwell_Start,Button: 3,Dwell_Started
17:03:17.883,EyeTracking,TestUI,Dwell_Start,Button: 3,Dwell_Started
17:03:17.893,EyeTracking,TestUI,Dwell_Start,Button: 3,Dwell_Started
17:03:17.904,EyeTracking,TestUI,Dwell_Start,Button: 3,Dwell_Started
17:03:17.914,EyeTracking,TestUI,Dwell_Start,Button: 3,Dwell_Started
17:03:17.925,EyeTracking,TestUI,Dwell_Start,Button: 3,Dwell_Started
17:03:17.938,EyeTracking,TestUI,Dwell_Start,Button: 3,Dwell_Started
17:03:17.948,EyeTracking,TestUI,Dwell_Start,Button: 3,Dwell_Started
17:03:17.959,EyeTracking,TestUI,Dwell_Start,Button: 3,Dwell_Started
17:03:17.970,EyeTracking,TestUI,Dwell_Start,Button: 3,Dwell_Started
17:03:17.983,EyeTracking,TestUI,Dwell_Start,Button: 3,Dwell_Started
17:03:17.992,EyeTracking,TestUI,Dwell_Start,Button: 3,Dwell_Started
17:03:18.004,EyeTracking,TestUI,Dwell_Start,Button: 3,Dwell_Started
17:03:18.015,EyeTracking,TestUI,Dwell_Start,Button: 3,Dwell_Started
17:03:18.026,EyeTracking,TestUI,Dwell_Start,Button: 3,Dwell_Started
17:03:18.036,EyeTracking,TestUI,Dwell_Start,Button: 3,Dwell_Started
17:03:18.049,EyeTracking,TestUI,Dwell_Start,Button: 3,Dwell_Started
17:03:18.060,EyeTracking,TestUI,Dwell_Start,Button: 3,Dwell_Started
17:03:18.071,EyeTracking,TestUI,Dwell_Start,Button: 3,Dwell_Started
17:03:18.083,EyeTracking,TestUI,Dwell_Start,Button: 3,Dwell_Started
17:03:18.092,EyeTracking,TestUI,Dwell_Start,Button: 3,Dwell_Started
17:03:18.104,EyeTracking,TestUI,Dwell_Start,Button: 3,Dwell_Started
17:03:18.114,EyeTracking,TestUI,Dwell_Start,Button: 3,Dwell_Started
17:03:18.126,EyeTracking,TestUI,Dwell_Start,Button: 3,Dwell_Started
17:03:18.137,EyeTracking,TestUI,Dwell_Start,Button: 3,Dwell_Started
17:03:18.149,EyeTracking,TestUI,Dwell_Start,Button: 3,Dwell_Started
17:03:18.159,EyeTracking,TestUI,Dwell_Start,Button: 3,Dwell_Started
17:03:18.171,EyeTracking,TestUI,Dwell_Start,Button: 3,Dwell_Started
17:03:18.181,EyeTracking,TestUI,Dwell_Start,Button: 3,Dwell_Started
17:03:18.192,EyeTracking,TestUI,Dwell_Start,Button: 3,Dwell_Started
17:03:18.204,EyeTracking,TestUI,Dwell_Start,Button: 3,Dwell_Started
17:03:18.215,EyeTracking,TestUI,Dwell_Start,Button: 3,Dwell_Started
17:03:18.226,EyeTracking,TestUI,Dwell_Start,Button: 3,Dwell_Started
17:03:18.238,EyeTracking,TestUI,Dwell_Start,Button: 3,Dwell_Started
17:03:18.248,EyeTracking,TestUI,Dwell_Start,Button: 3,Dwell_Started
17:03:18.259,EyeTracking,TestUI,Dwell_Start,Button: 3,Dwell_Started
17:03:18.271,EyeTracking,TestUI,Dwell_Start,Button: 3,Dwell_Started
17:03:18.282,EyeTracking,TestUI,Dwell_Start,Button: 3,Dwell_Started
17:03:18.293,EyeTracking,TestUI,Dwell_Start,Button: 3,Dwell_Started
17:03:18.304,EyeTracking,TestUI,Dwell_Start,Button: 3,Dwell_Started
17:03:18.316,EyeTracking,TestUI,Dwell_Start,Button: 3,Dwell_Started
17:03:18.327,EyeTracking,TestUI,Dwell_Start,Button: 3,Dwell_Started
17:03:18.337,EyeTracking,TestUI,Dwell_Start,Button: 3,Dwell_Started
17:03:18.348,EyeTracking,TestUI,Dwell_Start,Button: 3,Dwell_Started
17:03:18.358,EyeTracking,TestUI,Dwell_Start,Button: 3,Dwell_Started
17:03:18.370,EyeTracking,TestUI,Dwell_Start,Button: 3,Dwell_Started
17:03:18.381,EyeTracking,TestUI,Dwell_Start,Button: 3,Dwell_Started
17:03:18.392,EyeTracking,TestUI,Dwell_Start,Button: 3,Dwell_Started
17:03:18.404,EyeTracking,TestUI,Dwell_Start,Button: 3,Dwell_Started
17:03:18.414,EyeTracking,TestUI,Dwell_Start,Button: 3,Dwell_Started
17:03:18.426,EyeTracking,TestUI,Dwell_Start,Button: 3,Dwell_Started
17:03:18.437,EyeTracking,TestUI,Dwell_Start,Button: 3,Dwell_Started
17:03:18.448,EyeTracking,TestUI,Dwell_Start,Button: 3,Dwell_Started
17:03:18.459,EyeTracking,TestUI,Dwell_Start,Button: 3,Dwell_Started
17:03:18.470,EyeTracking,TestUI,Dwell_Start,Button: 3,Dwell_Started
17:03:18.481,EyeTracking,TestUI,Dwell_Start,Button: 3,Dwell_Started
17:03:18.491,EyeTracking,TestUI,Dwell_Start,Button: 3,Dwell_Started
17:03:18.505,EyeTracking,TestUI,Dwell_Start,Button: 3,Dwell_Started
17:03:18.515,EyeTracking,TestUI,Dwell_Start,Button: 3,Dwell_Started
17:03:18.526,EyeTracking,TestUI,Dwell_Start,Button: 3,Dwell_Started
17:03:18.537,EyeTracking,TestUI,Dwell_Start,Button: 3,Dwell_Started
17:03:18.548,EyeTracking,TestUI,Dwell_Start,Button: 3,Dwell_Started
17:03:18.559,EyeTracking,TestUI,Dwell_Start,Button: 3,Dwell_Started
17:03:18.570,EyeTracking,TestUI,Hover_Exit,Button: 3,Hover_Exit
17:03:18.625,EyeTracking,TestUI,Hover_Enter,Button: 3,Hovering
17:03:18.625,EyeTracking,TestUI,Dwell_Start,Button: 3,Dwell_Started
17:03:18.637,EyeTracking,TestUI,Hover_Exit,Button: 3,Hover_Exit
17:03:18.737,EyeTracking,TestUI,Hover_Enter,Button: 3,Hovering
17:03:18.737,EyeTracking,TestUI,Dwell_Start,Button: 3,Dwell_Started
17:03:18.748,EyeTracking,TestUI,Dwell_Start,Button: 3,Dwell_Started
17:03:18.759,EyeTracking,TestUI,Dwell_Start,Button: 3,Dwell_Started
17:03:18.770,EyeTracking,TestUI,Dwell_Start,Button: 3,Dwell_Started
17:03:18.781,EyeTracking,TestUI,Dwell_Start,Button: 3,Dwell_Started
17:03:18.791,EyeTracking,TestUI,Dwell_Start,Button: 3,Dwell_Started
17:03:18.802,EyeTracking,TestUI,Dwell_Start,Button: 3,Dwell_Started
17:03:18.815,EyeTracking,TestUI,Dwell_Start,Button: 3,Dwell_Started
17:03:18.826,EyeTracking,TestUI,Dwell_Start,Button: 3,Dwell_Started
17:03:18.837,EyeTracking,TestUI,Dwell_Start,Button: 3,Dwell_Started
17:03:18.848,EyeTracking,TestUI,Dwell_Start,Button: 3,Dwell_Started
17:03:18.859,EyeTracking,TestUI,Dwell_Start,Button: 3,Dwell_Started
17:03:18.871,EyeTracking,TestUI,Dwell_Start,Button: 3,Dwell_Started
17:03:18.881,EyeTracking,TestUI,Dwell_Start,Button: 3,Dwell_Started
17:03:18.892,EyeTracking,TestUI,Dwell_Start,Button: 3,Dwell_Started
17:03:18.903,EyeTracking,TestUI,Dwell_Start,Button: 3,Dwell_Started
17:03:18.914,EyeTracking,TestUI,Dwell_Start,Button: 3,Dwell_Started
17:03:18.925,EyeTracking,TestUI,Dwell_Start,Button: 3,Dwell_Started
17:03:18.938,EyeTracking,TestUI,Dwell_Start,Button: 3,Dwell_Started
17:03:18.948,EyeTracking,TestUI,Dwell_Start,Button: 3,Dwell_Started
17:03:18.958,EyeTracking,TestUI,Dwell_Start,Button: 3,Dwell_Started
17:03:18.971,EyeTracking,TestUI,Hover_Exit,Button: 3,Hover_Exit
17:03:19.603,EyeTracking,TestUI,Hover_Enter,Button: 3,Hovering
17:03:19.603,EyeTracking,TestUI,Dwell_Start,Button: 3,Dwell_Started
17:03:19.614,EyeTracking,TestUI,Dwell_Start,Button: 3,Dwell_Started
17:03:19.625,EyeTracking,TestUI,Hover_Exit,Button: 3,Hover_Exit
17:03:19.837,EyeTracking,TestUI,Hover_Enter,Button: 3,Hovering
17:03:19.837,EyeTracking,TestUI,Dwell_Start,Button: 3,Dwell_Started
17:03:19.847,EyeTracking,TestUI,Dwell_Start,Button: 3,Dwell_Started
17:03:19.857,EyeTracking,TestUI,Dwell_Start,Button: 3,Dwell_Started
17:03:19.871,EyeTracking,TestUI,Dwell_Start,Button: 3,Dwell_Started
17:03:19.881,EyeTracking,TestUI,Dwell_Start,Button: 3,Dwell_Started
17:03:19.892,EyeTracking,TestUI,Dwell_Start,Button: 3,Dwell_Started
17:03:19.903,EyeTracking,TestUI,Dwell_Start,Button: 3,Dwell_Started
17:03:19.914,EyeTracking,TestUI,Dwell_Start,Button: 3,Dwell_Started
17:03:19.924,EyeTracking,TestUI,Dwell_Start,Button: 3,Dwell_Started
17:03:19.936,EyeTracking,TestUI,Hover_Exit,Button: 3,Hover_Exit
17:03:20.025,EyeTracking,TestUI,Hover_Enter,Button: 3,Hovering
17:03:20.025,EyeTracking,TestUI,Dwell_Start,Button: 3,Dwell_Started
17:03:20.037,EyeTracking,TestUI,Dwell_Start,Button: 3,Dwell_Started
17:03:20.047,EyeTracking,TestUI,Dwell_Start,Button: 3,Dwell_Started
17:03:20.060,EyeTracking,TestUI,Dwell_Start,Button: 3,Dwell_Started
17:03:20.069,EyeTracking,TestUI,Dwell_Start,Button: 3,Dwell_Started
17:03:20.079,EyeTracking,TestUI,Dwell_Start,Button: 3,Dwell_Started
17:03:20.092,EyeTracking,TestUI,Dwell_Start,Button: 3,Dwell_Started
17:03:20.102,EyeTracking,TestUI,Dwell_Start,Button: 3,Dwell_Started
17:03:20.114,EyeTracking,TestUI,Dwell_Start,Button: 3,Dwell_Started
17:03:20.125,EyeTracking,TestUI,Dwell_Start,Button: 3,Dwell_Started
17:03:20.135,EyeTracking,TestUI,Dwell_Start,Button: 3,Dwell_Started
17:03:20.146,EyeTracking,TestUI,Dwell_Start,Button: 3,Dwell_Started
17:03:20.157,EyeTracking,TestUI,Dwell_Start,Button: 3,Dwell_Started
17:03:20.169,EyeTracking,TestUI,Dwell_Start,Button: 3,Dwell_Started
17:03:20.179,EyeTracking,TestUI,Dwell_Start,Button: 3,Dwell_Started
17:03:20.191,EyeTracking,TestUI,Dwell_Start,Button: 3,Dwell_Started
17:03:20.203,EyeTracking,TestUI,Dwell_Start,Button: 3,Dwell_Started
17:03:20.214,EyeTracking,TestUI,Hover_Exit,Button: 3,Hover_Exit
17:03:20.514,EyeTracking,TestUI,Hover_Enter,Button: 3,Hovering
17:03:20.514,EyeTracking,TestUI,Dwell_Start,Button: 3,Dwell_Started
17:03:20.525,EyeTracking,TestUI,Dwell_Start,Button: 3,Dwell_Started
17:03:20.536,EyeTracking,TestUI,Dwell_Start,Button: 3,Dwell_Started
17:03:20.547,EyeTracking,TestUI,Dwell_Start,Button: 3,Dwell_Started
17:03:20.558,EyeTracking,TestUI,Hover_Exit,Button: 3,Hover_Exit
17:03:20.569,EyeTracking,TestUI,Hover_Enter,Button: 3,Hovering
17:03:20.569,EyeTracking,TestUI,Dwell_Start,Button: 3,Dwell_Started
17:03:20.579,EyeTracking,TestUI,Hover_Exit,Button: 3,Hover_Exit
17:03:20.636,EyeTracking,TestUI,Hover_Enter,Button: 3,Hovering
17:03:20.636,EyeTracking,TestUI,Dwell_Start,Button: 3,Dwell_Started
17:03:20.648,EyeTracking,TestUI,Dwell_Start,Button: 3,Dwell_Started
17:03:20.657,EyeTracking,TestUI,Dwell_Start,Button: 3,Dwell_Started
17:03:20.668,EyeTracking,TestUI,Dwell_Start,Button: 3,Dwell_Started
17:03:20.679,EyeTracking,TestUI,Dwell_Start,Button: 3,Dwell_Started
17:03:20.691,EyeTracking,TestUI,Dwell_Start,Button: 3,Dwell_Started
17:03:20.702,EyeTracking,TestUI,Dwell_Start,Button: 3,Dwell_Started
17:03:20.714,EyeTracking,TestUI,Dwell_Start,Button: 3,Dwell_Started
17:03:20.725,EyeTracking,TestUI,Dwell_Start,Button: 3,Dwell_Started
17:03:20.736,EyeTracking,TestUI,Dwell_Start,Button: 3,Dwell_Started
17:03:20.746,EyeTracking,TestUI,Dwell_Start,Button: 3,Dwell_Started
17:03:20.758,EyeTracking,TestUI,Dwell_Start,Button: 3,Dwell_Started
17:03:20.769,EyeTracking,TestUI,Dwell_Start,Button: 3,Dwell_Started
17:03:20.779,EyeTracking,TestUI,Dwell_Start,Button: 3,Dwell_Started
17:03:20.791,EyeTracking,TestUI,Dwell_Start,Button: 3,Dwell_Started
17:03:20.802,EyeTracking,TestUI,Dwell_Start,Button: 3,Dwell_Started
17:03:20.813,EyeTracking,TestUI,Dwell_Start,Button: 3,Dwell_Started
17:03:20.825,EyeTracking,TestUI,Dwell_Start,Button: 3,Dwell_Started
17:03:20.836,EyeTracking,TestUI,Dwell_Start,Button: 3,Dwell_Started
17:03:20.846,EyeTracking,TestUI,Dwell_Start,Button: 3,Dwell_Started
17:03:20.858,EyeTracking,TestUI,Dwell_Start,Button: 3,Dwell_Started
17:03:20.870,EyeTracking,TestUI,Dwell_Start,Button: 3,Dwell_Started
17:03:20.880,EyeTracking,TestUI,Dwell_Start,Button: 3,Dwell_Started
17:03:20.891,EyeTracking,TestUI,Dwell_Start,Button: 3,Dwell_Started
17:03:20.902,EyeTracking,TestUI,Dwell_Start,Button: 3,Dwell_Started
17:03:20.914,EyeTracking,TestUI,Dwell_Start,Button: 3,Dwell_Started
17:03:20.924,EyeTracking,TestUI,Dwell_Start,Button: 3,Dwell_Started
17:03:20.937,EyeTracking,TestUI,Dwell_Start,Button: 3,Dwell_Started
17:03:20.947,EyeTracking,TestUI,Dwell_Start,Button: 3,Dwell_Started
17:03:20.957,EyeTracking,TestUI,Hover_Exit,Button: 3,Hover_Exit
17:03:21.833,EyeTracking,TestUI,Hover_Enter,Button: 3,Hovering
17:03:21.833,EyeTracking,TestUI,Dwell_Start,Button: 3,Dwell_Started
17:03:21.845,EyeTracking,TestUI,Dwell_Start,Button: 3,Dwell_Started
17:03:21.856,EyeTracking,TestUI,Dwell_Start,Button: 3,Dwell_Started
17:03:21.867,EyeTracking,TestUI,Dwell_Start,Button: 3,Dwell_Started
17:03:21.879,EyeTracking,TestUI,Dwell_Start,Button: 3,Dwell_Started
17:03:21.889,EyeTracking,TestUI,Hover_Exit,Button: 3,Hover_Exit
17:03:21.912,EyeTracking,TestUI,Hover_Enter,Button: 3,Hovering
17:03:21.912,EyeTracking,TestUI,Dwell_Start,Button: 3,Dwell_Started
17:03:21.924,EyeTracking,TestUI,Dwell_Start,Button: 3,Dwell_Started
17:03:21.936,EyeTracking,TestUI,Dwell_Start,Button: 3,Dwell_Started
17:03:21.946,EyeTracking,TestUI,Dwell_Start,Button: 3,Dwell_Started
17:03:21.957,EyeTracking,TestUI,Dwell_Start,Button: 3,Dwell_Started
17:03:21.967,EyeTracking,TestUI,Dwell_Start,Button: 3,Dwell_Started
17:03:21.979,EyeTracking,TestUI,Dwell_Start,Button: 3,Dwell_Started
17:03:21.990,EyeTracking,TestUI,Dwell_Start,Button: 3,Dwell_Started
17:03:22.002,EyeTracking,TestUI,Dwell_Start,Button: 3,Dwell_Started
17:03:22.012,EyeTracking,TestUI,Dwell_Start,Button: 3,Dwell_Started
17:03:22.024,EyeTracking,TestUI,Dwell_Start,Button: 3,Dwell_Started
17:03:22.036,EyeTracking,TestUI,Dwell_Start,Button: 3,Dwell_Started
17:03:22.047,EyeTracking,TestUI,Dwell_Start,Button: 3,Dwell_Started
17:03:22.057,EyeTracking,TestUI,Dwell_Start,Button: 3,Dwell_Started
17:03:22.067,EyeTracking,TestUI,Dwell_Start,Button: 3,Dwell_Started
17:03:22.079,EyeTracking,TestUI,Dwell_Start,Button: 3,Dwell_Started
17:03:22.089,EyeTracking,TestUI,Dwell_Start,Button: 3,Dwell_Started
17:03:22.102,EyeTracking,TestUI,Dwell_Start,Button: 3,Dwell_Started
17:03:22.113,EyeTracking,TestUI,Dwell_Start,Button: 3,Dwell_Started
17:03:22.124,EyeTracking,TestUI,Dwell_Start,Button: 3,Dwell_Started
17:03:22.135,EyeTracking,TestUI,Dwell_Start,Button: 3,Dwell_Started
17:03:22.147,EyeTracking,TestUI,Dwell_Start,Button: 3,Dwell_Started
17:03:22.157,EyeTracking,TestUI,Dwell_Start,Button: 3,Dwell_Started
17:03:22.167,EyeTracking,TestUI,Dwell_Start,Button: 3,Dwell_Started
17:03:22.179,EyeTracking,TestUI,Dwell_Start,Button: 3,Dwell_Started
17:03:22.189,EyeTracking,TestUI,Dwell_Start,Button: 3,Dwell_Started
17:03:22.201,EyeTracking,TestUI,Dwell_Start,Button: 3,Dwell_Started
17:03:22.212,EyeTracking,TestUI,Dwell_Start,Button: 3,Dwell_Started
17:03:22.224,EyeTracking,TestUI,Dwell_Start,Button: 3,Dwell_Started
17:03:22.235,EyeTracking,TestUI,Dwell_Start,Button: 3,Dwell_Started
17:03:22.247,EyeTracking,TestUI,Dwell_Start,Button: 3,Dwell_Started
17:03:22.257,EyeTracking,TestUI,Dwell_Start,Button: 3,Dwell_Started
17:03:22.269,EyeTracking,TestUI,Dwell_Start,Button: 3,Dwell_Started
17:03:22.279,EyeTracking,TestUI,Dwell_Start,Button: 3,Dwell_Started
17:03:22.289,EyeTracking,TestUI,Dwell_Start,Button: 3,Dwell_Started
17:03:22.303,EyeTracking,TestUI,Dwell_Start,Button: 3,Dwell_Started
17:03:22.312,EyeTracking,TestUI,Dwell_Start,Button: 3,Dwell_Started
17:03:22.324,EyeTracking,TestUI,Dwell_Start,Button: 3,Dwell_Started
17:03:22.334,EyeTracking,TestUI,Dwell_Start,Button: 3,Dwell_Started
17:03:22.346,EyeTracking,TestUI,Dwell_Start,Button: 3,Dwell_Started
17:03:22.357,EyeTracking,TestUI,Dwell_Start,Button: 3,Dwell_Started
17:03:22.367,EyeTracking,TestUI,Dwell_Start,Button: 3,Dwell_Started
17:03:22.378,EyeTracking,TestUI,Dwell_Start,Button: 3,Dwell_Started
17:03:22.390,EyeTracking,TestUI,Dwell_Start,Button: 3,Dwell_Started
17:03:22.403,EyeTracking,TestUI,Dwell_Start,Button: 3,Dwell_Started
17:03:22.412,EyeTracking,TestUI,Dwell_Start,Button: 3,Dwell_Started
17:03:22.424,EyeTracking,TestUI,Dwell_Start,Button: 3,Dwell_Started
17:03:22.434,EyeTracking,TestUI,Dwell_Start,Button: 3,Dwell_Started
17:03:22.447,EyeTracking,TestUI,Dwell_Start,Button: 3,Dwell_Started
17:03:22.457,EyeTracking,TestUI,Dwell_Start,Button: 3,Dwell_Started
17:03:22.467,EyeTracking,TestUI,Dwell_Start,Button: 3,Dwell_Started
17:03:22.480,EyeTracking,TestUI,Dwell_Start,Button: 3,Dwell_Started
17:03:22.489,EyeTracking,TestUI,Dwell_Start,Button: 3,Dwell_Started
17:03:22.502,EyeTracking,TestUI,Dwell_Start,Button: 3,Dwell_Started
17:03:22.513,EyeTracking,TestUI,Dwell_Start,Button: 3,Dwell_Started
17:03:22.523,EyeTracking,TestUI,Dwell_Start,Button: 3,Dwell_Started
17:03:22.535,EyeTracking,TestUI,Dwell_Start,Button: 3,Dwell_Started
17:03:22.546,EyeTracking,TestUI,Dwell_Start,Button: 3,Dwell_Started
17:03:22.557,EyeTracking,TestUI,Dwell_Start,Button: 3,Dwell_Started
17:03:22.567,EyeTracking,TestUI,Dwell_Start,Button: 3,Dwell_Started
17:03:22.578,EyeTracking,TestUI,Dwell_Start,Button: 3,Dwell_Started
17:03:22.590,EyeTracking,TestUI,Dwell_Start,Button: 3,Dwell_Started
17:03:22.602,EyeTracking,TestUI,Dwell_Start,Button: 3,Dwell_Started
17:03:22.612,EyeTracking,TestUI,Dwell_Start,Button: 3,Dwell_Started
17:03:22.624,EyeTracking,TestUI,Dwell_Start,Button: 3,Dwell_Started
17:03:22.635,EyeTracking,TestUI,Dwell_Start,Button: 3,Dwell_Started
17:03:22.645,EyeTracking,TestUI,Dwell_Start,Button: 3,Dwell_Started
17:03:22.656,EyeTracking,TestUI,Dwell_Start,Button: 3,Dwell_Started
17:03:22.667,EyeTracking,TestUI,Dwell_Start,Button: 3,Dwell_Started
17:03:22.679,EyeTracking,TestUI,Dwell_Start,Button: 3,Dwell_Started
17:03:22.690,EyeTracking,TestUI,Dwell_Start,Button: 3,Dwell_Started
17:03:22.702,EyeTracking,TestUI,Dwell_Start,Button: 3,Dwell_Started
17:03:22.712,EyeTracking,TestUI,Dwell_Start,Button: 3,Dwell_Started
17:03:22.724,EyeTracking,TestUI,Dwell_Start,Button: 3,Dwell_Started
17:03:22.734,EyeTracking,TestUI,Dwell_Start,Button: 3,Dwell_Started
17:03:22.745,EyeTracking,TestUI,Dwell_Start,Button: 3,Dwell_Started
17:03:22.757,EyeTracking,TestUI,Dwell_Start,Button: 3,Dwell_Started
17:03:22.767,EyeTracking,TestUI,Dwell_Start,Button: 3,Dwell_Started
17:03:22.779,EyeTracking,TestUI,Dwell_Start,Button: 3,Dwell_Started
17:03:22.790,EyeTracking,TestUI,Dwell_Start,Button: 3,Dwell_Started
17:03:22.801,EyeTracking,TestUI,Dwell_Start,Button: 3,Dwell_Started
17:03:22.812,EyeTracking,TestUI,Dwell_Start,Button: 3,Dwell_Started
17:03:22.824,EyeTracking,TestUI,Dwell_Start,Button: 3,Dwell_Started
17:03:22.835,EyeTracking,TestUI,Dwell_Start,Button: 3,Dwell_Started
17:03:22.846,EyeTracking,TestUI,Dwell_Start,Button: 3,Dwell_Started
17:03:22.857,EyeTracking,TestUI,Dwell_Start,Button: 3,Dwell_Started
17:03:22.867,EyeTracking,TestUI,Dwell_Start,Button: 3,Dwell_Started
17:03:22.879,EyeTracking,TestUI,Dwell_Start,Button: 3,Dwell_Started
17:03:22.890,EyeTracking,TestUI,Dwell_Start,Button: 3,Dwell_Started
17:03:22.902,EyeTracking,TestUI,Dwell_Start,Button: 3,Dwell_Started
17:03:22.912,EyeTracking,TestUI,Dwell_Start,Button: 3,Dwell_Started
17:03:22.923,EyeTracking,TestUI,Dwell_Start,Button: 3,Dwell_Started
17:03:22.934,EyeTracking,TestUI,Dwell_Start,Button: 3,Dwell_Started
17:03:22.947,EyeTracking,TestUI,Dwell_Start,Button: 3,Dwell_Started
17:03:22.957,EyeTracking,TestUI,Dwell_Start,Button: 3,Dwell_Started
17:03:22.967,EyeTracking,TestUI,Dwell_Start,Button: 3,Dwell_Started
17:03:22.979,EyeTracking,TestUI,Dwell_Start,Button: 3,Dwell_Started
17:03:22.989,EyeTracking,TestUI,Dwell_Start,Button: 3,Dwell_Started
17:03:23.001,EyeTracking,TestUI,Dwell_Start,Button: 3,Dwell_Started
17:03:23.013,EyeTracking,TestUI,Dwell_Start,Button: 3,Dwell_Started
17:03:23.024,EyeTracking,TestUI,Dwell_Start,Button: 3,Dwell_Started
17:03:23.035,EyeTracking,TestUI,Dwell_Start,Button: 3,Dwell_Started
17:03:23.047,EyeTracking,TestUI,Dwell_Start,Button: 3,Dwell_Started
17:03:23.056,EyeTracking,TestUI,Dwell_Start,Button: 3,Dwell_Started
17:03:23.067,EyeTracking,TestUI,Dwell_Start,Button: 3,Dwell_Started
17:03:23.079,EyeTracking,TestUI,Dwell_Start,Button: 3,Dwell_Started
17:03:23.089,EyeTracking,TestUI,Dwell_Start,Button: 3,Dwell_Started
17:03:23.100,EyeTracking,TestUI,Dwell_Start,Button: 3,Dwell_Started
17:03:23.114,EyeTracking,TestUI,Dwell_Start,Button: 3,Dwell_Started
17:03:23.124,EyeTracking,TestUI,Dwell_Start,Button: 3,Dwell_Started
17:03:23.134,EyeTracking,TestUI,Dwell_Start,Button: 3,Dwell_Started
17:03:23.146,EyeTracking,TestUI,Dwell_Start,Button: 3,Dwell_Started
17:03:23.157,EyeTracking,TestUI,Dwell_Start,Button: 3,Dwell_Started
17:03:23.168,EyeTracking,TestUI,Dwell_Start,Button: 3,Dwell_Started
17:03:23.179,EyeTracking,TestUI,Dwell_Start,Button: 3,Dwell_Started
17:03:23.189,EyeTracking,TestUI,Dwell_Start,Button: 3,Dwell_Started
17:03:23.202,EyeTracking,TestUI,Dwell_Start,Button: 3,Dwell_Started
17:03:23.212,EyeTracking,TestUI,Dwell_Start,Button: 3,Dwell_Started
17:03:23.224,EyeTracking,TestUI,Dwell_Start,Button: 3,Dwell_Started
17:03:23.235,EyeTracking,TestUI,Dwell_Start,Button: 3,Dwell_Started
17:03:23.245,EyeTracking,TestUI,Dwell_Start,Button: 3,Dwell_Started
17:03:23.257,EyeTracking,TestUI,Dwell_Start,Button: 3,Dwell_Started
17:03:23.268,EyeTracking,TestUI,Dwell_Start,Button: 3,Dwell_Started
17:03:23.279,EyeTracking,TestUI,Dwell_Start,Button: 3,Dwell_Started
17:03:23.289,EyeTracking,TestUI,Dwell_Start,Button: 3,Dwell_Started
17:03:23.300,EyeTracking,TestUI,Dwell_Start,Button: 3,Dwell_Started
17:03:23.312,EyeTracking,TestUI,Dwell_Start,Button: 3,Dwell_Started
17:03:23.323,EyeTracking,TestUI,Dwell_Start,Button: 3,Dwell_Started
17:03:23.334,EyeTracking,TestUI,Dwell_Start,Button: 3,Dwell_Started
17:03:23.346,EyeTracking,TestUI,Dwell_Start,Button: 3,Dwell_Started
17:03:23.357,EyeTracking,TestUI,Dwell_Start,Button: 3,Dwell_Started
17:03:23.367,EyeTracking,TestUI,Dwell_Start,Button: 3,Dwell_Started
17:03:23.378,EyeTracking,TestUI,Dwell_Start,Button: 3,Dwell_Started
17:03:23.388,EyeTracking,TestUI,Dwell_Start,Button: 3,Dwell_Started
17:03:23.400,EyeTracking,TestUI,Dwell_Start,Button: 3,Dwell_Started
17:03:23.411,EyeTracking,TestUI,Dwell_Start,Button: 3,Dwell_Started
17:03:23.411,EyeTracking,TestUI,Dwell_Complete,Button: 3,Dwelling_Completed
17:03:23.411,EyeTracking,TestUI,Flicker_Start,3,Flicker_Start
17:03:25.422,EyeTracking,TestUI,Flicker_End,Button: 3,Flicker_End
17:03:25.422,EyeTracking,TestUI,Action_Executed,Button: 3; Action: TestUI,Execution_Proceeding
17:03:25.433,EyeTracking,TestUI,Dwell_Start,Button: 3,Dwell_Started
17:03:25.444,EyeTracking,TestUI,Dwell_Start,Button: 3,Dwell_Started
17:03:25.455,EyeTracking,TestUI,Dwell_Start,Button: 3,Dwell_Started
17:03:25.466,EyeTracking,TestUI,Dwell_Start,Button: 3,Dwell_Started
17:03:25.479,EyeTracking,TestUI,Dwell_Start,Button: 3,Dwell_Started
17:03:25.488,EyeTracking,TestUI,Dwell_Start,Button: 3,Dwell_Started
17:03:25.500,EyeTracking,TestUI,Dwell_Start,Button: 3,Dwell_Started
17:03:25.511,EyeTracking,TestUI,Dwell_Start,Button: 3,Dwell_Started
17:03:25.522,EyeTracking,TestUI,Dwell_Start,Button: 3,Dwell_Started
17:03:25.533,EyeTracking,TestUI,Dwell_Start,Button: 3,Dwell_Started
17:03:25.545,EyeTracking,TestUI,Dwell_Start,Button: 3,Dwell_Started
17:03:25.556,EyeTracking,TestUI,Dwell_Start,Button: 3,Dwell_Started
17:03:25.566,EyeTracking,TestUI,Dwell_Start,Button: 3,Dwell_Started
17:03:25.577,EyeTracking,TestUI,Dwell_Start,Button: 3,Dwell_Started
17:03:25.589,EyeTracking,TestUI,Dwell_Start,Button: 3,Dwell_Started
17:03:25.599,EyeTracking,TestUI,Dwell_Start,Button: 3,Dwell_Started
17:03:25.612,EyeTracking,TestUI,Dwell_Start,Button: 3,Dwell_Started
17:03:25.623,EyeTracking,TestUI,Dwell_Start,Button: 3,Dwell_Started
17:03:25.634,EyeTracking,TestUI,Dwell_Start,Button: 3,Dwell_Started
17:03:25.645,EyeTracking,TestUI,Dwell_Start,Button: 3,Dwell_Started
17:03:25.655,EyeTracking,TestUI,Dwell_Start,Button: 3,Dwell_Started
17:03:25.666,EyeTracking,TestUI,Dwell_Start,Button: 3,Dwell_Started
17:03:25.678,EyeTracking,TestUI,Dwell_Start,Button: 3,Dwell_Started
17:03:25.689,EyeTracking,TestUI,Dwell_Start,Button: 3,Dwell_Started
17:03:25.699,EyeTracking,TestUI,Dwell_Start,Button: 3,Dwell_Started
17:03:25.710,EyeTracking,TestUI,Hover_Exit,Button: 3,Hover_Exit
17:03:25.744,EyeTracking,TestUI,Hover_Enter,Button: 9,Hovering
17:03:25.744,EyeTracking,TestUI,Dwell_Start,Button: 9,Dwell_Started
17:03:25.754,EyeTracking,TestUI,Dwell_Start,Button: 9,Dwell_Started
17:03:25.767,EyeTracking,TestUI,Dwell_Start,Button: 9,Dwell_Started
17:03:25.777,EyeTracking,TestUI,Dwell_Start,Button: 9,Dwell_Started
17:03:25.789,EyeTracking,TestUI,Dwell_Start,Button: 9,Dwell_Started
17:03:25.799,EyeTracking,TestUI,Dwell_Start,Button: 9,Dwell_Started
17:03:25.810,EyeTracking,TestUI,Dwell_Start,Button: 9,Dwell_Started
17:03:25.822,EyeTracking,TestUI,Dwell_Start,Button: 9,Dwell_Started
17:03:25.833,EyeTracking,TestUI,Dwell_Start,Button: 9,Dwell_Started
17:03:25.845,EyeTracking,TestUI,Dwell_Start,Button: 9,Dwell_Started
17:03:25.854,EyeTracking,TestUI,Dwell_Start,Button: 9,Dwell_Started
17:03:25.867,EyeTracking,TestUI,Dwell_Start,Button: 9,Dwell_Started
17:03:25.877,EyeTracking,TestUI,Dwell_Start,Button: 9,Dwell_Started
17:03:25.887,EyeTracking,TestUI,Dwell_Start,Button: 9,Dwell_Started
17:03:25.899,EyeTracking,TestUI,Dwell_Start,Button: 9,Dwell_Started
17:03:25.911,EyeTracking,TestUI,Dwell_Start,Button: 9,Dwell_Started
17:03:25.922,EyeTracking,TestUI,Dwell_Start,Button: 9,Dwell_Started
17:03:25.932,EyeTracking,TestUI,Dwell_Start,Button: 9,Dwell_Started
17:03:25.944,EyeTracking,TestUI,Dwell_Start,Button: 9,Dwell_Started
17:03:25.956,EyeTracking,TestUI,Dwell_Start,Button: 9,Dwell_Started
17:03:25.967,EyeTracking,TestUI,Dwell_Start,Button: 9,Dwell_Started
17:03:25.977,EyeTracking,TestUI,Dwell_Start,Button: 9,Dwell_Started
17:03:25.989,EyeTracking,TestUI,Dwell_Start,Button: 9,Dwell_Started
17:03:25.999,EyeTracking,TestUI,Dwell_Start,Button: 9,Dwell_Started
17:03:26.011,EyeTracking,TestUI,Dwell_Start,Button: 9,Dwell_Started
17:03:26.021,EyeTracking,TestUI,Dwell_Start,Button: 9,Dwell_Started
17:03:26.033,EyeTracking,TestUI,Dwell_Start,Button: 9,Dwell_Started
17:03:26.044,EyeTracking,TestUI,Dwell_Start,Button: 9,Dwell_Started
17:03:26.056,EyeTracking,TestUI,Dwell_Start,Button: 9,Dwell_Started
17:03:26.066,EyeTracking,TestUI,Dwell_Start,Button: 9,Dwell_Started
17:03:26.078,EyeTracking,TestUI,Dwell_Start,Button: 9,Dwell_Started
17:03:26.089,EyeTracking,TestUI,Dwell_Start,Button: 9,Dwell_Started
17:03:26.099,EyeTracking,TestUI,Dwell_Start,Button: 9,Dwell_Started
17:03:26.110,EyeTracking,TestUI,Dwell_Start,Button: 9,Dwell_Started
17:03:26.122,EyeTracking,TestUI,Dwell_Start,Button: 9,Dwell_Started
17:03:26.132,EyeTracking,TestUI,Dwell_Start,Button: 9,Dwell_Started
17:03:26.143,EyeTracking,TestUI,Dwell_Start,Button: 9,Dwell_Started
17:03:26.155,EyeTracking,TestUI,Dwell_Start,Button: 9,Dwell_Started
17:03:26.166,EyeTracking,TestUI,Dwell_Start,Button: 9,Dwell_Started
17:03:26.177,EyeTracking,TestUI,Dwell_Start,Button: 9,Dwell_Started
17:03:26.189,EyeTracking,TestUI,Dwell_Start,Button: 9,Dwell_Started
17:03:26.199,EyeTracking,TestUI,Dwell_Start,Button: 9,Dwell_Started
17:03:26.211,EyeTracking,TestUI,Dwell_Start,Button: 9,Dwell_Started
17:03:26.222,EyeTracking,TestUI,Dwell_Start,Button: 9,Dwell_Started
17:03:26.233,EyeTracking,TestUI,Dwell_Start,Button: 9,Dwell_Started
17:03:26.243,EyeTracking,TestUI,Dwell_Start,Button: 9,Dwell_Started
17:03:26.255,EyeTracking,TestUI,Dwell_Start,Button: 9,Dwell_Started
17:03:26.267,EyeTracking,TestUI,Dwell_Start,Button: 9,Dwell_Started
17:03:26.277,EyeTracking,TestUI,Dwell_Start,Button: 9,Dwell_Started
17:03:26.288,EyeTracking,TestUI,Dwell_Start,Button: 9,Dwell_Started
17:03:26.299,EyeTracking,TestUI,Dwell_Start,Button: 9,Dwell_Started
17:03:26.311,EyeTracking,TestUI,Dwell_Start,Button: 9,Dwell_Started
17:03:26.322,EyeTracking,TestUI,Dwell_Start,Button: 9,Dwell_Started
17:03:26.333,EyeTracking,TestUI,Dwell_Start,Button: 9,Dwell_Started
17:03:26.344,EyeTracking,TestUI,Dwell_Start,Button: 9,Dwell_Started
17:03:26.354,EyeTracking,TestUI,Dwell_Start,Button: 9,Dwell_Started
17:03:26.365,EyeTracking,TestUI,Dwell_Start,Button: 9,Dwell_Started
17:03:26.377,EyeTracking,TestUI,Dwell_Start,Button: 9,Dwell_Started
17:03:26.389,EyeTracking,TestUI,Dwell_Start,Button: 9,Dwell_Started
17:03:26.400,EyeTracking,TestUI,Dwell_Start,Button: 9,Dwell_Started
17:03:26.411,EyeTracking,TestUI,Dwell_Start,Button: 9,Dwell_Started
17:03:26.421,EyeTracking,TestUI,Dwell_Start,Button: 9,Dwell_Started
17:03:26.432,EyeTracking,TestUI,Dwell_Start,Button: 9,Dwell_Started
17:03:26.443,EyeTracking,TestUI,Dwell_Start,Button: 9,Dwell_Started
17:03:26.455,EyeTracking,TestUI,Dwell_Start,Button: 9,Dwell_Started
17:03:26.466,EyeTracking,TestUI,Dwell_Start,Button: 9,Dwell_Started
17:03:26.477,EyeTracking,TestUI,Dwell_Start,Button: 9,Dwell_Started
17:03:26.489,EyeTracking,TestUI,Dwell_Start,Button: 9,Dwell_Started
17:03:26.499,EyeTracking,TestUI,Dwell_Start,Button: 9,Dwell_Started
17:03:26.509,EyeTracking,TestUI,Dwell_Start,Button: 9,Dwell_Started
17:03:26.522,EyeTracking,TestUI,Dwell_Start,Button: 9,Dwell_Started
17:03:26.532,EyeTracking,TestUI,Dwell_Start,Button: 9,Dwell_Started
17:03:26.544,EyeTracking,TestUI,Dwell_Start,Button: 9,Dwell_Started
17:03:26.553,EyeTracking,TestUI,Dwell_Start,Button: 9,Dwell_Started
17:03:26.567,EyeTracking,TestUI,Dwell_Start,Button: 9,Dwell_Started
17:03:26.577,EyeTracking,TestUI,Dwell_Start,Button: 9,Dwell_Started
17:03:26.587,EyeTracking,TestUI,Dwell_Start,Button: 9,Dwell_Started
17:03:26.600,EyeTracking,TestUI,Dwell_Start,Button: 9,Dwell_Started
17:03:26.611,EyeTracking,TestUI,Dwell_Start,Button: 9,Dwell_Started
17:03:26.622,EyeTracking,TestUI,Dwell_Start,Button: 9,Dwell_Started
17:03:26.632,EyeTracking,TestUI,Dwell_Start,Button: 9,Dwell_Started
17:03:26.644,EyeTracking,TestUI,Dwell_Start,Button: 9,Dwell_Started
17:03:26.654,EyeTracking,TestUI,Dwell_Start,Button: 9,Dwell_Started
17:03:26.666,EyeTracking,TestUI,Dwell_Start,Button: 9,Dwell_Started
17:03:26.676,EyeTracking,TestUI,Dwell_Start,Button: 9,Dwell_Started
17:03:26.688,EyeTracking,TestUI,Dwell_Start,Button: 9,Dwell_Started
17:03:26.699,EyeTracking,TestUI,Dwell_Start,Button: 9,Dwell_Started
17:03:26.710,EyeTracking,TestUI,Dwell_Start,Button: 9,Dwell_Started
17:03:26.722,EyeTracking,TestUI,Dwell_Start,Button: 9,Dwell_Started
17:03:26.733,EyeTracking,TestUI,Dwell_Start,Button: 9,Dwell_Started
17:03:26.744,EyeTracking,TestUI,Dwell_Start,Button: 9,Dwell_Started
17:03:26.754,EyeTracking,TestUI,Dwell_Start,Button: 9,Dwell_Started
17:03:26.767,EyeTracking,TestUI,Dwell_Start,Button: 9,Dwell_Started
17:03:26.777,EyeTracking,TestUI,Dwell_Start,Button: 9,Dwell_Started
17:03:26.787,EyeTracking,TestUI,Dwell_Start,Button: 9,Dwell_Started
17:03:26.799,EyeTracking,TestUI,Dwell_Start,Button: 9,Dwell_Started
17:03:26.810,EyeTracking,TestUI,Dwell_Start,Button: 9,Dwell_Started
17:03:26.821,EyeTracking,TestUI,Dwell_Start,Button: 9,Dwell_Started
17:03:26.833,EyeTracking,TestUI,Dwell_Start,Button: 9,Dwell_Started
17:03:26.843,EyeTracking,TestUI,Dwell_Start,Button: 9,Dwell_Started
17:03:26.855,EyeTracking,TestUI,Dwell_Start,Button: 9,Dwell_Started
17:03:26.866,EyeTracking,TestUI,Dwell_Start,Button: 9,Dwell_Started
17:03:26.877,EyeTracking,TestUI,Dwell_Start,Button: 9,Dwell_Started
17:03:26.888,EyeTracking,TestUI,Dwell_Start,Button: 9,Dwell_Started
17:03:26.899,EyeTracking,TestUI,Dwell_Start,Button: 9,Dwell_Started
17:03:26.910,EyeTracking,TestUI,Dwell_Start,Button: 9,Dwell_Started
17:03:26.922,EyeTracking,TestUI,Dwell_Start,Button: 9,Dwell_Started
17:03:26.932,EyeTracking,TestUI,Dwell_Start,Button: 9,Dwell_Started
17:03:26.943,EyeTracking,TestUI,Dwell_Start,Button: 9,Dwell_Started
17:03:26.955,EyeTracking,TestUI,Dwell_Start,Button: 9,Dwell_Started
17:03:26.965,EyeTracking,TestUI,Dwell_Start,Button: 9,Dwell_Started
17:03:26.976,EyeTracking,TestUI,Dwell_Start,Button: 9,Dwell_Started
17:03:26.987,EyeTracking,TestUI,Dwell_Start,Button: 9,Dwell_Started
17:03:26.999,EyeTracking,TestUI,Dwell_Start,Button: 9,Dwell_Started
17:03:27.010,EyeTracking,TestUI,Dwell_Start,Button: 9,Dwell_Started
17:03:27.022,EyeTracking,TestUI,Dwell_Start,Button: 9,Dwell_Started
17:03:27.032,EyeTracking,TestUI,Dwell_Start,Button: 9,Dwell_Started
17:03:27.043,EyeTracking,TestUI,Dwell_Start,Button: 9,Dwell_Started
17:03:27.054,EyeTracking,TestUI,Dwell_Start,Button: 9,Dwell_Started
17:03:27.066,EyeTracking,TestUI,Dwell_Start,Button: 9,Dwell_Started
17:03:27.077,EyeTracking,TestUI,Dwell_Start,Button: 9,Dwell_Started
17:03:27.089,EyeTracking,TestUI,Dwell_Start,Button: 9,Dwell_Started
17:03:27.098,EyeTracking,TestUI,Dwell_Start,Button: 9,Dwell_Started
17:03:27.111,EyeTracking,TestUI,Dwell_Start,Button: 9,Dwell_Started
17:03:27.121,EyeTracking,TestUI,Dwell_Start,Button: 9,Dwell_Started
17:03:27.132,EyeTracking,TestUI,Dwell_Start,Button: 9,Dwell_Started
17:03:27.144,EyeTracking,TestUI,Dwell_Start,Button: 9,Dwell_Started
17:03:27.155,EyeTracking,TestUI,Dwell_Start,Button: 9,Dwell_Started
17:03:27.166,EyeTracking,TestUI,Dwell_Start,Button: 9,Dwell_Started
17:03:27.178,EyeTracking,TestUI,Dwell_Start,Button: 9,Dwell_Started
17:03:27.187,EyeTracking,TestUI,Dwell_Start,Button: 9,Dwell_Started
17:03:27.199,EyeTracking,TestUI,Dwell_Start,Button: 9,Dwell_Started
17:03:27.210,EyeTracking,TestUI,Dwell_Start,Button: 9,Dwell_Started
17:03:27.221,EyeTracking,TestUI,Dwell_Start,Button: 9,Dwell_Started
17:03:27.233,EyeTracking,TestUI,Dwell_Start,Button: 9,Dwell_Started
17:03:27.243,EyeTracking,TestUI,Dwell_Start,Button: 9,Dwell_Started
17:03:27.243,EyeTracking,TestUI,Dwell_Complete,Button: 9,Dwelling_Completed
17:03:27.243,EyeTracking,TestUI,Flicker_Start,9,Flicker_Start
17:03:29.253,EyeTracking,TestUI,Flicker_End,Button: 9,Flicker_End
17:03:29.253,EyeTracking,TestUI,Action_Executed,Button: 9; Action: TestUI,Execution_Proceeding
17:03:29.263,EyeTracking,TestUI,Dwell_Start,Button: 9,Dwell_Started
17:03:29.275,EyeTracking,TestUI,Dwell_Start,Button: 9,Dwell_Started
17:03:29.286,EyeTracking,TestUI,Dwell_Start,Button: 9,Dwell_Started
17:03:29.297,EyeTracking,TestUI,Dwell_Start,Button: 9,Dwell_Started
17:03:29.310,EyeTracking,TestUI,Dwell_Start,Button: 9,Dwell_Started
17:03:29.321,EyeTracking,TestUI,Dwell_Start,Button: 9,Dwell_Started
17:03:29.331,EyeTracking,TestUI,Dwell_Start,Button: 9,Dwell_Started
17:03:29.342,EyeTracking,TestUI,Dwell_Start,Button: 9,Dwell_Started
17:03:29.354,EyeTracking,TestUI,Dwell_Start,Button: 9,Dwell_Started
17:03:29.365,EyeTracking,TestUI,Dwell_Start,Button: 9,Dwell_Started
17:03:29.375,EyeTracking,TestUI,Dwell_Start,Button: 9,Dwell_Started
17:03:29.387,EyeTracking,TestUI,Dwell_Start,Button: 9,Dwell_Started
17:03:29.398,EyeTracking,TestUI,Dwell_Start,Button: 9,Dwell_Started
17:03:29.407,EyeTracking,TestUI,Dwell_Start,Button: 9,Dwell_Started
17:03:29.420,EyeTracking,TestUI,Dwell_Start,Button: 9,Dwell_Started
17:03:29.430,EyeTracking,TestUI,Dwell_Start,Button: 9,Dwell_Started
17:03:29.443,EyeTracking,TestUI,Dwell_Start,Button: 9,Dwell_Started
17:03:29.453,EyeTracking,TestUI,Dwell_Start,Button: 9,Dwell_Started
17:03:29.464,EyeTracking,TestUI,Dwell_Start,Button: 9,Dwell_Started
17:03:29.475,EyeTracking,TestUI,Dwell_Start,Button: 9,Dwell_Started
17:03:29.487,EyeTracking,TestUI,Dwell_Start,Button: 9,Dwell_Started
17:03:29.498,EyeTracking,TestUI,Hover_Exit,Button: 9,Hover_Exit
17:03:29.942,EyeTracking,TestUI,Hover_Enter,Button: nextTestUI,Hovering
17:03:29.942,EyeTracking,TestUI,Dwell_Start,Button: nextTestUI,Dwell_Started
17:03:29.952,EyeTracking,TestUI,Dwell_Start,Button: nextTestUI,Dwell_Started
17:03:29.963,EyeTracking,TestUI,Dwell_Start,Button: nextTestUI,Dwell_Started
17:03:29.975,EyeTracking,TestUI,Dwell_Start,Button: nextTestUI,Dwell_Started
17:03:29.986,EyeTracking,TestUI,Dwell_Start,Button: nextTestUI,Dwell_Started
17:03:29.997,EyeTracking,TestUI,Dwell_Start,Button: nextTestUI,Dwell_Started
17:03:30.010,EyeTracking,TestUI,Dwell_Start,Button: nextTestUI,Dwell_Started
17:03:30.020,EyeTracking,TestUI,Dwell_Start,Button: nextTestUI,Dwell_Started
17:03:30.031,EyeTracking,TestUI,Dwell_Start,Button: nextTestUI,Dwell_Started
17:03:30.042,EyeTracking,TestUI,Dwell_Start,Button: nextTestUI,Dwell_Started
17:03:30.053,EyeTracking,TestUI,Dwell_Start,Button: nextTestUI,Dwell_Started
17:03:30.065,EyeTracking,TestUI,Dwell_Start,Button: nextTestUI,Dwell_Started
17:03:30.075,EyeTracking,TestUI,Dwell_Start,Button: nextTestUI,Dwell_Started
17:03:30.087,EyeTracking,TestUI,Dwell_Start,Button: nextTestUI,Dwell_Started
17:03:30.097,EyeTracking,TestUI,Dwell_Start,Button: nextTestUI,Dwell_Started
17:03:30.109,EyeTracking,TestUI,Dwell_Start,Button: nextTestUI,Dwell_Started
17:03:30.118,EyeTracking,TestUI,Dwell_Start,Button: nextTestUI,Dwell_Started
17:03:30.132,EyeTracking,TestUI,Dwell_Start,Button: nextTestUI,Dwell_Started
17:03:30.141,EyeTracking,TestUI,Dwell_Start,Button: nextTestUI,Dwell_Started
17:03:30.152,EyeTracking,TestUI,Dwell_Start,Button: nextTestUI,Dwell_Started
17:03:30.165,EyeTracking,TestUI,Dwell_Start,Button: nextTestUI,Dwell_Started
17:03:30.174,EyeTracking,TestUI,Dwell_Start,Button: nextTestUI,Dwell_Started
17:03:30.186,EyeTracking,TestUI,Dwell_Start,Button: nextTestUI,Dwell_Started
17:03:30.197,EyeTracking,TestUI,Dwell_Start,Button: nextTestUI,Dwell_Started
17:03:30.209,EyeTracking,TestUI,Dwell_Start,Button: nextTestUI,Dwell_Started
17:03:30.219,EyeTracking,TestUI,Dwell_Start,Button: nextTestUI,Dwell_Started
17:03:30.232,EyeTracking,TestUI,Dwell_Start,Button: nextTestUI,Dwell_Started
17:03:30.242,EyeTracking,TestUI,Dwell_Start,Button: nextTestUI,Dwell_Started
17:03:30.252,EyeTracking,TestUI,Dwell_Start,Button: nextTestUI,Dwell_Started
17:03:30.264,EyeTracking,TestUI,Dwell_Start,Button: nextTestUI,Dwell_Started
17:03:30.275,EyeTracking,TestUI,Dwell_Start,Button: nextTestUI,Dwell_Started
17:03:30.286,EyeTracking,TestUI,Dwell_Start,Button: nextTestUI,Dwell_Started
17:03:30.298,EyeTracking,TestUI,Dwell_Start,Button: nextTestUI,Dwell_Started
17:03:30.309,EyeTracking,TestUI,Dwell_Start,Button: nextTestUI,Dwell_Started
17:03:30.319,EyeTracking,TestUI,Dwell_Start,Button: nextTestUI,Dwell_Started
17:03:30.331,EyeTracking,TestUI,Dwell_Start,Button: nextTestUI,Dwell_Started
17:03:30.342,EyeTracking,TestUI,Dwell_Start,Button: nextTestUI,Dwell_Started
17:03:30.352,EyeTracking,TestUI,Dwell_Start,Button: nextTestUI,Dwell_Started
17:03:30.365,EyeTracking,TestUI,Dwell_Start,Button: nextTestUI,Dwell_Started
17:03:30.375,EyeTracking,TestUI,Dwell_Start,Button: nextTestUI,Dwell_Started
17:03:30.386,EyeTracking,TestUI,Dwell_Start,Button: nextTestUI,Dwell_Started
17:03:30.397,EyeTracking,TestUI,Dwell_Start,Button: nextTestUI,Dwell_Started
17:03:30.409,EyeTracking,TestUI,Dwell_Start,Button: nextTestUI,Dwell_Started
17:03:30.419,EyeTracking,TestUI,Dwell_Start,Button: nextTestUI,Dwell_Started
17:03:30.430,EyeTracking,TestUI,Dwell_Start,Button: nextTestUI,Dwell_Started
17:03:30.443,EyeTracking,TestUI,Dwell_Start,Button: nextTestUI,Dwell_Started
17:03:30.453,EyeTracking,TestUI,Dwell_Start,Button: nextTestUI,Dwell_Started
17:03:30.463,EyeTracking,TestUI,Dwell_Start,Button: nextTestUI,Dwell_Started
17:03:30.475,EyeTracking,TestUI,Dwell_Start,Button: nextTestUI,Dwell_Started
17:03:30.486,EyeTracking,TestUI,Dwell_Start,Button: nextTestUI,Dwell_Started
17:03:30.497,EyeTracking,TestUI,Dwell_Start,Button: nextTestUI,Dwell_Started
17:03:30.509,EyeTracking,TestUI,Dwell_Start,Button: nextTestUI,Dwell_Started
17:03:30.518,EyeTracking,TestUI,Dwell_Start,Button: nextTestUI,Dwell_Started
17:03:30.530,EyeTracking,TestUI,Dwell_Start,Button: nextTestUI,Dwell_Started
17:03:30.542,EyeTracking,TestUI,Dwell_Start,Button: nextTestUI,Dwell_Started
17:03:30.551,EyeTracking,TestUI,Dwell_Start,Button: nextTestUI,Dwell_Started
17:03:30.564,EyeTracking,TestUI,Dwell_Start,Button: nextTestUI,Dwell_Started
17:03:30.575,EyeTracking,TestUI,Dwell_Start,Button: nextTestUI,Dwell_Started
17:03:30.587,EyeTracking,TestUI,Dwell_Start,Button: nextTestUI,Dwell_Started
17:03:30.597,EyeTracking,TestUI,Dwell_Start,Button: nextTestUI,Dwell_Started
17:03:30.608,EyeTracking,TestUI,Dwell_Start,Button: nextTestUI,Dwell_Started
17:03:30.620,EyeTracking,TestUI,Dwell_Start,Button: nextTestUI,Dwell_Started
17:03:30.630,EyeTracking,TestUI,Dwell_Start,Button: nextTestUI,Dwell_Started
17:03:30.641,EyeTracking,TestUI,Dwell_Start,Button: nextTestUI,Dwell_Started
17:03:30.653,EyeTracking,TestUI,Dwell_Start,Button: nextTestUI,Dwell_Started
17:03:30.664,EyeTracking,TestUI,Dwell_Start,Button: nextTestUI,Dwell_Started
17:03:30.673,EyeTracking,TestUI,Dwell_Start,Button: nextTestUI,Dwell_Started
17:03:30.686,EyeTracking,TestUI,Dwell_Start,Button: nextTestUI,Dwell_Started
17:03:30.697,EyeTracking,TestUI,Dwell_Start,Button: nextTestUI,Dwell_Started
17:03:30.708,EyeTracking,TestUI,Dwell_Start,Button: nextTestUI,Dwell_Started
17:03:30.719,EyeTracking,TestUI,Dwell_Start,Button: nextTestUI,Dwell_Started
17:03:30.730,EyeTracking,TestUI,Dwell_Start,Button: nextTestUI,Dwell_Started
17:03:30.742,EyeTracking,TestUI,Dwell_Start,Button: nextTestUI,Dwell_Started
17:03:30.752,EyeTracking,TestUI,Dwell_Start,Button: nextTestUI,Dwell_Started
17:03:30.764,EyeTracking,TestUI,Dwell_Start,Button: nextTestUI,Dwell_Started
17:03:30.774,EyeTracking,TestUI,Dwell_Start,Button: nextTestUI,Dwell_Started
17:03:30.786,EyeTracking,TestUI,Dwell_Start,Button: nextTestUI,Dwell_Started
17:03:30.796,EyeTracking,TestUI,Dwell_Start,Button: nextTestUI,Dwell_Started
17:03:30.808,EyeTracking,TestUI,Dwell_Start,Button: nextTestUI,Dwell_Started
17:03:30.820,EyeTracking,TestUI,Dwell_Start,Button: nextTestUI,Dwell_Started
17:03:30.830,EyeTracking,TestUI,Dwell_Start,Button: nextTestUI,Dwell_Started
17:03:30.843,EyeTracking,TestUI,Dwell_Start,Button: nextTestUI,Dwell_Started
17:03:30.853,EyeTracking,TestUI,Dwell_Start,Button: nextTestUI,Dwell_Started
17:03:30.863,EyeTracking,TestUI,Dwell_Start,Button: nextTestUI,Dwell_Started
17:03:30.874,EyeTracking,TestUI,Dwell_Start,Button: nextTestUI,Dwell_Started
17:03:30.887,EyeTracking,TestUI,Dwell_Start,Button: nextTestUI,Dwell_Started
17:03:30.897,EyeTracking,TestUI,Dwell_Start,Button: nextTestUI,Dwell_Started
17:03:30.908,EyeTracking,TestUI,Dwell_Start,Button: nextTestUI,Dwell_Started
17:03:30.919,EyeTracking,TestUI,Dwell_Start,Button: nextTestUI,Dwell_Started
17:03:30.930,EyeTracking,TestUI,Dwell_Start,Button: nextTestUI,Dwell_Started
17:03:30.942,EyeTracking,TestUI,Dwell_Start,Button: nextTestUI,Dwell_Started
17:03:30.952,EyeTracking,TestUI,Dwell_Start,Button: nextTestUI,Dwell_Started
17:03:30.963,EyeTracking,TestUI,Dwell_Start,Button: nextTestUI,Dwell_Started
17:03:30.975,EyeTracking,TestUI,Dwell_Start,Button: nextTestUI,Dwell_Started
17:03:30.985,EyeTracking,TestUI,Dwell_Start,Button: nextTestUI,Dwell_Started
17:03:30.997,EyeTracking,TestUI,Dwell_Start,Button: nextTestUI,Dwell_Started
17:03:31.008,EyeTracking,TestUI,Dwell_Start,Button: nextTestUI,Dwell_Started
17:03:31.020,EyeTracking,TestUI,Dwell_Start,Button: nextTestUI,Dwell_Started
17:03:31.029,EyeTracking,TestUI,Dwell_Start,Button: nextTestUI,Dwell_Started
17:03:31.043,EyeTracking,TestUI,Dwell_Start,Button: nextTestUI,Dwell_Started
17:03:31.051,EyeTracking,TestUI,Dwell_Start,Button: nextTestUI,Dwell_Started
17:03:31.064,EyeTracking,TestUI,Dwell_Start,Button: nextTestUI,Dwell_Started
17:03:31.075,EyeTracking,TestUI,Dwell_Start,Button: nextTestUI,Dwell_Started
17:03:31.086,EyeTracking,TestUI,Dwell_Start,Button: nextTestUI,Dwell_Started
17:03:31.097,EyeTracking,TestUI,Dwell_Start,Button: nextTestUI,Dwell_Started
17:03:31.108,EyeTracking,TestUI,Dwell_Start,Button: nextTestUI,Dwell_Started
17:03:31.118,EyeTracking,TestUI,Dwell_Start,Button: nextTestUI,Dwell_Started
17:03:31.131,EyeTracking,TestUI,Dwell_Start,Button: nextTestUI,Dwell_Started
17:03:31.141,EyeTracking,TestUI,Dwell_Start,Button: nextTestUI,Dwell_Started
17:03:31.152,EyeTracking,TestUI,Dwell_Start,Button: nextTestUI,Dwell_Started
17:03:31.164,EyeTracking,TestUI,Dwell_Start,Button: nextTestUI,Dwell_Started
17:03:31.174,EyeTracking,TestUI,Dwell_Start,Button: nextTestUI,Dwell_Started
17:03:31.185,EyeTracking,TestUI,Dwell_Start,Button: nextTestUI,Dwell_Started
17:03:31.196,EyeTracking,TestUI,Dwell_Start,Button: nextTestUI,Dwell_Started
17:03:31.209,EyeTracking,TestUI,Dwell_Start,Button: nextTestUI,Dwell_Started
17:03:31.219,EyeTracking,TestUI,Dwell_Start,Button: nextTestUI,Dwell_Started
17:03:31.229,EyeTracking,TestUI,Dwell_Start,Button: nextTestUI,Dwell_Started
17:03:31.241,EyeTracking,TestUI,Dwell_Start,Button: nextTestUI,Dwell_Started
17:03:31.251,EyeTracking,TestUI,Dwell_Start,Button: nextTestUI,Dwell_Started
17:03:31.264,EyeTracking,TestUI,Dwell_Start,Button: nextTestUI,Dwell_Started
17:03:31.275,EyeTracking,TestUI,Dwell_Start,Button: nextTestUI,Dwell_Started
17:03:31.285,EyeTracking,TestUI,Dwell_Start,Button: nextTestUI,Dwell_Started
17:03:31.297,EyeTracking,TestUI,Dwell_Start,Button: nextTestUI,Dwell_Started
17:03:31.308,EyeTracking,TestUI,Dwell_Start,Button: nextTestUI,Dwell_Started
17:03:31.319,EyeTracking,TestUI,Dwell_Start,Button: nextTestUI,Dwell_Started
17:03:31.330,EyeTracking,TestUI,Dwell_Start,Button: nextTestUI,Dwell_Started
17:03:31.341,EyeTracking,TestUI,Dwell_Start,Button: nextTestUI,Dwell_Started
17:03:31.353,EyeTracking,TestUI,Dwell_Start,Button: nextTestUI,Dwell_Started
17:03:31.365,EyeTracking,TestUI,Dwell_Start,Button: nextTestUI,Dwell_Started
17:03:31.374,EyeTracking,TestUI,Dwell_Start,Button: nextTestUI,Dwell_Started
17:03:31.385,EyeTracking,TestUI,Dwell_Start,Button: nextTestUI,Dwell_Started
17:03:31.397,EyeTracking,TestUI,Dwell_Start,Button: nextTestUI,Dwell_Started
17:03:31.407,EyeTracking,TestUI,Dwell_Start,Button: nextTestUI,Dwell_Started
17:03:31.418,EyeTracking,TestUI,Dwell_Start,Button: nextTestUI,Dwell_Started
17:03:31.429,EyeTracking,TestUI,Dwell_Start,Button: nextTestUI,Dwell_Started
17:03:31.442,EyeTracking,TestUI,Dwell_Start,Button: nextTestUI,Dwell_Started
17:03:31.442,EyeTracking,TestUI,Dwell_Complete,Button: nextTestUI,Dwelling_Completed
17:03:31.442,EyeTracking,TestUI,Flicker_Start,nextTestUI,Flicker_Start
17:03:33.452,EyeTracking,TestUI,Flicker_End,Button: nextTestUI,Flicker_End
17:03:33.452,EyeTracking,TestUI,Action_Executed,Button: nextTestUI; Action: TestUI,Execution_Proceeding
17:03:33.452,EyeTracking,Demo3D,Phase_Start,Demo3D,
17:03:33.462,EyeTracking,Demo3D,Hover_Enter,Button: StartDemo,Hovering
17:03:33.462,EyeTracking,Demo3D,Dwell_Start,Button: StartDemo,Dwell_Started
17:03:33.474,EyeTracking,Demo3D,Dwell_Start,Button: StartDemo,Dwell_Started
17:03:33.486,EyeTracking,Demo3D,Dwell_Start,Button: StartDemo,Dwell_Started
17:03:33.496,EyeTracking,Demo3D,Dwell_Start,Button: StartDemo,Dwell_Started
17:03:33.507,EyeTracking,Demo3D,Dwell_Start,Button: StartDemo,Dwell_Started
17:03:33.517,EyeTracking,Demo3D,Dwell_Start,Button: StartDemo,Dwell_Started
17:03:33.529,EyeTracking,Demo3D,Dwell_Start,Button: StartDemo,Dwell_Started
17:03:33.540,EyeTracking,Demo3D,Dwell_Start,Button: StartDemo,Dwell_Started
17:03:33.551,EyeTracking,Demo3D,Dwell_Start,Button: StartDemo,Dwell_Started
17:03:33.563,EyeTracking,Demo3D,Dwell_Start,Button: StartDemo,Dwell_Started
17:03:33.572,EyeTracking,Demo3D,Dwell_Start,Button: StartDemo,Dwell_Started
17:03:33.584,EyeTracking,Demo3D,Dwell_Start,Button: StartDemo,Dwell_Started
17:03:33.597,EyeTracking,Demo3D,Dwell_Start,Button: StartDemo,Dwell_Started
17:03:33.606,EyeTracking,Demo3D,Dwell_Start,Button: StartDemo,Dwell_Started
17:03:33.618,EyeTracking,Demo3D,Dwell_Start,Button: StartDemo,Dwell_Started
17:03:33.629,EyeTracking,Demo3D,Dwell_Start,Button: StartDemo,Dwell_Started
17:03:33.639,EyeTracking,Demo3D,Dwell_Start,Button: StartDemo,Dwell_Started
17:03:33.652,EyeTracking,Demo3D,Dwell_Start,Button: StartDemo,Dwell_Started
17:03:33.663,EyeTracking,Demo3D,Dwell_Start,Button: StartDemo,Dwell_Started
17:03:33.674,EyeTracking,Demo3D,Dwell_Start,Button: StartDemo,Dwell_Started
17:03:33.684,EyeTracking,Demo3D,Dwell_Start,Button: StartDemo,Dwell_Started
17:03:33.696,EyeTracking,Demo3D,Dwell_Start,Button: StartDemo,Dwell_Started
17:03:33.707,EyeTracking,Demo3D,Dwell_Start,Button: StartDemo,Dwell_Started
17:03:33.717,EyeTracking,Demo3D,Dwell_Start,Button: StartDemo,Dwell_Started
17:03:33.729,EyeTracking,Demo3D,Dwell_Start,Button: StartDemo,Dwell_Started
17:03:33.741,EyeTracking,Demo3D,Dwell_Start,Button: StartDemo,Dwell_Started
17:03:33.751,EyeTracking,Demo3D,Dwell_Start,Button: StartDemo,Dwell_Started
17:03:33.763,EyeTracking,Demo3D,Dwell_Start,Button: StartDemo,Dwell_Started
17:03:33.774,EyeTracking,Demo3D,Dwell_Start,Button: StartDemo,Dwell_Started
17:03:33.785,EyeTracking,Demo3D,Dwell_Start,Button: StartDemo,Dwell_Started
17:03:33.795,EyeTracking,Demo3D,Dwell_Start,Button: StartDemo,Dwell_Started
17:03:33.807,EyeTracking,Demo3D,Dwell_Start,Button: StartDemo,Dwell_Started
17:03:33.818,EyeTracking,Demo3D,Dwell_Start,Button: StartDemo,Dwell_Started
17:03:33.829,EyeTracking,Demo3D,Dwell_Start,Button: StartDemo,Dwell_Started
17:03:33.841,EyeTracking,Demo3D,Dwell_Start,Button: StartDemo,Dwell_Started
17:03:33.851,EyeTracking,Demo3D,Dwell_Start,Button: StartDemo,Dwell_Started
17:03:33.862,EyeTracking,Demo3D,Dwell_Start,Button: StartDemo,Dwell_Started
17:03:33.873,EyeTracking,Demo3D,Dwell_Start,Button: StartDemo,Dwell_Started
17:03:33.884,EyeTracking,Demo3D,Dwell_Start,Button: StartDemo,Dwell_Started
17:03:33.896,EyeTracking,Demo3D,Dwell_Start,Button: StartDemo,Dwell_Started
17:03:33.906,EyeTracking,Demo3D,Dwell_Start,Button: StartDemo,Dwell_Started
17:03:33.918,EyeTracking,Demo3D,Dwell_Start,Button: StartDemo,Dwell_Started
17:03:33.930,EyeTracking,Demo3D,Dwell_Start,Button: StartDemo,Dwell_Started
17:03:33.938,EyeTracking,Demo3D,Dwell_Start,Button: StartDemo,Dwell_Started
17:03:33.951,EyeTracking,Demo3D,Dwell_Start,Button: StartDemo,Dwell_Started
17:03:33.962,EyeTracking,Demo3D,Dwell_Start,Button: StartDemo,Dwell_Started
17:03:33.972,EyeTracking,Demo3D,Dwell_Start,Button: StartDemo,Dwell_Started
17:03:33.984,EyeTracking,Demo3D,Dwell_Start,Button: StartDemo,Dwell_Started
17:03:33.996,EyeTracking,Demo3D,Dwell_Start,Button: StartDemo,Dwell_Started
17:03:34.007,EyeTracking,Demo3D,Dwell_Start,Button: StartDemo,Dwell_Started
17:03:34.017,EyeTracking,Demo3D,Dwell_Start,Button: StartDemo,Dwell_Started
17:03:34.030,EyeTracking,Demo3D,Dwell_Start,Button: StartDemo,Dwell_Started
17:03:34.040,EyeTracking,Demo3D,Dwell_Start,Button: StartDemo,Dwell_Started
17:03:34.051,EyeTracking,Demo3D,Dwell_Start,Button: StartDemo,Dwell_Started
17:03:34.062,EyeTracking,Demo3D,Dwell_Start,Button: StartDemo,Dwell_Started
17:03:34.073,EyeTracking,Demo3D,Dwell_Start,Button: StartDemo,Dwell_Started
17:03:34.084,EyeTracking,Demo3D,Dwell_Start,Button: StartDemo,Dwell_Started
17:03:34.094,EyeTracking,Demo3D,Hover_Exit,Button: StartDemo,Hover_Exit
17:03:35.716,EyeTracking,Demo3D,Hover_Enter,Button: StartDemo,Hovering
17:03:35.716,EyeTracking,Demo3D,Dwell_Start,Button: StartDemo,Dwell_Started
17:03:35.728,EyeTracking,Demo3D,Dwell_Start,Button: StartDemo,Dwell_Started
17:03:35.739,EyeTracking,Demo3D,Dwell_Start,Button: StartDemo,Dwell_Started
17:03:35.750,EyeTracking,Demo3D,Dwell_Start,Button: StartDemo,Dwell_Started
17:03:35.762,EyeTracking,Demo3D,Dwell_Start,Button: StartDemo,Dwell_Started
17:03:35.773,EyeTracking,Demo3D,Dwell_Start,Button: StartDemo,Dwell_Started
17:03:35.784,EyeTracking,Demo3D,Dwell_Start,Button: StartDemo,Dwell_Started
17:03:35.793,EyeTracking,Demo3D,Dwell_Start,Button: StartDemo,Dwell_Started
17:03:35.805,EyeTracking,Demo3D,Dwell_Start,Button: StartDemo,Dwell_Started
17:03:35.817,EyeTracking,Demo3D,Dwell_Start,Button: StartDemo,Dwell_Started
17:03:35.827,EyeTracking,Demo3D,Dwell_Start,Button: StartDemo,Dwell_Started
17:03:35.839,EyeTracking,Demo3D,Dwell_Start,Button: StartDemo,Dwell_Started
17:03:35.851,EyeTracking,Demo3D,Dwell_Start,Button: StartDemo,Dwell_Started
17:03:35.861,EyeTracking,Demo3D,Dwell_Start,Button: StartDemo,Dwell_Started
17:03:35.871,EyeTracking,Demo3D,Dwell_Start,Button: StartDemo,Dwell_Started
17:03:35.883,EyeTracking,Demo3D,Dwell_Start,Button: StartDemo,Dwell_Started
17:03:35.894,EyeTracking,Demo3D,Dwell_Start,Button: StartDemo,Dwell_Started
17:03:35.904,EyeTracking,Demo3D,Dwell_Start,Button: StartDemo,Dwell_Started
17:03:35.916,EyeTracking,Demo3D,Dwell_Start,Button: StartDemo,Dwell_Started
17:03:35.928,EyeTracking,Demo3D,Dwell_Start,Button: StartDemo,Dwell_Started
17:03:35.939,EyeTracking,Demo3D,Dwell_Start,Button: StartDemo,Dwell_Started
17:03:35.949,EyeTracking,Demo3D,Dwell_Start,Button: StartDemo,Dwell_Started
17:03:35.961,EyeTracking,Demo3D,Dwell_Start,Button: StartDemo,Dwell_Started
17:03:35.973,EyeTracking,Demo3D,Dwell_Start,Button: StartDemo,Dwell_Started
17:03:35.983,EyeTracking,Demo3D,Dwell_Start,Button: StartDemo,Dwell_Started
17:03:35.994,EyeTracking,Demo3D,Dwell_Start,Button: StartDemo,Dwell_Started
17:03:36.005,EyeTracking,Demo3D,Dwell_Start,Button: StartDemo,Dwell_Started
17:03:36.016,EyeTracking,Demo3D,Dwell_Start,Button: StartDemo,Dwell_Started
17:03:36.027,EyeTracking,Demo3D,Dwell_Start,Button: StartDemo,Dwell_Started
17:03:36.039,EyeTracking,Demo3D,Dwell_Start,Button: StartDemo,Dwell_Started
17:03:36.050,EyeTracking,Demo3D,Dwell_Start,Button: StartDemo,Dwell_Started
17:03:36.061,EyeTracking,Demo3D,Dwell_Start,Button: StartDemo,Dwell_Started
17:03:36.073,EyeTracking,Demo3D,Dwell_Start,Button: StartDemo,Dwell_Started
17:03:36.084,EyeTracking,Demo3D,Dwell_Start,Button: StartDemo,Dwell_Started
17:03:36.093,EyeTracking,Demo3D,Dwell_Start,Button: StartDemo,Dwell_Started
17:03:36.105,EyeTracking,Demo3D,Dwell_Start,Button: StartDemo,Dwell_Started
17:03:36.115,EyeTracking,Demo3D,Dwell_Start,Button: StartDemo,Dwell_Started
17:03:36.127,EyeTracking,Demo3D,Dwell_Start,Button: StartDemo,Dwell_Started
17:03:36.138,EyeTracking,Demo3D,Dwell_Start,Button: StartDemo,Dwell_Started
17:03:36.150,EyeTracking,Demo3D,Dwell_Start,Button: StartDemo,Dwell_Started
17:03:36.160,EyeTracking,Demo3D,Dwell_Start,Button: StartDemo,Dwell_Started
17:03:36.172,EyeTracking,Demo3D,Dwell_Start,Button: StartDemo,Dwell_Started
17:03:36.183,EyeTracking,Demo3D,Dwell_Start,Button: StartDemo,Dwell_Started
17:03:36.195,EyeTracking,Demo3D,Dwell_Start,Button: StartDemo,Dwell_Started
17:03:36.205,EyeTracking,Demo3D,Dwell_Start,Button: StartDemo,Dwell_Started
17:03:36.216,EyeTracking,Demo3D,Dwell_Start,Button: StartDemo,Dwell_Started
17:03:36.228,EyeTracking,Demo3D,Dwell_Start,Button: StartDemo,Dwell_Started
17:03:36.238,EyeTracking,Demo3D,Dwell_Start,Button: StartDemo,Dwell_Started
17:03:36.250,EyeTracking,Demo3D,Dwell_Start,Button: StartDemo,Dwell_Started
17:03:36.263,EyeTracking,Demo3D,Dwell_Start,Button: StartDemo,Dwell_Started
17:03:36.272,EyeTracking,Demo3D,Dwell_Start,Button: StartDemo,Dwell_Started
17:03:36.283,EyeTracking,Demo3D,Dwell_Start,Button: StartDemo,Dwell_Started
17:03:36.294,EyeTracking,Demo3D,Dwell_Start,Button: StartDemo,Dwell_Started
17:03:36.306,EyeTracking,Demo3D,Dwell_Start,Button: StartDemo,Dwell_Started
17:03:36.316,EyeTracking,Demo3D,Dwell_Start,Button: StartDemo,Dwell_Started
17:03:36.329,EyeTracking,Demo3D,Dwell_Start,Button: StartDemo,Dwell_Started
17:03:36.339,EyeTracking,Demo3D,Dwell_Start,Button: StartDemo,Dwell_Started
17:03:36.349,EyeTracking,Demo3D,Dwell_Start,Button: StartDemo,Dwell_Started
17:03:36.361,EyeTracking,Demo3D,Dwell_Start,Button: StartDemo,Dwell_Started
17:03:36.372,EyeTracking,Demo3D,Dwell_Start,Button: StartDemo,Dwell_Started
17:03:36.384,EyeTracking,Demo3D,Dwell_Start,Button: StartDemo,Dwell_Started
17:03:36.394,EyeTracking,Demo3D,Dwell_Start,Button: StartDemo,Dwell_Started
17:03:36.406,EyeTracking,Demo3D,Dwell_Start,Button: StartDemo,Dwell_Started
17:03:36.416,EyeTracking,Demo3D,Dwell_Start,Button: StartDemo,Dwell_Started
17:03:36.428,EyeTracking,Demo3D,Dwell_Start,Button: StartDemo,Dwell_Started
17:03:36.439,EyeTracking,Demo3D,Dwell_Start,Button: StartDemo,Dwell_Started
17:03:36.450,EyeTracking,Demo3D,Dwell_Start,Button: StartDemo,Dwell_Started
17:03:36.461,EyeTracking,Demo3D,Dwell_Start,Button: StartDemo,Dwell_Started
17:03:36.472,EyeTracking,Demo3D,Dwell_Start,Button: StartDemo,Dwell_Started
17:03:36.484,EyeTracking,Demo3D,Dwell_Start,Button: StartDemo,Dwell_Started
17:03:36.494,EyeTracking,Demo3D,Dwell_Start,Button: StartDemo,Dwell_Started
17:03:36.505,EyeTracking,Demo3D,Dwell_Start,Button: StartDemo,Dwell_Started
17:03:36.516,EyeTracking,Demo3D,Dwell_Start,Button: StartDemo,Dwell_Started
17:03:36.527,EyeTracking,Demo3D,Dwell_Start,Button: StartDemo,Dwell_Started
17:03:36.538,EyeTracking,Demo3D,Dwell_Start,Button: StartDemo,Dwell_Started
17:03:36.549,EyeTracking,Demo3D,Dwell_Start,Button: StartDemo,Dwell_Started
17:03:36.560,EyeTracking,Demo3D,Dwell_Start,Button: StartDemo,Dwell_Started
17:03:36.573,EyeTracking,Demo3D,Dwell_Start,Button: StartDemo,Dwell_Started
17:03:36.583,EyeTracking,Demo3D,Dwell_Start,Button: StartDemo,Dwell_Started
17:03:36.594,EyeTracking,Demo3D,Dwell_Start,Button: StartDemo,Dwell_Started
17:03:36.606,EyeTracking,Demo3D,Dwell_Start,Button: StartDemo,Dwell_Started
17:03:36.615,EyeTracking,Demo3D,Dwell_Start,Button: StartDemo,Dwell_Started
17:03:36.628,EyeTracking,Demo3D,Dwell_Start,Button: StartDemo,Dwell_Started
17:03:36.638,EyeTracking,Demo3D,Dwell_Start,Button: StartDemo,Dwell_Started
17:03:36.650,EyeTracking,Demo3D,Dwell_Start,Button: StartDemo,Dwell_Started
17:03:36.661,EyeTracking,Demo3D,Dwell_Start,Button: StartDemo,Dwell_Started
17:03:36.672,EyeTracking,Demo3D,Dwell_Start,Button: StartDemo,Dwell_Started
17:03:36.683,EyeTracking,Demo3D,Dwell_Start,Button: StartDemo,Dwell_Started
17:03:36.694,EyeTracking,Demo3D,Dwell_Start,Button: StartDemo,Dwell_Started
17:03:36.704,EyeTracking,Demo3D,Dwell_Start,Button: StartDemo,Dwell_Started
17:03:36.716,EyeTracking,Demo3D,Dwell_Start,Button: StartDemo,Dwell_Started
17:03:36.728,EyeTracking,Demo3D,Dwell_Start,Button: StartDemo,Dwell_Started
17:03:36.738,EyeTracking,Demo3D,Dwell_Start,Button: StartDemo,Dwell_Started
17:03:36.750,EyeTracking,Demo3D,Dwell_Start,Button: StartDemo,Dwell_Started
17:03:36.761,EyeTracking,Demo3D,Dwell_Start,Button: StartDemo,Dwell_Started
17:03:36.772,EyeTracking,Demo3D,Dwell_Start,Button: StartDemo,Dwell_Started
17:03:36.783,EyeTracking,Demo3D,Dwell_Start,Button: StartDemo,Dwell_Started
17:03:36.793,EyeTracking,Demo3D,Dwell_Start,Button: StartDemo,Dwell_Started
17:03:36.805,EyeTracking,Demo3D,Dwell_Start,Button: StartDemo,Dwell_Started
17:03:36.816,EyeTracking,Demo3D,Dwell_Start,Button: StartDemo,Dwell_Started
17:03:36.827,EyeTracking,Demo3D,Dwell_Start,Button: StartDemo,Dwell_Started
17:03:36.839,EyeTracking,Demo3D,Dwell_Start,Button: StartDemo,Dwell_Started
17:03:36.848,EyeTracking,Demo3D,Dwell_Start,Button: StartDemo,Dwell_Started
17:03:36.861,EyeTracking,Demo3D,Dwell_Start,Button: StartDemo,Dwell_Started
17:03:36.871,EyeTracking,Demo3D,Dwell_Start,Button: StartDemo,Dwell_Started
17:03:36.882,EyeTracking,Demo3D,Dwell_Start,Button: StartDemo,Dwell_Started
17:03:36.895,EyeTracking,Demo3D,Dwell_Start,Button: StartDemo,Dwell_Started
17:03:36.905,EyeTracking,Demo3D,Dwell_Start,Button: StartDemo,Dwell_Started
17:03:36.916,EyeTracking,Demo3D,Dwell_Start,Button: StartDemo,Dwell_Started
17:03:36.928,EyeTracking,Demo3D,Dwell_Start,Button: StartDemo,Dwell_Started
17:03:36.938,EyeTracking,Demo3D,Dwell_Start,Button: StartDemo,Dwell_Started
17:03:36.948,EyeTracking,Demo3D,Dwell_Start,Button: StartDemo,Dwell_Started
17:03:36.961,EyeTracking,Demo3D,Dwell_Start,Button: StartDemo,Dwell_Started
17:03:36.971,EyeTracking,Demo3D,Dwell_Start,Button: StartDemo,Dwell_Started
17:03:36.983,EyeTracking,Demo3D,Dwell_Start,Button: StartDemo,Dwell_Started
17:03:36.994,EyeTracking,Demo3D,Dwell_Start,Button: StartDemo,Dwell_Started
17:03:37.005,EyeTracking,Demo3D,Dwell_Start,Button: StartDemo,Dwell_Started
17:03:37.016,EyeTracking,Demo3D,Dwell_Start,Button: StartDemo,Dwell_Started
17:03:37.026,EyeTracking,Demo3D,Dwell_Start,Button: StartDemo,Dwell_Started
17:03:37.038,EyeTracking,Demo3D,Dwell_Start,Button: StartDemo,Dwell_Started
17:03:37.050,EyeTracking,Demo3D,Dwell_Start,Button: StartDemo,Dwell_Started
17:03:37.060,EyeTracking,Demo3D,Dwell_Start,Button: StartDemo,Dwell_Started
17:03:37.072,EyeTracking,Demo3D,Dwell_Start,Button: StartDemo,Dwell_Started
17:03:37.083,EyeTracking,Demo3D,Dwell_Start,Button: StartDemo,Dwell_Started
17:03:37.094,EyeTracking,Demo3D,Dwell_Start,Button: StartDemo,Dwell_Started
17:03:37.104,EyeTracking,Demo3D,Dwell_Start,Button: StartDemo,Dwell_Started
17:03:37.115,EyeTracking,Demo3D,Dwell_Start,Button: StartDemo,Dwell_Started
17:03:37.129,EyeTracking,Demo3D,Dwell_Start,Button: StartDemo,Dwell_Started
17:03:37.138,EyeTracking,Demo3D,Dwell_Start,Button: StartDemo,Dwell_Started
17:03:37.149,EyeTracking,Demo3D,Dwell_Start,Button: StartDemo,Dwell_Started
17:03:37.160,EyeTracking,Demo3D,Dwell_Start,Button: StartDemo,Dwell_Started
17:03:37.171,EyeTracking,Demo3D,Dwell_Start,Button: StartDemo,Dwell_Started
17:03:37.182,EyeTracking,Demo3D,Dwell_Start,Button: StartDemo,Dwell_Started
17:03:37.195,EyeTracking,Demo3D,Dwell_Start,Button: StartDemo,Dwell_Started
17:03:37.205,EyeTracking,Demo3D,Dwell_Start,Button: StartDemo,Dwell_Started
17:03:37.215,EyeTracking,Demo3D,Dwell_Start,Button: StartDemo,Dwell_Started
17:03:37.215,EyeTracking,Demo3D,Dwell_Complete,Button: StartDemo,Dwelling_Completed
17:03:37.215,EyeTracking,Demo3D,Flicker_Start,StartDemo,Flicker_Start
17:03:39.226,EyeTracking,Demo3D,Flicker_End,Button: StartDemo,Flicker_End
17:03:39.226,EyeTracking,Demo3D,Action_Executed,Button: StartDemo; Action: ButtonAction,Execution_Proceeding
17:05:34.732,EyeTracking,Demo3D,Dwell_Complete,Object: Door_Single,Dwelling_Completed
17:05:34.732,EyeTracking,Demo3D,Flicker_Start,Object: Door_Single; Hz: 15,Flickering_Start
17:05:36.742,EyeTracking,Demo3D,Flicker_End,Object: Door_Single,Flickering_Completed
17:05:36.742,EyeTracking,Demo3D,Action_Executed,Object: Door_Single; Action: DoorSwitch,Execution_Proceeding
17:05:36.753,EyeTracking,Demo3D,Dwell_Start,Object: Door_Double,Dwell_Started
17:05:38.253,EyeTracking,Demo3D,Dwell_Complete,Object: Door_Double,Dwelling_Completed
17:05:38.253,EyeTracking,Demo3D,Flicker_Start,Object: Door_Double; Hz: 15,Flickering_Start
17:05:40.262,EyeTracking,Demo3D,Flicker_End,Object: Door_Double,Flickering_Completed
17:05:40.262,EyeTracking,Demo3D,Action_Executed,Object: Door_Double; Action: NextScene,Execution_Proceeding
17:05:40.262,EyeTracking,Test3D,Phase_Start,Test3D,
17:05:40.275,EyeTracking,Test3D,Hover_Enter,Button: StartTestBCI,Hovering
17:05:40.275,EyeTracking,Test3D,Dwell_Start,Button: StartTestBCI,Dwell_Started
17:05:40.286,EyeTracking,Test3D,Dwell_Start,Button: StartTestBCI,Dwell_Started
17:05:40.296,EyeTracking,Test3D,Dwell_Start,Button: StartTestBCI,Dwell_Started
17:05:40.308,EyeTracking,Test3D,Dwell_Start,Button: StartTestBCI,Dwell_Started
17:05:40.318,EyeTracking,Test3D,Dwell_Start,Button: StartTestBCI,Dwell_Started
17:05:40.329,EyeTracking,Test3D,Dwell_Start,Button: StartTestBCI,Dwell_Started
17:05:40.340,EyeTracking,Test3D,Dwell_Start,Button: StartTestBCI,Dwell_Started
17:05:40.351,EyeTracking,Test3D,Dwell_Start,Button: StartTestBCI,Dwell_Started
17:05:40.363,EyeTracking,Test3D,Dwell_Start,Button: StartTestBCI,Dwell_Started
17:05:40.375,EyeTracking,Test3D,Dwell_Start,Button: StartTestBCI,Dwell_Started
17:05:40.385,EyeTracking,Test3D,Dwell_Start,Button: StartTestBCI,Dwell_Started
17:05:40.395,EyeTracking,Test3D,Dwell_Start,Button: StartTestBCI,Dwell_Started
17:05:40.407,EyeTracking,Test3D,Dwell_Start,Button: StartTestBCI,Dwell_Started
17:05:40.418,EyeTracking,Test3D,Dwell_Start,Button: StartTestBCI,Dwell_Started
17:05:40.430,EyeTracking,Test3D,Dwell_Start,Button: StartTestBCI,Dwell_Started
17:05:40.441,EyeTracking,Test3D,Dwell_Start,Button: StartTestBCI,Dwell_Started
17:05:40.451,EyeTracking,Test3D,Dwell_Start,Button: StartTestBCI,Dwell_Started
17:05:40.462,EyeTracking,Test3D,Dwell_Start,Button: StartTestBCI,Dwell_Started
17:05:40.473,EyeTracking,Test3D,Dwell_Start,Button: StartTestBCI,Dwell_Started
17:05:40.485,EyeTracking,Test3D,Dwell_Start,Button: StartTestBCI,Dwell_Started
17:05:40.496,EyeTracking,Test3D,Dwell_Start,Button: StartTestBCI,Dwell_Started
17:05:40.507,EyeTracking,Test3D,Dwell_Start,Button: StartTestBCI,Dwell_Started
17:05:40.518,EyeTracking,Test3D,Dwell_Start,Button: StartTestBCI,Dwell_Started
17:05:40.529,EyeTracking,Test3D,Dwell_Start,Button: StartTestBCI,Dwell_Started
17:05:40.540,EyeTracking,Test3D,Dwell_Start,Button: StartTestBCI,Dwell_Started
17:05:40.552,EyeTracking,Test3D,Dwell_Start,Button: StartTestBCI,Dwell_Started
17:05:40.563,EyeTracking,Test3D,Dwell_Start,Button: StartTestBCI,Dwell_Started
17:05:40.574,EyeTracking,Test3D,Dwell_Start,Button: StartTestBCI,Dwell_Started
17:05:40.584,EyeTracking,Test3D,Dwell_Start,Button: StartTestBCI,Dwell_Started
17:05:40.596,EyeTracking,Test3D,Dwell_Start,Button: StartTestBCI,Dwell_Started
17:05:40.607,EyeTracking,Test3D,Dwell_Start,Button: StartTestBCI,Dwell_Started
17:05:40.618,EyeTracking,Test3D,Dwell_Start,Button: StartTestBCI,Dwell_Started
17:05:40.629,EyeTracking,Test3D,Dwell_Start,Button: StartTestBCI,Dwell_Started
17:05:40.640,EyeTracking,Test3D,Dwell_Start,Button: StartTestBCI,Dwell_Started
17:05:40.651,EyeTracking,Test3D,Dwell_Start,Button: StartTestBCI,Dwell_Started
17:05:40.663,EyeTracking,Test3D,Dwell_Start,Button: StartTestBCI,Dwell_Started
17:05:40.672,EyeTracking,Test3D,Dwell_Start,Button: StartTestBCI,Dwell_Started
17:05:40.684,EyeTracking,Test3D,Dwell_Start,Button: StartTestBCI,Dwell_Started
17:05:40.695,EyeTracking,Test3D,Dwell_Start,Button: StartTestBCI,Dwell_Started
17:05:40.707,EyeTracking,Test3D,Dwell_Start,Button: StartTestBCI,Dwell_Started
17:05:40.718,EyeTracking,Test3D,Dwell_Start,Button: StartTestBCI,Dwell_Started
17:05:40.730,EyeTracking,Test3D,Dwell_Start,Button: StartTestBCI,Dwell_Started
17:05:40.741,EyeTracking,Test3D,Dwell_Start,Button: StartTestBCI,Dwell_Started
17:05:40.751,EyeTracking,Test3D,Dwell_Start,Button: StartTestBCI,Dwell_Started
17:05:40.762,EyeTracking,Test3D,Dwell_Start,Button: StartTestBCI,Dwell_Started
17:05:40.774,EyeTracking,Test3D,Dwell_Start,Button: StartTestBCI,Dwell_Started
17:05:40.785,EyeTracking,Test3D,Dwell_Start,Button: StartTestBCI,Dwell_Started
17:05:40.794,EyeTracking,Test3D,Dwell_Start,Button: StartTestBCI,Dwell_Started
17:05:40.807,EyeTracking,Test3D,Dwell_Start,Button: StartTestBCI,Dwell_Started
17:05:40.818,EyeTracking,Test3D,Dwell_Start,Button: StartTestBCI,Dwell_Started
17:05:40.828,EyeTracking,Test3D,Dwell_Start,Button: StartTestBCI,Dwell_Started
17:05:40.840,EyeTracking,Test3D,Dwell_Start,Button: StartTestBCI,Dwell_Started
17:05:40.851,EyeTracking,Test3D,Dwell_Start,Button: StartTestBCI,Dwell_Started
17:05:40.862,EyeTracking,Test3D,Dwell_Start,Button: StartTestBCI,Dwell_Started
17:05:40.873,EyeTracking,Test3D,Dwell_Start,Button: StartTestBCI,Dwell_Started
17:05:40.884,EyeTracking,Test3D,Dwell_Start,Button: StartTestBCI,Dwell_Started
17:05:40.897,EyeTracking,Test3D,Dwell_Start,Button: StartTestBCI,Dwell_Started
17:05:40.907,EyeTracking,Test3D,Dwell_Start,Button: StartTestBCI,Dwell_Started
17:05:40.917,EyeTracking,Test3D,Dwell_Start,Button: StartTestBCI,Dwell_Started
17:05:40.928,EyeTracking,Test3D,Dwell_Start,Button: StartTestBCI,Dwell_Started
17:05:40.940,EyeTracking,Test3D,Dwell_Start,Button: StartTestBCI,Dwell_Started
17:05:40.951,EyeTracking,Test3D,Dwell_Start,Button: StartTestBCI,Dwell_Started
17:05:40.962,EyeTracking,Test3D,Dwell_Start,Button: StartTestBCI,Dwell_Started
17:05:40.975,EyeTracking,Test3D,Dwell_Start,Button: StartTestBCI,Dwell_Started
17:05:40.985,EyeTracking,Test3D,Dwell_Start,Button: StartTestBCI,Dwell_Started
17:05:40.996,EyeTracking,Test3D,Dwell_Start,Button: StartTestBCI,Dwell_Started
17:05:41.005,EyeTracking,Test3D,Dwell_Start,Button: StartTestBCI,Dwell_Started
17:05:41.018,EyeTracking,Test3D,Dwell_Start,Button: StartTestBCI,Dwell_Started
17:05:41.029,EyeTracking,Test3D,Dwell_Start,Button: StartTestBCI,Dwell_Started
17:05:41.040,EyeTracking,Test3D,Hover_Exit,Button: StartTestBCI,Hover_Exit
17:05:41.095,EyeTracking,Test3D,Hover_Enter,Button: StartTestBCI,Hovering
17:05:41.095,EyeTracking,Test3D,Dwell_Start,Button: StartTestBCI,Dwell_Started
17:05:41.107,EyeTracking,Test3D,Hover_Exit,Button: StartTestBCI,Hover_Exit
17:05:41.118,EyeTracking,Test3D,Hover_Enter,Button: StartTestBCI,Hovering
17:05:41.118,EyeTracking,Test3D,Dwell_Start,Button: StartTestBCI,Dwell_Started
17:05:41.128,EyeTracking,Test3D,Hover_Exit,Button: StartTestBCI,Hover_Exit
17:05:41.183,EyeTracking,Test3D,Hover_Enter,Button: StartTestBCI,Hovering
17:05:41.183,EyeTracking,Test3D,Dwell_Start,Button: StartTestBCI,Dwell_Started
17:05:41.196,EyeTracking,Test3D,Hover_Exit,Button: StartTestBCI,Hover_Exit
17:05:42.527,EyeTracking,Test3D,Hover_Enter,Button: StartTestBCI,Hovering
17:05:42.527,EyeTracking,Test3D,Dwell_Start,Button: StartTestBCI,Dwell_Started
17:05:42.538,EyeTracking,Test3D,Dwell_Start,Button: StartTestBCI,Dwell_Started
17:05:42.549,EyeTracking,Test3D,Dwell_Start,Button: StartTestBCI,Dwell_Started
17:05:42.561,EyeTracking,Test3D,Dwell_Start,Button: StartTestBCI,Dwell_Started
17:05:42.572,EyeTracking,Test3D,Dwell_Start,Button: StartTestBCI,Dwell_Started
17:05:42.584,EyeTracking,Test3D,Hover_Exit,Button: StartTestBCI,Hover_Exit
17:05:43.106,EyeTracking,Test3D,Hover_Enter,Button: StartTestBCI,Hovering
17:05:43.106,EyeTracking,Test3D,Dwell_Start,Button: StartTestBCI,Dwell_Started
17:05:43.116,EyeTracking,Test3D,Dwell_Start,Button: StartTestBCI,Dwell_Started
17:05:43.128,EyeTracking,Test3D,Dwell_Start,Button: StartTestBCI,Dwell_Started
17:05:43.139,EyeTracking,Test3D,Dwell_Start,Button: StartTestBCI,Dwell_Started
17:05:43.150,EyeTracking,Test3D,Dwell_Start,Button: StartTestBCI,Dwell_Started
17:05:43.162,EyeTracking,Test3D,Dwell_Start,Button: StartTestBCI,Dwell_Started
17:05:43.173,EyeTracking,Test3D,Dwell_Start,Button: StartTestBCI,Dwell_Started
17:05:43.184,EyeTracking,Test3D,Dwell_Start,Button: StartTestBCI,Dwell_Started
17:05:43.194,EyeTracking,Test3D,Dwell_Start,Button: StartTestBCI,Dwell_Started
17:05:43.207,EyeTracking,Test3D,Dwell_Start,Button: StartTestBCI,Dwell_Started
17:05:43.217,EyeTracking,Test3D,Dwell_Start,Button: StartTestBCI,Dwell_Started
17:05:43.228,EyeTracking,Test3D,Dwell_Start,Button: StartTestBCI,Dwell_Started
17:05:43.238,EyeTracking,Test3D,Dwell_Start,Button: StartTestBCI,Dwell_Started
17:05:43.249,EyeTracking,Test3D,Dwell_Start,Button: StartTestBCI,Dwell_Started
17:05:43.261,EyeTracking,Test3D,Dwell_Start,Button: StartTestBCI,Dwell_Started
17:05:43.272,EyeTracking,Test3D,Dwell_Start,Button: StartTestBCI,Dwell_Started
17:05:43.283,EyeTracking,Test3D,Dwell_Start,Button: StartTestBCI,Dwell_Started
17:05:43.295,EyeTracking,Test3D,Dwell_Start,Button: StartTestBCI,Dwell_Started
17:05:43.306,EyeTracking,Test3D,Dwell_Start,Button: StartTestBCI,Dwell_Started
17:05:43.316,EyeTracking,Test3D,Dwell_Start,Button: StartTestBCI,Dwell_Started
17:05:43.328,EyeTracking,Test3D,Dwell_Start,Button: StartTestBCI,Dwell_Started
17:05:43.338,EyeTracking,Test3D,Dwell_Start,Button: StartTestBCI,Dwell_Started
17:05:43.349,EyeTracking,Test3D,Dwell_Start,Button: StartTestBCI,Dwell_Started
17:05:43.362,EyeTracking,Test3D,Dwell_Start,Button: StartTestBCI,Dwell_Started
17:05:43.372,EyeTracking,Test3D,Dwell_Start,Button: StartTestBCI,Dwell_Started
17:05:43.383,EyeTracking,Test3D,Dwell_Start,Button: StartTestBCI,Dwell_Started
17:05:43.393,EyeTracking,Test3D,Dwell_Start,Button: StartTestBCI,Dwell_Started
17:05:43.405,EyeTracking,Test3D,Dwell_Start,Button: StartTestBCI,Dwell_Started
17:05:43.417,EyeTracking,Test3D,Dwell_Start,Button: StartTestBCI,Dwell_Started
17:05:43.427,EyeTracking,Test3D,Dwell_Start,Button: StartTestBCI,Dwell_Started
17:05:43.439,EyeTracking,Test3D,Dwell_Start,Button: StartTestBCI,Dwell_Started
17:05:43.450,EyeTracking,Test3D,Dwell_Start,Button: StartTestBCI,Dwell_Started
17:05:43.460,EyeTracking,Test3D,Dwell_Start,Button: StartTestBCI,Dwell_Started
17:05:43.473,EyeTracking,Test3D,Dwell_Start,Button: StartTestBCI,Dwell_Started
17:05:43.484,EyeTracking,Test3D,Dwell_Start,Button: StartTestBCI,Dwell_Started
17:05:43.495,EyeTracking,Test3D,Dwell_Start,Button: StartTestBCI,Dwell_Started
17:05:43.506,EyeTracking,Test3D,Dwell_Start,Button: StartTestBCI,Dwell_Started
17:05:43.516,EyeTracking,Test3D,Dwell_Start,Button: StartTestBCI,Dwell_Started
17:05:43.528,EyeTracking,Test3D,Dwell_Start,Button: StartTestBCI,Dwell_Started
17:05:43.537,EyeTracking,Test3D,Dwell_Start,Button: StartTestBCI,Dwell_Started
17:05:43.551,EyeTracking,Test3D,Dwell_Start,Button: StartTestBCI,Dwell_Started
17:05:43.560,EyeTracking,Test3D,Dwell_Start,Button: StartTestBCI,Dwell_Started
17:05:43.573,EyeTracking,Test3D,Dwell_Start,Button: StartTestBCI,Dwell_Started
17:05:43.582,EyeTracking,Test3D,Dwell_Start,Button: StartTestBCI,Dwell_Started
17:05:43.594,EyeTracking,Test3D,Dwell_Start,Button: StartTestBCI,Dwell_Started
17:05:43.604,EyeTracking,Test3D,Dwell_Start,Button: StartTestBCI,Dwell_Started
17:05:43.615,EyeTracking,Test3D,Dwell_Start,Button: StartTestBCI,Dwell_Started
17:05:43.627,EyeTracking,Test3D,Dwell_Start,Button: StartTestBCI,Dwell_Started
17:05:43.639,EyeTracking,Test3D,Dwell_Start,Button: StartTestBCI,Dwell_Started
17:05:43.650,EyeTracking,Test3D,Dwell_Start,Button: StartTestBCI,Dwell_Started
17:05:43.660,EyeTracking,Test3D,Dwell_Start,Button: StartTestBCI,Dwell_Started
17:05:43.672,EyeTracking,Test3D,Dwell_Start,Button: StartTestBCI,Dwell_Started
17:05:43.684,EyeTracking,Test3D,Dwell_Start,Button: StartTestBCI,Dwell_Started
17:05:43.694,EyeTracking,Test3D,Dwell_Start,Button: StartTestBCI,Dwell_Started
17:05:43.704,EyeTracking,Test3D,Dwell_Start,Button: StartTestBCI,Dwell_Started
17:05:43.717,EyeTracking,Test3D,Dwell_Start,Button: StartTestBCI,Dwell_Started
17:05:43.728,EyeTracking,Test3D,Dwell_Start,Button: StartTestBCI,Dwell_Started
17:05:43.738,EyeTracking,Test3D,Dwell_Start,Button: StartTestBCI,Dwell_Started
17:05:43.750,EyeTracking,Test3D,Dwell_Start,Button: StartTestBCI,Dwell_Started
17:05:43.760,EyeTracking,Test3D,Dwell_Start,Button: StartTestBCI,Dwell_Started
17:05:43.772,EyeTracking,Test3D,Dwell_Start,Button: StartTestBCI,Dwell_Started
17:05:43.784,EyeTracking,Test3D,Dwell_Start,Button: StartTestBCI,Dwell_Started
17:05:43.794,EyeTracking,Test3D,Dwell_Start,Button: StartTestBCI,Dwell_Started
17:05:43.806,EyeTracking,Test3D,Dwell_Start,Button: StartTestBCI,Dwell_Started
17:05:43.815,EyeTracking,Test3D,Dwell_Start,Button: StartTestBCI,Dwell_Started
17:05:43.829,EyeTracking,Test3D,Dwell_Start,Button: StartTestBCI,Dwell_Started
17:05:43.838,EyeTracking,Test3D,Dwell_Start,Button: StartTestBCI,Dwell_Started
17:05:43.850,EyeTracking,Test3D,Dwell_Start,Button: StartTestBCI,Dwell_Started
17:05:43.862,EyeTracking,Test3D,Dwell_Start,Button: StartTestBCI,Dwell_Started
17:05:43.872,EyeTracking,Test3D,Dwell_Start,Button: StartTestBCI,Dwell_Started
17:05:43.884,EyeTracking,Test3D,Dwell_Start,Button: StartTestBCI,Dwell_Started
17:05:43.893,EyeTracking,Test3D,Dwell_Start,Button: StartTestBCI,Dwell_Started
17:05:43.905,EyeTracking,Test3D,Dwell_Start,Button: StartTestBCI,Dwell_Started
17:05:43.917,EyeTracking,Test3D,Dwell_Start,Button: StartTestBCI,Dwell_Started
17:05:43.928,EyeTracking,Test3D,Dwell_Start,Button: StartTestBCI,Dwell_Started
17:05:43.938,EyeTracking,Test3D,Dwell_Start,Button: StartTestBCI,Dwell_Started
17:05:43.950,EyeTracking,Test3D,Hover_Exit,Button: StartTestBCI,Hover_Exit
17:05:43.960,EyeTracking,Test3D,Hover_Enter,Button: StartTestBCI,Hovering
17:05:43.960,EyeTracking,Test3D,Dwell_Start,Button: StartTestBCI,Dwell_Started
17:05:43.971,EyeTracking,Test3D,Dwell_Start,Button: StartTestBCI,Dwell_Started
17:05:43.983,EyeTracking,Test3D,Dwell_Start,Button: StartTestBCI,Dwell_Started
17:05:43.993,EyeTracking,Test3D,Dwell_Start,Button: StartTestBCI,Dwell_Started
17:05:44.005,EyeTracking,Test3D,Dwell_Start,Button: StartTestBCI,Dwell_Started
17:05:44.017,EyeTracking,Test3D,Dwell_Start,Button: StartTestBCI,Dwell_Started
17:05:44.026,EyeTracking,Test3D,Dwell_Start,Button: StartTestBCI,Dwell_Started
17:05:44.038,EyeTracking,Test3D,Dwell_Start,Button: StartTestBCI,Dwell_Started
17:05:44.049,EyeTracking,Test3D,Dwell_Start,Button: StartTestBCI,Dwell_Started
17:05:44.062,EyeTracking,Test3D,Hover_Exit,Button: StartTestBCI,Hover_Exit
17:05:44.073,EyeTracking,Test3D,Hover_Enter,Button: StartTestBCI,Hovering
17:05:44.073,EyeTracking,Test3D,Dwell_Start,Button: StartTestBCI,Dwell_Started
17:05:44.084,EyeTracking,Test3D,Dwell_Start,Button: StartTestBCI,Dwell_Started
17:05:44.095,EyeTracking,Test3D,Hover_Exit,Button: StartTestBCI,Hover_Exit
17:05:44.794,EyeTracking,Test3D,Hover_Enter,Button: StartTestBCI,Hovering
17:05:44.794,EyeTracking,Test3D,Dwell_Start,Button: StartTestBCI,Dwell_Started
17:05:44.805,EyeTracking,Test3D,Dwell_Start,Button: StartTestBCI,Dwell_Started
17:05:44.820,EyeTracking,Test3D,Dwell_Start,Button: StartTestBCI,Dwell_Started
17:05:44.834,EyeTracking,Test3D,Dwell_Start,Button: StartTestBCI,Dwell_Started
17:05:44.841,EyeTracking,Test3D,Dwell_Start,Button: StartTestBCI,Dwell_Started
17:05:44.848,EyeTracking,Test3D,Dwell_Start,Button: StartTestBCI,Dwell_Started
17:05:44.858,EyeTracking,Test3D,Dwell_Start,Button: StartTestBCI,Dwell_Started
17:05:44.869,EyeTracking,Test3D,Dwell_Start,Button: StartTestBCI,Dwell_Started
17:05:44.880,EyeTracking,Test3D,Dwell_Start,Button: StartTestBCI,Dwell_Started
17:05:44.892,EyeTracking,Test3D,Dwell_Start,Button: StartTestBCI,Dwell_Started
17:05:44.902,EyeTracking,Test3D,Dwell_Start,Button: StartTestBCI,Dwell_Started
17:05:44.912,EyeTracking,Test3D,Dwell_Start,Button: StartTestBCI,Dwell_Started
17:05:44.925,EyeTracking,Test3D,Dwell_Start,Button: StartTestBCI,Dwell_Started
17:05:44.936,EyeTracking,Test3D,Dwell_Start,Button: StartTestBCI,Dwell_Started
17:05:44.947,EyeTracking,Test3D,Dwell_Start,Button: StartTestBCI,Dwell_Started
17:05:44.959,EyeTracking,Test3D,Dwell_Start,Button: StartTestBCI,Dwell_Started
17:05:44.969,EyeTracking,Test3D,Dwell_Start,Button: StartTestBCI,Dwell_Started
17:05:44.985,EyeTracking,Test3D,Dwell_Start,Button: StartTestBCI,Dwell_Started
17:05:44.997,EyeTracking,Test3D,Dwell_Start,Button: StartTestBCI,Dwell_Started
17:05:45.006,EyeTracking,Test3D,Dwell_Start,Button: StartTestBCI,Dwell_Started
17:05:45.014,EyeTracking,Test3D,Dwell_Start,Button: StartTestBCI,Dwell_Started
17:05:45.026,EyeTracking,Test3D,Dwell_Start,Button: StartTestBCI,Dwell_Started
17:05:45.036,EyeTracking,Test3D,Dwell_Start,Button: StartTestBCI,Dwell_Started
17:05:45.047,EyeTracking,Test3D,Dwell_Start,Button: StartTestBCI,Dwell_Started
17:05:45.058,EyeTracking,Test3D,Dwell_Start,Button: StartTestBCI,Dwell_Started
17:05:45.069,EyeTracking,Test3D,Dwell_Start,Button: StartTestBCI,Dwell_Started
17:05:45.081,EyeTracking,Test3D,Dwell_Start,Button: StartTestBCI,Dwell_Started
17:05:45.091,EyeTracking,Test3D,Dwell_Start,Button: StartTestBCI,Dwell_Started
17:05:45.103,EyeTracking,Test3D,Dwell_Start,Button: StartTestBCI,Dwell_Started
17:05:45.113,EyeTracking,Test3D,Dwell_Start,Button: StartTestBCI,Dwell_Started
17:05:45.125,EyeTracking,Test3D,Dwell_Start,Button: StartTestBCI,Dwell_Started
17:05:45.137,EyeTracking,Test3D,Dwell_Start,Button: StartTestBCI,Dwell_Started
17:05:45.146,EyeTracking,Test3D,Dwell_Start,Button: StartTestBCI,Dwell_Started
17:05:45.158,EyeTracking,Test3D,Dwell_Start,Button: StartTestBCI,Dwell_Started
17:05:45.169,EyeTracking,Test3D,Dwell_Start,Button: StartTestBCI,Dwell_Started
17:05:45.180,EyeTracking,Test3D,Dwell_Start,Button: StartTestBCI,Dwell_Started
17:05:45.191,EyeTracking,Test3D,Dwell_Start,Button: StartTestBCI,Dwell_Started
17:05:45.203,EyeTracking,Test3D,Dwell_Start,Button: StartTestBCI,Dwell_Started
17:05:45.214,EyeTracking,Test3D,Dwell_Start,Button: StartTestBCI,Dwell_Started
17:05:45.226,EyeTracking,Test3D,Dwell_Start,Button: StartTestBCI,Dwell_Started
17:05:45.236,EyeTracking,Test3D,Dwell_Start,Button: StartTestBCI,Dwell_Started
17:05:45.248,EyeTracking,Test3D,Dwell_Start,Button: StartTestBCI,Dwell_Started
17:05:45.259,EyeTracking,Test3D,Dwell_Start,Button: StartTestBCI,Dwell_Started
17:05:45.269,EyeTracking,Test3D,Dwell_Start,Button: StartTestBCI,Dwell_Started
17:05:45.281,EyeTracking,Test3D,Dwell_Start,Button: StartTestBCI,Dwell_Started
17:05:45.292,EyeTracking,Test3D,Dwell_Start,Button: StartTestBCI,Dwell_Started
17:05:45.304,EyeTracking,Test3D,Dwell_Start,Button: StartTestBCI,Dwell_Started
17:05:45.316,EyeTracking,Test3D,Dwell_Start,Button: StartTestBCI,Dwell_Started
17:05:45.326,EyeTracking,Test3D,Dwell_Start,Button: StartTestBCI,Dwell_Started
17:05:45.336,EyeTracking,Test3D,Dwell_Start,Button: StartTestBCI,Dwell_Started
17:05:45.348,EyeTracking,Test3D,Dwell_Start,Button: StartTestBCI,Dwell_Started
17:05:45.358,EyeTracking,Test3D,Dwell_Start,Button: StartTestBCI,Dwell_Started
17:05:45.369,EyeTracking,Test3D,Hover_Exit,Button: StartTestBCI,Hover_Exit
17:05:45.393,EyeTracking,Test3D,Hover_Enter,Button: StartTestBCI,Hovering
17:05:45.393,EyeTracking,Test3D,Dwell_Start,Button: StartTestBCI,Dwell_Started
17:05:45.403,EyeTracking,Test3D,Hover_Exit,Button: StartTestBCI,Hover_Exit
17:05:45.814,EyeTracking,Test3D,Hover_Enter,Button: StartTestBCI,Hovering
17:05:45.814,EyeTracking,Test3D,Dwell_Start,Button: StartTestBCI,Dwell_Started
17:05:45.825,EyeTracking,Test3D,Dwell_Start,Button: StartTestBCI,Dwell_Started
17:05:45.837,EyeTracking,Test3D,Dwell_Start,Button: StartTestBCI,Dwell_Started
17:05:45.847,EyeTracking,Test3D,Dwell_Start,Button: StartTestBCI,Dwell_Started
17:05:45.863,EyeTracking,Test3D,Dwell_Start,Button: StartTestBCI,Dwell_Started
17:05:45.876,EyeTracking,Test3D,Dwell_Start,Button: StartTestBCI,Dwell_Started
17:05:45.887,EyeTracking,Test3D,Dwell_Start,Button: StartTestBCI,Dwell_Started
17:05:45.894,EyeTracking,Test3D,Dwell_Start,Button: StartTestBCI,Dwell_Started
17:05:45.910,EyeTracking,Test3D,Dwell_Start,Button: StartTestBCI,Dwell_Started
17:05:45.922,EyeTracking,Test3D,Dwell_Start,Button: StartTestBCI,Dwell_Started
17:05:45.935,EyeTracking,Test3D,Dwell_Start,Button: StartTestBCI,Dwell_Started
17:05:45.942,EyeTracking,Test3D,Dwell_Start,Button: StartTestBCI,Dwell_Started
17:05:45.956,EyeTracking,Test3D,Dwell_Start,Button: StartTestBCI,Dwell_Started
17:05:45.968,EyeTracking,Test3D,Dwell_Start,Button: StartTestBCI,Dwell_Started
17:05:45.979,EyeTracking,Test3D,Dwell_Start,Button: StartTestBCI,Dwell_Started
17:05:45.989,EyeTracking,Test3D,Dwell_Start,Button: StartTestBCI,Dwell_Started
17:05:46.000,EyeTracking,Test3D,Dwell_Start,Button: StartTestBCI,Dwell_Started
17:05:46.013,EyeTracking,Test3D,Dwell_Start,Button: StartTestBCI,Dwell_Started
17:05:46.025,EyeTracking,Test3D,Dwell_Start,Button: StartTestBCI,Dwell_Started
17:05:46.037,EyeTracking,Test3D,Dwell_Start,Button: StartTestBCI,Dwell_Started
17:05:46.050,EyeTracking,Test3D,Dwell_Start,Button: StartTestBCI,Dwell_Started
17:05:46.061,EyeTracking,Test3D,Dwell_Start,Button: StartTestBCI,Dwell_Started
17:05:46.075,EyeTracking,Test3D,Dwell_Start,Button: StartTestBCI,Dwell_Started
17:05:46.083,EyeTracking,Test3D,Dwell_Start,Button: StartTestBCI,Dwell_Started
17:05:46.097,EyeTracking,Test3D,Dwell_Start,Button: StartTestBCI,Dwell_Started
17:05:46.110,EyeTracking,Test3D,Dwell_Start,Button: StartTestBCI,Dwell_Started
17:05:46.120,EyeTracking,Test3D,Dwell_Start,Button: StartTestBCI,Dwell_Started
17:05:46.130,EyeTracking,Test3D,Hover_Exit,Button: StartTestBCI,Hover_Exit
17:05:46.150,EyeTracking,Test3D,Hover_Enter,Button: StartTestBCI,Hovering
17:05:46.150,EyeTracking,Test3D,Dwell_Start,Button: StartTestBCI,Dwell_Started
17:05:46.162,EyeTracking,Test3D,Dwell_Start,Button: StartTestBCI,Dwell_Started
17:05:46.174,EyeTracking,Test3D,Dwell_Start,Button: StartTestBCI,Dwell_Started
17:05:46.187,EyeTracking,Test3D,Dwell_Start,Button: StartTestBCI,Dwell_Started
17:05:46.199,EyeTracking,Test3D,Dwell_Start,Button: StartTestBCI,Dwell_Started
17:05:46.213,EyeTracking,Test3D,Dwell_Start,Button: StartTestBCI,Dwell_Started
17:05:46.226,EyeTracking,Test3D,Dwell_Start,Button: StartTestBCI,Dwell_Started
17:05:46.240,EyeTracking,Test3D,Dwell_Start,Button: StartTestBCI,Dwell_Started
17:05:46.249,EyeTracking,Test3D,Dwell_Start,Button: StartTestBCI,Dwell_Started
17:05:46.261,EyeTracking,Test3D,Dwell_Start,Button: StartTestBCI,Dwell_Started
17:05:46.273,EyeTracking,Test3D,Dwell_Start,Button: StartTestBCI,Dwell_Started
17:05:46.284,EyeTracking,Test3D,Hover_Exit,Button: StartTestBCI,Hover_Exit
17:05:46.597,EyeTracking,Test3D,Hover_Enter,Button: StartTestBCI,Hovering
17:05:46.597,EyeTracking,Test3D,Dwell_Start,Button: StartTestBCI,Dwell_Started
17:05:46.611,EyeTracking,Test3D,Hover_Exit,Button: StartTestBCI,Hover_Exit
17:05:46.636,EyeTracking,Test3D,Hover_Enter,Button: StartTestBCI,Hovering
17:05:46.636,EyeTracking,Test3D,Dwell_Start,Button: StartTestBCI,Dwell_Started
17:05:46.644,EyeTracking,Test3D,Dwell_Start,Button: StartTestBCI,Dwell_Started
17:05:46.655,EyeTracking,Test3D,Dwell_Start,Button: StartTestBCI,Dwell_Started
17:05:46.666,EyeTracking,Test3D,Dwell_Start,Button: StartTestBCI,Dwell_Started
17:05:46.677,EyeTracking,Test3D,Dwell_Start,Button: StartTestBCI,Dwell_Started
17:05:46.692,EyeTracking,Test3D,Dwell_Start,Button: StartTestBCI,Dwell_Started
17:05:46.710,EyeTracking,Test3D,Dwell_Start,Button: StartTestBCI,Dwell_Started
17:05:46.723,EyeTracking,Test3D,Dwell_Start,Button: StartTestBCI,Dwell_Started
17:05:46.735,EyeTracking,Test3D,Hover_Exit,Button: StartTestBCI,Hover_Exit
17:05:46.748,EyeTracking,Test3D,Hover_Enter,Button: StartTestBCI,Hovering
17:05:46.748,EyeTracking,Test3D,Dwell_Start,Button: StartTestBCI,Dwell_Started
17:05:46.758,EyeTracking,Test3D,Dwell_Start,Button: StartTestBCI,Dwell_Started
17:05:46.770,EyeTracking,Test3D,Hover_Exit,Button: StartTestBCI,Hover_Exit
17:05:47.547,EyeTracking,Test3D,Hover_Enter,Button: StartTestBCI,Hovering
17:05:47.547,EyeTracking,Test3D,Dwell_Start,Button: StartTestBCI,Dwell_Started
17:05:47.559,EyeTracking,Test3D,Dwell_Start,Button: StartTestBCI,Dwell_Started
17:05:47.570,EyeTracking,Test3D,Dwell_Start,Button: StartTestBCI,Dwell_Started
17:05:47.580,EyeTracking,Test3D,Hover_Exit,Button: StartTestBCI,Hover_Exit
17:05:52.435,EyeTracking,Test3D,Hover_Enter,Button: StartTestBCI,Hovering
17:05:52.435,EyeTracking,Test3D,Dwell_Start,Button: StartTestBCI,Dwell_Started
17:05:52.446,EyeTracking,Test3D,Dwell_Start,Button: StartTestBCI,Dwell_Started
17:05:52.457,EyeTracking,Test3D,Dwell_Start,Button: StartTestBCI,Dwell_Started
17:05:52.467,EyeTracking,Test3D,Dwell_Start,Button: StartTestBCI,Dwell_Started
17:05:52.478,EyeTracking,Test3D,Dwell_Start,Button: StartTestBCI,Dwell_Started
17:05:52.489,EyeTracking,Test3D,Dwell_Start,Button: StartTestBCI,Dwell_Started
17:05:52.501,EyeTracking,Test3D,Dwell_Start,Button: StartTestBCI,Dwell_Started
17:05:52.512,EyeTracking,Test3D,Dwell_Start,Button: StartTestBCI,Dwell_Started
17:05:52.523,EyeTracking,Test3D,Dwell_Start,Button: StartTestBCI,Dwell_Started
17:05:52.535,EyeTracking,Test3D,Dwell_Start,Button: StartTestBCI,Dwell_Started
17:05:52.545,EyeTracking,Test3D,Dwell_Start,Button: StartTestBCI,Dwell_Started
17:05:52.556,EyeTracking,Test3D,Dwell_Start,Button: StartTestBCI,Dwell_Started
17:05:52.567,EyeTracking,Test3D,Dwell_Start,Button: StartTestBCI,Dwell_Started
17:05:52.579,EyeTracking,Test3D,Dwell_Start,Button: StartTestBCI,Dwell_Started
17:05:52.590,EyeTracking,Test3D,Dwell_Start,Button: StartTestBCI,Dwell_Started
17:05:52.600,EyeTracking,Test3D,Dwell_Start,Button: StartTestBCI,Dwell_Started
17:05:52.611,EyeTracking,Test3D,Dwell_Start,Button: StartTestBCI,Dwell_Started
17:05:52.622,EyeTracking,Test3D,Dwell_Start,Button: StartTestBCI,Dwell_Started
17:05:52.634,EyeTracking,Test3D,Dwell_Start,Button: StartTestBCI,Dwell_Started
17:05:52.646,EyeTracking,Test3D,Dwell_Start,Button: StartTestBCI,Dwell_Started
17:05:52.657,EyeTracking,Test3D,Dwell_Start,Button: StartTestBCI,Dwell_Started
17:05:52.667,EyeTracking,Test3D,Dwell_Start,Button: StartTestBCI,Dwell_Started
17:05:52.678,EyeTracking,Test3D,Dwell_Start,Button: StartTestBCI,Dwell_Started
17:05:52.690,EyeTracking,Test3D,Dwell_Start,Button: StartTestBCI,Dwell_Started
17:05:52.700,EyeTracking,Test3D,Dwell_Start,Button: StartTestBCI,Dwell_Started
17:05:52.712,EyeTracking,Test3D,Dwell_Start,Button: StartTestBCI,Dwell_Started
17:05:52.722,EyeTracking,Test3D,Dwell_Start,Button: StartTestBCI,Dwell_Started
17:05:52.734,EyeTracking,Test3D,Dwell_Start,Button: StartTestBCI,Dwell_Started
17:05:52.745,EyeTracking,Test3D,Dwell_Start,Button: StartTestBCI,Dwell_Started
17:05:52.756,EyeTracking,Test3D,Dwell_Start,Button: StartTestBCI,Dwell_Started
17:05:52.767,EyeTracking,Test3D,Dwell_Start,Button: StartTestBCI,Dwell_Started
17:05:52.779,EyeTracking,Test3D,Dwell_Start,Button: StartTestBCI,Dwell_Started
17:05:52.788,EyeTracking,Test3D,Dwell_Start,Button: StartTestBCI,Dwell_Started
17:05:52.800,EyeTracking,Test3D,Dwell_Start,Button: StartTestBCI,Dwell_Started
17:05:52.811,EyeTracking,Test3D,Dwell_Start,Button: StartTestBCI,Dwell_Started
17:05:52.823,EyeTracking,Test3D,Dwell_Start,Button: StartTestBCI,Dwell_Started
17:05:52.834,EyeTracking,Test3D,Dwell_Start,Button: StartTestBCI,Dwell_Started
17:05:52.846,EyeTracking,Test3D,Dwell_Start,Button: StartTestBCI,Dwell_Started
17:05:52.855,EyeTracking,Test3D,Dwell_Start,Button: StartTestBCI,Dwell_Started
17:05:52.867,EyeTracking,Test3D,Dwell_Start,Button: StartTestBCI,Dwell_Started
17:05:52.878,EyeTracking,Test3D,Dwell_Start,Button: StartTestBCI,Dwell_Started
17:05:52.888,EyeTracking,Test3D,Dwell_Start,Button: StartTestBCI,Dwell_Started
17:05:52.902,EyeTracking,Test3D,Dwell_Start,Button: StartTestBCI,Dwell_Started
17:05:52.912,EyeTracking,Test3D,Dwell_Start,Button: StartTestBCI,Dwell_Started
17:05:52.922,EyeTracking,Test3D,Dwell_Start,Button: StartTestBCI,Dwell_Started
17:05:52.933,EyeTracking,Test3D,Dwell_Start,Button: StartTestBCI,Dwell_Started
17:05:52.945,EyeTracking,Test3D,Dwell_Start,Button: StartTestBCI,Dwell_Started
17:05:52.955,EyeTracking,Test3D,Dwell_Start,Button: StartTestBCI,Dwell_Started
17:05:52.967,EyeTracking,Test3D,Dwell_Start,Button: StartTestBCI,Dwell_Started
17:05:52.979,EyeTracking,Test3D,Dwell_Start,Button: StartTestBCI,Dwell_Started
17:05:52.989,EyeTracking,Test3D,Dwell_Start,Button: StartTestBCI,Dwell_Started
17:05:53.000,EyeTracking,Test3D,Dwell_Start,Button: StartTestBCI,Dwell_Started
17:05:53.011,EyeTracking,Test3D,Dwell_Start,Button: StartTestBCI,Dwell_Started
17:05:53.023,EyeTracking,Test3D,Dwell_Start,Button: StartTestBCI,Dwell_Started
17:05:53.034,EyeTracking,Test3D,Dwell_Start,Button: StartTestBCI,Dwell_Started
17:05:53.044,EyeTracking,Test3D,Dwell_Start,Button: StartTestBCI,Dwell_Started
17:05:53.057,EyeTracking,Test3D,Dwell_Start,Button: StartTestBCI,Dwell_Started
17:05:53.067,EyeTracking,Test3D,Dwell_Start,Button: StartTestBCI,Dwell_Started
17:05:53.077,EyeTracking,Test3D,Dwell_Start,Button: StartTestBCI,Dwell_Started
17:05:53.089,EyeTracking,Test3D,Dwell_Start,Button: StartTestBCI,Dwell_Started
17:05:53.100,EyeTracking,Test3D,Dwell_Start,Button: StartTestBCI,Dwell_Started
17:05:53.111,EyeTracking,Test3D,Dwell_Start,Button: StartTestBCI,Dwell_Started
17:05:53.123,EyeTracking,Test3D,Dwell_Start,Button: StartTestBCI,Dwell_Started
17:05:53.133,EyeTracking,Test3D,Dwell_Start,Button: StartTestBCI,Dwell_Started
17:05:53.145,EyeTracking,Test3D,Dwell_Start,Button: StartTestBCI,Dwell_Started
17:05:53.156,EyeTracking,Test3D,Dwell_Start,Button: StartTestBCI,Dwell_Started
17:05:53.167,EyeTracking,Test3D,Dwell_Start,Button: StartTestBCI,Dwell_Started
17:05:53.177,EyeTracking,Test3D,Dwell_Start,Button: StartTestBCI,Dwell_Started
17:05:53.188,EyeTracking,Test3D,Dwell_Start,Button: StartTestBCI,Dwell_Started
17:05:53.201,EyeTracking,Test3D,Dwell_Start,Button: StartTestBCI,Dwell_Started
17:05:53.211,EyeTracking,Test3D,Dwell_Start,Button: StartTestBCI,Dwell_Started
17:05:53.223,EyeTracking,Test3D,Dwell_Start,Button: StartTestBCI,Dwell_Started
17:05:53.233,EyeTracking,Test3D,Dwell_Start,Button: StartTestBCI,Dwell_Started
17:05:53.245,EyeTracking,Test3D,Dwell_Start,Button: StartTestBCI,Dwell_Started
17:05:53.256,EyeTracking,Test3D,Dwell_Start,Button: StartTestBCI,Dwell_Started
17:05:53.267,EyeTracking,Test3D,Dwell_Start,Button: StartTestBCI,Dwell_Started
17:05:53.277,EyeTracking,Test3D,Dwell_Start,Button: StartTestBCI,Dwell_Started
17:05:53.289,EyeTracking,Test3D,Dwell_Start,Button: StartTestBCI,Dwell_Started
17:05:53.301,EyeTracking,Test3D,Dwell_Start,Button: StartTestBCI,Dwell_Started
17:05:53.311,EyeTracking,Test3D,Dwell_Start,Button: StartTestBCI,Dwell_Started
17:05:53.323,EyeTracking,Test3D,Dwell_Start,Button: StartTestBCI,Dwell_Started
17:05:53.333,EyeTracking,Test3D,Dwell_Start,Button: StartTestBCI,Dwell_Started
17:05:53.344,EyeTracking,Test3D,Dwell_Start,Button: StartTestBCI,Dwell_Started
17:05:53.355,EyeTracking,Test3D,Dwell_Start,Button: StartTestBCI,Dwell_Started
17:05:53.367,EyeTracking,Test3D,Dwell_Start,Button: StartTestBCI,Dwell_Started
17:05:53.377,EyeTracking,Test3D,Dwell_Start,Button: StartTestBCI,Dwell_Started
17:05:53.389,EyeTracking,Test3D,Dwell_Start,Button: StartTestBCI,Dwell_Started
17:05:53.400,EyeTracking,Test3D,Dwell_Start,Button: StartTestBCI,Dwell_Started
17:05:53.411,EyeTracking,Test3D,Dwell_Start,Button: StartTestBCI,Dwell_Started
17:05:53.422,EyeTracking,Test3D,Dwell_Start,Button: StartTestBCI,Dwell_Started
17:05:53.433,EyeTracking,Test3D,Dwell_Start,Button: StartTestBCI,Dwell_Started
17:05:53.444,EyeTracking,Test3D,Dwell_Start,Button: StartTestBCI,Dwell_Started
17:05:53.456,EyeTracking,Test3D,Dwell_Start,Button: StartTestBCI,Dwell_Started
17:05:53.466,EyeTracking,Test3D,Dwell_Start,Button: StartTestBCI,Dwell_Started
17:05:53.477,EyeTracking,Test3D,Dwell_Start,Button: StartTestBCI,Dwell_Started
17:05:53.489,EyeTracking,Test3D,Dwell_Start,Button: StartTestBCI,Dwell_Started
17:05:53.499,EyeTracking,Test3D,Dwell_Start,Button: StartTestBCI,Dwell_Started
17:05:53.512,EyeTracking,Test3D,Dwell_Start,Button: StartTestBCI,Dwell_Started
17:05:53.522,EyeTracking,Test3D,Dwell_Start,Button: StartTestBCI,Dwell_Started
17:05:53.532,EyeTracking,Test3D,Dwell_Start,Button: StartTestBCI,Dwell_Started
17:05:53.544,EyeTracking,Test3D,Dwell_Start,Button: StartTestBCI,Dwell_Started
17:05:53.555,EyeTracking,Test3D,Dwell_Start,Button: StartTestBCI,Dwell_Started
17:05:53.567,EyeTracking,Test3D,Dwell_Start,Button: StartTestBCI,Dwell_Started
17:05:53.577,EyeTracking,Test3D,Dwell_Start,Button: StartTestBCI,Dwell_Started
17:05:53.589,EyeTracking,Test3D,Dwell_Start,Button: StartTestBCI,Dwell_Started
17:05:53.599,EyeTracking,Test3D,Dwell_Start,Button: StartTestBCI,Dwell_Started
17:05:53.610,EyeTracking,Test3D,Dwell_Start,Button: StartTestBCI,Dwell_Started
17:05:53.621,EyeTracking,Test3D,Dwell_Start,Button: StartTestBCI,Dwell_Started
17:05:53.633,EyeTracking,Test3D,Dwell_Start,Button: StartTestBCI,Dwell_Started
17:05:53.644,EyeTracking,Test3D,Dwell_Start,Button: StartTestBCI,Dwell_Started
17:05:53.656,EyeTracking,Test3D,Dwell_Start,Button: StartTestBCI,Dwell_Started
17:05:53.667,EyeTracking,Test3D,Dwell_Start,Button: StartTestBCI,Dwell_Started
17:05:53.677,EyeTracking,Test3D,Dwell_Start,Button: StartTestBCI,Dwell_Started
17:05:53.688,EyeTracking,Test3D,Dwell_Start,Button: StartTestBCI,Dwell_Started
17:05:53.701,EyeTracking,Test3D,Dwell_Start,Button: StartTestBCI,Dwell_Started
17:05:53.710,EyeTracking,Test3D,Dwell_Start,Button: StartTestBCI,Dwell_Started
17:05:53.722,EyeTracking,Test3D,Dwell_Start,Button: StartTestBCI,Dwell_Started
17:05:53.732,EyeTracking,Test3D,Dwell_Start,Button: StartTestBCI,Dwell_Started
17:05:53.744,EyeTracking,Test3D,Dwell_Start,Button: StartTestBCI,Dwell_Started
17:05:53.755,EyeTracking,Test3D,Dwell_Start,Button: StartTestBCI,Dwell_Started
17:05:53.767,EyeTracking,Test3D,Dwell_Start,Button: StartTestBCI,Dwell_Started
17:05:53.778,EyeTracking,Test3D,Dwell_Start,Button: StartTestBCI,Dwell_Started
17:05:53.787,EyeTracking,Test3D,Dwell_Start,Button: StartTestBCI,Dwell_Started
17:05:53.799,EyeTracking,Test3D,Dwell_Start,Button: StartTestBCI,Dwell_Started
17:05:53.811,EyeTracking,Test3D,Dwell_Start,Button: StartTestBCI,Dwell_Started
17:05:53.821,EyeTracking,Test3D,Dwell_Start,Button: StartTestBCI,Dwell_Started
17:05:53.834,EyeTracking,Test3D,Dwell_Start,Button: StartTestBCI,Dwell_Started
17:05:53.844,EyeTracking,Test3D,Dwell_Start,Button: StartTestBCI,Dwell_Started
17:05:53.856,EyeTracking,Test3D,Dwell_Start,Button: StartTestBCI,Dwell_Started
17:05:53.866,EyeTracking,Test3D,Dwell_Start,Button: StartTestBCI,Dwell_Started
17:05:53.878,EyeTracking,Test3D,Dwell_Start,Button: StartTestBCI,Dwell_Started
17:05:53.889,EyeTracking,Test3D,Dwell_Start,Button: StartTestBCI,Dwell_Started
17:05:53.900,EyeTracking,Test3D,Dwell_Start,Button: StartTestBCI,Dwell_Started
17:05:53.911,EyeTracking,Test3D,Dwell_Start,Button: StartTestBCI,Dwell_Started
17:05:53.921,EyeTracking,Test3D,Dwell_Start,Button: StartTestBCI,Dwell_Started
17:05:53.933,EyeTracking,Test3D,Dwell_Start,Button: StartTestBCI,Dwell_Started
17:05:53.933,EyeTracking,Test3D,Dwell_Complete,Button: StartTestBCI,Dwelling_Completed
17:05:53.933,EyeTracking,Test3D,Flicker_Start,StartTestBCI,Flicker_Start
17:05:55.943,EyeTracking,Test3D,Flicker_End,Button: StartTestBCI,Flicker_End
17:05:55.943,EyeTracking,Test3D,Action_Executed,Button: StartTestBCI; Action: ButtonAction,Execution_Proceeding
17:06:03.085,EyeTracking,Test3D,Dwell_Start,Object: Door_Double,Dwell_Started
17:06:03.095,EyeTracking,Test3D,Gaze_Stop,Object: Door_Double,Hover_Exit
17:06:14.011,EyeTracking,Test3D,Dwell_Start,Object: Door_Double,Dwell_Started
17:06:14.023,EyeTracking,Test3D,Gaze_Stop,Object: Door_Double,Hover_Exit
17:06:14.422,EyeTracking,Test3D,Dwell_Start,Object: Door_Double,Dwell_Started
17:06:14.434,EyeTracking,Test3D,Gaze_Stop,Object: Door_Double,Hover_Exit
17:06:16.568,EyeTracking,Test3D,Dwell_Complete,Object: Door_Single,Dwelling_Completed
17:06:16.568,EyeTracking,Test3D,Flicker_Start,Object: Door_Single; Hz: 15,Flickering_Start
17:06:18.575,EyeTracking,Test3D,Flicker_End,Object: Door_Single,Flickering_Completed
17:06:18.575,EyeTracking,Test3D,Action_Executed,Object: Door_Single; Action: MoveToSelectedDoor,Execution_Proceeding
17:06:23.985,EyeTracking,Test3D,Dwell_Start,Object: Door_Double,Dwell_Started
17:06:24.007,EyeTracking,Test3D,Gaze_Stop,Object: Door_Double,Hover_Exit
17:06:24.018,EyeTracking,Test3D,Dwell_Start,Object: Door_Double,Dwell_Started
17:06:24.029,EyeTracking,Test3D,Gaze_Stop,Object: Door_Double,Hover_Exit
17:06:24.040,EyeTracking,Test3D,Dwell_Start,Object: Door_Double,Dwell_Started
17:06:24.062,EyeTracking,Test3D,Gaze_Stop,Object: Door_Double,Hover_Exit
17:08:40.190,EyeTracking,Test3D,Dwell_Complete,Object: Door_Single,Dwelling_Completed
17:08:40.190,EyeTracking,Test3D,Flicker_Start,Object: Door_Single; Hz: 15,Flickering_Start
17:08:42.202,EyeTracking,Test3D,Flicker_End,Object: Door_Single,Flickering_Completed
17:08:42.202,EyeTracking,Test3D,Action_Executed,Object: Door_Single; Action: MoveToSelectedDoor,Execution_Proceeding
