Time,Experiment,Phase,Event,Detail,Action
17:04:21.169,EyeTracking,SettingUI,Experiment_Start,EyeTracking,
17:04:21.169,EyeTracking,SettingUI,Phase_Start,SettingUI,
17:04:36.492,EyeTracking,SettingUI,Hover_Enter,Button: demoIntroScene,Hovering
17:04:36.546,EyeTracking,SettingUI,Hover_Exit,Button: demoIntroScene,Hover_Exit
17:04:36.557,EyeTracking,SettingUI,Hover_Enter,Button: demoIntroScene,Hovering
17:04:36.657,EyeTracking,SettingUI,Hover_Exit,Button: demoIntroScene,Hover_Exit
17:04:36.679,EyeTracking,SettingUI,Hover_Enter,Button: demoIntroScene,Hovering
17:04:36.689,EyeTracking,SettingUI,Hover_Exit,Button: demoIntroScene,Hover_Exit
17:04:36.701,EyeTracking,SettingUI,Hover_Enter,Button: demoIntroScene,Hovering
17:04:36.723,EyeTracking,SettingUI,Hover_Exit,Button: demoIntroScene,Hover_Exit
17:04:36.756,EyeTracking,SettingUI,Hover_Enter,Button: demoIntroScene,Hovering
17:04:38.755,EyeTracking,SettingUI,Action_Executed,Button: demoIntroScene; Action: ButtonAction,Execution_Proceeding
17:04:39.633,EyeTracking,SettingUI,Hover_Exit,Button: demoIntroScene,Hover_Exit
17:04:39.633,EyeTracking,SettingUI,Hover_Enter,Button: Intro-Next-UI,Hovering
17:04:39.633,EyeTracking,SettingUI,Dwell_Start,Button: Intro-Next-UI,Dwell_Started
17:04:39.644,EyeTracking,SettingUI,Dwell_Start,Button: Intro-Next-UI,Dwell_Started
17:04:39.655,EyeTracking,SettingUI,Dwell_Start,Button: Intro-Next-UI,Dwell_Started
17:04:39.666,EyeTracking,SettingUI,Dwell_Start,Button: Intro-Next-UI,Dwell_Started
17:04:39.677,EyeTracking,SettingUI,Dwell_Start,Button: Intro-Next-UI,Dwell_Started
17:04:39.689,EyeTracking,SettingUI,Dwell_Start,Button: Intro-Next-UI,Dwell_Started
17:04:39.701,EyeTracking,SettingUI,Dwell_Start,Button: Intro-Next-UI,Dwell_Started
17:04:39.712,EyeTracking,SettingUI,Dwell_Start,Button: Intro-Next-UI,Dwell_Started
17:04:39.722,EyeTracking,SettingUI,Dwell_Start,Button: Intro-Next-UI,Dwell_Started
17:04:39.733,EyeTracking,SettingUI,Dwell_Start,Button: Intro-Next-UI,Dwell_Started
17:04:39.743,EyeTracking,SettingUI,Dwell_Start,Button: Intro-Next-UI,Dwell_Started
17:04:39.756,EyeTracking,SettingUI,Dwell_Start,Button: Intro-Next-UI,Dwell_Started
17:04:39.766,EyeTracking,SettingUI,Dwell_Start,Button: Intro-Next-UI,Dwell_Started
17:04:39.777,EyeTracking,SettingUI,Dwell_Start,Button: Intro-Next-UI,Dwell_Started
17:04:39.789,EyeTracking,SettingUI,Dwell_Start,Button: Intro-Next-UI,Dwell_Started
17:04:39.799,EyeTracking,SettingUI,Dwell_Start,Button: Intro-Next-UI,Dwell_Started
17:04:39.811,EyeTracking,SettingUI,Dwell_Start,Button: Intro-Next-UI,Dwell_Started
17:04:39.821,EyeTracking,SettingUI,Dwell_Start,Button: Intro-Next-UI,Dwell_Started
17:04:39.833,EyeTracking,SettingUI,Dwell_Start,Button: Intro-Next-UI,Dwell_Started
17:04:39.844,EyeTracking,SettingUI,Dwell_Start,Button: Intro-Next-UI,Dwell_Started
17:04:39.855,EyeTracking,SettingUI,Dwell_Start,Button: Intro-Next-UI,Dwell_Started
17:04:39.866,EyeTracking,SettingUI,Dwell_Start,Button: Intro-Next-UI,Dwell_Started
17:04:39.876,EyeTracking,SettingUI,Dwell_Start,Button: Intro-Next-UI,Dwell_Started
17:04:39.889,EyeTracking,SettingUI,Dwell_Start,Button: Intro-Next-UI,Dwell_Started
17:04:39.899,EyeTracking,SettingUI,Dwell_Start,Button: Intro-Next-UI,Dwell_Started
17:04:39.911,EyeTracking,SettingUI,Dwell_Start,Button: Intro-Next-UI,Dwell_Started
17:04:39.921,EyeTracking,SettingUI,Dwell_Start,Button: Intro-Next-UI,Dwell_Started
17:04:39.933,EyeTracking,SettingUI,Dwell_Start,Button: Intro-Next-UI,Dwell_Started
17:04:39.943,EyeTracking,SettingUI,Dwell_Start,Button: Intro-Next-UI,Dwell_Started
17:04:39.955,EyeTracking,SettingUI,Dwell_Start,Button: Intro-Next-UI,Dwell_Started
17:04:39.966,EyeTracking,SettingUI,Dwell_Start,Button: Intro-Next-UI,Dwell_Started
17:04:39.976,EyeTracking,SettingUI,Dwell_Start,Button: Intro-Next-UI,Dwell_Started
17:04:39.988,EyeTracking,SettingUI,Dwell_Start,Button: Intro-Next-UI,Dwell_Started
17:04:40.001,EyeTracking,SettingUI,Dwell_Start,Button: Intro-Next-UI,Dwell_Started
17:04:40.011,EyeTracking,SettingUI,Dwell_Start,Button: Intro-Next-UI,Dwell_Started
17:04:40.021,EyeTracking,SettingUI,Dwell_Start,Button: Intro-Next-UI,Dwell_Started
17:04:40.034,EyeTracking,SettingUI,Dwell_Start,Button: Intro-Next-UI,Dwell_Started
17:04:40.044,EyeTracking,SettingUI,Dwell_Start,Button: Intro-Next-UI,Dwell_Started
17:04:40.055,EyeTracking,SettingUI,Dwell_Start,Button: Intro-Next-UI,Dwell_Started
17:04:40.067,EyeTracking,SettingUI,Dwell_Start,Button: Intro-Next-UI,Dwell_Started
17:04:40.077,EyeTracking,SettingUI,Dwell_Start,Button: Intro-Next-UI,Dwell_Started
17:04:40.088,EyeTracking,SettingUI,Dwell_Start,Button: Intro-Next-UI,Dwell_Started
17:04:40.099,EyeTracking,SettingUI,Dwell_Start,Button: Intro-Next-UI,Dwell_Started
17:04:40.109,EyeTracking,SettingUI,Dwell_Start,Button: Intro-Next-UI,Dwell_Started
17:04:40.122,EyeTracking,SettingUI,Dwell_Start,Button: Intro-Next-UI,Dwell_Started
17:04:40.133,EyeTracking,SettingUI,Dwell_Start,Button: Intro-Next-UI,Dwell_Started
17:04:40.143,EyeTracking,SettingUI,Dwell_Start,Button: Intro-Next-UI,Dwell_Started
17:04:40.155,EyeTracking,SettingUI,Dwell_Start,Button: Intro-Next-UI,Dwell_Started
17:04:40.167,EyeTracking,SettingUI,Dwell_Start,Button: Intro-Next-UI,Dwell_Started
17:04:40.177,EyeTracking,SettingUI,Dwell_Start,Button: Intro-Next-UI,Dwell_Started
17:04:40.189,EyeTracking,SettingUI,Dwell_Start,Button: Intro-Next-UI,Dwell_Started
17:04:40.200,EyeTracking,SettingUI,Dwell_Start,Button: Intro-Next-UI,Dwell_Started
17:04:40.210,EyeTracking,SettingUI,Dwell_Start,Button: Intro-Next-UI,Dwell_Started
17:04:40.222,EyeTracking,SettingUI,Dwell_Start,Button: Intro-Next-UI,Dwell_Started
17:04:40.232,EyeTracking,SettingUI,Dwell_Start,Button: Intro-Next-UI,Dwell_Started
17:04:40.243,EyeTracking,SettingUI,Dwell_Start,Button: Intro-Next-UI,Dwell_Started
17:04:40.255,EyeTracking,SettingUI,Dwell_Start,Button: Intro-Next-UI,Dwell_Started
17:04:40.266,EyeTracking,SettingUI,Dwell_Start,Button: Intro-Next-UI,Dwell_Started
17:04:40.276,EyeTracking,SettingUI,Dwell_Start,Button: Intro-Next-UI,Dwell_Started
17:04:40.288,EyeTracking,SettingUI,Dwell_Start,Button: Intro-Next-UI,Dwell_Started
17:04:40.299,EyeTracking,SettingUI,Dwell_Start,Button: Intro-Next-UI,Dwell_Started
17:04:40.311,EyeTracking,SettingUI,Dwell_Start,Button: Intro-Next-UI,Dwell_Started
17:04:40.322,EyeTracking,SettingUI,Dwell_Start,Button: Intro-Next-UI,Dwell_Started
17:04:40.333,EyeTracking,SettingUI,Dwell_Start,Button: Intro-Next-UI,Dwell_Started
17:04:40.343,EyeTracking,SettingUI,Dwell_Start,Button: Intro-Next-UI,Dwell_Started
17:04:40.355,EyeTracking,SettingUI,Dwell_Start,Button: Intro-Next-UI,Dwell_Started
17:04:40.365,EyeTracking,SettingUI,Dwell_Start,Button: Intro-Next-UI,Dwell_Started
17:04:40.376,EyeTracking,SettingUI,Dwell_Start,Button: Intro-Next-UI,Dwell_Started
17:04:40.388,EyeTracking,SettingUI,Dwell_Start,Button: Intro-Next-UI,Dwell_Started
17:04:40.399,EyeTracking,SettingUI,Dwell_Start,Button: Intro-Next-UI,Dwell_Started
17:04:40.410,EyeTracking,SettingUI,Dwell_Start,Button: Intro-Next-UI,Dwell_Started
17:04:40.421,EyeTracking,SettingUI,Dwell_Start,Button: Intro-Next-UI,Dwell_Started
17:04:40.432,EyeTracking,SettingUI,Dwell_Start,Button: Intro-Next-UI,Dwell_Started
17:04:40.443,EyeTracking,SettingUI,Dwell_Start,Button: Intro-Next-UI,Dwell_Started
17:04:40.455,EyeTracking,SettingUI,Dwell_Start,Button: Intro-Next-UI,Dwell_Started
17:04:40.466,EyeTracking,SettingUI,Dwell_Start,Button: Intro-Next-UI,Dwell_Started
17:04:40.477,EyeTracking,SettingUI,Dwell_Start,Button: Intro-Next-UI,Dwell_Started
17:04:40.488,EyeTracking,SettingUI,Dwell_Start,Button: Intro-Next-UI,Dwell_Started
17:04:40.499,EyeTracking,SettingUI,Dwell_Start,Button: Intro-Next-UI,Dwell_Started
17:04:40.510,EyeTracking,SettingUI,Dwell_Start,Button: Intro-Next-UI,Dwell_Started
17:04:40.520,EyeTracking,SettingUI,Dwell_Start,Button: Intro-Next-UI,Dwell_Started
17:04:40.532,EyeTracking,SettingUI,Dwell_Start,Button: Intro-Next-UI,Dwell_Started
17:04:40.544,EyeTracking,SettingUI,Dwell_Start,Button: Intro-Next-UI,Dwell_Started
17:04:40.554,EyeTracking,SettingUI,Dwell_Start,Button: Intro-Next-UI,Dwell_Started
17:04:40.566,EyeTracking,SettingUI,Dwell_Start,Button: Intro-Next-UI,Dwell_Started
17:04:40.577,EyeTracking,SettingUI,Dwell_Start,Button: Intro-Next-UI,Dwell_Started
17:04:40.588,EyeTracking,SettingUI,Dwell_Start,Button: Intro-Next-UI,Dwell_Started
17:04:40.599,EyeTracking,SettingUI,Dwell_Start,Button: Intro-Next-UI,Dwell_Started
17:04:40.610,EyeTracking,SettingUI,Dwell_Start,Button: Intro-Next-UI,Dwell_Started
17:04:40.622,EyeTracking,SettingUI,Dwell_Start,Button: Intro-Next-UI,Dwell_Started
17:04:40.632,EyeTracking,SettingUI,Dwell_Start,Button: Intro-Next-UI,Dwell_Started
17:04:40.643,EyeTracking,SettingUI,Dwell_Start,Button: Intro-Next-UI,Dwell_Started
17:04:40.654,EyeTracking,SettingUI,Dwell_Start,Button: Intro-Next-UI,Dwell_Started
17:04:40.665,EyeTracking,SettingUI,Dwell_Start,Button: Intro-Next-UI,Dwell_Started
17:04:40.677,EyeTracking,SettingUI,Dwell_Start,Button: Intro-Next-UI,Dwell_Started
17:04:40.689,EyeTracking,SettingUI,Dwell_Start,Button: Intro-Next-UI,Dwell_Started
17:04:40.698,EyeTracking,SettingUI,Dwell_Start,Button: Intro-Next-UI,Dwell_Started
17:04:40.710,EyeTracking,SettingUI,Dwell_Start,Button: Intro-Next-UI,Dwell_Started
17:04:40.721,EyeTracking,SettingUI,Dwell_Start,Button: Intro-Next-UI,Dwell_Started
17:04:40.734,EyeTracking,SettingUI,Dwell_Start,Button: Intro-Next-UI,Dwell_Started
17:04:40.743,EyeTracking,SettingUI,Dwell_Start,Button: Intro-Next-UI,Dwell_Started
17:04:40.754,EyeTracking,SettingUI,Dwell_Start,Button: Intro-Next-UI,Dwell_Started
17:04:40.766,EyeTracking,SettingUI,Dwell_Start,Button: Intro-Next-UI,Dwell_Started
17:04:40.777,EyeTracking,SettingUI,Dwell_Start,Button: Intro-Next-UI,Dwell_Started
17:04:40.789,EyeTracking,SettingUI,Dwell_Start,Button: Intro-Next-UI,Dwell_Started
17:04:40.799,EyeTracking,SettingUI,Dwell_Start,Button: Intro-Next-UI,Dwell_Started
17:04:40.810,EyeTracking,SettingUI,Dwell_Start,Button: Intro-Next-UI,Dwell_Started
17:04:40.821,EyeTracking,SettingUI,Dwell_Start,Button: Intro-Next-UI,Dwell_Started
17:04:40.833,EyeTracking,SettingUI,Dwell_Start,Button: Intro-Next-UI,Dwell_Started
17:04:40.843,EyeTracking,SettingUI,Dwell_Start,Button: Intro-Next-UI,Dwell_Started
17:04:40.854,EyeTracking,SettingUI,Dwell_Start,Button: Intro-Next-UI,Dwell_Started
17:04:40.865,EyeTracking,SettingUI,Dwell_Start,Button: Intro-Next-UI,Dwell_Started
17:04:40.877,EyeTracking,SettingUI,Dwell_Start,Button: Intro-Next-UI,Dwell_Started
17:04:40.888,EyeTracking,SettingUI,Dwell_Start,Button: Intro-Next-UI,Dwell_Started
17:04:40.898,EyeTracking,SettingUI,Dwell_Start,Button: Intro-Next-UI,Dwell_Started
17:04:40.909,EyeTracking,SettingUI,Dwell_Start,Button: Intro-Next-UI,Dwell_Started
17:04:40.920,EyeTracking,SettingUI,Dwell_Start,Button: Intro-Next-UI,Dwell_Started
17:04:40.933,EyeTracking,SettingUI,Dwell_Start,Button: Intro-Next-UI,Dwell_Started
17:04:40.944,EyeTracking,SettingUI,Dwell_Start,Button: Intro-Next-UI,Dwell_Started
17:04:40.954,EyeTracking,SettingUI,Dwell_Start,Button: Intro-Next-UI,Dwell_Started
17:04:40.966,EyeTracking,SettingUI,Dwell_Start,Button: Intro-Next-UI,Dwell_Started
17:04:40.977,EyeTracking,SettingUI,Dwell_Start,Button: Intro-Next-UI,Dwell_Started
17:04:40.988,EyeTracking,SettingUI,Dwell_Start,Button: Intro-Next-UI,Dwell_Started
17:04:40.999,EyeTracking,SettingUI,Dwell_Start,Button: Intro-Next-UI,Dwell_Started
17:04:41.009,EyeTracking,SettingUI,Dwell_Start,Button: Intro-Next-UI,Dwell_Started
17:04:41.021,EyeTracking,SettingUI,Dwell_Start,Button: Intro-Next-UI,Dwell_Started
17:04:41.033,EyeTracking,SettingUI,Dwell_Start,Button: Intro-Next-UI,Dwell_Started
17:04:41.042,EyeTracking,SettingUI,Dwell_Start,Button: Intro-Next-UI,Dwell_Started
17:04:41.054,EyeTracking,SettingUI,Dwell_Start,Button: Intro-Next-UI,Dwell_Started
17:04:41.067,EyeTracking,SettingUI,Dwell_Start,Button: Intro-Next-UI,Dwell_Started
17:04:41.076,EyeTracking,SettingUI,Dwell_Start,Button: Intro-Next-UI,Dwell_Started
17:04:41.089,EyeTracking,SettingUI,Dwell_Start,Button: Intro-Next-UI,Dwell_Started
17:04:41.098,EyeTracking,SettingUI,Dwell_Start,Button: Intro-Next-UI,Dwell_Started
17:04:41.110,EyeTracking,SettingUI,Dwell_Start,Button: Intro-Next-UI,Dwell_Started
17:04:41.121,EyeTracking,SettingUI,Dwell_Start,Button: Intro-Next-UI,Dwell_Started
17:04:41.132,EyeTracking,SettingUI,Dwell_Start,Button: Intro-Next-UI,Dwell_Started
17:04:41.143,EyeTracking,SettingUI,Dwell_Start,Button: Intro-Next-UI,Dwell_Started
17:04:41.154,EyeTracking,SettingUI,Dwell_Start,Button: Intro-Next-UI,Dwell_Started
17:04:41.165,EyeTracking,SettingUI,Dwell_Start,Button: Intro-Next-UI,Dwell_Started
17:04:41.176,EyeTracking,SettingUI,Dwell_Start,Button: Intro-Next-UI,Dwell_Started
17:04:41.188,EyeTracking,SettingUI,Dwell_Start,Button: Intro-Next-UI,Dwell_Started
17:04:41.199,EyeTracking,SettingUI,Dwell_Start,Button: Intro-Next-UI,Dwell_Started
17:04:41.210,EyeTracking,SettingUI,Dwell_Start,Button: Intro-Next-UI,Dwell_Started
17:04:41.221,EyeTracking,SettingUI,Dwell_Start,Button: Intro-Next-UI,Dwell_Started
17:04:41.232,EyeTracking,SettingUI,Dwell_Start,Button: Intro-Next-UI,Dwell_Started
17:04:41.243,EyeTracking,SettingUI,Dwell_Start,Button: Intro-Next-UI,Dwell_Started
17:04:41.254,EyeTracking,SettingUI,Dwell_Start,Button: Intro-Next-UI,Dwell_Started
17:04:41.266,EyeTracking,SettingUI,Dwell_Start,Button: Intro-Next-UI,Dwell_Started
17:04:41.276,EyeTracking,SettingUI,Dwell_Start,Button: Intro-Next-UI,Dwell_Started
17:04:41.286,EyeTracking,SettingUI,Dwell_Start,Button: Intro-Next-UI,Dwell_Started
17:04:41.300,EyeTracking,SettingUI,Dwell_Start,Button: Intro-Next-UI,Dwell_Started
17:04:41.310,EyeTracking,SettingUI,Dwell_Start,Button: Intro-Next-UI,Dwell_Started
17:04:41.320,EyeTracking,SettingUI,Dwell_Start,Button: Intro-Next-UI,Dwell_Started
17:04:41.332,EyeTracking,SettingUI,Dwell_Start,Button: Intro-Next-UI,Dwell_Started
17:04:41.342,EyeTracking,SettingUI,Dwell_Start,Button: Intro-Next-UI,Dwell_Started
17:04:41.353,EyeTracking,SettingUI,Dwell_Start,Button: Intro-Next-UI,Dwell_Started
17:04:41.365,EyeTracking,SettingUI,Dwell_Start,Button: Intro-Next-UI,Dwell_Started
17:04:41.376,EyeTracking,SettingUI,Dwell_Start,Button: Intro-Next-UI,Dwell_Started
17:04:41.388,EyeTracking,SettingUI,Dwell_Start,Button: Intro-Next-UI,Dwell_Started
17:04:41.399,EyeTracking,SettingUI,Dwell_Start,Button: Intro-Next-UI,Dwell_Started
17:04:41.409,EyeTracking,SettingUI,Dwell_Start,Button: Intro-Next-UI,Dwell_Started
17:04:41.420,EyeTracking,SettingUI,Dwell_Start,Button: Intro-Next-UI,Dwell_Started
17:04:41.432,EyeTracking,SettingUI,Dwell_Start,Button: Intro-Next-UI,Dwell_Started
17:04:41.443,EyeTracking,SettingUI,Dwell_Start,Button: Intro-Next-UI,Dwell_Started
17:04:41.454,EyeTracking,SettingUI,Dwell_Start,Button: Intro-Next-UI,Dwell_Started
17:04:41.465,EyeTracking,SettingUI,Dwell_Start,Button: Intro-Next-UI,Dwell_Started
17:04:41.476,EyeTracking,SettingUI,Dwell_Start,Button: Intro-Next-UI,Dwell_Started
17:04:41.489,EyeTracking,SettingUI,Dwell_Start,Button: Intro-Next-UI,Dwell_Started
17:04:41.499,EyeTracking,SettingUI,Dwell_Start,Button: Intro-Next-UI,Dwell_Started
17:04:41.509,EyeTracking,SettingUI,Dwell_Start,Button: Intro-Next-UI,Dwell_Started
17:04:41.521,EyeTracking,SettingUI,Dwell_Start,Button: Intro-Next-UI,Dwell_Started
17:04:41.531,EyeTracking,SettingUI,Dwell_Start,Button: Intro-Next-UI,Dwell_Started
17:04:41.544,EyeTracking,SettingUI,Dwell_Start,Button: Intro-Next-UI,Dwell_Started
17:04:41.555,EyeTracking,SettingUI,Dwell_Start,Button: Intro-Next-UI,Dwell_Started
17:04:41.567,EyeTracking,SettingUI,Dwell_Start,Button: Intro-Next-UI,Dwell_Started
17:04:41.576,EyeTracking,SettingUI,Dwell_Start,Button: Intro-Next-UI,Dwell_Started
17:04:41.587,EyeTracking,SettingUI,Dwell_Start,Button: Intro-Next-UI,Dwell_Started
17:04:41.599,EyeTracking,SettingUI,Dwell_Start,Button: Intro-Next-UI,Dwell_Started
17:04:41.609,EyeTracking,SettingUI,Dwell_Start,Button: Intro-Next-UI,Dwell_Started
17:04:41.620,EyeTracking,SettingUI,Dwell_Start,Button: Intro-Next-UI,Dwell_Started
17:04:41.632,EyeTracking,SettingUI,Dwell_Start,Button: Intro-Next-UI,Dwell_Started
17:04:41.632,EyeTracking,SettingUI,Dwell_Complete,Button: Intro-Next-UI,Dwelling_Completed
17:04:41.632,EyeTracking,SettingUI,Flicker_Start,Intro-Next-UI,Flicker_Start
17:04:43.641,EyeTracking,SettingUI,Flicker_End,Button: Intro-Next-UI,Flicker_End
17:04:43.641,EyeTracking,SettingUI,Action_Executed,Button: Intro-Next-UI; Action: ButtonAction,Execution_Proceeding
17:04:43.656,EyeTracking,SettingUI,Hover_Enter,Button: nextDwellSetting,Hovering
17:04:43.656,EyeTracking,SettingUI,Dwell_Start,Button: nextDwellSetting,Dwell_Started
17:04:43.663,EyeTracking,SettingUI,Dwell_Start,Button: nextDwellSetting,Dwell_Started
17:04:43.675,EyeTracking,SettingUI,Dwell_Start,Button: nextDwellSetting,Dwell_Started
17:04:43.686,EyeTracking,SettingUI,Dwell_Start,Button: nextDwellSetting,Dwell_Started
17:04:43.697,EyeTracking,SettingUI,Dwell_Start,Button: nextDwellSetting,Dwell_Started
17:04:43.709,EyeTracking,SettingUI,Dwell_Start,Button: nextDwellSetting,Dwell_Started
17:04:43.721,EyeTracking,SettingUI,Dwell_Start,Button: nextDwellSetting,Dwell_Started
17:04:43.731,EyeTracking,SettingUI,Dwell_Start,Button: nextDwellSetting,Dwell_Started
17:04:43.743,EyeTracking,SettingUI,Dwell_Start,Button: nextDwellSetting,Dwell_Started
17:04:43.754,EyeTracking,SettingUI,Dwell_Start,Button: nextDwellSetting,Dwell_Started
17:04:43.764,EyeTracking,SettingUI,Dwell_Start,Button: nextDwellSetting,Dwell_Started
17:04:43.774,EyeTracking,SettingUI,Dwell_Start,Button: nextDwellSetting,Dwell_Started
17:04:43.787,EyeTracking,SettingUI,Dwell_Start,Button: nextDwellSetting,Dwell_Started
17:04:43.798,EyeTracking,SettingUI,Dwell_Start,Button: nextDwellSetting,Dwell_Started
17:04:43.808,EyeTracking,SettingUI,Dwell_Start,Button: nextDwellSetting,Dwell_Started
17:04:43.820,EyeTracking,SettingUI,Dwell_Start,Button: nextDwellSetting,Dwell_Started
17:04:43.832,EyeTracking,SettingUI,Dwell_Start,Button: nextDwellSetting,Dwell_Started
17:04:43.841,EyeTracking,SettingUI,Dwell_Start,Button: nextDwellSetting,Dwell_Started
17:04:43.853,EyeTracking,SettingUI,Hover_Exit,Button: nextDwellSetting,Hover_Exit
17:04:44.042,EyeTracking,SettingUI,Hover_Enter,Button: addTimeDwell,Hovering
17:04:44.042,EyeTracking,SettingUI,Dwell_Start,Button: addTimeDwell,Dwell_Started
17:04:44.053,EyeTracking,SettingUI,Dwell_Start,Button: addTimeDwell,Dwell_Started
17:04:44.064,EyeTracking,SettingUI,Hover_Exit,Button: addTimeDwell,Hover_Exit
17:04:44.642,EyeTracking,SettingUI,Hover_Enter,Button: subTimeDwell,Hovering
17:04:44.642,EyeTracking,SettingUI,Dwell_Start,Button: subTimeDwell,Dwell_Started
17:04:44.653,EyeTracking,SettingUI,Dwell_Start,Button: subTimeDwell,Dwell_Started
17:04:44.664,EyeTracking,SettingUI,Dwell_Start,Button: subTimeDwell,Dwell_Started
17:04:44.676,EyeTracking,SettingUI,Dwell_Start,Button: subTimeDwell,Dwell_Started
17:04:44.686,EyeTracking,SettingUI,Dwell_Start,Button: subTimeDwell,Dwell_Started
17:04:44.696,EyeTracking,SettingUI,Dwell_Start,Button: subTimeDwell,Dwell_Started
17:04:44.708,EyeTracking,SettingUI,Dwell_Start,Button: subTimeDwell,Dwell_Started
17:04:44.720,EyeTracking,SettingUI,Dwell_Start,Button: subTimeDwell,Dwell_Started
17:04:44.730,EyeTracking,SettingUI,Dwell_Start,Button: subTimeDwell,Dwell_Started
17:04:44.741,EyeTracking,SettingUI,Dwell_Start,Button: subTimeDwell,Dwell_Started
17:04:44.752,EyeTracking,SettingUI,Dwell_Start,Button: subTimeDwell,Dwell_Started
17:04:44.763,EyeTracking,SettingUI,Dwell_Start,Button: subTimeDwell,Dwell_Started
17:04:44.775,EyeTracking,SettingUI,Dwell_Start,Button: subTimeDwell,Dwell_Started
17:04:44.787,EyeTracking,SettingUI,Dwell_Start,Button: subTimeDwell,Dwell_Started
17:04:44.797,EyeTracking,SettingUI,Dwell_Start,Button: subTimeDwell,Dwell_Started
17:04:44.808,EyeTracking,SettingUI,Dwell_Start,Button: subTimeDwell,Dwell_Started
17:04:44.819,EyeTracking,SettingUI,Dwell_Start,Button: subTimeDwell,Dwell_Started
17:04:44.832,EyeTracking,SettingUI,Dwell_Start,Button: subTimeDwell,Dwell_Started
17:04:44.842,EyeTracking,SettingUI,Dwell_Start,Button: subTimeDwell,Dwell_Started
17:04:44.853,EyeTracking,SettingUI,Dwell_Start,Button: subTimeDwell,Dwell_Started
17:04:44.863,EyeTracking,SettingUI,Dwell_Start,Button: subTimeDwell,Dwell_Started
17:04:44.876,EyeTracking,SettingUI,Dwell_Start,Button: subTimeDwell,Dwell_Started
17:04:44.887,EyeTracking,SettingUI,Dwell_Start,Button: subTimeDwell,Dwell_Started
17:04:44.897,EyeTracking,SettingUI,Dwell_Start,Button: subTimeDwell,Dwell_Started
17:04:44.909,EyeTracking,SettingUI,Dwell_Start,Button: subTimeDwell,Dwell_Started
17:04:44.919,EyeTracking,SettingUI,Dwell_Start,Button: subTimeDwell,Dwell_Started
17:04:44.930,EyeTracking,SettingUI,Dwell_Start,Button: subTimeDwell,Dwell_Started
17:04:44.941,EyeTracking,SettingUI,Dwell_Start,Button: subTimeDwell,Dwell_Started
17:04:44.953,EyeTracking,SettingUI,Dwell_Start,Button: subTimeDwell,Dwell_Started
17:04:44.965,EyeTracking,SettingUI,Dwell_Start,Button: subTimeDwell,Dwell_Started
17:04:44.974,EyeTracking,SettingUI,Dwell_Start,Button: subTimeDwell,Dwell_Started
17:04:44.986,EyeTracking,SettingUI,Dwell_Start,Button: subTimeDwell,Dwell_Started
17:04:44.996,EyeTracking,SettingUI,Dwell_Start,Button: subTimeDwell,Dwell_Started
17:04:45.007,EyeTracking,SettingUI,Dwell_Start,Button: subTimeDwell,Dwell_Started
17:04:45.019,EyeTracking,SettingUI,Dwell_Start,Button: subTimeDwell,Dwell_Started
17:04:45.032,EyeTracking,SettingUI,Dwell_Start,Button: subTimeDwell,Dwell_Started
17:04:45.041,EyeTracking,SettingUI,Dwell_Start,Button: subTimeDwell,Dwell_Started
17:04:45.052,EyeTracking,SettingUI,Dwell_Start,Button: subTimeDwell,Dwell_Started
17:04:45.063,EyeTracking,SettingUI,Dwell_Start,Button: subTimeDwell,Dwell_Started
17:04:45.075,EyeTracking,SettingUI,Dwell_Start,Button: subTimeDwell,Dwell_Started
17:04:45.085,EyeTracking,SettingUI,Dwell_Start,Button: subTimeDwell,Dwell_Started
17:04:45.097,EyeTracking,SettingUI,Dwell_Start,Button: subTimeDwell,Dwell_Started
17:04:45.108,EyeTracking,SettingUI,Dwell_Start,Button: subTimeDwell,Dwell_Started
17:04:45.120,EyeTracking,SettingUI,Dwell_Start,Button: subTimeDwell,Dwell_Started
17:04:45.131,EyeTracking,SettingUI,Dwell_Start,Button: subTimeDwell,Dwell_Started
17:04:45.141,EyeTracking,SettingUI,Dwell_Start,Button: subTimeDwell,Dwell_Started
17:04:45.153,EyeTracking,SettingUI,Dwell_Start,Button: subTimeDwell,Dwell_Started
17:04:45.163,EyeTracking,SettingUI,Dwell_Start,Button: subTimeDwell,Dwell_Started
17:04:45.175,EyeTracking,SettingUI,Dwell_Start,Button: subTimeDwell,Dwell_Started
17:04:45.186,EyeTracking,SettingUI,Dwell_Start,Button: subTimeDwell,Dwell_Started
17:04:45.198,EyeTracking,SettingUI,Dwell_Start,Button: subTimeDwell,Dwell_Started
17:04:45.207,EyeTracking,SettingUI,Dwell_Start,Button: subTimeDwell,Dwell_Started
17:04:45.218,EyeTracking,SettingUI,Dwell_Start,Button: subTimeDwell,Dwell_Started
17:04:45.230,EyeTracking,SettingUI,Dwell_Start,Button: subTimeDwell,Dwell_Started
17:04:45.242,EyeTracking,SettingUI,Dwell_Start,Button: subTimeDwell,Dwell_Started
17:04:45.252,EyeTracking,SettingUI,Dwell_Start,Button: subTimeDwell,Dwell_Started
17:04:45.262,EyeTracking,SettingUI,Dwell_Start,Button: subTimeDwell,Dwell_Started
17:04:45.274,EyeTracking,SettingUI,Dwell_Start,Button: subTimeDwell,Dwell_Started
17:04:45.284,EyeTracking,SettingUI,Dwell_Start,Button: subTimeDwell,Dwell_Started
17:04:45.297,EyeTracking,SettingUI,Dwell_Start,Button: subTimeDwell,Dwell_Started
17:04:45.308,EyeTracking,SettingUI,Dwell_Start,Button: subTimeDwell,Dwell_Started
17:04:45.319,EyeTracking,SettingUI,Dwell_Start,Button: subTimeDwell,Dwell_Started
17:04:45.329,EyeTracking,SettingUI,Dwell_Start,Button: subTimeDwell,Dwell_Started
17:04:45.341,EyeTracking,SettingUI,Dwell_Start,Button: subTimeDwell,Dwell_Started
17:04:45.353,EyeTracking,SettingUI,Dwell_Start,Button: subTimeDwell,Dwell_Started
17:04:45.364,EyeTracking,SettingUI,Dwell_Start,Button: subTimeDwell,Dwell_Started
17:04:45.375,EyeTracking,SettingUI,Dwell_Start,Button: subTimeDwell,Dwell_Started
17:04:45.386,EyeTracking,SettingUI,Dwell_Start,Button: subTimeDwell,Dwell_Started
17:04:45.396,EyeTracking,SettingUI,Dwell_Start,Button: subTimeDwell,Dwell_Started
17:04:45.408,EyeTracking,SettingUI,Dwell_Start,Button: subTimeDwell,Dwell_Started
17:04:45.419,EyeTracking,SettingUI,Dwell_Start,Button: subTimeDwell,Dwell_Started
17:04:45.432,EyeTracking,SettingUI,Dwell_Start,Button: subTimeDwell,Dwell_Started
17:04:45.441,EyeTracking,SettingUI,Dwell_Start,Button: subTimeDwell,Dwell_Started
17:04:45.452,EyeTracking,SettingUI,Dwell_Start,Button: subTimeDwell,Dwell_Started
17:04:45.462,EyeTracking,SettingUI,Dwell_Start,Button: subTimeDwell,Dwell_Started
17:04:45.474,EyeTracking,SettingUI,Dwell_Start,Button: subTimeDwell,Dwell_Started
17:04:45.485,EyeTracking,SettingUI,Dwell_Start,Button: subTimeDwell,Dwell_Started
17:04:45.496,EyeTracking,SettingUI,Dwell_Start,Button: subTimeDwell,Dwell_Started
17:04:45.509,EyeTracking,SettingUI,Dwell_Start,Button: subTimeDwell,Dwell_Started
17:04:45.519,EyeTracking,SettingUI,Dwell_Start,Button: subTimeDwell,Dwell_Started
17:04:45.530,EyeTracking,SettingUI,Dwell_Start,Button: subTimeDwell,Dwell_Started
17:04:45.541,EyeTracking,SettingUI,Dwell_Start,Button: subTimeDwell,Dwell_Started
17:04:45.551,EyeTracking,SettingUI,Dwell_Start,Button: subTimeDwell,Dwell_Started
17:04:45.563,EyeTracking,SettingUI,Dwell_Start,Button: subTimeDwell,Dwell_Started
17:04:45.576,EyeTracking,SettingUI,Dwell_Start,Button: subTimeDwell,Dwell_Started
17:04:45.585,EyeTracking,SettingUI,Dwell_Start,Button: subTimeDwell,Dwell_Started
17:04:45.596,EyeTracking,SettingUI,Dwell_Start,Button: subTimeDwell,Dwell_Started
17:04:45.608,EyeTracking,SettingUI,Dwell_Start,Button: subTimeDwell,Dwell_Started
17:04:45.617,EyeTracking,SettingUI,Dwell_Start,Button: subTimeDwell,Dwell_Started
17:04:45.631,EyeTracking,SettingUI,Dwell_Start,Button: subTimeDwell,Dwell_Started
17:04:45.641,EyeTracking,SettingUI,Dwell_Start,Button: subTimeDwell,Dwell_Started
17:04:45.652,EyeTracking,SettingUI,Dwell_Start,Button: subTimeDwell,Dwell_Started
17:04:45.662,EyeTracking,SettingUI,Dwell_Start,Button: subTimeDwell,Dwell_Started
17:04:45.674,EyeTracking,SettingUI,Dwell_Start,Button: subTimeDwell,Dwell_Started
17:04:45.685,EyeTracking,SettingUI,Dwell_Start,Button: subTimeDwell,Dwell_Started
17:04:45.698,EyeTracking,SettingUI,Dwell_Start,Button: subTimeDwell,Dwell_Started
17:04:45.707,EyeTracking,SettingUI,Dwell_Start,Button: subTimeDwell,Dwell_Started
17:04:45.718,EyeTracking,SettingUI,Dwell_Start,Button: subTimeDwell,Dwell_Started
17:04:45.730,EyeTracking,SettingUI,Dwell_Start,Button: subTimeDwell,Dwell_Started
17:04:45.740,EyeTracking,SettingUI,Dwell_Start,Button: subTimeDwell,Dwell_Started
17:04:45.754,EyeTracking,SettingUI,Dwell_Start,Button: subTimeDwell,Dwell_Started
17:04:45.763,EyeTracking,SettingUI,Dwell_Start,Button: subTimeDwell,Dwell_Started
17:04:45.774,EyeTracking,SettingUI,Dwell_Start,Button: subTimeDwell,Dwell_Started
17:04:45.785,EyeTracking,SettingUI,Dwell_Start,Button: subTimeDwell,Dwell_Started
17:04:45.796,EyeTracking,SettingUI,Dwell_Start,Button: subTimeDwell,Dwell_Started
17:04:45.807,EyeTracking,SettingUI,Dwell_Start,Button: subTimeDwell,Dwell_Started
17:04:45.818,EyeTracking,SettingUI,Dwell_Start,Button: subTimeDwell,Dwell_Started
17:04:45.829,EyeTracking,SettingUI,Dwell_Start,Button: subTimeDwell,Dwell_Started
17:04:45.840,EyeTracking,SettingUI,Dwell_Start,Button: subTimeDwell,Dwell_Started
17:04:45.852,EyeTracking,SettingUI,Dwell_Start,Button: subTimeDwell,Dwell_Started
17:04:45.863,EyeTracking,SettingUI,Dwell_Start,Button: subTimeDwell,Dwell_Started
17:04:45.875,EyeTracking,SettingUI,Hover_Exit,Button: subTimeDwell,Hover_Exit
17:04:46.049,EyeTracking,SettingUI,Hover_Enter,Button: subTimeDwell,Hovering
17:04:46.049,EyeTracking,SettingUI,Dwell_Start,Button: subTimeDwell,Dwell_Started
17:04:46.060,EyeTracking,SettingUI,Hover_Exit,Button: subTimeDwell,Hover_Exit
17:04:46.137,EyeTracking,SettingUI,Hover_Enter,Button: subTimeDwell,Hovering
17:04:46.137,EyeTracking,SettingUI,Dwell_Start,Button: subTimeDwell,Dwell_Started
17:04:46.149,EyeTracking,SettingUI,Dwell_Start,Button: subTimeDwell,Dwell_Started
17:04:46.159,EyeTracking,SettingUI,Dwell_Start,Button: subTimeDwell,Dwell_Started
17:04:46.171,EyeTracking,SettingUI,Dwell_Start,Button: subTimeDwell,Dwell_Started
17:04:46.181,EyeTracking,SettingUI,Dwell_Start,Button: subTimeDwell,Dwell_Started
17:04:46.193,EyeTracking,SettingUI,Dwell_Start,Button: subTimeDwell,Dwell_Started
17:04:46.203,EyeTracking,SettingUI,Dwell_Start,Button: subTimeDwell,Dwell_Started
17:04:46.215,EyeTracking,SettingUI,Dwell_Start,Button: subTimeDwell,Dwell_Started
17:04:46.227,EyeTracking,SettingUI,Dwell_Start,Button: subTimeDwell,Dwell_Started
17:04:46.237,EyeTracking,SettingUI,Dwell_Start,Button: subTimeDwell,Dwell_Started
17:04:46.249,EyeTracking,SettingUI,Dwell_Start,Button: subTimeDwell,Dwell_Started
17:04:46.260,EyeTracking,SettingUI,Dwell_Start,Button: subTimeDwell,Dwell_Started
17:04:46.270,EyeTracking,SettingUI,Dwell_Start,Button: subTimeDwell,Dwell_Started
17:04:46.283,EyeTracking,SettingUI,Dwell_Start,Button: subTimeDwell,Dwell_Started
17:04:46.293,EyeTracking,SettingUI,Dwell_Start,Button: subTimeDwell,Dwell_Started
17:04:46.304,EyeTracking,SettingUI,Dwell_Start,Button: subTimeDwell,Dwell_Started
17:04:46.316,EyeTracking,SettingUI,Dwell_Start,Button: subTimeDwell,Dwell_Started
17:04:46.326,EyeTracking,SettingUI,Hover_Exit,Button: subTimeDwell,Hover_Exit
17:04:46.507,EyeTracking,SettingUI,Hover_Enter,Button: subTimeDwell,Hovering
17:04:46.507,EyeTracking,SettingUI,Dwell_Start,Button: subTimeDwell,Dwell_Started
17:04:46.517,EyeTracking,SettingUI,Dwell_Start,Button: subTimeDwell,Dwell_Started
17:04:46.529,EyeTracking,SettingUI,Dwell_Start,Button: subTimeDwell,Dwell_Started
17:04:46.540,EyeTracking,SettingUI,Dwell_Start,Button: subTimeDwell,Dwell_Started
17:04:46.552,EyeTracking,SettingUI,Dwell_Start,Button: subTimeDwell,Dwell_Started
17:04:46.563,EyeTracking,SettingUI,Dwell_Start,Button: subTimeDwell,Dwell_Started
17:04:46.573,EyeTracking,SettingUI,Dwell_Start,Button: subTimeDwell,Dwell_Started
17:04:46.585,EyeTracking,SettingUI,Dwell_Start,Button: subTimeDwell,Dwell_Started
17:04:46.596,EyeTracking,SettingUI,Dwell_Start,Button: subTimeDwell,Dwell_Started
17:04:46.607,EyeTracking,SettingUI,Dwell_Start,Button: subTimeDwell,Dwell_Started
17:04:46.619,EyeTracking,SettingUI,Dwell_Start,Button: subTimeDwell,Dwell_Started
17:04:46.629,EyeTracking,SettingUI,Dwell_Start,Button: subTimeDwell,Dwell_Started
17:04:46.640,EyeTracking,SettingUI,Hover_Exit,Button: subTimeDwell,Hover_Exit
17:04:46.762,EyeTracking,SettingUI,Hover_Enter,Button: subTimeDwell,Hovering
17:04:46.762,EyeTracking,SettingUI,Dwell_Start,Button: subTimeDwell,Dwell_Started
17:04:46.773,EyeTracking,SettingUI,Dwell_Start,Button: subTimeDwell,Dwell_Started
17:04:46.784,EyeTracking,SettingUI,Hover_Exit,Button: subTimeDwell,Hover_Exit
17:04:46.991,EyeTracking,SettingUI,Hover_Enter,Button: subTimeDwell,Hovering
17:04:46.991,EyeTracking,SettingUI,Dwell_Start,Button: subTimeDwell,Dwell_Started
17:04:47.005,EyeTracking,SettingUI,Dwell_Start,Button: subTimeDwell,Dwell_Started
17:04:47.017,EyeTracking,SettingUI,Dwell_Start,Button: subTimeDwell,Dwell_Started
17:04:47.027,EyeTracking,SettingUI,Dwell_Start,Button: subTimeDwell,Dwell_Started
17:04:47.038,EyeTracking,SettingUI,Dwell_Start,Button: subTimeDwell,Dwell_Started
17:04:47.050,EyeTracking,SettingUI,Dwell_Start,Button: subTimeDwell,Dwell_Started
17:04:47.060,EyeTracking,SettingUI,Dwell_Start,Button: subTimeDwell,Dwell_Started
17:04:47.071,EyeTracking,SettingUI,Dwell_Start,Button: subTimeDwell,Dwell_Started
17:04:47.083,EyeTracking,SettingUI,Dwell_Start,Button: subTimeDwell,Dwell_Started
17:04:47.094,EyeTracking,SettingUI,Dwell_Start,Button: subTimeDwell,Dwell_Started
17:04:47.105,EyeTracking,SettingUI,Dwell_Start,Button: subTimeDwell,Dwell_Started
17:04:47.116,EyeTracking,SettingUI,Dwell_Start,Button: subTimeDwell,Dwell_Started
17:04:47.127,EyeTracking,SettingUI,Dwell_Start,Button: subTimeDwell,Dwell_Started
17:04:47.138,EyeTracking,SettingUI,Dwell_Start,Button: subTimeDwell,Dwell_Started
17:04:47.149,EyeTracking,SettingUI,Dwell_Start,Button: subTimeDwell,Dwell_Started
17:04:47.160,EyeTracking,SettingUI,Dwell_Start,Button: subTimeDwell,Dwell_Started
17:04:47.171,EyeTracking,SettingUI,Dwell_Start,Button: subTimeDwell,Dwell_Started
17:04:47.184,EyeTracking,SettingUI,Dwell_Start,Button: subTimeDwell,Dwell_Started
17:04:47.193,EyeTracking,SettingUI,Dwell_Start,Button: subTimeDwell,Dwell_Started
17:04:47.204,EyeTracking,SettingUI,Dwell_Start,Button: subTimeDwell,Dwell_Started
17:04:47.216,EyeTracking,SettingUI,Dwell_Start,Button: subTimeDwell,Dwell_Started
17:04:47.228,EyeTracking,SettingUI,Dwell_Start,Button: subTimeDwell,Dwell_Started
17:04:47.237,EyeTracking,SettingUI,Dwell_Start,Button: subTimeDwell,Dwell_Started
17:04:47.249,EyeTracking,SettingUI,Dwell_Start,Button: subTimeDwell,Dwell_Started
17:04:47.260,EyeTracking,SettingUI,Dwell_Start,Button: subTimeDwell,Dwell_Started
17:04:47.271,EyeTracking,SettingUI,Dwell_Start,Button: subTimeDwell,Dwell_Started
17:04:47.282,EyeTracking,SettingUI,Dwell_Start,Button: subTimeDwell,Dwell_Started
17:04:47.293,EyeTracking,SettingUI,Dwell_Start,Button: subTimeDwell,Dwell_Started
17:04:47.306,EyeTracking,SettingUI,Dwell_Start,Button: subTimeDwell,Dwell_Started
17:04:47.315,EyeTracking,SettingUI,Dwell_Start,Button: subTimeDwell,Dwell_Started
17:04:47.328,EyeTracking,SettingUI,Dwell_Start,Button: subTimeDwell,Dwell_Started
17:04:47.339,EyeTracking,SettingUI,Dwell_Start,Button: subTimeDwell,Dwell_Started
17:04:47.349,EyeTracking,SettingUI,Dwell_Start,Button: subTimeDwell,Dwell_Started
17:04:47.360,EyeTracking,SettingUI,Dwell_Start,Button: subTimeDwell,Dwell_Started
17:04:47.373,EyeTracking,SettingUI,Dwell_Start,Button: subTimeDwell,Dwell_Started
17:04:47.382,EyeTracking,SettingUI,Dwell_Start,Button: subTimeDwell,Dwell_Started
17:04:47.394,EyeTracking,SettingUI,Dwell_Start,Button: subTimeDwell,Dwell_Started
17:04:47.406,EyeTracking,SettingUI,Dwell_Start,Button: subTimeDwell,Dwell_Started
17:04:47.416,EyeTracking,SettingUI,Dwell_Start,Button: subTimeDwell,Dwell_Started
17:04:47.427,EyeTracking,SettingUI,Dwell_Start,Button: subTimeDwell,Dwell_Started
17:04:47.439,EyeTracking,SettingUI,Dwell_Start,Button: subTimeDwell,Dwell_Started
17:04:47.450,EyeTracking,SettingUI,Dwell_Start,Button: subTimeDwell,Dwell_Started
17:04:47.461,EyeTracking,SettingUI,Dwell_Start,Button: subTimeDwell,Dwell_Started
17:04:47.473,EyeTracking,SettingUI,Dwell_Start,Button: subTimeDwell,Dwell_Started
17:04:47.485,EyeTracking,SettingUI,Dwell_Start,Button: subTimeDwell,Dwell_Started
17:04:47.496,EyeTracking,SettingUI,Dwell_Start,Button: subTimeDwell,Dwell_Started
17:04:47.508,EyeTracking,SettingUI,Dwell_Start,Button: subTimeDwell,Dwell_Started
17:04:47.519,EyeTracking,SettingUI,Dwell_Start,Button: subTimeDwell,Dwell_Started
17:04:47.528,EyeTracking,SettingUI,Dwell_Start,Button: subTimeDwell,Dwell_Started
17:04:47.540,EyeTracking,SettingUI,Dwell_Start,Button: subTimeDwell,Dwell_Started
17:04:47.551,EyeTracking,SettingUI,Dwell_Start,Button: subTimeDwell,Dwell_Started
17:04:47.562,EyeTracking,SettingUI,Dwell_Start,Button: subTimeDwell,Dwell_Started
17:04:47.574,EyeTracking,SettingUI,Dwell_Start,Button: subTimeDwell,Dwell_Started
17:04:47.583,EyeTracking,SettingUI,Dwell_Start,Button: subTimeDwell,Dwell_Started
17:04:47.595,EyeTracking,SettingUI,Dwell_Start,Button: subTimeDwell,Dwell_Started
17:04:47.607,EyeTracking,SettingUI,Dwell_Start,Button: subTimeDwell,Dwell_Started
17:04:47.618,EyeTracking,SettingUI,Dwell_Start,Button: subTimeDwell,Dwell_Started
17:04:47.629,EyeTracking,SettingUI,Dwell_Start,Button: subTimeDwell,Dwell_Started
17:04:47.640,EyeTracking,SettingUI,Dwell_Start,Button: subTimeDwell,Dwell_Started
17:04:47.650,EyeTracking,SettingUI,Dwell_Start,Button: subTimeDwell,Dwell_Started
17:04:47.662,EyeTracking,SettingUI,Dwell_Start,Button: subTimeDwell,Dwell_Started
17:04:47.674,EyeTracking,SettingUI,Dwell_Start,Button: subTimeDwell,Dwell_Started
17:04:47.683,EyeTracking,SettingUI,Dwell_Start,Button: subTimeDwell,Dwell_Started
17:04:47.695,EyeTracking,SettingUI,Dwell_Start,Button: subTimeDwell,Dwell_Started
17:04:47.707,EyeTracking,SettingUI,Dwell_Start,Button: subTimeDwell,Dwell_Started
17:04:47.718,EyeTracking,SettingUI,Dwell_Start,Button: subTimeDwell,Dwell_Started
17:04:47.729,EyeTracking,SettingUI,Dwell_Start,Button: subTimeDwell,Dwell_Started
17:04:47.740,EyeTracking,SettingUI,Dwell_Start,Button: subTimeDwell,Dwell_Started
17:04:47.751,EyeTracking,SettingUI,Dwell_Start,Button: subTimeDwell,Dwell_Started
17:04:47.762,EyeTracking,SettingUI,Dwell_Start,Button: subTimeDwell,Dwell_Started
17:04:47.773,EyeTracking,SettingUI,Dwell_Start,Button: subTimeDwell,Dwell_Started
17:04:47.784,EyeTracking,SettingUI,Dwell_Start,Button: subTimeDwell,Dwell_Started
17:04:47.795,EyeTracking,SettingUI,Dwell_Start,Button: subTimeDwell,Dwell_Started
17:04:47.806,EyeTracking,SettingUI,Dwell_Start,Button: subTimeDwell,Dwell_Started
17:04:47.817,EyeTracking,SettingUI,Dwell_Start,Button: subTimeDwell,Dwell_Started
17:04:47.829,EyeTracking,SettingUI,Dwell_Start,Button: subTimeDwell,Dwell_Started
17:04:47.840,EyeTracking,SettingUI,Dwell_Start,Button: subTimeDwell,Dwell_Started
17:04:47.850,EyeTracking,SettingUI,Dwell_Start,Button: subTimeDwell,Dwell_Started
17:04:47.861,EyeTracking,SettingUI,Dwell_Start,Button: subTimeDwell,Dwell_Started
17:04:47.874,EyeTracking,SettingUI,Dwell_Start,Button: subTimeDwell,Dwell_Started
17:04:47.884,EyeTracking,SettingUI,Dwell_Start,Button: subTimeDwell,Dwell_Started
17:04:47.895,EyeTracking,SettingUI,Dwell_Start,Button: subTimeDwell,Dwell_Started
17:04:47.906,EyeTracking,SettingUI,Dwell_Start,Button: subTimeDwell,Dwell_Started
17:04:47.917,EyeTracking,SettingUI,Dwell_Start,Button: subTimeDwell,Dwell_Started
17:04:47.929,EyeTracking,SettingUI,Dwell_Start,Button: subTimeDwell,Dwell_Started
17:04:47.940,EyeTracking,SettingUI,Dwell_Start,Button: subTimeDwell,Dwell_Started
17:04:47.950,EyeTracking,SettingUI,Dwell_Start,Button: subTimeDwell,Dwell_Started
17:04:47.961,EyeTracking,SettingUI,Dwell_Start,Button: subTimeDwell,Dwell_Started
17:04:47.973,EyeTracking,SettingUI,Dwell_Start,Button: subTimeDwell,Dwell_Started
17:04:47.983,EyeTracking,SettingUI,Dwell_Start,Button: subTimeDwell,Dwell_Started
17:04:47.996,EyeTracking,SettingUI,Dwell_Start,Button: subTimeDwell,Dwell_Started
17:04:48.007,EyeTracking,SettingUI,Dwell_Start,Button: subTimeDwell,Dwell_Started
17:04:48.018,EyeTracking,SettingUI,Dwell_Start,Button: subTimeDwell,Dwell_Started
17:04:48.030,EyeTracking,SettingUI,Dwell_Start,Button: subTimeDwell,Dwell_Started
17:04:48.040,EyeTracking,SettingUI,Dwell_Start,Button: subTimeDwell,Dwell_Started
17:04:48.050,EyeTracking,SettingUI,Dwell_Start,Button: subTimeDwell,Dwell_Started
17:04:48.062,EyeTracking,SettingUI,Dwell_Start,Button: subTimeDwell,Dwell_Started
17:04:48.072,EyeTracking,SettingUI,Dwell_Start,Button: subTimeDwell,Dwell_Started
17:04:48.085,EyeTracking,SettingUI,Dwell_Start,Button: subTimeDwell,Dwell_Started
17:04:48.096,EyeTracking,SettingUI,Dwell_Start,Button: subTimeDwell,Dwell_Started
17:04:48.107,EyeTracking,SettingUI,Dwell_Start,Button: subTimeDwell,Dwell_Started
17:04:48.117,EyeTracking,SettingUI,Dwell_Start,Button: subTimeDwell,Dwell_Started
17:04:48.128,EyeTracking,SettingUI,Dwell_Start,Button: subTimeDwell,Dwell_Started
17:04:48.140,EyeTracking,SettingUI,Dwell_Start,Button: subTimeDwell,Dwell_Started
17:04:48.151,EyeTracking,SettingUI,Dwell_Start,Button: subTimeDwell,Dwell_Started
17:04:48.161,EyeTracking,SettingUI,Dwell_Start,Button: subTimeDwell,Dwell_Started
17:04:48.173,EyeTracking,SettingUI,Dwell_Start,Button: subTimeDwell,Dwell_Started
17:04:48.184,EyeTracking,SettingUI,Dwell_Start,Button: subTimeDwell,Dwell_Started
17:04:48.195,EyeTracking,SettingUI,Dwell_Start,Button: subTimeDwell,Dwell_Started
17:04:48.207,EyeTracking,SettingUI,Dwell_Start,Button: subTimeDwell,Dwell_Started
17:04:48.217,EyeTracking,SettingUI,Dwell_Start,Button: subTimeDwell,Dwell_Started
17:04:48.228,EyeTracking,SettingUI,Dwell_Start,Button: subTimeDwell,Dwell_Started
17:04:48.240,EyeTracking,SettingUI,Dwell_Start,Button: subTimeDwell,Dwell_Started
17:04:48.251,EyeTracking,SettingUI,Dwell_Start,Button: subTimeDwell,Dwell_Started
17:04:48.261,EyeTracking,SettingUI,Dwell_Start,Button: subTimeDwell,Dwell_Started
17:04:48.273,EyeTracking,SettingUI,Dwell_Start,Button: subTimeDwell,Dwell_Started
17:04:48.283,EyeTracking,SettingUI,Dwell_Start,Button: subTimeDwell,Dwell_Started
17:04:48.295,EyeTracking,SettingUI,Dwell_Start,Button: subTimeDwell,Dwell_Started
17:04:48.307,EyeTracking,SettingUI,Dwell_Start,Button: subTimeDwell,Dwell_Started
17:04:48.316,EyeTracking,SettingUI,Dwell_Start,Button: subTimeDwell,Dwell_Started
17:04:48.327,EyeTracking,SettingUI,Dwell_Start,Button: subTimeDwell,Dwell_Started
17:04:48.340,EyeTracking,SettingUI,Dwell_Start,Button: subTimeDwell,Dwell_Started
17:04:48.350,EyeTracking,SettingUI,Dwell_Start,Button: subTimeDwell,Dwell_Started
17:04:48.361,EyeTracking,SettingUI,Dwell_Start,Button: subTimeDwell,Dwell_Started
17:04:48.373,EyeTracking,SettingUI,Dwell_Start,Button: subTimeDwell,Dwell_Started
17:04:48.385,EyeTracking,SettingUI,Dwell_Start,Button: subTimeDwell,Dwell_Started
17:04:48.395,EyeTracking,SettingUI,Dwell_Start,Button: subTimeDwell,Dwell_Started
17:04:48.406,EyeTracking,SettingUI,Dwell_Start,Button: subTimeDwell,Dwell_Started
17:04:48.417,EyeTracking,SettingUI,Dwell_Start,Button: subTimeDwell,Dwell_Started
17:04:48.428,EyeTracking,SettingUI,Dwell_Start,Button: subTimeDwell,Dwell_Started
17:04:48.440,EyeTracking,SettingUI,Dwell_Start,Button: subTimeDwell,Dwell_Started
17:04:48.451,EyeTracking,SettingUI,Dwell_Start,Button: subTimeDwell,Dwell_Started
17:04:48.461,EyeTracking,SettingUI,Dwell_Start,Button: subTimeDwell,Dwell_Started
17:04:48.473,EyeTracking,SettingUI,Dwell_Start,Button: subTimeDwell,Dwell_Started
17:04:48.485,EyeTracking,SettingUI,Dwell_Start,Button: subTimeDwell,Dwell_Started
17:04:48.495,EyeTracking,SettingUI,Dwell_Start,Button: subTimeDwell,Dwell_Started
17:04:48.507,EyeTracking,SettingUI,Dwell_Start,Button: subTimeDwell,Dwell_Started
17:04:48.517,EyeTracking,SettingUI,Dwell_Start,Button: subTimeDwell,Dwell_Started
17:04:48.528,EyeTracking,SettingUI,Dwell_Start,Button: subTimeDwell,Dwell_Started
17:04:48.539,EyeTracking,SettingUI,Dwell_Start,Button: subTimeDwell,Dwell_Started
17:04:48.551,EyeTracking,SettingUI,Dwell_Start,Button: subTimeDwell,Dwell_Started
17:04:48.561,EyeTracking,SettingUI,Dwell_Start,Button: subTimeDwell,Dwell_Started
17:04:48.574,EyeTracking,SettingUI,Dwell_Start,Button: subTimeDwell,Dwell_Started
17:04:48.583,EyeTracking,SettingUI,Dwell_Start,Button: subTimeDwell,Dwell_Started
17:04:48.594,EyeTracking,SettingUI,Dwell_Start,Button: subTimeDwell,Dwell_Started
17:04:48.606,EyeTracking,SettingUI,Dwell_Start,Button: subTimeDwell,Dwell_Started
17:04:48.617,EyeTracking,SettingUI,Dwell_Start,Button: subTimeDwell,Dwell_Started
17:04:48.628,EyeTracking,SettingUI,Dwell_Start,Button: subTimeDwell,Dwell_Started
17:04:48.638,EyeTracking,SettingUI,Dwell_Start,Button: subTimeDwell,Dwell_Started
17:04:48.650,EyeTracking,SettingUI,Dwell_Start,Button: subTimeDwell,Dwell_Started
17:04:48.661,EyeTracking,SettingUI,Dwell_Start,Button: subTimeDwell,Dwell_Started
17:04:48.673,EyeTracking,SettingUI,Dwell_Start,Button: subTimeDwell,Dwell_Started
17:04:48.683,EyeTracking,SettingUI,Dwell_Start,Button: subTimeDwell,Dwell_Started
17:04:48.695,EyeTracking,SettingUI,Dwell_Start,Button: subTimeDwell,Dwell_Started
17:04:48.706,EyeTracking,SettingUI,Dwell_Start,Button: subTimeDwell,Dwell_Started
17:04:48.717,EyeTracking,SettingUI,Dwell_Start,Button: subTimeDwell,Dwell_Started
17:04:48.728,EyeTracking,SettingUI,Dwell_Start,Button: subTimeDwell,Dwell_Started
17:04:48.740,EyeTracking,SettingUI,Dwell_Start,Button: subTimeDwell,Dwell_Started
17:04:48.751,EyeTracking,SettingUI,Dwell_Start,Button: subTimeDwell,Dwell_Started
17:04:48.761,EyeTracking,SettingUI,Dwell_Start,Button: subTimeDwell,Dwell_Started
17:04:48.772,EyeTracking,SettingUI,Dwell_Start,Button: subTimeDwell,Dwell_Started
17:04:48.783,EyeTracking,SettingUI,Dwell_Start,Button: subTimeDwell,Dwell_Started
17:04:48.795,EyeTracking,SettingUI,Dwell_Start,Button: subTimeDwell,Dwell_Started
17:04:48.805,EyeTracking,SettingUI,Dwell_Start,Button: subTimeDwell,Dwell_Started
17:04:48.818,EyeTracking,SettingUI,Dwell_Start,Button: subTimeDwell,Dwell_Started
17:04:48.828,EyeTracking,SettingUI,Dwell_Start,Button: subTimeDwell,Dwell_Started
17:04:48.840,EyeTracking,SettingUI,Dwell_Start,Button: subTimeDwell,Dwell_Started
17:04:48.850,EyeTracking,SettingUI,Dwell_Start,Button: subTimeDwell,Dwell_Started
17:04:48.861,EyeTracking,SettingUI,Dwell_Start,Button: subTimeDwell,Dwell_Started
17:04:48.873,EyeTracking,SettingUI,Dwell_Start,Button: subTimeDwell,Dwell_Started
17:04:48.885,EyeTracking,SettingUI,Dwell_Start,Button: subTimeDwell,Dwell_Started
17:04:48.896,EyeTracking,SettingUI,Dwell_Start,Button: subTimeDwell,Dwell_Started
17:04:48.907,EyeTracking,SettingUI,Dwell_Start,Button: subTimeDwell,Dwell_Started
17:04:48.917,EyeTracking,SettingUI,Dwell_Start,Button: subTimeDwell,Dwell_Started
17:04:48.928,EyeTracking,SettingUI,Dwell_Start,Button: subTimeDwell,Dwell_Started
17:04:48.939,EyeTracking,SettingUI,Dwell_Start,Button: subTimeDwell,Dwell_Started
17:04:48.950,EyeTracking,SettingUI,Dwell_Start,Button: subTimeDwell,Dwell_Started
17:04:48.961,EyeTracking,SettingUI,Dwell_Start,Button: subTimeDwell,Dwell_Started
17:04:48.974,EyeTracking,SettingUI,Dwell_Start,Button: subTimeDwell,Dwell_Started
17:04:48.984,EyeTracking,SettingUI,Dwell_Start,Button: subTimeDwell,Dwell_Started
17:04:48.984,EyeTracking,SettingUI,Dwell_Complete,Button: subTimeDwell,Dwelling_Completed
17:04:48.984,EyeTracking,SettingUI,Flicker_Start,subTimeDwell,Flicker_Start
17:04:50.993,EyeTracking,SettingUI,Flicker_End,Button: subTimeDwell,Flicker_End
17:04:50.993,EyeTracking,SettingUI,Action_Executed,Button: subTimeDwell; Action: ButtonAction,Execution_Proceeding
17:04:51.005,EyeTracking,SettingUI,Dwell_Start,Button: subTimeDwell,Dwell_Started
17:04:51.016,EyeTracking,SettingUI,Dwell_Start,Button: subTimeDwell,Dwell_Started
17:04:51.028,EyeTracking,SettingUI,Dwell_Start,Button: subTimeDwell,Dwell_Started
17:04:51.038,EyeTracking,SettingUI,Dwell_Start,Button: subTimeDwell,Dwell_Started
17:04:51.051,EyeTracking,SettingUI,Dwell_Start,Button: subTimeDwell,Dwell_Started
17:04:51.065,EyeTracking,SettingUI,Dwell_Start,Button: subTimeDwell,Dwell_Started
17:04:51.076,EyeTracking,SettingUI,Dwell_Start,Button: subTimeDwell,Dwell_Started
17:04:51.083,EyeTracking,SettingUI,Dwell_Start,Button: subTimeDwell,Dwell_Started
17:04:51.090,EyeTracking,SettingUI,Dwell_Start,Button: subTimeDwell,Dwell_Started
17:04:51.103,EyeTracking,SettingUI,Dwell_Start,Button: subTimeDwell,Dwell_Started
17:04:51.115,EyeTracking,SettingUI,Dwell_Start,Button: subTimeDwell,Dwell_Started
17:04:51.124,EyeTracking,SettingUI,Dwell_Start,Button: subTimeDwell,Dwell_Started
17:04:51.136,EyeTracking,SettingUI,Dwell_Start,Button: subTimeDwell,Dwell_Started
17:04:51.147,EyeTracking,SettingUI,Dwell_Start,Button: subTimeDwell,Dwell_Started
17:04:51.159,EyeTracking,SettingUI,Dwell_Start,Button: subTimeDwell,Dwell_Started
17:04:51.168,EyeTracking,SettingUI,Dwell_Start,Button: subTimeDwell,Dwell_Started
17:04:51.182,EyeTracking,SettingUI,Dwell_Start,Button: subTimeDwell,Dwell_Started
17:04:51.191,EyeTracking,SettingUI,Dwell_Start,Button: subTimeDwell,Dwell_Started
17:04:51.202,EyeTracking,SettingUI,Dwell_Start,Button: subTimeDwell,Dwell_Started
17:04:51.214,EyeTracking,SettingUI,Dwell_Start,Button: subTimeDwell,Dwell_Started
17:04:51.225,EyeTracking,SettingUI,Dwell_Start,Button: subTimeDwell,Dwell_Started
17:04:51.237,EyeTracking,SettingUI,Dwell_Start,Button: subTimeDwell,Dwell_Started
17:04:51.246,EyeTracking,SettingUI,Dwell_Start,Button: subTimeDwell,Dwell_Started
17:04:51.257,EyeTracking,SettingUI,Dwell_Start,Button: subTimeDwell,Dwell_Started
17:04:51.269,EyeTracking,SettingUI,Dwell_Start,Button: subTimeDwell,Dwell_Started
17:04:51.281,EyeTracking,SettingUI,Dwell_Start,Button: subTimeDwell,Dwell_Started
17:04:51.290,EyeTracking,SettingUI,Dwell_Start,Button: subTimeDwell,Dwell_Started
17:04:51.301,EyeTracking,SettingUI,Dwell_Start,Button: subTimeDwell,Dwell_Started
17:04:51.313,EyeTracking,SettingUI,Dwell_Start,Button: subTimeDwell,Dwell_Started
17:04:51.325,EyeTracking,SettingUI,Dwell_Start,Button: subTimeDwell,Dwell_Started
17:04:51.335,EyeTracking,SettingUI,Dwell_Start,Button: subTimeDwell,Dwell_Started
17:04:51.347,EyeTracking,SettingUI,Dwell_Start,Button: subTimeDwell,Dwell_Started
17:04:51.357,EyeTracking,SettingUI,Dwell_Start,Button: subTimeDwell,Dwell_Started
17:04:51.368,EyeTracking,SettingUI,Dwell_Start,Button: subTimeDwell,Dwell_Started
17:04:51.379,EyeTracking,SettingUI,Dwell_Start,Button: subTimeDwell,Dwell_Started
17:04:51.392,EyeTracking,SettingUI,Dwell_Start,Button: subTimeDwell,Dwell_Started
17:04:51.404,EyeTracking,SettingUI,Dwell_Start,Button: subTimeDwell,Dwell_Started
17:04:51.414,EyeTracking,SettingUI,Dwell_Start,Button: subTimeDwell,Dwell_Started
17:04:51.424,EyeTracking,SettingUI,Dwell_Start,Button: subTimeDwell,Dwell_Started
17:04:51.436,EyeTracking,SettingUI,Dwell_Start,Button: subTimeDwell,Dwell_Started
17:04:51.447,EyeTracking,SettingUI,Dwell_Start,Button: subTimeDwell,Dwell_Started
17:04:51.458,EyeTracking,SettingUI,Dwell_Start,Button: subTimeDwell,Dwell_Started
17:04:51.470,EyeTracking,SettingUI,Dwell_Start,Button: subTimeDwell,Dwell_Started
17:04:51.481,EyeTracking,SettingUI,Dwell_Start,Button: subTimeDwell,Dwell_Started
17:04:51.492,EyeTracking,SettingUI,Dwell_Start,Button: subTimeDwell,Dwell_Started
17:04:51.503,EyeTracking,SettingUI,Dwell_Start,Button: subTimeDwell,Dwell_Started
17:04:51.515,EyeTracking,SettingUI,Dwell_Start,Button: subTimeDwell,Dwell_Started
17:04:51.526,EyeTracking,SettingUI,Dwell_Start,Button: subTimeDwell,Dwell_Started
17:04:51.537,EyeTracking,SettingUI,Dwell_Start,Button: subTimeDwell,Dwell_Started
17:04:51.548,EyeTracking,SettingUI,Dwell_Start,Button: subTimeDwell,Dwell_Started
17:04:51.559,EyeTracking,SettingUI,Dwell_Start,Button: subTimeDwell,Dwell_Started
17:04:51.571,EyeTracking,SettingUI,Dwell_Start,Button: subTimeDwell,Dwell_Started
17:04:51.583,EyeTracking,SettingUI,Dwell_Start,Button: subTimeDwell,Dwell_Started
17:04:51.593,EyeTracking,SettingUI,Dwell_Start,Button: subTimeDwell,Dwell_Started
17:04:51.604,EyeTracking,SettingUI,Dwell_Start,Button: subTimeDwell,Dwell_Started
17:04:51.616,EyeTracking,SettingUI,Dwell_Start,Button: subTimeDwell,Dwell_Started
17:04:51.627,EyeTracking,SettingUI,Dwell_Start,Button: subTimeDwell,Dwell_Started
17:04:51.638,EyeTracking,SettingUI,Dwell_Start,Button: subTimeDwell,Dwell_Started
17:04:51.650,EyeTracking,SettingUI,Dwell_Start,Button: subTimeDwell,Dwell_Started
17:04:51.659,EyeTracking,SettingUI,Dwell_Start,Button: subTimeDwell,Dwell_Started
17:04:51.671,EyeTracking,SettingUI,Dwell_Start,Button: subTimeDwell,Dwell_Started
17:04:51.683,EyeTracking,SettingUI,Dwell_Start,Button: subTimeDwell,Dwell_Started
17:04:51.694,EyeTracking,SettingUI,Dwell_Start,Button: subTimeDwell,Dwell_Started
17:04:51.704,EyeTracking,SettingUI,Hover_Exit,Button: subTimeDwell,Hover_Exit
17:04:51.704,EyeTracking,SettingUI,Hover_Enter,Button: nextDwellSetting,Hovering
17:04:51.704,EyeTracking,SettingUI,Dwell_Start,Button: nextDwellSetting,Dwell_Started
17:04:51.716,EyeTracking,SettingUI,Dwell_Start,Button: nextDwellSetting,Dwell_Started
17:04:51.727,EyeTracking,SettingUI,Dwell_Start,Button: nextDwellSetting,Dwell_Started
17:04:51.738,EyeTracking,SettingUI,Dwell_Start,Button: nextDwellSetting,Dwell_Started
17:04:51.749,EyeTracking,SettingUI,Dwell_Start,Button: nextDwellSetting,Dwell_Started
17:04:51.760,EyeTracking,SettingUI,Dwell_Start,Button: nextDwellSetting,Dwell_Started
17:04:51.771,EyeTracking,SettingUI,Dwell_Start,Button: nextDwellSetting,Dwell_Started
17:04:51.784,EyeTracking,SettingUI,Dwell_Start,Button: nextDwellSetting,Dwell_Started
17:04:51.793,EyeTracking,SettingUI,Dwell_Start,Button: nextDwellSetting,Dwell_Started
17:04:51.804,EyeTracking,SettingUI,Dwell_Start,Button: nextDwellSetting,Dwell_Started
17:04:51.816,EyeTracking,SettingUI,Dwell_Start,Button: nextDwellSetting,Dwell_Started
17:04:51.827,EyeTracking,SettingUI,Dwell_Start,Button: nextDwellSetting,Dwell_Started
17:04:51.838,EyeTracking,SettingUI,Dwell_Start,Button: nextDwellSetting,Dwell_Started
17:04:51.848,EyeTracking,SettingUI,Dwell_Start,Button: nextDwellSetting,Dwell_Started
17:04:51.860,EyeTracking,SettingUI,Dwell_Start,Button: nextDwellSetting,Dwell_Started
17:04:51.873,EyeTracking,SettingUI,Dwell_Start,Button: nextDwellSetting,Dwell_Started
17:04:51.883,EyeTracking,SettingUI,Dwell_Start,Button: nextDwellSetting,Dwell_Started
17:04:51.894,EyeTracking,SettingUI,Dwell_Start,Button: nextDwellSetting,Dwell_Started
17:04:51.906,EyeTracking,SettingUI,Dwell_Start,Button: nextDwellSetting,Dwell_Started
17:04:51.915,EyeTracking,SettingUI,Dwell_Start,Button: nextDwellSetting,Dwell_Started
17:04:51.927,EyeTracking,SettingUI,Dwell_Start,Button: nextDwellSetting,Dwell_Started
17:04:51.938,EyeTracking,SettingUI,Dwell_Start,Button: nextDwellSetting,Dwell_Started
17:04:51.948,EyeTracking,SettingUI,Dwell_Start,Button: nextDwellSetting,Dwell_Started
17:04:51.960,EyeTracking,SettingUI,Dwell_Start,Button: nextDwellSetting,Dwell_Started
17:04:51.971,EyeTracking,SettingUI,Dwell_Start,Button: nextDwellSetting,Dwell_Started
17:04:51.983,EyeTracking,SettingUI,Dwell_Start,Button: nextDwellSetting,Dwell_Started
17:04:51.994,EyeTracking,SettingUI,Dwell_Start,Button: nextDwellSetting,Dwell_Started
17:04:52.005,EyeTracking,SettingUI,Dwell_Start,Button: nextDwellSetting,Dwell_Started
17:04:52.015,EyeTracking,SettingUI,Dwell_Start,Button: nextDwellSetting,Dwell_Started
17:04:52.026,EyeTracking,SettingUI,Dwell_Start,Button: nextDwellSetting,Dwell_Started
17:04:52.038,EyeTracking,SettingUI,Dwell_Start,Button: nextDwellSetting,Dwell_Started
17:04:52.048,EyeTracking,SettingUI,Dwell_Start,Button: nextDwellSetting,Dwell_Started
17:04:52.059,EyeTracking,SettingUI,Dwell_Start,Button: nextDwellSetting,Dwell_Started
17:04:52.072,EyeTracking,SettingUI,Dwell_Start,Button: nextDwellSetting,Dwell_Started
17:04:52.082,EyeTracking,SettingUI,Dwell_Start,Button: nextDwellSetting,Dwell_Started
17:04:52.094,EyeTracking,SettingUI,Dwell_Start,Button: nextDwellSetting,Dwell_Started
17:04:52.105,EyeTracking,SettingUI,Dwell_Start,Button: nextDwellSetting,Dwell_Started
17:04:52.116,EyeTracking,SettingUI,Dwell_Start,Button: nextDwellSetting,Dwell_Started
17:04:52.127,EyeTracking,SettingUI,Dwell_Start,Button: nextDwellSetting,Dwell_Started
17:04:52.137,EyeTracking,SettingUI,Dwell_Start,Button: nextDwellSetting,Dwell_Started
17:04:52.148,EyeTracking,SettingUI,Dwell_Start,Button: nextDwellSetting,Dwell_Started
17:04:52.160,EyeTracking,SettingUI,Dwell_Start,Button: nextDwellSetting,Dwell_Started
17:04:52.170,EyeTracking,SettingUI,Dwell_Start,Button: nextDwellSetting,Dwell_Started
17:04:52.183,EyeTracking,SettingUI,Dwell_Start,Button: nextDwellSetting,Dwell_Started
17:04:52.193,EyeTracking,SettingUI,Dwell_Start,Button: nextDwellSetting,Dwell_Started
17:04:52.204,EyeTracking,SettingUI,Dwell_Start,Button: nextDwellSetting,Dwell_Started
17:04:52.215,EyeTracking,SettingUI,Dwell_Start,Button: nextDwellSetting,Dwell_Started
17:04:52.226,EyeTracking,SettingUI,Dwell_Start,Button: nextDwellSetting,Dwell_Started
17:04:52.238,EyeTracking,SettingUI,Dwell_Start,Button: nextDwellSetting,Dwell_Started
17:04:52.248,EyeTracking,SettingUI,Dwell_Start,Button: nextDwellSetting,Dwell_Started
17:04:52.260,EyeTracking,SettingUI,Dwell_Start,Button: nextDwellSetting,Dwell_Started
17:04:52.271,EyeTracking,SettingUI,Dwell_Start,Button: nextDwellSetting,Dwell_Started
17:04:52.282,EyeTracking,SettingUI,Dwell_Start,Button: nextDwellSetting,Dwell_Started
17:04:52.294,EyeTracking,SettingUI,Dwell_Start,Button: nextDwellSetting,Dwell_Started
17:04:52.305,EyeTracking,SettingUI,Dwell_Start,Button: nextDwellSetting,Dwell_Started
17:04:52.316,EyeTracking,SettingUI,Dwell_Start,Button: nextDwellSetting,Dwell_Started
17:04:52.326,EyeTracking,SettingUI,Dwell_Start,Button: nextDwellSetting,Dwell_Started
17:04:52.338,EyeTracking,SettingUI,Dwell_Start,Button: nextDwellSetting,Dwell_Started
17:04:52.348,EyeTracking,SettingUI,Dwell_Start,Button: nextDwellSetting,Dwell_Started
17:04:52.360,EyeTracking,SettingUI,Dwell_Start,Button: nextDwellSetting,Dwell_Started
17:04:52.371,EyeTracking,SettingUI,Dwell_Start,Button: nextDwellSetting,Dwell_Started
17:04:52.382,EyeTracking,SettingUI,Dwell_Start,Button: nextDwellSetting,Dwell_Started
17:04:52.392,EyeTracking,SettingUI,Dwell_Start,Button: nextDwellSetting,Dwell_Started
17:04:52.404,EyeTracking,SettingUI,Dwell_Start,Button: nextDwellSetting,Dwell_Started
17:04:52.415,EyeTracking,SettingUI,Dwell_Start,Button: nextDwellSetting,Dwell_Started
17:04:52.426,EyeTracking,SettingUI,Dwell_Start,Button: nextDwellSetting,Dwell_Started
17:04:52.438,EyeTracking,SettingUI,Dwell_Start,Button: nextDwellSetting,Dwell_Started
17:04:52.448,EyeTracking,SettingUI,Dwell_Start,Button: nextDwellSetting,Dwell_Started
17:04:52.460,EyeTracking,SettingUI,Dwell_Start,Button: nextDwellSetting,Dwell_Started
17:04:52.471,EyeTracking,SettingUI,Dwell_Start,Button: nextDwellSetting,Dwell_Started
17:04:52.481,EyeTracking,SettingUI,Dwell_Start,Button: nextDwellSetting,Dwell_Started
17:04:52.493,EyeTracking,SettingUI,Dwell_Start,Button: nextDwellSetting,Dwell_Started
17:04:52.505,EyeTracking,SettingUI,Dwell_Start,Button: nextDwellSetting,Dwell_Started
17:04:52.515,EyeTracking,SettingUI,Dwell_Start,Button: nextDwellSetting,Dwell_Started
17:04:52.528,EyeTracking,SettingUI,Dwell_Start,Button: nextDwellSetting,Dwell_Started
17:04:52.538,EyeTracking,SettingUI,Dwell_Start,Button: nextDwellSetting,Dwell_Started
17:04:52.548,EyeTracking,SettingUI,Dwell_Start,Button: nextDwellSetting,Dwell_Started
17:04:52.560,EyeTracking,SettingUI,Dwell_Start,Button: nextDwellSetting,Dwell_Started
17:04:52.571,EyeTracking,SettingUI,Dwell_Start,Button: nextDwellSetting,Dwell_Started
17:04:52.581,EyeTracking,SettingUI,Dwell_Start,Button: nextDwellSetting,Dwell_Started
17:04:52.593,EyeTracking,SettingUI,Dwell_Start,Button: nextDwellSetting,Dwell_Started
17:04:52.605,EyeTracking,SettingUI,Dwell_Start,Button: nextDwellSetting,Dwell_Started
17:04:52.615,EyeTracking,SettingUI,Dwell_Start,Button: nextDwellSetting,Dwell_Started
17:04:52.627,EyeTracking,SettingUI,Dwell_Start,Button: nextDwellSetting,Dwell_Started
17:04:52.638,EyeTracking,SettingUI,Dwell_Start,Button: nextDwellSetting,Dwell_Started
17:04:52.648,EyeTracking,SettingUI,Dwell_Start,Button: nextDwellSetting,Dwell_Started
17:04:52.658,EyeTracking,SettingUI,Dwell_Start,Button: nextDwellSetting,Dwell_Started
17:04:52.671,EyeTracking,SettingUI,Dwell_Start,Button: nextDwellSetting,Dwell_Started
17:04:52.682,EyeTracking,SettingUI,Dwell_Start,Button: nextDwellSetting,Dwell_Started
17:04:52.692,EyeTracking,SettingUI,Dwell_Start,Button: nextDwellSetting,Dwell_Started
17:04:52.704,EyeTracking,SettingUI,Dwell_Start,Button: nextDwellSetting,Dwell_Started
17:04:52.717,EyeTracking,SettingUI,Dwell_Start,Button: nextDwellSetting,Dwell_Started
17:04:52.727,EyeTracking,SettingUI,Dwell_Start,Button: nextDwellSetting,Dwell_Started
17:04:52.737,EyeTracking,SettingUI,Dwell_Start,Button: nextDwellSetting,Dwell_Started
17:04:52.748,EyeTracking,SettingUI,Dwell_Start,Button: nextDwellSetting,Dwell_Started
17:04:52.759,EyeTracking,SettingUI,Dwell_Start,Button: nextDwellSetting,Dwell_Started
17:04:52.771,EyeTracking,SettingUI,Dwell_Start,Button: nextDwellSetting,Dwell_Started
17:04:52.782,EyeTracking,SettingUI,Dwell_Start,Button: nextDwellSetting,Dwell_Started
17:04:52.793,EyeTracking,SettingUI,Dwell_Start,Button: nextDwellSetting,Dwell_Started
17:04:52.805,EyeTracking,SettingUI,Dwell_Start,Button: nextDwellSetting,Dwell_Started
17:04:52.814,EyeTracking,SettingUI,Dwell_Start,Button: nextDwellSetting,Dwell_Started
17:04:52.827,EyeTracking,SettingUI,Dwell_Start,Button: nextDwellSetting,Dwell_Started
17:04:52.837,EyeTracking,SettingUI,Dwell_Start,Button: nextDwellSetting,Dwell_Started
17:04:52.849,EyeTracking,SettingUI,Dwell_Start,Button: nextDwellSetting,Dwell_Started
17:04:52.860,EyeTracking,SettingUI,Dwell_Start,Button: nextDwellSetting,Dwell_Started
17:04:52.871,EyeTracking,SettingUI,Dwell_Start,Button: nextDwellSetting,Dwell_Started
17:04:52.881,EyeTracking,SettingUI,Dwell_Start,Button: nextDwellSetting,Dwell_Started
17:04:52.892,EyeTracking,SettingUI,Dwell_Start,Button: nextDwellSetting,Dwell_Started
17:04:52.905,EyeTracking,SettingUI,Dwell_Start,Button: nextDwellSetting,Dwell_Started
17:04:52.916,EyeTracking,SettingUI,Dwell_Start,Button: nextDwellSetting,Dwell_Started
17:04:52.926,EyeTracking,SettingUI,Dwell_Start,Button: nextDwellSetting,Dwell_Started
17:04:52.937,EyeTracking,SettingUI,Dwell_Start,Button: nextDwellSetting,Dwell_Started
17:04:52.948,EyeTracking,SettingUI,Dwell_Start,Button: nextDwellSetting,Dwell_Started
17:04:52.959,EyeTracking,SettingUI,Dwell_Start,Button: nextDwellSetting,Dwell_Started
17:04:52.971,EyeTracking,SettingUI,Dwell_Start,Button: nextDwellSetting,Dwell_Started
17:04:52.981,EyeTracking,SettingUI,Dwell_Start,Button: nextDwellSetting,Dwell_Started
17:04:52.993,EyeTracking,SettingUI,Dwell_Start,Button: nextDwellSetting,Dwell_Started
17:04:53.005,EyeTracking,SettingUI,Dwell_Start,Button: nextDwellSetting,Dwell_Started
17:04:53.015,EyeTracking,SettingUI,Dwell_Start,Button: nextDwellSetting,Dwell_Started
17:04:53.025,EyeTracking,SettingUI,Dwell_Start,Button: nextDwellSetting,Dwell_Started
17:04:53.038,EyeTracking,SettingUI,Dwell_Start,Button: nextDwellSetting,Dwell_Started
17:04:53.048,EyeTracking,SettingUI,Dwell_Start,Button: nextDwellSetting,Dwell_Started
17:04:53.060,EyeTracking,SettingUI,Dwell_Start,Button: nextDwellSetting,Dwell_Started
17:04:53.070,EyeTracking,SettingUI,Dwell_Start,Button: nextDwellSetting,Dwell_Started
17:04:53.081,EyeTracking,SettingUI,Dwell_Start,Button: nextDwellSetting,Dwell_Started
17:04:53.093,EyeTracking,SettingUI,Dwell_Start,Button: nextDwellSetting,Dwell_Started
17:04:53.104,EyeTracking,SettingUI,Dwell_Start,Button: nextDwellSetting,Dwell_Started
17:04:53.116,EyeTracking,SettingUI,Dwell_Start,Button: nextDwellSetting,Dwell_Started
17:04:53.125,EyeTracking,SettingUI,Dwell_Start,Button: nextDwellSetting,Dwell_Started
17:04:53.138,EyeTracking,SettingUI,Dwell_Start,Button: nextDwellSetting,Dwell_Started
17:04:53.148,EyeTracking,SettingUI,Dwell_Start,Button: nextDwellSetting,Dwell_Started
17:04:53.158,EyeTracking,SettingUI,Dwell_Start,Button: nextDwellSetting,Dwell_Started
17:04:53.171,EyeTracking,SettingUI,Dwell_Start,Button: nextDwellSetting,Dwell_Started
17:04:53.182,EyeTracking,SettingUI,Dwell_Start,Button: nextDwellSetting,Dwell_Started
17:04:53.191,EyeTracking,SettingUI,Dwell_Start,Button: nextDwellSetting,Dwell_Started
17:04:53.205,EyeTracking,SettingUI,Dwell_Start,Button: nextDwellSetting,Dwell_Started
17:04:53.205,EyeTracking,SettingUI,Dwell_Complete,Button: nextDwellSetting,Dwelling_Completed
17:04:53.205,EyeTracking,SettingUI,Flicker_Start,nextDwellSetting,Flicker_Start
17:04:55.214,EyeTracking,SettingUI,Flicker_End,Button: nextDwellSetting,Flicker_End
17:04:55.214,EyeTracking,SettingUI,Action_Executed,Button: nextDwellSetting; Action: ButtonAction,Execution_Proceeding
17:04:55.225,EyeTracking,SettingUI,Hover_Enter,Button: nextFlickerSetting,Hovering
17:04:55.225,EyeTracking,SettingUI,Dwell_Start,Button: nextFlickerSetting,Dwell_Started
17:04:55.235,EyeTracking,SettingUI,Dwell_Start,Button: nextFlickerSetting,Dwell_Started
17:04:55.247,EyeTracking,SettingUI,Dwell_Start,Button: nextFlickerSetting,Dwell_Started
17:04:55.258,EyeTracking,SettingUI,Dwell_Start,Button: nextFlickerSetting,Dwell_Started
17:04:55.268,EyeTracking,SettingUI,Dwell_Start,Button: nextFlickerSetting,Dwell_Started
17:04:55.280,EyeTracking,SettingUI,Dwell_Start,Button: nextFlickerSetting,Dwell_Started
17:04:55.291,EyeTracking,SettingUI,Dwell_Start,Button: nextFlickerSetting,Dwell_Started
17:04:55.302,EyeTracking,SettingUI,Dwell_Start,Button: nextFlickerSetting,Dwell_Started
17:04:55.314,EyeTracking,SettingUI,Dwell_Start,Button: nextFlickerSetting,Dwell_Started
17:04:55.324,EyeTracking,SettingUI,Dwell_Start,Button: nextFlickerSetting,Dwell_Started
17:04:55.337,EyeTracking,SettingUI,Dwell_Start,Button: nextFlickerSetting,Dwell_Started
17:04:55.347,EyeTracking,SettingUI,Dwell_Start,Button: nextFlickerSetting,Dwell_Started
17:04:55.358,EyeTracking,SettingUI,Dwell_Start,Button: nextFlickerSetting,Dwell_Started
17:04:55.370,EyeTracking,SettingUI,Dwell_Start,Button: nextFlickerSetting,Dwell_Started
17:04:55.380,EyeTracking,SettingUI,Dwell_Start,Button: nextFlickerSetting,Dwell_Started
17:04:55.391,EyeTracking,SettingUI,Dwell_Start,Button: nextFlickerSetting,Dwell_Started
17:04:55.402,EyeTracking,SettingUI,Dwell_Start,Button: nextFlickerSetting,Dwell_Started
17:04:55.413,EyeTracking,SettingUI,Dwell_Start,Button: nextFlickerSetting,Dwell_Started
17:04:55.425,EyeTracking,SettingUI,Dwell_Start,Button: nextFlickerSetting,Dwell_Started
17:04:55.435,EyeTracking,SettingUI,Dwell_Start,Button: nextFlickerSetting,Dwell_Started
17:04:55.447,EyeTracking,SettingUI,Dwell_Start,Button: nextFlickerSetting,Dwell_Started
17:04:55.458,EyeTracking,SettingUI,Dwell_Start,Button: nextFlickerSetting,Dwell_Started
17:04:55.471,EyeTracking,SettingUI,Dwell_Start,Button: nextFlickerSetting,Dwell_Started
17:04:55.480,EyeTracking,SettingUI,Dwell_Start,Button: nextFlickerSetting,Dwell_Started
17:04:55.491,EyeTracking,SettingUI,Dwell_Start,Button: nextFlickerSetting,Dwell_Started
17:04:55.503,EyeTracking,SettingUI,Hover_Exit,Button: nextFlickerSetting,Hover_Exit
17:04:56.168,EyeTracking,SettingUI,Hover_Enter,Button: nextFlickerSetting,Hovering
17:04:56.168,EyeTracking,SettingUI,Dwell_Start,Button: nextFlickerSetting,Dwell_Started
17:04:56.180,EyeTracking,SettingUI,Dwell_Start,Button: nextFlickerSetting,Dwell_Started
17:04:56.192,EyeTracking,SettingUI,Dwell_Start,Button: nextFlickerSetting,Dwell_Started
17:04:56.201,EyeTracking,SettingUI,Dwell_Start,Button: nextFlickerSetting,Dwell_Started
17:04:56.213,EyeTracking,SettingUI,Dwell_Start,Button: nextFlickerSetting,Dwell_Started
17:04:56.224,EyeTracking,SettingUI,Dwell_Start,Button: nextFlickerSetting,Dwell_Started
17:04:56.236,EyeTracking,SettingUI,Dwell_Start,Button: nextFlickerSetting,Dwell_Started
17:04:56.246,EyeTracking,SettingUI,Dwell_Start,Button: nextFlickerSetting,Dwell_Started
17:04:56.258,EyeTracking,SettingUI,Dwell_Start,Button: nextFlickerSetting,Dwell_Started
17:04:56.269,EyeTracking,SettingUI,Dwell_Start,Button: nextFlickerSetting,Dwell_Started
17:04:56.279,EyeTracking,SettingUI,Dwell_Start,Button: nextFlickerSetting,Dwell_Started
17:04:56.291,EyeTracking,SettingUI,Dwell_Start,Button: nextFlickerSetting,Dwell_Started
17:04:56.303,EyeTracking,SettingUI,Dwell_Start,Button: nextFlickerSetting,Dwell_Started
17:04:56.313,EyeTracking,SettingUI,Dwell_Start,Button: nextFlickerSetting,Dwell_Started
17:04:56.324,EyeTracking,SettingUI,Dwell_Start,Button: nextFlickerSetting,Dwell_Started
17:04:56.335,EyeTracking,SettingUI,Dwell_Start,Button: nextFlickerSetting,Dwell_Started
17:04:56.346,EyeTracking,SettingUI,Dwell_Start,Button: nextFlickerSetting,Dwell_Started
17:04:56.357,EyeTracking,SettingUI,Dwell_Start,Button: nextFlickerSetting,Dwell_Started
17:04:56.368,EyeTracking,SettingUI,Dwell_Start,Button: nextFlickerSetting,Dwell_Started
17:04:56.386,EyeTracking,SettingUI,Dwell_Start,Button: nextFlickerSetting,Dwell_Started
17:04:56.398,EyeTracking,SettingUI,Dwell_Start,Button: nextFlickerSetting,Dwell_Started
17:04:56.411,EyeTracking,SettingUI,Dwell_Start,Button: nextFlickerSetting,Dwell_Started
17:04:56.421,EyeTracking,SettingUI,Dwell_Start,Button: nextFlickerSetting,Dwell_Started
17:04:56.432,EyeTracking,SettingUI,Dwell_Start,Button: nextFlickerSetting,Dwell_Started
17:04:56.442,EyeTracking,SettingUI,Dwell_Start,Button: nextFlickerSetting,Dwell_Started
17:04:56.454,EyeTracking,SettingUI,Dwell_Start,Button: nextFlickerSetting,Dwell_Started
17:04:56.466,EyeTracking,SettingUI,Dwell_Start,Button: nextFlickerSetting,Dwell_Started
17:04:56.476,EyeTracking,SettingUI,Dwell_Start,Button: nextFlickerSetting,Dwell_Started
17:04:56.487,EyeTracking,SettingUI,Dwell_Start,Button: nextFlickerSetting,Dwell_Started
17:04:56.498,EyeTracking,SettingUI,Dwell_Start,Button: nextFlickerSetting,Dwell_Started
17:04:56.510,EyeTracking,SettingUI,Dwell_Start,Button: nextFlickerSetting,Dwell_Started
17:04:56.519,EyeTracking,SettingUI,Dwell_Start,Button: nextFlickerSetting,Dwell_Started
17:04:56.532,EyeTracking,SettingUI,Dwell_Start,Button: nextFlickerSetting,Dwell_Started
17:04:56.542,EyeTracking,SettingUI,Dwell_Start,Button: nextFlickerSetting,Dwell_Started
17:04:56.554,EyeTracking,SettingUI,Dwell_Start,Button: nextFlickerSetting,Dwell_Started
17:04:56.565,EyeTracking,SettingUI,Dwell_Start,Button: nextFlickerSetting,Dwell_Started
17:04:56.577,EyeTracking,SettingUI,Dwell_Start,Button: nextFlickerSetting,Dwell_Started
17:04:56.587,EyeTracking,SettingUI,Dwell_Start,Button: nextFlickerSetting,Dwell_Started
17:04:56.598,EyeTracking,SettingUI,Dwell_Start,Button: nextFlickerSetting,Dwell_Started
17:04:56.610,EyeTracking,SettingUI,Dwell_Start,Button: nextFlickerSetting,Dwell_Started
17:04:56.621,EyeTracking,SettingUI,Dwell_Start,Button: nextFlickerSetting,Dwell_Started
17:04:56.632,EyeTracking,SettingUI,Dwell_Start,Button: nextFlickerSetting,Dwell_Started
17:04:56.643,EyeTracking,SettingUI,Dwell_Start,Button: nextFlickerSetting,Dwell_Started
17:04:56.654,EyeTracking,SettingUI,Dwell_Start,Button: nextFlickerSetting,Dwell_Started
17:04:56.665,EyeTracking,SettingUI,Dwell_Start,Button: nextFlickerSetting,Dwell_Started
17:04:56.676,EyeTracking,SettingUI,Dwell_Start,Button: nextFlickerSetting,Dwell_Started
17:04:56.687,EyeTracking,SettingUI,Dwell_Start,Button: nextFlickerSetting,Dwell_Started
17:04:56.698,EyeTracking,SettingUI,Dwell_Start,Button: nextFlickerSetting,Dwell_Started
17:04:56.709,EyeTracking,SettingUI,Dwell_Start,Button: nextFlickerSetting,Dwell_Started
17:04:56.721,EyeTracking,SettingUI,Dwell_Start,Button: nextFlickerSetting,Dwell_Started
17:04:56.732,EyeTracking,SettingUI,Dwell_Start,Button: nextFlickerSetting,Dwell_Started
17:04:56.743,EyeTracking,SettingUI,Dwell_Start,Button: nextFlickerSetting,Dwell_Started
17:04:56.755,EyeTracking,SettingUI,Dwell_Start,Button: nextFlickerSetting,Dwell_Started
17:04:56.765,EyeTracking,SettingUI,Dwell_Start,Button: nextFlickerSetting,Dwell_Started
17:04:56.778,EyeTracking,SettingUI,Dwell_Start,Button: nextFlickerSetting,Dwell_Started
17:04:56.788,EyeTracking,SettingUI,Dwell_Start,Button: nextFlickerSetting,Dwell_Started
17:04:56.800,EyeTracking,SettingUI,Dwell_Start,Button: nextFlickerSetting,Dwell_Started
17:04:56.811,EyeTracking,SettingUI,Dwell_Start,Button: nextFlickerSetting,Dwell_Started
17:04:56.822,EyeTracking,SettingUI,Dwell_Start,Button: nextFlickerSetting,Dwell_Started
17:04:56.834,EyeTracking,SettingUI,Dwell_Start,Button: nextFlickerSetting,Dwell_Started
17:04:56.846,EyeTracking,SettingUI,Dwell_Start,Button: nextFlickerSetting,Dwell_Started
17:04:56.856,EyeTracking,SettingUI,Dwell_Start,Button: nextFlickerSetting,Dwell_Started
17:04:56.866,EyeTracking,SettingUI,Dwell_Start,Button: nextFlickerSetting,Dwell_Started
17:04:56.879,EyeTracking,SettingUI,Dwell_Start,Button: nextFlickerSetting,Dwell_Started
17:04:56.890,EyeTracking,SettingUI,Dwell_Start,Button: nextFlickerSetting,Dwell_Started
17:04:56.900,EyeTracking,SettingUI,Dwell_Start,Button: nextFlickerSetting,Dwell_Started
17:04:56.913,EyeTracking,SettingUI,Dwell_Start,Button: nextFlickerSetting,Dwell_Started
17:04:56.923,EyeTracking,SettingUI,Dwell_Start,Button: nextFlickerSetting,Dwell_Started
17:04:56.935,EyeTracking,SettingUI,Dwell_Start,Button: nextFlickerSetting,Dwell_Started
17:04:56.946,EyeTracking,SettingUI,Dwell_Start,Button: nextFlickerSetting,Dwell_Started
17:04:56.957,EyeTracking,SettingUI,Dwell_Start,Button: nextFlickerSetting,Dwell_Started
17:04:56.968,EyeTracking,SettingUI,Dwell_Start,Button: nextFlickerSetting,Dwell_Started
17:04:56.980,EyeTracking,SettingUI,Dwell_Start,Button: nextFlickerSetting,Dwell_Started
17:04:56.991,EyeTracking,SettingUI,Dwell_Start,Button: nextFlickerSetting,Dwell_Started
17:04:57.002,EyeTracking,SettingUI,Dwell_Start,Button: nextFlickerSetting,Dwell_Started
17:04:57.013,EyeTracking,SettingUI,Dwell_Start,Button: nextFlickerSetting,Dwell_Started
17:04:57.023,EyeTracking,SettingUI,Dwell_Start,Button: nextFlickerSetting,Dwell_Started
17:04:57.035,EyeTracking,SettingUI,Dwell_Start,Button: nextFlickerSetting,Dwell_Started
17:04:57.046,EyeTracking,SettingUI,Dwell_Start,Button: nextFlickerSetting,Dwell_Started
17:04:57.057,EyeTracking,SettingUI,Dwell_Start,Button: nextFlickerSetting,Dwell_Started
17:04:57.068,EyeTracking,SettingUI,Dwell_Start,Button: nextFlickerSetting,Dwell_Started
17:04:57.080,EyeTracking,SettingUI,Dwell_Start,Button: nextFlickerSetting,Dwell_Started
17:04:57.090,EyeTracking,SettingUI,Dwell_Start,Button: nextFlickerSetting,Dwell_Started
17:04:57.103,EyeTracking,SettingUI,Dwell_Start,Button: nextFlickerSetting,Dwell_Started
17:04:57.112,EyeTracking,SettingUI,Dwell_Start,Button: nextFlickerSetting,Dwell_Started
17:04:57.123,EyeTracking,SettingUI,Dwell_Start,Button: nextFlickerSetting,Dwell_Started
17:04:57.136,EyeTracking,SettingUI,Dwell_Start,Button: nextFlickerSetting,Dwell_Started
17:04:57.146,EyeTracking,SettingUI,Dwell_Start,Button: nextFlickerSetting,Dwell_Started
17:04:57.157,EyeTracking,SettingUI,Dwell_Start,Button: nextFlickerSetting,Dwell_Started
17:04:57.168,EyeTracking,SettingUI,Dwell_Start,Button: nextFlickerSetting,Dwell_Started
17:04:57.180,EyeTracking,SettingUI,Dwell_Start,Button: nextFlickerSetting,Dwell_Started
17:04:57.190,EyeTracking,SettingUI,Dwell_Start,Button: nextFlickerSetting,Dwell_Started
17:04:57.201,EyeTracking,SettingUI,Dwell_Start,Button: nextFlickerSetting,Dwell_Started
17:04:57.213,EyeTracking,SettingUI,Dwell_Start,Button: nextFlickerSetting,Dwell_Started
17:04:57.225,EyeTracking,SettingUI,Dwell_Start,Button: nextFlickerSetting,Dwell_Started
17:04:57.235,EyeTracking,SettingUI,Dwell_Start,Button: nextFlickerSetting,Dwell_Started
17:04:57.246,EyeTracking,SettingUI,Dwell_Start,Button: nextFlickerSetting,Dwell_Started
17:04:57.256,EyeTracking,SettingUI,Dwell_Start,Button: nextFlickerSetting,Dwell_Started
17:04:57.270,EyeTracking,SettingUI,Dwell_Start,Button: nextFlickerSetting,Dwell_Started
17:04:57.280,EyeTracking,SettingUI,Dwell_Start,Button: nextFlickerSetting,Dwell_Started
17:04:57.290,EyeTracking,SettingUI,Dwell_Start,Button: nextFlickerSetting,Dwell_Started
17:04:57.301,EyeTracking,SettingUI,Dwell_Start,Button: nextFlickerSetting,Dwell_Started
17:04:57.312,EyeTracking,SettingUI,Dwell_Start,Button: nextFlickerSetting,Dwell_Started
17:04:57.323,EyeTracking,SettingUI,Dwell_Start,Button: nextFlickerSetting,Dwell_Started
17:04:57.335,EyeTracking,SettingUI,Dwell_Start,Button: nextFlickerSetting,Dwell_Started
17:04:57.347,EyeTracking,SettingUI,Dwell_Start,Button: nextFlickerSetting,Dwell_Started
17:04:57.356,EyeTracking,SettingUI,Dwell_Start,Button: nextFlickerSetting,Dwell_Started
17:04:57.368,EyeTracking,SettingUI,Dwell_Start,Button: nextFlickerSetting,Dwell_Started
17:04:57.384,EyeTracking,SettingUI,Dwell_Start,Button: nextFlickerSetting,Dwell_Started
17:04:57.398,EyeTracking,SettingUI,Dwell_Start,Button: nextFlickerSetting,Dwell_Started
17:04:57.409,EyeTracking,SettingUI,Dwell_Start,Button: nextFlickerSetting,Dwell_Started
17:04:57.419,EyeTracking,SettingUI,Dwell_Start,Button: nextFlickerSetting,Dwell_Started
17:04:57.431,EyeTracking,SettingUI,Dwell_Start,Button: nextFlickerSetting,Dwell_Started
17:04:57.442,EyeTracking,SettingUI,Dwell_Start,Button: nextFlickerSetting,Dwell_Started
17:04:57.455,EyeTracking,SettingUI,Dwell_Start,Button: nextFlickerSetting,Dwell_Started
17:04:57.464,EyeTracking,SettingUI,Dwell_Start,Button: nextFlickerSetting,Dwell_Started
17:04:57.475,EyeTracking,SettingUI,Dwell_Start,Button: nextFlickerSetting,Dwell_Started
17:04:57.486,EyeTracking,SettingUI,Dwell_Start,Button: nextFlickerSetting,Dwell_Started
17:04:57.498,EyeTracking,SettingUI,Dwell_Start,Button: nextFlickerSetting,Dwell_Started
17:04:57.509,EyeTracking,SettingUI,Dwell_Start,Button: nextFlickerSetting,Dwell_Started
17:04:57.520,EyeTracking,SettingUI,Dwell_Start,Button: nextFlickerSetting,Dwell_Started
17:04:57.531,EyeTracking,SettingUI,Dwell_Start,Button: nextFlickerSetting,Dwell_Started
17:04:57.541,EyeTracking,SettingUI,Dwell_Start,Button: nextFlickerSetting,Dwell_Started
17:04:57.554,EyeTracking,SettingUI,Dwell_Start,Button: nextFlickerSetting,Dwell_Started
17:04:57.564,EyeTracking,SettingUI,Dwell_Start,Button: nextFlickerSetting,Dwell_Started
17:04:57.576,EyeTracking,SettingUI,Dwell_Start,Button: nextFlickerSetting,Dwell_Started
17:04:57.587,EyeTracking,SettingUI,Dwell_Start,Button: nextFlickerSetting,Dwell_Started
17:04:57.598,EyeTracking,SettingUI,Dwell_Start,Button: nextFlickerSetting,Dwell_Started
17:04:57.609,EyeTracking,SettingUI,Dwell_Start,Button: nextFlickerSetting,Dwell_Started
17:04:57.620,EyeTracking,SettingUI,Dwell_Start,Button: nextFlickerSetting,Dwell_Started
17:04:57.631,EyeTracking,SettingUI,Dwell_Start,Button: nextFlickerSetting,Dwell_Started
17:04:57.642,EyeTracking,SettingUI,Dwell_Start,Button: nextFlickerSetting,Dwell_Started
17:04:57.654,EyeTracking,SettingUI,Dwell_Start,Button: nextFlickerSetting,Dwell_Started
17:04:57.665,EyeTracking,SettingUI,Dwell_Start,Button: nextFlickerSetting,Dwell_Started
17:04:57.665,EyeTracking,SettingUI,Dwell_Complete,Button: nextFlickerSetting,Dwelling_Completed
17:04:57.665,EyeTracking,SettingUI,Flicker_Start,nextFlickerSetting,Flicker_Start
17:04:59.667,EyeTracking,SettingUI,Flicker_End,Button: nextFlickerSetting,Flicker_End
17:04:59.667,EyeTracking,SettingUI,Action_Executed,Button: nextFlickerSetting; Action: ButtonAction,Execution_Proceeding
17:04:59.667,EyeTracking,TestUI,Phase_Start,TestUI,
17:05:10.105,EyeTracking,TestUI,Hover_Enter,Button: NextHybrid,Hovering
17:05:10.105,EyeTracking,TestUI,Dwell_Start,Button: NextHybrid,Dwell_Started
17:05:10.117,EyeTracking,TestUI,Dwell_Start,Button: NextHybrid,Dwell_Started
17:05:10.129,EyeTracking,TestUI,Dwell_Start,Button: NextHybrid,Dwell_Started
17:05:10.140,EyeTracking,TestUI,Dwell_Start,Button: NextHybrid,Dwell_Started
17:05:10.150,EyeTracking,TestUI,Dwell_Start,Button: NextHybrid,Dwell_Started
17:05:10.161,EyeTracking,TestUI,Dwell_Start,Button: NextHybrid,Dwell_Started
17:05:10.172,EyeTracking,TestUI,Dwell_Start,Button: NextHybrid,Dwell_Started
17:05:10.184,EyeTracking,TestUI,Dwell_Start,Button: NextHybrid,Dwell_Started
17:05:10.198,EyeTracking,TestUI,Dwell_Start,Button: NextHybrid,Dwell_Started
17:05:10.206,EyeTracking,TestUI,Dwell_Start,Button: NextHybrid,Dwell_Started
17:05:10.216,EyeTracking,TestUI,Dwell_Start,Button: NextHybrid,Dwell_Started
17:05:10.227,EyeTracking,TestUI,Dwell_Start,Button: NextHybrid,Dwell_Started
17:05:10.237,EyeTracking,TestUI,Dwell_Start,Button: NextHybrid,Dwell_Started
17:05:10.249,EyeTracking,TestUI,Hover_Exit,Button: NextHybrid,Hover_Exit
17:05:17.602,EyeTracking,TestUI,Hover_Enter,Button: NextHybrid,Hovering
17:05:17.602,EyeTracking,TestUI,Dwell_Start,Button: NextHybrid,Dwell_Started
17:05:17.613,EyeTracking,TestUI,Dwell_Start,Button: NextHybrid,Dwell_Started
17:05:17.624,EyeTracking,TestUI,Dwell_Start,Button: NextHybrid,Dwell_Started
17:05:17.635,EyeTracking,TestUI,Dwell_Start,Button: NextHybrid,Dwell_Started
17:05:17.650,EyeTracking,TestUI,Dwell_Start,Button: NextHybrid,Dwell_Started
17:05:17.657,EyeTracking,TestUI,Dwell_Start,Button: NextHybrid,Dwell_Started
17:05:17.669,EyeTracking,TestUI,Dwell_Start,Button: NextHybrid,Dwell_Started
17:05:17.679,EyeTracking,TestUI,Dwell_Start,Button: NextHybrid,Dwell_Started
17:05:17.690,EyeTracking,TestUI,Dwell_Start,Button: NextHybrid,Dwell_Started
17:05:17.701,EyeTracking,TestUI,Dwell_Start,Button: NextHybrid,Dwell_Started
17:05:17.714,EyeTracking,TestUI,Dwell_Start,Button: NextHybrid,Dwell_Started
17:05:17.724,EyeTracking,TestUI,Dwell_Start,Button: NextHybrid,Dwell_Started
17:05:17.735,EyeTracking,TestUI,Dwell_Start,Button: NextHybrid,Dwell_Started
17:05:17.744,EyeTracking,TestUI,Dwell_Start,Button: NextHybrid,Dwell_Started
17:05:17.757,EyeTracking,TestUI,Dwell_Start,Button: NextHybrid,Dwell_Started
17:05:17.767,EyeTracking,TestUI,Dwell_Start,Button: NextHybrid,Dwell_Started
17:05:17.779,EyeTracking,TestUI,Dwell_Start,Button: NextHybrid,Dwell_Started
17:05:17.791,EyeTracking,TestUI,Dwell_Start,Button: NextHybrid,Dwell_Started
17:05:17.801,EyeTracking,TestUI,Dwell_Start,Button: NextHybrid,Dwell_Started
17:05:17.812,EyeTracking,TestUI,Dwell_Start,Button: NextHybrid,Dwell_Started
17:05:17.823,EyeTracking,TestUI,Dwell_Start,Button: NextHybrid,Dwell_Started
17:05:17.834,EyeTracking,TestUI,Dwell_Start,Button: NextHybrid,Dwell_Started
17:05:17.847,EyeTracking,TestUI,Dwell_Start,Button: NextHybrid,Dwell_Started
17:05:17.857,EyeTracking,TestUI,Dwell_Start,Button: NextHybrid,Dwell_Started
17:05:17.867,EyeTracking,TestUI,Dwell_Start,Button: NextHybrid,Dwell_Started
17:05:17.878,EyeTracking,TestUI,Dwell_Start,Button: NextHybrid,Dwell_Started
17:05:17.890,EyeTracking,TestUI,Dwell_Start,Button: NextHybrid,Dwell_Started
17:05:17.901,EyeTracking,TestUI,Dwell_Start,Button: NextHybrid,Dwell_Started
17:05:17.912,EyeTracking,TestUI,Dwell_Start,Button: NextHybrid,Dwell_Started
17:05:17.923,EyeTracking,TestUI,Dwell_Start,Button: NextHybrid,Dwell_Started
17:05:17.933,EyeTracking,TestUI,Dwell_Start,Button: NextHybrid,Dwell_Started
17:05:17.946,EyeTracking,TestUI,Dwell_Start,Button: NextHybrid,Dwell_Started
17:05:17.956,EyeTracking,TestUI,Dwell_Start,Button: NextHybrid,Dwell_Started
17:05:17.968,EyeTracking,TestUI,Dwell_Start,Button: NextHybrid,Dwell_Started
17:05:17.979,EyeTracking,TestUI,Dwell_Start,Button: NextHybrid,Dwell_Started
17:05:17.991,EyeTracking,TestUI,Dwell_Start,Button: NextHybrid,Dwell_Started
17:05:18.002,EyeTracking,TestUI,Dwell_Start,Button: NextHybrid,Dwell_Started
17:05:18.011,EyeTracking,TestUI,Dwell_Start,Button: NextHybrid,Dwell_Started
17:05:18.023,EyeTracking,TestUI,Dwell_Start,Button: NextHybrid,Dwell_Started
17:05:18.035,EyeTracking,TestUI,Dwell_Start,Button: NextHybrid,Dwell_Started
17:05:18.047,EyeTracking,TestUI,Dwell_Start,Button: NextHybrid,Dwell_Started
17:05:18.056,EyeTracking,TestUI,Dwell_Start,Button: NextHybrid,Dwell_Started
17:05:18.068,EyeTracking,TestUI,Dwell_Start,Button: NextHybrid,Dwell_Started
17:05:18.080,EyeTracking,TestUI,Dwell_Start,Button: NextHybrid,Dwell_Started
17:05:18.091,EyeTracking,TestUI,Dwell_Start,Button: NextHybrid,Dwell_Started
17:05:18.103,EyeTracking,TestUI,Dwell_Start,Button: NextHybrid,Dwell_Started
17:05:18.113,EyeTracking,TestUI,Dwell_Start,Button: NextHybrid,Dwell_Started
17:05:18.124,EyeTracking,TestUI,Dwell_Start,Button: NextHybrid,Dwell_Started
17:05:18.134,EyeTracking,TestUI,Dwell_Start,Button: NextHybrid,Dwell_Started
17:05:18.146,EyeTracking,TestUI,Dwell_Start,Button: NextHybrid,Dwell_Started
17:05:18.157,EyeTracking,TestUI,Dwell_Start,Button: NextHybrid,Dwell_Started
17:05:18.169,EyeTracking,TestUI,Dwell_Start,Button: NextHybrid,Dwell_Started
17:05:18.179,EyeTracking,TestUI,Dwell_Start,Button: NextHybrid,Dwell_Started
17:05:18.190,EyeTracking,TestUI,Dwell_Start,Button: NextHybrid,Dwell_Started
17:05:18.203,EyeTracking,TestUI,Dwell_Start,Button: NextHybrid,Dwell_Started
17:05:18.214,EyeTracking,TestUI,Dwell_Start,Button: NextHybrid,Dwell_Started
17:05:18.224,EyeTracking,TestUI,Dwell_Start,Button: NextHybrid,Dwell_Started
17:05:18.235,EyeTracking,TestUI,Dwell_Start,Button: NextHybrid,Dwell_Started
17:05:18.247,EyeTracking,TestUI,Dwell_Start,Button: NextHybrid,Dwell_Started
17:05:18.258,EyeTracking,TestUI,Dwell_Start,Button: NextHybrid,Dwell_Started
17:05:18.269,EyeTracking,TestUI,Dwell_Start,Button: NextHybrid,Dwell_Started
17:05:18.280,EyeTracking,TestUI,Dwell_Start,Button: NextHybrid,Dwell_Started
17:05:18.292,EyeTracking,TestUI,Dwell_Start,Button: NextHybrid,Dwell_Started
17:05:18.303,EyeTracking,TestUI,Dwell_Start,Button: NextHybrid,Dwell_Started
17:05:18.313,EyeTracking,TestUI,Dwell_Start,Button: NextHybrid,Dwell_Started
17:05:18.324,EyeTracking,TestUI,Dwell_Start,Button: NextHybrid,Dwell_Started
17:05:18.334,EyeTracking,TestUI,Dwell_Start,Button: NextHybrid,Dwell_Started
17:05:18.347,EyeTracking,TestUI,Dwell_Start,Button: NextHybrid,Dwell_Started
17:05:18.356,EyeTracking,TestUI,Dwell_Start,Button: NextHybrid,Dwell_Started
17:05:18.368,EyeTracking,TestUI,Dwell_Start,Button: NextHybrid,Dwell_Started
17:05:18.378,EyeTracking,TestUI,Dwell_Start,Button: NextHybrid,Dwell_Started
17:05:18.390,EyeTracking,TestUI,Dwell_Start,Button: NextHybrid,Dwell_Started
17:05:18.402,EyeTracking,TestUI,Dwell_Start,Button: NextHybrid,Dwell_Started
17:05:18.413,EyeTracking,TestUI,Dwell_Start,Button: NextHybrid,Dwell_Started
17:05:18.424,EyeTracking,TestUI,Dwell_Start,Button: NextHybrid,Dwell_Started
17:05:18.435,EyeTracking,TestUI,Dwell_Start,Button: NextHybrid,Dwell_Started
17:05:18.447,EyeTracking,TestUI,Dwell_Start,Button: NextHybrid,Dwell_Started
17:05:18.456,EyeTracking,TestUI,Dwell_Start,Button: NextHybrid,Dwell_Started
17:05:18.468,EyeTracking,TestUI,Dwell_Start,Button: NextHybrid,Dwell_Started
17:05:18.479,EyeTracking,TestUI,Dwell_Start,Button: NextHybrid,Dwell_Started
17:05:18.491,EyeTracking,TestUI,Dwell_Start,Button: NextHybrid,Dwell_Started
17:05:18.500,EyeTracking,TestUI,Dwell_Start,Button: NextHybrid,Dwell_Started
17:05:18.514,EyeTracking,TestUI,Dwell_Start,Button: NextHybrid,Dwell_Started
17:05:18.524,EyeTracking,TestUI,Dwell_Start,Button: NextHybrid,Dwell_Started
17:05:18.536,EyeTracking,TestUI,Dwell_Start,Button: NextHybrid,Dwell_Started
17:05:18.545,EyeTracking,TestUI,Dwell_Start,Button: NextHybrid,Dwell_Started
17:05:18.557,EyeTracking,TestUI,Dwell_Start,Button: NextHybrid,Dwell_Started
17:05:18.568,EyeTracking,TestUI,Dwell_Start,Button: NextHybrid,Dwell_Started
17:05:18.579,EyeTracking,TestUI,Dwell_Start,Button: NextHybrid,Dwell_Started
17:05:18.590,EyeTracking,TestUI,Dwell_Start,Button: NextHybrid,Dwell_Started
17:05:18.602,EyeTracking,TestUI,Dwell_Start,Button: NextHybrid,Dwell_Started
17:05:18.611,EyeTracking,TestUI,Dwell_Start,Button: NextHybrid,Dwell_Started
17:05:18.625,EyeTracking,TestUI,Dwell_Start,Button: NextHybrid,Dwell_Started
17:05:18.636,EyeTracking,TestUI,Dwell_Start,Button: NextHybrid,Dwell_Started
17:05:18.647,EyeTracking,TestUI,Dwell_Start,Button: NextHybrid,Dwell_Started
17:05:18.657,EyeTracking,TestUI,Dwell_Start,Button: NextHybrid,Dwell_Started
17:05:18.669,EyeTracking,TestUI,Dwell_Start,Button: NextHybrid,Dwell_Started
17:05:18.679,EyeTracking,TestUI,Dwell_Start,Button: NextHybrid,Dwell_Started
17:05:18.690,EyeTracking,TestUI,Dwell_Start,Button: NextHybrid,Dwell_Started
17:05:18.702,EyeTracking,TestUI,Dwell_Start,Button: NextHybrid,Dwell_Started
17:05:18.713,EyeTracking,TestUI,Dwell_Start,Button: NextHybrid,Dwell_Started
17:05:18.723,EyeTracking,TestUI,Dwell_Start,Button: NextHybrid,Dwell_Started
17:05:18.735,EyeTracking,TestUI,Dwell_Start,Button: NextHybrid,Dwell_Started
17:05:18.747,EyeTracking,TestUI,Dwell_Start,Button: NextHybrid,Dwell_Started
17:05:18.756,EyeTracking,TestUI,Dwell_Start,Button: NextHybrid,Dwell_Started
17:05:18.769,EyeTracking,TestUI,Dwell_Start,Button: NextHybrid,Dwell_Started
17:05:18.778,EyeTracking,TestUI,Dwell_Start,Button: NextHybrid,Dwell_Started
17:05:18.790,EyeTracking,TestUI,Dwell_Start,Button: NextHybrid,Dwell_Started
17:05:18.802,EyeTracking,TestUI,Dwell_Start,Button: NextHybrid,Dwell_Started
17:05:18.812,EyeTracking,TestUI,Dwell_Start,Button: NextHybrid,Dwell_Started
17:05:18.823,EyeTracking,TestUI,Dwell_Start,Button: NextHybrid,Dwell_Started
17:05:18.834,EyeTracking,TestUI,Dwell_Start,Button: NextHybrid,Dwell_Started
17:05:18.846,EyeTracking,TestUI,Dwell_Start,Button: NextHybrid,Dwell_Started
17:05:18.857,EyeTracking,TestUI,Dwell_Start,Button: NextHybrid,Dwell_Started
17:05:18.868,EyeTracking,TestUI,Dwell_Start,Button: NextHybrid,Dwell_Started
17:05:18.879,EyeTracking,TestUI,Dwell_Start,Button: NextHybrid,Dwell_Started
17:05:18.890,EyeTracking,TestUI,Dwell_Start,Button: NextHybrid,Dwell_Started
17:05:18.900,EyeTracking,TestUI,Dwell_Start,Button: NextHybrid,Dwell_Started
17:05:18.913,EyeTracking,TestUI,Dwell_Start,Button: NextHybrid,Dwell_Started
17:05:18.923,EyeTracking,TestUI,Dwell_Start,Button: NextHybrid,Dwell_Started
17:05:18.935,EyeTracking,TestUI,Dwell_Start,Button: NextHybrid,Dwell_Started
17:05:18.946,EyeTracking,TestUI,Dwell_Start,Button: NextHybrid,Dwell_Started
17:05:18.957,EyeTracking,TestUI,Dwell_Start,Button: NextHybrid,Dwell_Started
17:05:18.968,EyeTracking,TestUI,Dwell_Start,Button: NextHybrid,Dwell_Started
17:05:18.980,EyeTracking,TestUI,Dwell_Start,Button: NextHybrid,Dwell_Started
17:05:18.990,EyeTracking,TestUI,Dwell_Start,Button: NextHybrid,Dwell_Started
17:05:19.001,EyeTracking,TestUI,Dwell_Start,Button: NextHybrid,Dwell_Started
17:05:19.011,EyeTracking,TestUI,Dwell_Start,Button: NextHybrid,Dwell_Started
17:05:19.024,EyeTracking,TestUI,Dwell_Start,Button: NextHybrid,Dwell_Started
17:05:19.034,EyeTracking,TestUI,Dwell_Start,Button: NextHybrid,Dwell_Started
17:05:19.046,EyeTracking,TestUI,Dwell_Start,Button: NextHybrid,Dwell_Started
17:05:19.058,EyeTracking,TestUI,Dwell_Start,Button: NextHybrid,Dwell_Started
17:05:19.068,EyeTracking,TestUI,Dwell_Start,Button: NextHybrid,Dwell_Started
17:05:19.079,EyeTracking,TestUI,Dwell_Start,Button: NextHybrid,Dwell_Started
17:05:19.090,EyeTracking,TestUI,Dwell_Start,Button: NextHybrid,Dwell_Started
17:05:19.101,EyeTracking,TestUI,Dwell_Start,Button: NextHybrid,Dwell_Started
17:05:19.101,EyeTracking,TestUI,Dwell_Complete,Button: NextHybrid,Dwelling_Completed
17:05:19.101,EyeTracking,TestUI,Flicker_Start,NextHybrid,Flicker_Start
17:05:21.111,EyeTracking,TestUI,Flicker_End,Button: NextHybrid,Flicker_End
17:05:21.111,EyeTracking,TestUI,Action_Executed,Button: NextHybrid; Action: ButtonAction,Execution_Proceeding
17:05:21.345,EyeTracking,TestUI,Hover_Enter,Button: deleteTestUI,Hovering
17:05:21.345,EyeTracking,TestUI,Dwell_Start,Button: deleteTestUI,Dwell_Started
17:05:21.356,EyeTracking,TestUI,Dwell_Start,Button: deleteTestUI,Dwell_Started
17:05:21.366,EyeTracking,TestUI,Dwell_Start,Button: deleteTestUI,Dwell_Started
17:05:21.379,EyeTracking,TestUI,Dwell_Start,Button: deleteTestUI,Dwell_Started
17:05:21.389,EyeTracking,TestUI,Dwell_Start,Button: deleteTestUI,Dwell_Started
17:05:21.401,EyeTracking,TestUI,Dwell_Start,Button: deleteTestUI,Dwell_Started
17:05:21.411,EyeTracking,TestUI,Dwell_Start,Button: deleteTestUI,Dwell_Started
17:05:21.422,EyeTracking,TestUI,Dwell_Start,Button: deleteTestUI,Dwell_Started
17:05:21.433,EyeTracking,TestUI,Dwell_Start,Button: deleteTestUI,Dwell_Started
17:05:21.445,EyeTracking,TestUI,Dwell_Start,Button: deleteTestUI,Dwell_Started
17:05:21.456,EyeTracking,TestUI,Dwell_Start,Button: deleteTestUI,Dwell_Started
17:05:21.466,EyeTracking,TestUI,Dwell_Start,Button: deleteTestUI,Dwell_Started
17:05:21.478,EyeTracking,TestUI,Dwell_Start,Button: deleteTestUI,Dwell_Started
17:05:21.489,EyeTracking,TestUI,Dwell_Start,Button: deleteTestUI,Dwell_Started
17:05:21.501,EyeTracking,TestUI,Dwell_Start,Button: deleteTestUI,Dwell_Started
17:05:21.511,EyeTracking,TestUI,Dwell_Start,Button: deleteTestUI,Dwell_Started
17:05:21.523,EyeTracking,TestUI,Dwell_Start,Button: deleteTestUI,Dwell_Started
17:05:21.534,EyeTracking,TestUI,Dwell_Start,Button: deleteTestUI,Dwell_Started
17:05:21.545,EyeTracking,TestUI,Dwell_Start,Button: deleteTestUI,Dwell_Started
17:05:21.555,EyeTracking,TestUI,Dwell_Start,Button: deleteTestUI,Dwell_Started
17:05:21.566,EyeTracking,TestUI,Dwell_Start,Button: deleteTestUI,Dwell_Started
17:05:21.577,EyeTracking,TestUI,Dwell_Start,Button: deleteTestUI,Dwell_Started
17:05:21.590,EyeTracking,TestUI,Dwell_Start,Button: deleteTestUI,Dwell_Started
17:05:21.599,EyeTracking,TestUI,Dwell_Start,Button: deleteTestUI,Dwell_Started
17:05:21.610,EyeTracking,TestUI,Dwell_Start,Button: deleteTestUI,Dwell_Started
17:05:21.621,EyeTracking,TestUI,Dwell_Start,Button: deleteTestUI,Dwell_Started
17:05:21.634,EyeTracking,TestUI,Dwell_Start,Button: deleteTestUI,Dwell_Started
17:05:21.644,EyeTracking,TestUI,Dwell_Start,Button: deleteTestUI,Dwell_Started
17:05:21.655,EyeTracking,TestUI,Dwell_Start,Button: deleteTestUI,Dwell_Started
17:05:21.666,EyeTracking,TestUI,Dwell_Start,Button: deleteTestUI,Dwell_Started
17:05:21.678,EyeTracking,TestUI,Dwell_Start,Button: deleteTestUI,Dwell_Started
17:05:21.689,EyeTracking,TestUI,Dwell_Start,Button: deleteTestUI,Dwell_Started
17:05:21.699,EyeTracking,TestUI,Dwell_Start,Button: deleteTestUI,Dwell_Started
17:05:21.710,EyeTracking,TestUI,Dwell_Start,Button: deleteTestUI,Dwell_Started
17:05:21.722,EyeTracking,TestUI,Dwell_Start,Button: deleteTestUI,Dwell_Started
17:05:21.733,EyeTracking,TestUI,Dwell_Start,Button: deleteTestUI,Dwell_Started
17:05:21.743,EyeTracking,TestUI,Dwell_Start,Button: deleteTestUI,Dwell_Started
17:05:21.755,EyeTracking,TestUI,Dwell_Start,Button: deleteTestUI,Dwell_Started
17:05:21.766,EyeTracking,TestUI,Dwell_Start,Button: deleteTestUI,Dwell_Started
17:05:21.777,EyeTracking,TestUI,Dwell_Start,Button: deleteTestUI,Dwell_Started
17:05:21.789,EyeTracking,TestUI,Hover_Exit,Button: deleteTestUI,Hover_Exit
17:05:22.665,EyeTracking,TestUI,Hover_Enter,Button: 2,Hovering
17:05:22.665,EyeTracking,TestUI,Dwell_Start,Button: 2,Dwell_Started
17:05:22.677,EyeTracking,TestUI,Dwell_Start,Button: 2,Dwell_Started
17:05:22.689,EyeTracking,TestUI,Dwell_Start,Button: 2,Dwell_Started
17:05:22.699,EyeTracking,TestUI,Dwell_Start,Button: 2,Dwell_Started
17:05:22.710,EyeTracking,TestUI,Dwell_Start,Button: 2,Dwell_Started
17:05:22.722,EyeTracking,TestUI,Dwell_Start,Button: 2,Dwell_Started
17:05:22.733,EyeTracking,TestUI,Dwell_Start,Button: 2,Dwell_Started
17:05:22.743,EyeTracking,TestUI,Dwell_Start,Button: 2,Dwell_Started
17:05:22.755,EyeTracking,TestUI,Dwell_Start,Button: 2,Dwell_Started
17:05:22.766,EyeTracking,TestUI,Dwell_Start,Button: 2,Dwell_Started
17:05:22.781,EyeTracking,TestUI,Dwell_Start,Button: 2,Dwell_Started
17:05:22.792,EyeTracking,TestUI,Dwell_Start,Button: 2,Dwell_Started
17:05:22.798,EyeTracking,TestUI,Dwell_Start,Button: 2,Dwell_Started
17:05:22.808,EyeTracking,TestUI,Dwell_Start,Button: 2,Dwell_Started
17:05:22.821,EyeTracking,TestUI,Dwell_Start,Button: 2,Dwell_Started
17:05:22.832,EyeTracking,TestUI,Dwell_Start,Button: 2,Dwell_Started
17:05:22.842,EyeTracking,TestUI,Dwell_Start,Button: 2,Dwell_Started
17:05:22.854,EyeTracking,TestUI,Dwell_Start,Button: 2,Dwell_Started
17:05:22.866,EyeTracking,TestUI,Dwell_Start,Button: 2,Dwell_Started
17:05:22.876,EyeTracking,TestUI,Dwell_Start,Button: 2,Dwell_Started
17:05:22.887,EyeTracking,TestUI,Dwell_Start,Button: 2,Dwell_Started
17:05:22.898,EyeTracking,TestUI,Dwell_Start,Button: 2,Dwell_Started
17:05:22.910,EyeTracking,TestUI,Dwell_Start,Button: 2,Dwell_Started
17:05:22.921,EyeTracking,TestUI,Dwell_Start,Button: 2,Dwell_Started
17:05:22.933,EyeTracking,TestUI,Dwell_Start,Button: 2,Dwell_Started
17:05:22.942,EyeTracking,TestUI,Dwell_Start,Button: 2,Dwell_Started
17:05:22.953,EyeTracking,TestUI,Dwell_Start,Button: 2,Dwell_Started
17:05:22.965,EyeTracking,TestUI,Dwell_Start,Button: 2,Dwell_Started
17:05:22.976,EyeTracking,TestUI,Dwell_Start,Button: 2,Dwell_Started
17:05:22.987,EyeTracking,TestUI,Dwell_Start,Button: 2,Dwell_Started
17:05:22.998,EyeTracking,TestUI,Dwell_Start,Button: 2,Dwell_Started
17:05:23.009,EyeTracking,TestUI,Dwell_Start,Button: 2,Dwell_Started
17:05:23.021,EyeTracking,TestUI,Dwell_Start,Button: 2,Dwell_Started
17:05:23.031,EyeTracking,TestUI,Dwell_Start,Button: 2,Dwell_Started
17:05:23.043,EyeTracking,TestUI,Dwell_Start,Button: 2,Dwell_Started
17:05:23.054,EyeTracking,TestUI,Dwell_Start,Button: 2,Dwell_Started
17:05:23.065,EyeTracking,TestUI,Dwell_Start,Button: 2,Dwell_Started
17:05:23.076,EyeTracking,TestUI,Dwell_Start,Button: 2,Dwell_Started
17:05:23.087,EyeTracking,TestUI,Dwell_Start,Button: 2,Dwell_Started
17:05:23.099,EyeTracking,TestUI,Dwell_Start,Button: 2,Dwell_Started
17:05:23.109,EyeTracking,TestUI,Dwell_Start,Button: 2,Dwell_Started
17:05:23.120,EyeTracking,TestUI,Dwell_Start,Button: 2,Dwell_Started
17:05:23.131,EyeTracking,TestUI,Dwell_Start,Button: 2,Dwell_Started
17:05:23.143,EyeTracking,TestUI,Dwell_Start,Button: 2,Dwell_Started
17:05:23.154,EyeTracking,TestUI,Dwell_Start,Button: 2,Dwell_Started
17:05:23.164,EyeTracking,TestUI,Dwell_Start,Button: 2,Dwell_Started
17:05:23.176,EyeTracking,TestUI,Dwell_Start,Button: 2,Dwell_Started
17:05:23.189,EyeTracking,TestUI,Dwell_Start,Button: 2,Dwell_Started
17:05:23.198,EyeTracking,TestUI,Dwell_Start,Button: 2,Dwell_Started
17:05:23.210,EyeTracking,TestUI,Dwell_Start,Button: 2,Dwell_Started
17:05:23.222,EyeTracking,TestUI,Dwell_Start,Button: 2,Dwell_Started
17:05:23.233,EyeTracking,TestUI,Dwell_Start,Button: 2,Dwell_Started
17:05:23.244,EyeTracking,TestUI,Dwell_Start,Button: 2,Dwell_Started
17:05:23.254,EyeTracking,TestUI,Dwell_Start,Button: 2,Dwell_Started
17:05:23.265,EyeTracking,TestUI,Dwell_Start,Button: 2,Dwell_Started
17:05:23.276,EyeTracking,TestUI,Dwell_Start,Button: 2,Dwell_Started
17:05:23.288,EyeTracking,TestUI,Dwell_Start,Button: 2,Dwell_Started
17:05:23.299,EyeTracking,TestUI,Dwell_Start,Button: 2,Dwell_Started
17:05:23.311,EyeTracking,TestUI,Dwell_Start,Button: 2,Dwell_Started
17:05:23.321,EyeTracking,TestUI,Dwell_Start,Button: 2,Dwell_Started
17:05:23.332,EyeTracking,TestUI,Dwell_Start,Button: 2,Dwell_Started
17:05:23.343,EyeTracking,TestUI,Dwell_Start,Button: 2,Dwell_Started
17:05:23.355,EyeTracking,TestUI,Dwell_Start,Button: 2,Dwell_Started
17:05:23.366,EyeTracking,TestUI,Dwell_Start,Button: 2,Dwell_Started
17:05:23.378,EyeTracking,TestUI,Dwell_Start,Button: 2,Dwell_Started
17:05:23.389,EyeTracking,TestUI,Dwell_Start,Button: 2,Dwell_Started
17:05:23.399,EyeTracking,TestUI,Dwell_Start,Button: 2,Dwell_Started
17:05:23.410,EyeTracking,TestUI,Dwell_Start,Button: 2,Dwell_Started
17:05:23.421,EyeTracking,TestUI,Dwell_Start,Button: 2,Dwell_Started
17:05:23.432,EyeTracking,TestUI,Dwell_Start,Button: 2,Dwell_Started
17:05:23.443,EyeTracking,TestUI,Dwell_Start,Button: 2,Dwell_Started
17:05:23.455,EyeTracking,TestUI,Dwell_Start,Button: 2,Dwell_Started
17:05:23.466,EyeTracking,TestUI,Dwell_Start,Button: 2,Dwell_Started
17:05:23.477,EyeTracking,TestUI,Dwell_Start,Button: 2,Dwell_Started
17:05:23.489,EyeTracking,TestUI,Dwell_Start,Button: 2,Dwell_Started
17:05:23.498,EyeTracking,TestUI,Dwell_Start,Button: 2,Dwell_Started
17:05:23.510,EyeTracking,TestUI,Dwell_Start,Button: 2,Dwell_Started
17:05:23.521,EyeTracking,TestUI,Dwell_Start,Button: 2,Dwell_Started
17:05:23.532,EyeTracking,TestUI,Dwell_Start,Button: 2,Dwell_Started
17:05:23.543,EyeTracking,TestUI,Dwell_Start,Button: 2,Dwell_Started
17:05:23.554,EyeTracking,TestUI,Dwell_Start,Button: 2,Dwell_Started
17:05:23.566,EyeTracking,TestUI,Dwell_Start,Button: 2,Dwell_Started
17:05:23.576,EyeTracking,TestUI,Dwell_Start,Button: 2,Dwell_Started
17:05:23.588,EyeTracking,TestUI,Dwell_Start,Button: 2,Dwell_Started
17:05:23.598,EyeTracking,TestUI,Dwell_Start,Button: 2,Dwell_Started
17:05:23.610,EyeTracking,TestUI,Dwell_Start,Button: 2,Dwell_Started
17:05:23.621,EyeTracking,TestUI,Dwell_Start,Button: 2,Dwell_Started
17:05:23.632,EyeTracking,TestUI,Dwell_Start,Button: 2,Dwell_Started
17:05:23.644,EyeTracking,TestUI,Dwell_Start,Button: 2,Dwell_Started
17:05:23.656,EyeTracking,TestUI,Dwell_Start,Button: 2,Dwell_Started
17:05:23.666,EyeTracking,TestUI,Dwell_Start,Button: 2,Dwell_Started
17:05:23.676,EyeTracking,TestUI,Dwell_Start,Button: 2,Dwell_Started
17:05:23.689,EyeTracking,TestUI,Dwell_Start,Button: 2,Dwell_Started
17:05:23.701,EyeTracking,TestUI,Dwell_Start,Button: 2,Dwell_Started
17:05:23.710,EyeTracking,TestUI,Dwell_Start,Button: 2,Dwell_Started
17:05:23.722,EyeTracking,TestUI,Dwell_Start,Button: 2,Dwell_Started
17:05:23.732,EyeTracking,TestUI,Dwell_Start,Button: 2,Dwell_Started
17:05:23.743,EyeTracking,TestUI,Dwell_Start,Button: 2,Dwell_Started
17:05:23.756,EyeTracking,TestUI,Dwell_Start,Button: 2,Dwell_Started
17:05:23.766,EyeTracking,TestUI,Dwell_Start,Button: 2,Dwell_Started
17:05:23.776,EyeTracking,TestUI,Hover_Exit,Button: 2,Hover_Exit
17:05:23.810,EyeTracking,TestUI,Hover_Enter,Button: 1,Hovering
17:05:23.810,EyeTracking,TestUI,Dwell_Start,Button: 1,Dwell_Started
17:05:23.821,EyeTracking,TestUI,Dwell_Start,Button: 1,Dwell_Started
17:05:23.832,EyeTracking,TestUI,Dwell_Start,Button: 1,Dwell_Started
17:05:23.842,EyeTracking,TestUI,Dwell_Start,Button: 1,Dwell_Started
17:05:23.855,EyeTracking,TestUI,Dwell_Start,Button: 1,Dwell_Started
17:05:23.865,EyeTracking,TestUI,Dwell_Start,Button: 1,Dwell_Started
17:05:23.878,EyeTracking,TestUI,Dwell_Start,Button: 1,Dwell_Started
17:05:23.888,EyeTracking,TestUI,Dwell_Start,Button: 1,Dwell_Started
17:05:23.898,EyeTracking,TestUI,Dwell_Start,Button: 1,Dwell_Started
17:05:23.909,EyeTracking,TestUI,Dwell_Start,Button: 1,Dwell_Started
17:05:23.922,EyeTracking,TestUI,Dwell_Start,Button: 1,Dwell_Started
17:05:23.931,EyeTracking,TestUI,Dwell_Start,Button: 1,Dwell_Started
17:05:23.943,EyeTracking,TestUI,Dwell_Start,Button: 1,Dwell_Started
17:05:23.956,EyeTracking,TestUI,Dwell_Start,Button: 1,Dwell_Started
17:05:23.966,EyeTracking,TestUI,Dwell_Start,Button: 1,Dwell_Started
17:05:23.976,EyeTracking,TestUI,Dwell_Start,Button: 1,Dwell_Started
17:05:23.987,EyeTracking,TestUI,Dwell_Start,Button: 1,Dwell_Started
17:05:23.999,EyeTracking,TestUI,Dwell_Start,Button: 1,Dwell_Started
17:05:24.009,EyeTracking,TestUI,Dwell_Start,Button: 1,Dwell_Started
17:05:24.022,EyeTracking,TestUI,Dwell_Start,Button: 1,Dwell_Started
17:05:24.032,EyeTracking,TestUI,Dwell_Start,Button: 1,Dwell_Started
17:05:24.042,EyeTracking,TestUI,Dwell_Start,Button: 1,Dwell_Started
17:05:24.055,EyeTracking,TestUI,Dwell_Start,Button: 1,Dwell_Started
17:05:24.065,EyeTracking,TestUI,Dwell_Start,Button: 1,Dwell_Started
17:05:24.076,EyeTracking,TestUI,Dwell_Start,Button: 1,Dwell_Started
17:05:24.088,EyeTracking,TestUI,Dwell_Start,Button: 1,Dwell_Started
17:05:24.097,EyeTracking,TestUI,Dwell_Start,Button: 1,Dwell_Started
17:05:24.110,EyeTracking,TestUI,Dwell_Start,Button: 1,Dwell_Started
17:05:24.121,EyeTracking,TestUI,Dwell_Start,Button: 1,Dwell_Started
17:05:24.132,EyeTracking,TestUI,Dwell_Start,Button: 1,Dwell_Started
17:05:24.142,EyeTracking,TestUI,Dwell_Start,Button: 1,Dwell_Started
17:05:24.154,EyeTracking,TestUI,Dwell_Start,Button: 1,Dwell_Started
17:05:24.165,EyeTracking,TestUI,Dwell_Start,Button: 1,Dwell_Started
17:05:24.176,EyeTracking,TestUI,Dwell_Start,Button: 1,Dwell_Started
17:05:24.188,EyeTracking,TestUI,Dwell_Start,Button: 1,Dwell_Started
17:05:24.199,EyeTracking,TestUI,Dwell_Start,Button: 1,Dwell_Started
17:05:24.210,EyeTracking,TestUI,Dwell_Start,Button: 1,Dwell_Started
17:05:24.221,EyeTracking,TestUI,Dwell_Start,Button: 1,Dwell_Started
17:05:24.231,EyeTracking,TestUI,Dwell_Start,Button: 1,Dwell_Started
17:05:24.243,EyeTracking,TestUI,Dwell_Start,Button: 1,Dwell_Started
17:05:24.254,EyeTracking,TestUI,Dwell_Start,Button: 1,Dwell_Started
17:05:24.265,EyeTracking,TestUI,Dwell_Start,Button: 1,Dwell_Started
17:05:24.276,EyeTracking,TestUI,Dwell_Start,Button: 1,Dwell_Started
17:05:24.288,EyeTracking,TestUI,Dwell_Start,Button: 1,Dwell_Started
17:05:24.299,EyeTracking,TestUI,Dwell_Start,Button: 1,Dwell_Started
17:05:24.309,EyeTracking,TestUI,Dwell_Start,Button: 1,Dwell_Started
17:05:24.321,EyeTracking,TestUI,Dwell_Start,Button: 1,Dwell_Started
17:05:24.331,EyeTracking,TestUI,Dwell_Start,Button: 1,Dwell_Started
17:05:24.342,EyeTracking,TestUI,Dwell_Start,Button: 1,Dwell_Started
17:05:24.353,EyeTracking,TestUI,Dwell_Start,Button: 1,Dwell_Started
17:05:24.365,EyeTracking,TestUI,Dwell_Start,Button: 1,Dwell_Started
17:05:24.377,EyeTracking,TestUI,Dwell_Start,Button: 1,Dwell_Started
17:05:24.388,EyeTracking,TestUI,Dwell_Start,Button: 1,Dwell_Started
17:05:24.398,EyeTracking,TestUI,Dwell_Start,Button: 1,Dwell_Started
17:05:24.409,EyeTracking,TestUI,Dwell_Start,Button: 1,Dwell_Started
17:05:24.420,EyeTracking,TestUI,Dwell_Start,Button: 1,Dwell_Started
17:05:24.432,EyeTracking,TestUI,Dwell_Start,Button: 1,Dwell_Started
17:05:24.443,EyeTracking,TestUI,Dwell_Start,Button: 1,Dwell_Started
17:05:24.454,EyeTracking,TestUI,Dwell_Start,Button: 1,Dwell_Started
17:05:24.466,EyeTracking,TestUI,Dwell_Start,Button: 1,Dwell_Started
17:05:24.476,EyeTracking,TestUI,Dwell_Start,Button: 1,Dwell_Started
17:05:24.487,EyeTracking,TestUI,Dwell_Start,Button: 1,Dwell_Started
17:05:24.499,EyeTracking,TestUI,Dwell_Start,Button: 1,Dwell_Started
17:05:24.510,EyeTracking,TestUI,Dwell_Start,Button: 1,Dwell_Started
17:05:24.521,EyeTracking,TestUI,Dwell_Start,Button: 1,Dwell_Started
17:05:24.532,EyeTracking,TestUI,Dwell_Start,Button: 1,Dwell_Started
17:05:24.544,EyeTracking,TestUI,Dwell_Start,Button: 1,Dwell_Started
17:05:24.553,EyeTracking,TestUI,Dwell_Start,Button: 1,Dwell_Started
17:05:24.565,EyeTracking,TestUI,Dwell_Start,Button: 1,Dwell_Started
17:05:24.576,EyeTracking,TestUI,Dwell_Start,Button: 1,Dwell_Started
17:05:24.588,EyeTracking,TestUI,Dwell_Start,Button: 1,Dwell_Started
17:05:24.598,EyeTracking,TestUI,Dwell_Start,Button: 1,Dwell_Started
17:05:24.610,EyeTracking,TestUI,Dwell_Start,Button: 1,Dwell_Started
17:05:24.621,EyeTracking,TestUI,Dwell_Start,Button: 1,Dwell_Started
17:05:24.632,EyeTracking,TestUI,Dwell_Start,Button: 1,Dwell_Started
17:05:24.642,EyeTracking,TestUI,Dwell_Start,Button: 1,Dwell_Started
17:05:24.654,EyeTracking,TestUI,Dwell_Start,Button: 1,Dwell_Started
17:05:24.665,EyeTracking,TestUI,Dwell_Start,Button: 1,Dwell_Started
17:05:24.676,EyeTracking,TestUI,Dwell_Start,Button: 1,Dwell_Started
17:05:24.687,EyeTracking,TestUI,Dwell_Start,Button: 1,Dwell_Started
17:05:24.698,EyeTracking,TestUI,Dwell_Start,Button: 1,Dwell_Started
17:05:24.709,EyeTracking,TestUI,Dwell_Start,Button: 1,Dwell_Started
17:05:24.722,EyeTracking,TestUI,Dwell_Start,Button: 1,Dwell_Started
17:05:24.731,EyeTracking,TestUI,Dwell_Start,Button: 1,Dwell_Started
17:05:24.742,EyeTracking,TestUI,Dwell_Start,Button: 1,Dwell_Started
17:05:24.753,EyeTracking,TestUI,Dwell_Start,Button: 1,Dwell_Started
17:05:24.765,EyeTracking,TestUI,Dwell_Start,Button: 1,Dwell_Started
17:05:24.776,EyeTracking,TestUI,Dwell_Start,Button: 1,Dwell_Started
17:05:24.788,EyeTracking,TestUI,Dwell_Start,Button: 1,Dwell_Started
17:05:24.798,EyeTracking,TestUI,Dwell_Start,Button: 1,Dwell_Started
17:05:24.809,EyeTracking,TestUI,Dwell_Start,Button: 1,Dwell_Started
17:05:24.820,EyeTracking,TestUI,Dwell_Start,Button: 1,Dwell_Started
17:05:24.832,EyeTracking,TestUI,Dwell_Start,Button: 1,Dwell_Started
17:05:24.842,EyeTracking,TestUI,Dwell_Start,Button: 1,Dwell_Started
17:05:24.854,EyeTracking,TestUI,Dwell_Start,Button: 1,Dwell_Started
17:05:24.865,EyeTracking,TestUI,Dwell_Start,Button: 1,Dwell_Started
17:05:24.876,EyeTracking,TestUI,Dwell_Start,Button: 1,Dwell_Started
17:05:24.887,EyeTracking,TestUI,Dwell_Start,Button: 1,Dwell_Started
17:05:24.899,EyeTracking,TestUI,Dwell_Start,Button: 1,Dwell_Started
17:05:24.909,EyeTracking,TestUI,Dwell_Start,Button: 1,Dwell_Started
17:05:24.921,EyeTracking,TestUI,Dwell_Start,Button: 1,Dwell_Started
17:05:24.932,EyeTracking,TestUI,Dwell_Start,Button: 1,Dwell_Started
17:05:24.943,EyeTracking,TestUI,Dwell_Start,Button: 1,Dwell_Started
17:05:24.954,EyeTracking,TestUI,Dwell_Start,Button: 1,Dwell_Started
17:05:24.965,EyeTracking,TestUI,Dwell_Start,Button: 1,Dwell_Started
17:05:24.976,EyeTracking,TestUI,Dwell_Start,Button: 1,Dwell_Started
17:05:24.988,EyeTracking,TestUI,Dwell_Start,Button: 1,Dwell_Started
17:05:24.998,EyeTracking,TestUI,Dwell_Start,Button: 1,Dwell_Started
17:05:25.008,EyeTracking,TestUI,Dwell_Start,Button: 1,Dwell_Started
17:05:25.021,EyeTracking,TestUI,Dwell_Start,Button: 1,Dwell_Started
17:05:25.031,EyeTracking,TestUI,Dwell_Start,Button: 1,Dwell_Started
17:05:25.042,EyeTracking,TestUI,Dwell_Start,Button: 1,Dwell_Started
17:05:25.055,EyeTracking,TestUI,Dwell_Start,Button: 1,Dwell_Started
17:05:25.065,EyeTracking,TestUI,Dwell_Start,Button: 1,Dwell_Started
17:05:25.076,EyeTracking,TestUI,Dwell_Start,Button: 1,Dwell_Started
17:05:25.087,EyeTracking,TestUI,Dwell_Start,Button: 1,Dwell_Started
17:05:25.098,EyeTracking,TestUI,Dwell_Start,Button: 1,Dwell_Started
17:05:25.108,EyeTracking,TestUI,Dwell_Start,Button: 1,Dwell_Started
17:05:25.121,EyeTracking,TestUI,Dwell_Start,Button: 1,Dwell_Started
17:05:25.132,EyeTracking,TestUI,Dwell_Start,Button: 1,Dwell_Started
17:05:25.141,EyeTracking,TestUI,Dwell_Start,Button: 1,Dwell_Started
17:05:25.154,EyeTracking,TestUI,Dwell_Start,Button: 1,Dwell_Started
17:05:25.165,EyeTracking,TestUI,Dwell_Start,Button: 1,Dwell_Started
17:05:25.175,EyeTracking,TestUI,Dwell_Start,Button: 1,Dwell_Started
17:05:25.186,EyeTracking,TestUI,Dwell_Start,Button: 1,Dwell_Started
17:05:25.198,EyeTracking,TestUI,Dwell_Start,Button: 1,Dwell_Started
17:05:25.209,EyeTracking,TestUI,Dwell_Start,Button: 1,Dwell_Started
17:05:25.220,EyeTracking,TestUI,Dwell_Start,Button: 1,Dwell_Started
17:05:25.231,EyeTracking,TestUI,Dwell_Start,Button: 1,Dwell_Started
17:05:25.242,EyeTracking,TestUI,Dwell_Start,Button: 1,Dwell_Started
17:05:25.254,EyeTracking,TestUI,Dwell_Start,Button: 1,Dwell_Started
17:05:25.264,EyeTracking,TestUI,Dwell_Start,Button: 1,Dwell_Started
17:05:25.276,EyeTracking,TestUI,Dwell_Start,Button: 1,Dwell_Started
17:05:25.286,EyeTracking,TestUI,Dwell_Start,Button: 1,Dwell_Started
17:05:25.300,EyeTracking,TestUI,Dwell_Start,Button: 1,Dwell_Started
17:05:25.308,EyeTracking,TestUI,Dwell_Start,Button: 1,Dwell_Started
17:05:25.308,EyeTracking,TestUI,Dwell_Complete,Button: 1,Dwelling_Completed
17:05:25.308,EyeTracking,TestUI,Flicker_Start,1,Flicker_Start
17:05:26.709,EyeTracking,TestUI,Hover_Exit,Button: 1,Hover_Exit
17:05:26.786,EyeTracking,TestUI,Hover_Enter,Button: 8,Hovering
17:05:26.786,EyeTracking,TestUI,Dwell_Start,Button: 8,Dwell_Started
17:05:26.798,EyeTracking,TestUI,Dwell_Start,Button: 8,Dwell_Started
17:05:26.808,EyeTracking,TestUI,Dwell_Start,Button: 8,Dwell_Started
17:05:26.821,EyeTracking,TestUI,Hover_Exit,Button: 8,Hover_Exit
17:05:26.854,EyeTracking,TestUI,Hover_Enter,Button: 8,Hovering
17:05:26.854,EyeTracking,TestUI,Dwell_Start,Button: 8,Dwell_Started
17:05:26.865,EyeTracking,TestUI,Dwell_Start,Button: 8,Dwell_Started
17:05:26.875,EyeTracking,TestUI,Dwell_Start,Button: 8,Dwell_Started
17:05:26.888,EyeTracking,TestUI,Dwell_Start,Button: 8,Dwell_Started
17:05:26.897,EyeTracking,TestUI,Hover_Exit,Button: 8,Hover_Exit
17:05:27.319,EyeTracking,TestUI,Flicker_End,Button: 1,Flicker_End
17:05:27.319,EyeTracking,TestUI,Action_Executed,Button: 1; Action: TestUI,Execution_Proceeding
17:05:27.963,EyeTracking,TestUI,Hover_Enter,Button: nextTestUI,Hovering
17:05:27.963,EyeTracking,TestUI,Dwell_Start,Button: nextTestUI,Dwell_Started
17:05:27.975,EyeTracking,TestUI,Dwell_Start,Button: nextTestUI,Dwell_Started
17:05:27.986,EyeTracking,TestUI,Dwell_Start,Button: nextTestUI,Dwell_Started
17:05:27.997,EyeTracking,TestUI,Dwell_Start,Button: nextTestUI,Dwell_Started
17:05:28.008,EyeTracking,TestUI,Dwell_Start,Button: nextTestUI,Dwell_Started
17:05:28.019,EyeTracking,TestUI,Dwell_Start,Button: nextTestUI,Dwell_Started
17:05:28.031,EyeTracking,TestUI,Dwell_Start,Button: nextTestUI,Dwell_Started
17:05:28.041,EyeTracking,TestUI,Dwell_Start,Button: nextTestUI,Dwell_Started
17:05:28.053,EyeTracking,TestUI,Dwell_Start,Button: nextTestUI,Dwell_Started
17:05:28.063,EyeTracking,TestUI,Dwell_Start,Button: nextTestUI,Dwell_Started
17:05:28.073,EyeTracking,TestUI,Dwell_Start,Button: nextTestUI,Dwell_Started
17:05:28.086,EyeTracking,TestUI,Dwell_Start,Button: nextTestUI,Dwell_Started
17:05:28.096,EyeTracking,TestUI,Dwell_Start,Button: nextTestUI,Dwell_Started
17:05:28.107,EyeTracking,TestUI,Dwell_Start,Button: nextTestUI,Dwell_Started
17:05:28.119,EyeTracking,TestUI,Dwell_Start,Button: nextTestUI,Dwell_Started
17:05:28.130,EyeTracking,TestUI,Dwell_Start,Button: nextTestUI,Dwell_Started
17:05:28.141,EyeTracking,TestUI,Dwell_Start,Button: nextTestUI,Dwell_Started
17:05:28.152,EyeTracking,TestUI,Dwell_Start,Button: nextTestUI,Dwell_Started
17:05:28.162,EyeTracking,TestUI,Dwell_Start,Button: nextTestUI,Dwell_Started
17:05:28.174,EyeTracking,TestUI,Dwell_Start,Button: nextTestUI,Dwell_Started
17:05:28.186,EyeTracking,TestUI,Dwell_Start,Button: nextTestUI,Dwell_Started
17:05:28.197,EyeTracking,TestUI,Dwell_Start,Button: nextTestUI,Dwell_Started
17:05:28.208,EyeTracking,TestUI,Dwell_Start,Button: nextTestUI,Dwell_Started
17:05:28.218,EyeTracking,TestUI,Dwell_Start,Button: nextTestUI,Dwell_Started
17:05:28.231,EyeTracking,TestUI,Dwell_Start,Button: nextTestUI,Dwell_Started
17:05:28.241,EyeTracking,TestUI,Dwell_Start,Button: nextTestUI,Dwell_Started
17:05:28.252,EyeTracking,TestUI,Dwell_Start,Button: nextTestUI,Dwell_Started
17:05:28.264,EyeTracking,TestUI,Dwell_Start,Button: nextTestUI,Dwell_Started
17:05:28.274,EyeTracking,TestUI,Dwell_Start,Button: nextTestUI,Dwell_Started
17:05:28.285,EyeTracking,TestUI,Dwell_Start,Button: nextTestUI,Dwell_Started
17:05:28.297,EyeTracking,TestUI,Dwell_Start,Button: nextTestUI,Dwell_Started
17:05:28.308,EyeTracking,TestUI,Dwell_Start,Button: nextTestUI,Dwell_Started
17:05:28.318,EyeTracking,TestUI,Dwell_Start,Button: nextTestUI,Dwell_Started
17:05:28.329,EyeTracking,TestUI,Dwell_Start,Button: nextTestUI,Dwell_Started
17:05:28.340,EyeTracking,TestUI,Dwell_Start,Button: nextTestUI,Dwell_Started
17:05:28.354,EyeTracking,TestUI,Dwell_Start,Button: nextTestUI,Dwell_Started
17:05:28.363,EyeTracking,TestUI,Dwell_Start,Button: nextTestUI,Dwell_Started
17:05:28.374,EyeTracking,TestUI,Dwell_Start,Button: nextTestUI,Dwell_Started
17:05:28.386,EyeTracking,TestUI,Dwell_Start,Button: nextTestUI,Dwell_Started
17:05:28.397,EyeTracking,TestUI,Dwell_Start,Button: nextTestUI,Dwell_Started
17:05:28.408,EyeTracking,TestUI,Dwell_Start,Button: nextTestUI,Dwell_Started
17:05:28.419,EyeTracking,TestUI,Dwell_Start,Button: nextTestUI,Dwell_Started
17:05:28.430,EyeTracking,TestUI,Dwell_Start,Button: nextTestUI,Dwell_Started
17:05:28.440,EyeTracking,TestUI,Dwell_Start,Button: nextTestUI,Dwell_Started
17:05:28.452,EyeTracking,TestUI,Dwell_Start,Button: nextTestUI,Dwell_Started
17:05:28.463,EyeTracking,TestUI,Dwell_Start,Button: nextTestUI,Dwell_Started
17:05:28.475,EyeTracking,TestUI,Dwell_Start,Button: nextTestUI,Dwell_Started
17:05:28.486,EyeTracking,TestUI,Dwell_Start,Button: nextTestUI,Dwell_Started
17:05:28.496,EyeTracking,TestUI,Dwell_Start,Button: nextTestUI,Dwell_Started
17:05:28.507,EyeTracking,TestUI,Dwell_Start,Button: nextTestUI,Dwell_Started
17:05:28.519,EyeTracking,TestUI,Dwell_Start,Button: nextTestUI,Dwell_Started
17:05:28.530,EyeTracking,TestUI,Dwell_Start,Button: nextTestUI,Dwell_Started
17:05:28.541,EyeTracking,TestUI,Dwell_Start,Button: nextTestUI,Dwell_Started
17:05:28.552,EyeTracking,TestUI,Dwell_Start,Button: nextTestUI,Dwell_Started
17:05:28.564,EyeTracking,TestUI,Dwell_Start,Button: nextTestUI,Dwell_Started
17:05:28.574,EyeTracking,TestUI,Dwell_Start,Button: nextTestUI,Dwell_Started
17:05:28.586,EyeTracking,TestUI,Dwell_Start,Button: nextTestUI,Dwell_Started
17:05:28.597,EyeTracking,TestUI,Dwell_Start,Button: nextTestUI,Dwell_Started
17:05:28.608,EyeTracking,TestUI,Dwell_Start,Button: nextTestUI,Dwell_Started
17:05:28.619,EyeTracking,TestUI,Dwell_Start,Button: nextTestUI,Dwell_Started
17:05:28.629,EyeTracking,TestUI,Dwell_Start,Button: nextTestUI,Dwell_Started
17:05:28.639,EyeTracking,TestUI,Dwell_Start,Button: nextTestUI,Dwell_Started
17:05:28.652,EyeTracking,TestUI,Dwell_Start,Button: nextTestUI,Dwell_Started
17:05:28.663,EyeTracking,TestUI,Dwell_Start,Button: nextTestUI,Dwell_Started
17:05:28.674,EyeTracking,TestUI,Dwell_Start,Button: nextTestUI,Dwell_Started
17:05:28.686,EyeTracking,TestUI,Dwell_Start,Button: nextTestUI,Dwell_Started
17:05:28.697,EyeTracking,TestUI,Dwell_Start,Button: nextTestUI,Dwell_Started
17:05:28.708,EyeTracking,TestUI,Dwell_Start,Button: nextTestUI,Dwell_Started
17:05:28.718,EyeTracking,TestUI,Dwell_Start,Button: nextTestUI,Dwell_Started
17:05:28.730,EyeTracking,TestUI,Dwell_Start,Button: nextTestUI,Dwell_Started
17:05:28.742,EyeTracking,TestUI,Dwell_Start,Button: nextTestUI,Dwell_Started
17:05:28.752,EyeTracking,TestUI,Dwell_Start,Button: nextTestUI,Dwell_Started
17:05:28.763,EyeTracking,TestUI,Dwell_Start,Button: nextTestUI,Dwell_Started
17:05:28.773,EyeTracking,TestUI,Dwell_Start,Button: nextTestUI,Dwell_Started
17:05:28.785,EyeTracking,TestUI,Dwell_Start,Button: nextTestUI,Dwell_Started
17:05:28.797,EyeTracking,TestUI,Dwell_Start,Button: nextTestUI,Dwell_Started
17:05:28.807,EyeTracking,TestUI,Dwell_Start,Button: nextTestUI,Dwell_Started
17:05:28.818,EyeTracking,TestUI,Dwell_Start,Button: nextTestUI,Dwell_Started
17:05:28.830,EyeTracking,TestUI,Dwell_Start,Button: nextTestUI,Dwell_Started
17:05:28.840,EyeTracking,TestUI,Dwell_Start,Button: nextTestUI,Dwell_Started
17:05:28.852,EyeTracking,TestUI,Dwell_Start,Button: nextTestUI,Dwell_Started
17:05:28.863,EyeTracking,TestUI,Dwell_Start,Button: nextTestUI,Dwell_Started
17:05:28.874,EyeTracking,TestUI,Dwell_Start,Button: nextTestUI,Dwell_Started
17:05:28.885,EyeTracking,TestUI,Dwell_Start,Button: nextTestUI,Dwell_Started
17:05:28.896,EyeTracking,TestUI,Dwell_Start,Button: nextTestUI,Dwell_Started
17:05:28.908,EyeTracking,TestUI,Dwell_Start,Button: nextTestUI,Dwell_Started
17:05:28.918,EyeTracking,TestUI,Dwell_Start,Button: nextTestUI,Dwell_Started
17:05:28.929,EyeTracking,TestUI,Dwell_Start,Button: nextTestUI,Dwell_Started
17:05:28.940,EyeTracking,TestUI,Dwell_Start,Button: nextTestUI,Dwell_Started
17:05:28.951,EyeTracking,TestUI,Dwell_Start,Button: nextTestUI,Dwell_Started
17:05:28.964,EyeTracking,TestUI,Dwell_Start,Button: nextTestUI,Dwell_Started
17:05:28.974,EyeTracking,TestUI,Dwell_Start,Button: nextTestUI,Dwell_Started
17:05:28.986,EyeTracking,TestUI,Dwell_Start,Button: nextTestUI,Dwell_Started
17:05:28.996,EyeTracking,TestUI,Dwell_Start,Button: nextTestUI,Dwell_Started
17:05:29.008,EyeTracking,TestUI,Dwell_Start,Button: nextTestUI,Dwell_Started
17:05:29.019,EyeTracking,TestUI,Dwell_Start,Button: nextTestUI,Dwell_Started
17:05:29.031,EyeTracking,TestUI,Dwell_Start,Button: nextTestUI,Dwell_Started
17:05:29.041,EyeTracking,TestUI,Dwell_Start,Button: nextTestUI,Dwell_Started
17:05:29.052,EyeTracking,TestUI,Dwell_Start,Button: nextTestUI,Dwell_Started
17:05:29.064,EyeTracking,TestUI,Dwell_Start,Button: nextTestUI,Dwell_Started
17:05:29.074,EyeTracking,TestUI,Dwell_Start,Button: nextTestUI,Dwell_Started
17:05:29.086,EyeTracking,TestUI,Dwell_Start,Button: nextTestUI,Dwell_Started
17:05:29.096,EyeTracking,TestUI,Dwell_Start,Button: nextTestUI,Dwell_Started
17:05:29.107,EyeTracking,TestUI,Dwell_Start,Button: nextTestUI,Dwell_Started
17:05:29.119,EyeTracking,TestUI,Dwell_Start,Button: nextTestUI,Dwell_Started
17:05:29.129,EyeTracking,TestUI,Dwell_Start,Button: nextTestUI,Dwell_Started
17:05:29.139,EyeTracking,TestUI,Dwell_Start,Button: nextTestUI,Dwell_Started
17:05:29.152,EyeTracking,TestUI,Dwell_Start,Button: nextTestUI,Dwell_Started
17:05:29.162,EyeTracking,TestUI,Dwell_Start,Button: nextTestUI,Dwell_Started
17:05:29.174,EyeTracking,TestUI,Dwell_Start,Button: nextTestUI,Dwell_Started
17:05:29.186,EyeTracking,TestUI,Dwell_Start,Button: nextTestUI,Dwell_Started
17:05:29.196,EyeTracking,TestUI,Dwell_Start,Button: nextTestUI,Dwell_Started
17:05:29.207,EyeTracking,TestUI,Dwell_Start,Button: nextTestUI,Dwell_Started
17:05:29.219,EyeTracking,TestUI,Dwell_Start,Button: nextTestUI,Dwell_Started
17:05:29.229,EyeTracking,TestUI,Dwell_Start,Button: nextTestUI,Dwell_Started
17:05:29.241,EyeTracking,TestUI,Dwell_Start,Button: nextTestUI,Dwell_Started
17:05:29.252,EyeTracking,TestUI,Dwell_Start,Button: nextTestUI,Dwell_Started
17:05:29.264,EyeTracking,TestUI,Dwell_Start,Button: nextTestUI,Dwell_Started
17:05:29.275,EyeTracking,TestUI,Dwell_Start,Button: nextTestUI,Dwell_Started
17:05:29.284,EyeTracking,TestUI,Dwell_Start,Button: nextTestUI,Dwell_Started
17:05:29.296,EyeTracking,TestUI,Dwell_Start,Button: nextTestUI,Dwell_Started
17:05:29.307,EyeTracking,TestUI,Dwell_Start,Button: nextTestUI,Dwell_Started
17:05:29.317,EyeTracking,TestUI,Dwell_Start,Button: nextTestUI,Dwell_Started
17:05:29.329,EyeTracking,TestUI,Dwell_Start,Button: nextTestUI,Dwell_Started
17:05:29.341,EyeTracking,TestUI,Dwell_Start,Button: nextTestUI,Dwell_Started
17:05:29.352,EyeTracking,TestUI,Dwell_Start,Button: nextTestUI,Dwell_Started
17:05:29.362,EyeTracking,TestUI,Dwell_Start,Button: nextTestUI,Dwell_Started
17:05:29.374,EyeTracking,TestUI,Dwell_Start,Button: nextTestUI,Dwell_Started
17:05:29.385,EyeTracking,TestUI,Dwell_Start,Button: nextTestUI,Dwell_Started
17:05:29.396,EyeTracking,TestUI,Dwell_Start,Button: nextTestUI,Dwell_Started
17:05:29.407,EyeTracking,TestUI,Dwell_Start,Button: nextTestUI,Dwell_Started
17:05:29.419,EyeTracking,TestUI,Dwell_Start,Button: nextTestUI,Dwell_Started
17:05:29.430,EyeTracking,TestUI,Dwell_Start,Button: nextTestUI,Dwell_Started
17:05:29.441,EyeTracking,TestUI,Dwell_Start,Button: nextTestUI,Dwell_Started
17:05:29.452,EyeTracking,TestUI,Dwell_Start,Button: nextTestUI,Dwell_Started
17:05:29.464,EyeTracking,TestUI,Dwell_Start,Button: nextTestUI,Dwell_Started
17:05:29.464,EyeTracking,TestUI,Dwell_Complete,Button: nextTestUI,Dwelling_Completed
17:05:29.464,EyeTracking,TestUI,Flicker_Start,nextTestUI,Flicker_Start
17:05:31.474,EyeTracking,TestUI,Flicker_End,Button: nextTestUI,Flicker_End
17:05:31.474,EyeTracking,TestUI,Action_Executed,Button: nextTestUI; Action: TestUI,Execution_Proceeding
17:05:31.474,EyeTracking,Demo3D,Phase_Start,Demo3D,
17:05:31.483,EyeTracking,Demo3D,Hover_Enter,Button: StartDemo,Hovering
17:05:31.483,EyeTracking,Demo3D,Dwell_Start,Button: StartDemo,Dwell_Started
17:05:31.495,EyeTracking,Demo3D,Dwell_Start,Button: StartDemo,Dwell_Started
17:05:31.506,EyeTracking,Demo3D,Dwell_Start,Button: StartDemo,Dwell_Started
17:05:31.517,EyeTracking,Demo3D,Dwell_Start,Button: StartDemo,Dwell_Started
17:05:31.528,EyeTracking,Demo3D,Dwell_Start,Button: StartDemo,Dwell_Started
17:05:31.540,EyeTracking,Demo3D,Dwell_Start,Button: StartDemo,Dwell_Started
17:05:31.551,EyeTracking,Demo3D,Dwell_Start,Button: StartDemo,Dwell_Started
17:05:31.561,EyeTracking,Demo3D,Dwell_Start,Button: StartDemo,Dwell_Started
17:05:31.572,EyeTracking,Demo3D,Dwell_Start,Button: StartDemo,Dwell_Started
17:05:31.583,EyeTracking,Demo3D,Dwell_Start,Button: StartDemo,Dwell_Started
17:05:31.595,EyeTracking,Demo3D,Dwell_Start,Button: StartDemo,Dwell_Started
17:05:31.606,EyeTracking,Demo3D,Dwell_Start,Button: StartDemo,Dwell_Started
17:05:31.617,EyeTracking,Demo3D,Dwell_Start,Button: StartDemo,Dwell_Started
17:05:31.628,EyeTracking,Demo3D,Dwell_Start,Button: StartDemo,Dwell_Started
17:05:31.642,EyeTracking,Demo3D,Dwell_Start,Button: StartDemo,Dwell_Started
17:05:31.654,EyeTracking,Demo3D,Dwell_Start,Button: StartDemo,Dwell_Started
17:05:31.661,EyeTracking,Demo3D,Dwell_Start,Button: StartDemo,Dwell_Started
17:05:31.669,EyeTracking,Demo3D,Dwell_Start,Button: StartDemo,Dwell_Started
17:05:31.680,EyeTracking,Demo3D,Dwell_Start,Button: StartDemo,Dwell_Started
17:05:31.692,EyeTracking,Demo3D,Dwell_Start,Button: StartDemo,Dwell_Started
17:05:31.704,EyeTracking,Demo3D,Dwell_Start,Button: StartDemo,Dwell_Started
17:05:31.715,EyeTracking,Demo3D,Dwell_Start,Button: StartDemo,Dwell_Started
17:05:31.725,EyeTracking,Demo3D,Dwell_Start,Button: StartDemo,Dwell_Started
17:05:31.736,EyeTracking,Demo3D,Dwell_Start,Button: StartDemo,Dwell_Started
17:05:31.749,EyeTracking,Demo3D,Dwell_Start,Button: StartDemo,Dwell_Started
17:05:31.758,EyeTracking,Demo3D,Dwell_Start,Button: StartDemo,Dwell_Started
17:05:31.770,EyeTracking,Demo3D,Dwell_Start,Button: StartDemo,Dwell_Started
17:05:31.780,EyeTracking,Demo3D,Dwell_Start,Button: StartDemo,Dwell_Started
17:05:31.792,EyeTracking,Demo3D,Dwell_Start,Button: StartDemo,Dwell_Started
17:05:31.803,EyeTracking,Demo3D,Dwell_Start,Button: StartDemo,Dwell_Started
17:05:31.814,EyeTracking,Demo3D,Dwell_Start,Button: StartDemo,Dwell_Started
17:05:31.825,EyeTracking,Demo3D,Dwell_Start,Button: StartDemo,Dwell_Started
17:05:31.835,EyeTracking,Demo3D,Dwell_Start,Button: StartDemo,Dwell_Started
17:05:31.848,EyeTracking,Demo3D,Dwell_Start,Button: StartDemo,Dwell_Started
17:05:31.858,EyeTracking,Demo3D,Dwell_Start,Button: StartDemo,Dwell_Started
17:05:31.869,EyeTracking,Demo3D,Dwell_Start,Button: StartDemo,Dwell_Started
17:05:31.881,EyeTracking,Demo3D,Dwell_Start,Button: StartDemo,Dwell_Started
17:05:31.893,EyeTracking,Demo3D,Dwell_Start,Button: StartDemo,Dwell_Started
17:05:31.904,EyeTracking,Demo3D,Dwell_Start,Button: StartDemo,Dwell_Started
17:05:31.914,EyeTracking,Demo3D,Dwell_Start,Button: StartDemo,Dwell_Started
17:05:31.925,EyeTracking,Demo3D,Dwell_Start,Button: StartDemo,Dwell_Started
17:05:31.937,EyeTracking,Demo3D,Dwell_Start,Button: StartDemo,Dwell_Started
17:05:31.948,EyeTracking,Demo3D,Dwell_Start,Button: StartDemo,Dwell_Started
17:05:31.958,EyeTracking,Demo3D,Dwell_Start,Button: StartDemo,Dwell_Started
17:05:31.970,EyeTracking,Demo3D,Dwell_Start,Button: StartDemo,Dwell_Started
17:05:31.982,EyeTracking,Demo3D,Dwell_Start,Button: StartDemo,Dwell_Started
17:05:31.993,EyeTracking,Demo3D,Dwell_Start,Button: StartDemo,Dwell_Started
17:05:32.003,EyeTracking,Demo3D,Dwell_Start,Button: StartDemo,Dwell_Started
17:05:32.014,EyeTracking,Demo3D,Dwell_Start,Button: StartDemo,Dwell_Started
17:05:32.026,EyeTracking,Demo3D,Dwell_Start,Button: StartDemo,Dwell_Started
17:05:32.037,EyeTracking,Demo3D,Dwell_Start,Button: StartDemo,Dwell_Started
17:05:32.048,EyeTracking,Demo3D,Dwell_Start,Button: StartDemo,Dwell_Started
17:05:32.059,EyeTracking,Demo3D,Dwell_Start,Button: StartDemo,Dwell_Started
17:05:32.071,EyeTracking,Demo3D,Dwell_Start,Button: StartDemo,Dwell_Started
17:05:32.083,EyeTracking,Demo3D,Dwell_Start,Button: StartDemo,Dwell_Started
17:05:32.095,EyeTracking,Demo3D,Dwell_Start,Button: StartDemo,Dwell_Started
17:05:32.105,EyeTracking,Demo3D,Dwell_Start,Button: StartDemo,Dwell_Started
17:05:32.115,EyeTracking,Demo3D,Dwell_Start,Button: StartDemo,Dwell_Started
17:05:32.127,EyeTracking,Demo3D,Hover_Exit,Button: StartDemo,Hover_Exit
17:05:35.404,EyeTracking,Demo3D,Hover_Enter,Button: StartDemo,Hovering
17:05:35.404,EyeTracking,Demo3D,Dwell_Start,Button: StartDemo,Dwell_Started
17:05:35.414,EyeTracking,Demo3D,Dwell_Start,Button: StartDemo,Dwell_Started
17:05:35.427,EyeTracking,Demo3D,Dwell_Start,Button: StartDemo,Dwell_Started
17:05:35.437,EyeTracking,Demo3D,Dwell_Start,Button: StartDemo,Dwell_Started
17:05:35.448,EyeTracking,Demo3D,Dwell_Start,Button: StartDemo,Dwell_Started
17:05:35.460,EyeTracking,Demo3D,Dwell_Start,Button: StartDemo,Dwell_Started
17:05:35.470,EyeTracking,Demo3D,Dwell_Start,Button: StartDemo,Dwell_Started
17:05:35.481,EyeTracking,Demo3D,Dwell_Start,Button: StartDemo,Dwell_Started
17:05:35.494,EyeTracking,Demo3D,Dwell_Start,Button: StartDemo,Dwell_Started
17:05:35.503,EyeTracking,Demo3D,Dwell_Start,Button: StartDemo,Dwell_Started
17:05:35.515,EyeTracking,Demo3D,Dwell_Start,Button: StartDemo,Dwell_Started
17:05:35.526,EyeTracking,Demo3D,Dwell_Start,Button: StartDemo,Dwell_Started
17:05:35.537,EyeTracking,Demo3D,Dwell_Start,Button: StartDemo,Dwell_Started
17:05:35.547,EyeTracking,Demo3D,Dwell_Start,Button: StartDemo,Dwell_Started
17:05:35.560,EyeTracking,Demo3D,Dwell_Start,Button: StartDemo,Dwell_Started
17:05:35.571,EyeTracking,Demo3D,Dwell_Start,Button: StartDemo,Dwell_Started
17:05:35.581,EyeTracking,Demo3D,Dwell_Start,Button: StartDemo,Dwell_Started
17:05:35.593,EyeTracking,Demo3D,Dwell_Start,Button: StartDemo,Dwell_Started
17:05:35.603,EyeTracking,Demo3D,Dwell_Start,Button: StartDemo,Dwell_Started
17:05:35.615,EyeTracking,Demo3D,Dwell_Start,Button: StartDemo,Dwell_Started
17:05:35.626,EyeTracking,Demo3D,Dwell_Start,Button: StartDemo,Dwell_Started
17:05:35.636,EyeTracking,Demo3D,Dwell_Start,Button: StartDemo,Dwell_Started
17:05:35.648,EyeTracking,Demo3D,Dwell_Start,Button: StartDemo,Dwell_Started
17:05:35.659,EyeTracking,Demo3D,Dwell_Start,Button: StartDemo,Dwell_Started
17:05:35.670,EyeTracking,Demo3D,Dwell_Start,Button: StartDemo,Dwell_Started
17:05:35.682,EyeTracking,Demo3D,Dwell_Start,Button: StartDemo,Dwell_Started
17:05:35.693,EyeTracking,Demo3D,Dwell_Start,Button: StartDemo,Dwell_Started
17:05:35.703,EyeTracking,Demo3D,Dwell_Start,Button: StartDemo,Dwell_Started
17:05:35.716,EyeTracking,Demo3D,Dwell_Start,Button: StartDemo,Dwell_Started
17:05:35.726,EyeTracking,Demo3D,Dwell_Start,Button: StartDemo,Dwell_Started
17:05:35.738,EyeTracking,Demo3D,Dwell_Start,Button: StartDemo,Dwell_Started
17:05:35.748,EyeTracking,Demo3D,Dwell_Start,Button: StartDemo,Dwell_Started
17:05:35.759,EyeTracking,Demo3D,Dwell_Start,Button: StartDemo,Dwell_Started
17:05:35.769,EyeTracking,Demo3D,Dwell_Start,Button: StartDemo,Dwell_Started
17:05:35.781,EyeTracking,Demo3D,Dwell_Start,Button: StartDemo,Dwell_Started
17:05:35.792,EyeTracking,Demo3D,Dwell_Start,Button: StartDemo,Dwell_Started
17:05:35.803,EyeTracking,Demo3D,Dwell_Start,Button: StartDemo,Dwell_Started
17:05:35.815,EyeTracking,Demo3D,Dwell_Start,Button: StartDemo,Dwell_Started
17:05:35.827,EyeTracking,Demo3D,Dwell_Start,Button: StartDemo,Dwell_Started
17:05:35.837,EyeTracking,Demo3D,Dwell_Start,Button: StartDemo,Dwell_Started
17:05:35.848,EyeTracking,Demo3D,Dwell_Start,Button: StartDemo,Dwell_Started
17:05:35.860,EyeTracking,Demo3D,Dwell_Start,Button: StartDemo,Dwell_Started
17:05:35.871,EyeTracking,Demo3D,Dwell_Start,Button: StartDemo,Dwell_Started
17:05:35.882,EyeTracking,Demo3D,Dwell_Start,Button: StartDemo,Dwell_Started
17:05:35.893,EyeTracking,Demo3D,Dwell_Start,Button: StartDemo,Dwell_Started
17:05:35.903,EyeTracking,Demo3D,Dwell_Start,Button: StartDemo,Dwell_Started
17:05:35.915,EyeTracking,Demo3D,Dwell_Start,Button: StartDemo,Dwell_Started
17:05:35.926,EyeTracking,Demo3D,Dwell_Start,Button: StartDemo,Dwell_Started
17:05:35.936,EyeTracking,Demo3D,Dwell_Start,Button: StartDemo,Dwell_Started
17:05:35.947,EyeTracking,Demo3D,Dwell_Start,Button: StartDemo,Dwell_Started
17:05:35.958,EyeTracking,Demo3D,Dwell_Start,Button: StartDemo,Dwell_Started
17:05:35.969,EyeTracking,Demo3D,Dwell_Start,Button: StartDemo,Dwell_Started
17:05:35.981,EyeTracking,Demo3D,Dwell_Start,Button: StartDemo,Dwell_Started
17:05:35.992,EyeTracking,Demo3D,Dwell_Start,Button: StartDemo,Dwell_Started
17:05:36.003,EyeTracking,Demo3D,Dwell_Start,Button: StartDemo,Dwell_Started
17:05:36.015,EyeTracking,Demo3D,Dwell_Start,Button: StartDemo,Dwell_Started
17:05:36.026,EyeTracking,Demo3D,Dwell_Start,Button: StartDemo,Dwell_Started
17:05:36.036,EyeTracking,Demo3D,Dwell_Start,Button: StartDemo,Dwell_Started
17:05:36.048,EyeTracking,Demo3D,Dwell_Start,Button: StartDemo,Dwell_Started
17:05:36.059,EyeTracking,Demo3D,Dwell_Start,Button: StartDemo,Dwell_Started
17:05:36.070,EyeTracking,Demo3D,Dwell_Start,Button: StartDemo,Dwell_Started
17:05:36.081,EyeTracking,Demo3D,Dwell_Start,Button: StartDemo,Dwell_Started
17:05:36.094,EyeTracking,Demo3D,Dwell_Start,Button: StartDemo,Dwell_Started
17:05:36.103,EyeTracking,Demo3D,Dwell_Start,Button: StartDemo,Dwell_Started
17:05:36.114,EyeTracking,Demo3D,Dwell_Start,Button: StartDemo,Dwell_Started
17:05:36.126,EyeTracking,Demo3D,Dwell_Start,Button: StartDemo,Dwell_Started
17:05:36.137,EyeTracking,Demo3D,Dwell_Start,Button: StartDemo,Dwell_Started
17:05:36.147,EyeTracking,Demo3D,Dwell_Start,Button: StartDemo,Dwell_Started
17:05:36.159,EyeTracking,Demo3D,Dwell_Start,Button: StartDemo,Dwell_Started
17:05:36.171,EyeTracking,Demo3D,Dwell_Start,Button: StartDemo,Dwell_Started
17:05:36.181,EyeTracking,Demo3D,Dwell_Start,Button: StartDemo,Dwell_Started
17:05:36.193,EyeTracking,Demo3D,Dwell_Start,Button: StartDemo,Dwell_Started
17:05:36.203,EyeTracking,Demo3D,Dwell_Start,Button: StartDemo,Dwell_Started
17:05:36.215,EyeTracking,Demo3D,Dwell_Start,Button: StartDemo,Dwell_Started
17:05:36.225,EyeTracking,Demo3D,Dwell_Start,Button: StartDemo,Dwell_Started
17:05:36.237,EyeTracking,Demo3D,Dwell_Start,Button: StartDemo,Dwell_Started
17:05:36.247,EyeTracking,Demo3D,Dwell_Start,Button: StartDemo,Dwell_Started
17:05:36.258,EyeTracking,Demo3D,Dwell_Start,Button: StartDemo,Dwell_Started
17:05:36.271,EyeTracking,Demo3D,Dwell_Start,Button: StartDemo,Dwell_Started
17:05:36.281,EyeTracking,Demo3D,Dwell_Start,Button: StartDemo,Dwell_Started
17:05:36.292,EyeTracking,Demo3D,Dwell_Start,Button: StartDemo,Dwell_Started
17:05:36.303,EyeTracking,Demo3D,Dwell_Start,Button: StartDemo,Dwell_Started
17:05:36.314,EyeTracking,Demo3D,Dwell_Start,Button: StartDemo,Dwell_Started
17:05:36.325,EyeTracking,Demo3D,Dwell_Start,Button: StartDemo,Dwell_Started
17:05:36.337,EyeTracking,Demo3D,Dwell_Start,Button: StartDemo,Dwell_Started
17:05:36.347,EyeTracking,Demo3D,Dwell_Start,Button: StartDemo,Dwell_Started
17:05:36.359,EyeTracking,Demo3D,Dwell_Start,Button: StartDemo,Dwell_Started
17:05:36.369,EyeTracking,Demo3D,Dwell_Start,Button: StartDemo,Dwell_Started
17:05:36.381,EyeTracking,Demo3D,Dwell_Start,Button: StartDemo,Dwell_Started
17:05:36.393,EyeTracking,Demo3D,Dwell_Start,Button: StartDemo,Dwell_Started
17:05:36.403,EyeTracking,Demo3D,Dwell_Start,Button: StartDemo,Dwell_Started
17:05:36.415,EyeTracking,Demo3D,Dwell_Start,Button: StartDemo,Dwell_Started
17:05:36.425,EyeTracking,Demo3D,Dwell_Start,Button: StartDemo,Dwell_Started
17:05:36.437,EyeTracking,Demo3D,Dwell_Start,Button: StartDemo,Dwell_Started
17:05:36.448,EyeTracking,Demo3D,Dwell_Start,Button: StartDemo,Dwell_Started
17:05:36.460,EyeTracking,Demo3D,Dwell_Start,Button: StartDemo,Dwell_Started
17:05:36.470,EyeTracking,Demo3D,Dwell_Start,Button: StartDemo,Dwell_Started
17:05:36.481,EyeTracking,Demo3D,Dwell_Start,Button: StartDemo,Dwell_Started
17:05:36.493,EyeTracking,Demo3D,Dwell_Start,Button: StartDemo,Dwell_Started
17:05:36.503,EyeTracking,Demo3D,Dwell_Start,Button: StartDemo,Dwell_Started
17:05:36.514,EyeTracking,Demo3D,Dwell_Start,Button: StartDemo,Dwell_Started
17:05:36.525,EyeTracking,Demo3D,Dwell_Start,Button: StartDemo,Dwell_Started
17:05:36.537,EyeTracking,Demo3D,Dwell_Start,Button: StartDemo,Dwell_Started
17:05:36.547,EyeTracking,Demo3D,Dwell_Start,Button: StartDemo,Dwell_Started
17:05:36.559,EyeTracking,Demo3D,Dwell_Start,Button: StartDemo,Dwell_Started
17:05:36.570,EyeTracking,Demo3D,Dwell_Start,Button: StartDemo,Dwell_Started
17:05:36.581,EyeTracking,Demo3D,Dwell_Start,Button: StartDemo,Dwell_Started
17:05:36.592,EyeTracking,Demo3D,Dwell_Start,Button: StartDemo,Dwell_Started
17:05:36.603,EyeTracking,Demo3D,Dwell_Start,Button: StartDemo,Dwell_Started
17:05:36.614,EyeTracking,Demo3D,Dwell_Start,Button: StartDemo,Dwell_Started
17:05:36.625,EyeTracking,Demo3D,Dwell_Start,Button: StartDemo,Dwell_Started
17:05:36.637,EyeTracking,Demo3D,Dwell_Start,Button: StartDemo,Dwell_Started
17:05:36.647,EyeTracking,Demo3D,Dwell_Start,Button: StartDemo,Dwell_Started
17:05:36.659,EyeTracking,Demo3D,Dwell_Start,Button: StartDemo,Dwell_Started
17:05:36.670,EyeTracking,Demo3D,Dwell_Start,Button: StartDemo,Dwell_Started
17:05:36.681,EyeTracking,Demo3D,Dwell_Start,Button: StartDemo,Dwell_Started
17:05:36.691,EyeTracking,Demo3D,Dwell_Start,Button: StartDemo,Dwell_Started
17:05:36.703,EyeTracking,Demo3D,Dwell_Start,Button: StartDemo,Dwell_Started
17:05:36.714,EyeTracking,Demo3D,Dwell_Start,Button: StartDemo,Dwell_Started
17:05:36.726,EyeTracking,Demo3D,Dwell_Start,Button: StartDemo,Dwell_Started
17:05:36.736,EyeTracking,Demo3D,Dwell_Start,Button: StartDemo,Dwell_Started
17:05:36.747,EyeTracking,Demo3D,Dwell_Start,Button: StartDemo,Dwell_Started
17:05:36.758,EyeTracking,Demo3D,Dwell_Start,Button: StartDemo,Dwell_Started
17:05:36.770,EyeTracking,Demo3D,Dwell_Start,Button: StartDemo,Dwell_Started
17:05:36.780,EyeTracking,Demo3D,Dwell_Start,Button: StartDemo,Dwell_Started
17:05:36.791,EyeTracking,Demo3D,Dwell_Start,Button: StartDemo,Dwell_Started
17:05:36.802,EyeTracking,Demo3D,Dwell_Start,Button: StartDemo,Dwell_Started
17:05:36.816,EyeTracking,Demo3D,Dwell_Start,Button: StartDemo,Dwell_Started
17:05:36.826,EyeTracking,Demo3D,Dwell_Start,Button: StartDemo,Dwell_Started
17:05:36.837,EyeTracking,Demo3D,Dwell_Start,Button: StartDemo,Dwell_Started
17:05:36.848,EyeTracking,Demo3D,Dwell_Start,Button: StartDemo,Dwell_Started
17:05:36.859,EyeTracking,Demo3D,Dwell_Start,Button: StartDemo,Dwell_Started
17:05:36.869,EyeTracking,Demo3D,Dwell_Start,Button: StartDemo,Dwell_Started
17:05:36.880,EyeTracking,Demo3D,Dwell_Start,Button: StartDemo,Dwell_Started
17:05:36.892,EyeTracking,Demo3D,Dwell_Start,Button: StartDemo,Dwell_Started
17:05:36.903,EyeTracking,Demo3D,Dwell_Start,Button: StartDemo,Dwell_Started
17:05:36.903,EyeTracking,Demo3D,Dwell_Complete,Button: StartDemo,Dwelling_Completed
17:05:36.903,EyeTracking,Demo3D,Flicker_Start,StartDemo,Flicker_Start
17:05:38.913,EyeTracking,Demo3D,Flicker_End,Button: StartDemo,Flicker_End
17:05:38.913,EyeTracking,Demo3D,Action_Executed,Button: StartDemo; Action: ButtonAction,Execution_Proceeding
17:05:38.941,EyeTracking,Demo3D,Dwell_Start,Object: Door_Single,Dwell_Started
17:05:39.388,EyeTracking,Demo3D,Gaze_Stop,Object: Door_Single,Hover_Exit
17:05:39.400,EyeTracking,Demo3D,Dwell_Start,Object: Door_Single,Dwell_Started
17:05:40.157,EyeTracking,Demo3D,Gaze_Stop,Object: Door_Single,Hover_Exit
17:05:40.513,EyeTracking,Demo3D,Dwell_Start,Object: Door_Single,Dwell_Started
17:05:42.011,EyeTracking,Demo3D,Dwell_Complete,Object: Door_Single,Dwelling_Completed
17:05:42.011,EyeTracking,Demo3D,Flicker_Start,Object: Door_Single; Hz: 15,Flickering_Start
17:05:44.021,EyeTracking,Demo3D,Flicker_End,Object: Door_Single,Flickering_Completed
17:05:44.021,EyeTracking,Demo3D,Action_Executed,Object: Door_Single; Action: DoorSwitch,Execution_Proceeding
17:05:44.033,EyeTracking,Demo3D,Dwell_Start,Object: Door_Double,Dwell_Started
17:05:45.532,EyeTracking,Demo3D,Dwell_Complete,Object: Door_Double,Dwelling_Completed
17:05:45.532,EyeTracking,Demo3D,Flicker_Start,Object: Door_Double; Hz: 15,Flickering_Start
17:05:47.542,EyeTracking,Demo3D,Flicker_End,Object: Door_Double,Flickering_Completed
17:05:47.542,EyeTracking,Demo3D,Action_Executed,Object: Door_Double; Action: NextScene,Execution_Proceeding
17:05:47.542,EyeTracking,TrainBCI,Phase_Start,TrainBCI,
17:05:51.074,EyeTracking,TrainBCI,Hover_Enter,Button: StartTrainBCI,Hovering
17:05:51.074,EyeTracking,TrainBCI,Dwell_Start,Button: StartTrainBCI,Dwell_Started
17:05:51.085,EyeTracking,TrainBCI,Dwell_Start,Button: StartTrainBCI,Dwell_Started
17:05:51.096,EyeTracking,TrainBCI,Hover_Exit,Button: StartTrainBCI,Hover_Exit
17:05:51.129,EyeTracking,TrainBCI,Hover_Enter,Button: StartTrainBCI,Hovering
17:05:51.129,EyeTracking,TrainBCI,Dwell_Start,Button: StartTrainBCI,Dwell_Started
17:05:51.140,EyeTracking,TrainBCI,Dwell_Start,Button: StartTrainBCI,Dwell_Started
17:05:51.152,EyeTracking,TrainBCI,Dwell_Start,Button: StartTrainBCI,Dwell_Started
17:05:51.163,EyeTracking,TrainBCI,Dwell_Start,Button: StartTrainBCI,Dwell_Started
17:05:51.174,EyeTracking,TrainBCI,Dwell_Start,Button: StartTrainBCI,Dwell_Started
17:05:51.184,EyeTracking,TrainBCI,Dwell_Start,Button: StartTrainBCI,Dwell_Started
17:05:51.197,EyeTracking,TrainBCI,Dwell_Start,Button: StartTrainBCI,Dwell_Started
17:05:51.207,EyeTracking,TrainBCI,Dwell_Start,Button: StartTrainBCI,Dwell_Started
17:05:51.218,EyeTracking,TrainBCI,Dwell_Start,Button: StartTrainBCI,Dwell_Started
17:05:51.230,EyeTracking,TrainBCI,Dwell_Start,Button: StartTrainBCI,Dwell_Started
17:05:51.240,EyeTracking,TrainBCI,Dwell_Start,Button: StartTrainBCI,Dwell_Started
17:05:51.251,EyeTracking,TrainBCI,Dwell_Start,Button: StartTrainBCI,Dwell_Started
17:05:51.262,EyeTracking,TrainBCI,Dwell_Start,Button: StartTrainBCI,Dwell_Started
17:05:51.274,EyeTracking,TrainBCI,Dwell_Start,Button: StartTrainBCI,Dwell_Started
17:05:51.284,EyeTracking,TrainBCI,Dwell_Start,Button: StartTrainBCI,Dwell_Started
17:05:51.297,EyeTracking,TrainBCI,Dwell_Start,Button: StartTrainBCI,Dwell_Started
17:05:51.307,EyeTracking,TrainBCI,Dwell_Start,Button: StartTrainBCI,Dwell_Started
17:05:51.317,EyeTracking,TrainBCI,Dwell_Start,Button: StartTrainBCI,Dwell_Started
17:05:51.330,EyeTracking,TrainBCI,Dwell_Start,Button: StartTrainBCI,Dwell_Started
17:05:51.340,EyeTracking,TrainBCI,Dwell_Start,Button: StartTrainBCI,Dwell_Started
17:05:51.352,EyeTracking,TrainBCI,Dwell_Start,Button: StartTrainBCI,Dwell_Started
17:05:51.363,EyeTracking,TrainBCI,Hover_Exit,Button: StartTrainBCI,Hover_Exit
17:05:51.439,EyeTracking,TrainBCI,Hover_Enter,Button: StartTrainBCI,Hovering
17:05:51.439,EyeTracking,TrainBCI,Dwell_Start,Button: StartTrainBCI,Dwell_Started
17:05:51.451,EyeTracking,TrainBCI,Dwell_Start,Button: StartTrainBCI,Dwell_Started
17:05:51.462,EyeTracking,TrainBCI,Dwell_Start,Button: StartTrainBCI,Dwell_Started
17:05:51.473,EyeTracking,TrainBCI,Dwell_Start,Button: StartTrainBCI,Dwell_Started
17:05:51.484,EyeTracking,TrainBCI,Dwell_Start,Button: StartTrainBCI,Dwell_Started
17:05:51.495,EyeTracking,TrainBCI,Dwell_Start,Button: StartTrainBCI,Dwell_Started
17:05:51.506,EyeTracking,TrainBCI,Dwell_Start,Button: StartTrainBCI,Dwell_Started
17:05:51.518,EyeTracking,TrainBCI,Hover_Exit,Button: StartTrainBCI,Hover_Exit
17:05:51.629,EyeTracking,TrainBCI,Hover_Enter,Button: StartTrainBCI,Hovering
17:05:51.629,EyeTracking,TrainBCI,Dwell_Start,Button: StartTrainBCI,Dwell_Started
17:05:51.640,EyeTracking,TrainBCI,Dwell_Start,Button: StartTrainBCI,Dwell_Started
17:05:51.650,EyeTracking,TrainBCI,Dwell_Start,Button: StartTrainBCI,Dwell_Started
17:05:51.662,EyeTracking,TrainBCI,Dwell_Start,Button: StartTrainBCI,Dwell_Started
17:05:51.673,EyeTracking,TrainBCI,Dwell_Start,Button: StartTrainBCI,Dwell_Started
17:05:51.684,EyeTracking,TrainBCI,Dwell_Start,Button: StartTrainBCI,Dwell_Started
17:05:51.696,EyeTracking,TrainBCI,Dwell_Start,Button: StartTrainBCI,Dwell_Started
17:05:51.707,EyeTracking,TrainBCI,Dwell_Start,Button: StartTrainBCI,Dwell_Started
17:05:51.717,EyeTracking,TrainBCI,Dwell_Start,Button: StartTrainBCI,Dwell_Started
17:05:51.730,EyeTracking,TrainBCI,Dwell_Start,Button: StartTrainBCI,Dwell_Started
17:05:51.740,EyeTracking,TrainBCI,Dwell_Start,Button: StartTrainBCI,Dwell_Started
17:05:51.751,EyeTracking,TrainBCI,Dwell_Start,Button: StartTrainBCI,Dwell_Started
17:05:51.762,EyeTracking,TrainBCI,Dwell_Start,Button: StartTrainBCI,Dwell_Started
17:05:51.773,EyeTracking,TrainBCI,Dwell_Start,Button: StartTrainBCI,Dwell_Started
17:05:51.783,EyeTracking,TrainBCI,Dwell_Start,Button: StartTrainBCI,Dwell_Started
17:05:51.795,EyeTracking,TrainBCI,Dwell_Start,Button: StartTrainBCI,Dwell_Started
17:05:51.807,EyeTracking,TrainBCI,Dwell_Start,Button: StartTrainBCI,Dwell_Started
17:05:51.819,EyeTracking,TrainBCI,Dwell_Start,Button: StartTrainBCI,Dwell_Started
17:05:51.828,EyeTracking,TrainBCI,Dwell_Start,Button: StartTrainBCI,Dwell_Started
17:05:51.839,EyeTracking,TrainBCI,Dwell_Start,Button: StartTrainBCI,Dwell_Started
17:05:51.850,EyeTracking,TrainBCI,Dwell_Start,Button: StartTrainBCI,Dwell_Started
17:05:51.862,EyeTracking,TrainBCI,Dwell_Start,Button: StartTrainBCI,Dwell_Started
17:05:51.874,EyeTracking,TrainBCI,Dwell_Start,Button: StartTrainBCI,Dwell_Started
17:05:51.884,EyeTracking,TrainBCI,Dwell_Start,Button: StartTrainBCI,Dwell_Started
17:05:51.895,EyeTracking,TrainBCI,Dwell_Start,Button: StartTrainBCI,Dwell_Started
17:05:51.906,EyeTracking,TrainBCI,Dwell_Start,Button: StartTrainBCI,Dwell_Started
17:05:51.918,EyeTracking,TrainBCI,Dwell_Start,Button: StartTrainBCI,Dwell_Started
17:05:51.930,EyeTracking,TrainBCI,Dwell_Start,Button: StartTrainBCI,Dwell_Started
17:05:51.940,EyeTracking,TrainBCI,Dwell_Start,Button: StartTrainBCI,Dwell_Started
17:05:51.951,EyeTracking,TrainBCI,Dwell_Start,Button: StartTrainBCI,Dwell_Started
17:05:51.961,EyeTracking,TrainBCI,Dwell_Start,Button: StartTrainBCI,Dwell_Started
17:05:51.973,EyeTracking,TrainBCI,Dwell_Start,Button: StartTrainBCI,Dwell_Started
17:05:51.984,EyeTracking,TrainBCI,Dwell_Start,Button: StartTrainBCI,Dwell_Started
17:05:51.995,EyeTracking,TrainBCI,Dwell_Start,Button: StartTrainBCI,Dwell_Started
17:05:52.007,EyeTracking,TrainBCI,Dwell_Start,Button: StartTrainBCI,Dwell_Started
17:05:52.016,EyeTracking,TrainBCI,Dwell_Start,Button: StartTrainBCI,Dwell_Started
17:05:52.029,EyeTracking,TrainBCI,Dwell_Start,Button: StartTrainBCI,Dwell_Started
17:05:52.039,EyeTracking,TrainBCI,Dwell_Start,Button: StartTrainBCI,Dwell_Started
17:05:52.051,EyeTracking,TrainBCI,Dwell_Start,Button: StartTrainBCI,Dwell_Started
17:05:52.061,EyeTracking,TrainBCI,Dwell_Start,Button: StartTrainBCI,Dwell_Started
17:05:52.072,EyeTracking,TrainBCI,Dwell_Start,Button: StartTrainBCI,Dwell_Started
17:05:52.083,EyeTracking,TrainBCI,Dwell_Start,Button: StartTrainBCI,Dwell_Started
17:05:52.095,EyeTracking,TrainBCI,Dwell_Start,Button: StartTrainBCI,Dwell_Started
17:05:52.106,EyeTracking,TrainBCI,Dwell_Start,Button: StartTrainBCI,Dwell_Started
17:05:52.118,EyeTracking,TrainBCI,Dwell_Start,Button: StartTrainBCI,Dwell_Started
17:05:52.130,EyeTracking,TrainBCI,Dwell_Start,Button: StartTrainBCI,Dwell_Started
17:05:52.139,EyeTracking,TrainBCI,Dwell_Start,Button: StartTrainBCI,Dwell_Started
17:05:52.150,EyeTracking,TrainBCI,Dwell_Start,Button: StartTrainBCI,Dwell_Started
17:05:52.162,EyeTracking,TrainBCI,Dwell_Start,Button: StartTrainBCI,Dwell_Started
17:05:52.173,EyeTracking,TrainBCI,Dwell_Start,Button: StartTrainBCI,Dwell_Started
17:05:52.183,EyeTracking,TrainBCI,Dwell_Start,Button: StartTrainBCI,Dwell_Started
17:05:52.195,EyeTracking,TrainBCI,Dwell_Start,Button: StartTrainBCI,Dwell_Started
17:05:52.206,EyeTracking,TrainBCI,Dwell_Start,Button: StartTrainBCI,Dwell_Started
17:05:52.216,EyeTracking,TrainBCI,Dwell_Start,Button: StartTrainBCI,Dwell_Started
17:05:52.229,EyeTracking,TrainBCI,Dwell_Start,Button: StartTrainBCI,Dwell_Started
17:05:52.239,EyeTracking,TrainBCI,Dwell_Start,Button: StartTrainBCI,Dwell_Started
17:05:52.251,EyeTracking,TrainBCI,Dwell_Start,Button: StartTrainBCI,Dwell_Started
17:05:52.262,EyeTracking,TrainBCI,Dwell_Start,Button: StartTrainBCI,Dwell_Started
17:05:52.273,EyeTracking,TrainBCI,Dwell_Start,Button: StartTrainBCI,Dwell_Started
17:05:52.284,EyeTracking,TrainBCI,Dwell_Start,Button: StartTrainBCI,Dwell_Started
17:05:52.295,EyeTracking,TrainBCI,Dwell_Start,Button: StartTrainBCI,Dwell_Started
17:05:52.306,EyeTracking,TrainBCI,Dwell_Start,Button: StartTrainBCI,Dwell_Started
17:05:52.316,EyeTracking,TrainBCI,Dwell_Start,Button: StartTrainBCI,Dwell_Started
17:05:52.329,EyeTracking,TrainBCI,Dwell_Start,Button: StartTrainBCI,Dwell_Started
17:05:52.339,EyeTracking,TrainBCI,Dwell_Start,Button: StartTrainBCI,Dwell_Started
17:05:52.351,EyeTracking,TrainBCI,Dwell_Start,Button: StartTrainBCI,Dwell_Started
17:05:52.362,EyeTracking,TrainBCI,Dwell_Start,Button: StartTrainBCI,Dwell_Started
17:05:52.373,EyeTracking,TrainBCI,Dwell_Start,Button: StartTrainBCI,Dwell_Started
17:05:52.384,EyeTracking,TrainBCI,Dwell_Start,Button: StartTrainBCI,Dwell_Started
17:05:52.395,EyeTracking,TrainBCI,Dwell_Start,Button: StartTrainBCI,Dwell_Started
17:05:52.405,EyeTracking,TrainBCI,Dwell_Start,Button: StartTrainBCI,Dwell_Started
17:05:52.417,EyeTracking,TrainBCI,Dwell_Start,Button: StartTrainBCI,Dwell_Started
17:05:52.429,EyeTracking,TrainBCI,Dwell_Start,Button: StartTrainBCI,Dwell_Started
17:05:52.439,EyeTracking,TrainBCI,Dwell_Start,Button: StartTrainBCI,Dwell_Started
17:05:52.450,EyeTracking,TrainBCI,Dwell_Start,Button: StartTrainBCI,Dwell_Started
17:05:52.463,EyeTracking,TrainBCI,Dwell_Start,Button: StartTrainBCI,Dwell_Started
17:05:52.473,EyeTracking,TrainBCI,Dwell_Start,Button: StartTrainBCI,Dwell_Started
17:05:52.484,EyeTracking,TrainBCI,Dwell_Start,Button: StartTrainBCI,Dwell_Started
17:05:52.496,EyeTracking,TrainBCI,Dwell_Start,Button: StartTrainBCI,Dwell_Started
17:05:52.505,EyeTracking,TrainBCI,Dwell_Start,Button: StartTrainBCI,Dwell_Started
17:05:52.518,EyeTracking,TrainBCI,Dwell_Start,Button: StartTrainBCI,Dwell_Started
17:05:52.529,EyeTracking,TrainBCI,Dwell_Start,Button: StartTrainBCI,Dwell_Started
17:05:52.538,EyeTracking,TrainBCI,Dwell_Start,Button: StartTrainBCI,Dwell_Started
17:05:52.551,EyeTracking,TrainBCI,Dwell_Start,Button: StartTrainBCI,Dwell_Started
17:05:52.563,EyeTracking,TrainBCI,Dwell_Start,Button: StartTrainBCI,Dwell_Started
17:05:52.572,EyeTracking,TrainBCI,Dwell_Start,Button: StartTrainBCI,Dwell_Started
17:05:52.584,EyeTracking,TrainBCI,Dwell_Start,Button: StartTrainBCI,Dwell_Started
17:05:52.594,EyeTracking,TrainBCI,Dwell_Start,Button: StartTrainBCI,Dwell_Started
17:05:52.606,EyeTracking,TrainBCI,Dwell_Start,Button: StartTrainBCI,Dwell_Started
17:05:52.617,EyeTracking,TrainBCI,Dwell_Start,Button: StartTrainBCI,Dwell_Started
17:05:52.628,EyeTracking,TrainBCI,Dwell_Start,Button: StartTrainBCI,Dwell_Started
17:05:52.639,EyeTracking,TrainBCI,Dwell_Start,Button: StartTrainBCI,Dwell_Started
17:05:52.651,EyeTracking,TrainBCI,Dwell_Start,Button: StartTrainBCI,Dwell_Started
17:05:52.662,EyeTracking,TrainBCI,Dwell_Start,Button: StartTrainBCI,Dwell_Started
17:05:52.673,EyeTracking,TrainBCI,Hover_Exit,Button: StartTrainBCI,Hover_Exit
17:05:52.684,EyeTracking,TrainBCI,Hover_Enter,Button: StartTrainBCI,Hovering
17:05:52.684,EyeTracking,TrainBCI,Dwell_Start,Button: StartTrainBCI,Dwell_Started
17:05:52.694,EyeTracking,TrainBCI,Dwell_Start,Button: StartTrainBCI,Dwell_Started
17:05:52.706,EyeTracking,TrainBCI,Dwell_Start,Button: StartTrainBCI,Dwell_Started
17:05:52.717,EyeTracking,TrainBCI,Dwell_Start,Button: StartTrainBCI,Dwell_Started
17:05:52.729,EyeTracking,TrainBCI,Dwell_Start,Button: StartTrainBCI,Dwell_Started
17:05:52.739,EyeTracking,TrainBCI,Dwell_Start,Button: StartTrainBCI,Dwell_Started
17:05:52.750,EyeTracking,TrainBCI,Dwell_Start,Button: StartTrainBCI,Dwell_Started
17:05:52.761,EyeTracking,TrainBCI,Dwell_Start,Button: StartTrainBCI,Dwell_Started
17:05:52.772,EyeTracking,TrainBCI,Dwell_Start,Button: StartTrainBCI,Dwell_Started
17:05:52.784,EyeTracking,TrainBCI,Dwell_Start,Button: StartTrainBCI,Dwell_Started
17:05:52.795,EyeTracking,TrainBCI,Dwell_Start,Button: StartTrainBCI,Dwell_Started
17:05:52.807,EyeTracking,TrainBCI,Dwell_Start,Button: StartTrainBCI,Dwell_Started
17:05:52.816,EyeTracking,TrainBCI,Dwell_Start,Button: StartTrainBCI,Dwell_Started
17:05:52.829,EyeTracking,TrainBCI,Dwell_Start,Button: StartTrainBCI,Dwell_Started
17:05:52.838,EyeTracking,TrainBCI,Dwell_Start,Button: StartTrainBCI,Dwell_Started
17:05:52.850,EyeTracking,TrainBCI,Dwell_Start,Button: StartTrainBCI,Dwell_Started
17:05:52.861,EyeTracking,TrainBCI,Dwell_Start,Button: StartTrainBCI,Dwell_Started
17:05:52.872,EyeTracking,TrainBCI,Dwell_Start,Button: StartTrainBCI,Dwell_Started
17:05:52.884,EyeTracking,TrainBCI,Dwell_Start,Button: StartTrainBCI,Dwell_Started
17:05:52.894,EyeTracking,TrainBCI,Dwell_Start,Button: StartTrainBCI,Dwell_Started
17:05:52.905,EyeTracking,TrainBCI,Dwell_Start,Button: StartTrainBCI,Dwell_Started
17:05:52.916,EyeTracking,TrainBCI,Dwell_Start,Button: StartTrainBCI,Dwell_Started
17:05:52.928,EyeTracking,TrainBCI,Dwell_Start,Button: StartTrainBCI,Dwell_Started
17:05:52.939,EyeTracking,TrainBCI,Dwell_Start,Button: StartTrainBCI,Dwell_Started
17:05:52.950,EyeTracking,TrainBCI,Dwell_Start,Button: StartTrainBCI,Dwell_Started
17:05:52.962,EyeTracking,TrainBCI,Dwell_Start,Button: StartTrainBCI,Dwell_Started
17:05:52.972,EyeTracking,TrainBCI,Dwell_Start,Button: StartTrainBCI,Dwell_Started
17:05:52.983,EyeTracking,TrainBCI,Dwell_Start,Button: StartTrainBCI,Dwell_Started
17:05:52.996,EyeTracking,TrainBCI,Dwell_Start,Button: StartTrainBCI,Dwell_Started
17:05:53.006,EyeTracking,TrainBCI,Dwell_Start,Button: StartTrainBCI,Dwell_Started
17:05:53.017,EyeTracking,TrainBCI,Dwell_Start,Button: StartTrainBCI,Dwell_Started
17:05:53.029,EyeTracking,TrainBCI,Dwell_Start,Button: StartTrainBCI,Dwell_Started
17:05:53.038,EyeTracking,TrainBCI,Dwell_Start,Button: StartTrainBCI,Dwell_Started
17:05:53.050,EyeTracking,TrainBCI,Dwell_Start,Button: StartTrainBCI,Dwell_Started
17:05:53.062,EyeTracking,TrainBCI,Dwell_Start,Button: StartTrainBCI,Dwell_Started
17:05:53.072,EyeTracking,TrainBCI,Dwell_Start,Button: StartTrainBCI,Dwell_Started
17:05:53.084,EyeTracking,TrainBCI,Dwell_Start,Button: StartTrainBCI,Dwell_Started
17:05:53.096,EyeTracking,TrainBCI,Dwell_Start,Button: StartTrainBCI,Dwell_Started
17:05:53.106,EyeTracking,TrainBCI,Dwell_Start,Button: StartTrainBCI,Dwell_Started
17:05:53.116,EyeTracking,TrainBCI,Dwell_Start,Button: StartTrainBCI,Dwell_Started
17:05:53.129,EyeTracking,TrainBCI,Dwell_Start,Button: StartTrainBCI,Dwell_Started
17:05:53.138,EyeTracking,TrainBCI,Dwell_Start,Button: StartTrainBCI,Dwell_Started
17:05:53.149,EyeTracking,TrainBCI,Dwell_Start,Button: StartTrainBCI,Dwell_Started
17:05:53.162,EyeTracking,TrainBCI,Dwell_Start,Button: StartTrainBCI,Dwell_Started
17:05:53.172,EyeTracking,TrainBCI,Dwell_Start,Button: StartTrainBCI,Dwell_Started
17:05:53.184,EyeTracking,TrainBCI,Dwell_Start,Button: StartTrainBCI,Dwell_Started
17:05:53.195,EyeTracking,TrainBCI,Hover_Exit,Button: StartTrainBCI,Hover_Exit
17:05:53.293,EyeTracking,TrainBCI,Hover_Enter,Button: StartTrainBCI,Hovering
17:05:53.293,EyeTracking,TrainBCI,Dwell_Start,Button: StartTrainBCI,Dwell_Started
17:05:53.306,EyeTracking,TrainBCI,Dwell_Start,Button: StartTrainBCI,Dwell_Started
17:05:53.317,EyeTracking,TrainBCI,Dwell_Start,Button: StartTrainBCI,Dwell_Started
17:05:53.327,EyeTracking,TrainBCI,Dwell_Start,Button: StartTrainBCI,Dwell_Started
17:05:53.338,EyeTracking,TrainBCI,Dwell_Start,Button: StartTrainBCI,Dwell_Started
17:05:53.350,EyeTracking,TrainBCI,Dwell_Start,Button: StartTrainBCI,Dwell_Started
17:05:53.361,EyeTracking,TrainBCI,Dwell_Start,Button: StartTrainBCI,Dwell_Started
17:05:53.372,EyeTracking,TrainBCI,Dwell_Start,Button: StartTrainBCI,Dwell_Started
17:05:53.383,EyeTracking,TrainBCI,Dwell_Start,Button: StartTrainBCI,Dwell_Started
17:05:53.395,EyeTracking,TrainBCI,Dwell_Start,Button: StartTrainBCI,Dwell_Started
17:05:53.406,EyeTracking,TrainBCI,Dwell_Start,Button: StartTrainBCI,Dwell_Started
17:05:53.421,EyeTracking,TrainBCI,Dwell_Start,Button: StartTrainBCI,Dwell_Started
17:05:53.430,EyeTracking,TrainBCI,Dwell_Start,Button: StartTrainBCI,Dwell_Started
17:05:53.437,EyeTracking,TrainBCI,Dwell_Start,Button: StartTrainBCI,Dwell_Started
17:05:53.448,EyeTracking,TrainBCI,Dwell_Start,Button: StartTrainBCI,Dwell_Started
17:05:53.460,EyeTracking,TrainBCI,Dwell_Start,Button: StartTrainBCI,Dwell_Started
17:05:53.471,EyeTracking,TrainBCI,Dwell_Start,Button: StartTrainBCI,Dwell_Started
17:05:53.482,EyeTracking,TrainBCI,Dwell_Start,Button: StartTrainBCI,Dwell_Started
17:05:53.494,EyeTracking,TrainBCI,Dwell_Start,Button: StartTrainBCI,Dwell_Started
17:05:53.505,EyeTracking,TrainBCI,Dwell_Start,Button: StartTrainBCI,Dwell_Started
17:05:53.515,EyeTracking,TrainBCI,Dwell_Start,Button: StartTrainBCI,Dwell_Started
17:05:53.527,EyeTracking,TrainBCI,Dwell_Start,Button: StartTrainBCI,Dwell_Started
17:05:53.539,EyeTracking,TrainBCI,Dwell_Start,Button: StartTrainBCI,Dwell_Started
17:05:53.548,EyeTracking,TrainBCI,Dwell_Start,Button: StartTrainBCI,Dwell_Started
17:05:53.559,EyeTracking,TrainBCI,Dwell_Start,Button: StartTrainBCI,Dwell_Started
17:05:53.571,EyeTracking,TrainBCI,Dwell_Start,Button: StartTrainBCI,Dwell_Started
17:05:53.581,EyeTracking,TrainBCI,Dwell_Start,Button: StartTrainBCI,Dwell_Started
17:05:53.593,EyeTracking,TrainBCI,Dwell_Start,Button: StartTrainBCI,Dwell_Started
17:05:53.604,EyeTracking,TrainBCI,Dwell_Start,Button: StartTrainBCI,Dwell_Started
17:05:53.614,EyeTracking,TrainBCI,Dwell_Start,Button: StartTrainBCI,Dwell_Started
17:05:53.626,EyeTracking,TrainBCI,Dwell_Start,Button: StartTrainBCI,Dwell_Started
17:05:53.638,EyeTracking,TrainBCI,Dwell_Start,Button: StartTrainBCI,Dwell_Started
17:05:53.648,EyeTracking,TrainBCI,Dwell_Start,Button: StartTrainBCI,Dwell_Started
17:05:53.660,EyeTracking,TrainBCI,Dwell_Start,Button: StartTrainBCI,Dwell_Started
17:05:53.671,EyeTracking,TrainBCI,Dwell_Start,Button: StartTrainBCI,Dwell_Started
17:05:53.682,EyeTracking,TrainBCI,Dwell_Start,Button: StartTrainBCI,Dwell_Started
17:05:53.692,EyeTracking,TrainBCI,Dwell_Start,Button: StartTrainBCI,Dwell_Started
17:05:53.704,EyeTracking,TrainBCI,Dwell_Start,Button: StartTrainBCI,Dwell_Started
17:05:53.715,EyeTracking,TrainBCI,Dwell_Start,Button: StartTrainBCI,Dwell_Started
17:05:53.725,EyeTracking,TrainBCI,Dwell_Start,Button: StartTrainBCI,Dwell_Started
17:05:53.738,EyeTracking,TrainBCI,Dwell_Start,Button: StartTrainBCI,Dwell_Started
17:05:53.749,EyeTracking,TrainBCI,Dwell_Start,Button: StartTrainBCI,Dwell_Started
17:05:53.760,EyeTracking,TrainBCI,Dwell_Start,Button: StartTrainBCI,Dwell_Started
17:05:53.772,EyeTracking,TrainBCI,Dwell_Start,Button: StartTrainBCI,Dwell_Started
17:05:53.781,EyeTracking,TrainBCI,Dwell_Start,Button: StartTrainBCI,Dwell_Started
17:05:53.794,EyeTracking,TrainBCI,Dwell_Start,Button: StartTrainBCI,Dwell_Started
17:05:53.805,EyeTracking,TrainBCI,Dwell_Start,Button: StartTrainBCI,Dwell_Started
17:05:53.815,EyeTracking,TrainBCI,Dwell_Start,Button: StartTrainBCI,Dwell_Started
17:05:53.827,EyeTracking,TrainBCI,Dwell_Start,Button: StartTrainBCI,Dwell_Started
17:05:53.837,EyeTracking,TrainBCI,Dwell_Start,Button: StartTrainBCI,Dwell_Started
17:05:53.850,EyeTracking,TrainBCI,Dwell_Start,Button: StartTrainBCI,Dwell_Started
17:05:53.860,EyeTracking,TrainBCI,Dwell_Start,Button: StartTrainBCI,Dwell_Started
17:05:53.872,EyeTracking,TrainBCI,Dwell_Start,Button: StartTrainBCI,Dwell_Started
17:05:53.883,EyeTracking,TrainBCI,Dwell_Start,Button: StartTrainBCI,Dwell_Started
17:05:53.895,EyeTracking,TrainBCI,Hover_Exit,Button: StartTrainBCI,Hover_Exit
17:05:53.927,EyeTracking,TrainBCI,Hover_Enter,Button: StartTrainBCI,Hovering
17:05:53.927,EyeTracking,TrainBCI,Dwell_Start,Button: StartTrainBCI,Dwell_Started
17:05:53.938,EyeTracking,TrainBCI,Hover_Exit,Button: StartTrainBCI,Hover_Exit
17:05:53.994,EyeTracking,TrainBCI,Hover_Enter,Button: StartTrainBCI,Hovering
17:05:53.994,EyeTracking,TrainBCI,Dwell_Start,Button: StartTrainBCI,Dwell_Started
17:05:54.006,EyeTracking,TrainBCI,Dwell_Start,Button: StartTrainBCI,Dwell_Started
17:05:54.017,EyeTracking,TrainBCI,Hover_Exit,Button: StartTrainBCI,Hover_Exit
17:05:54.028,EyeTracking,TrainBCI,Hover_Enter,Button: StartTrainBCI,Hovering
17:05:54.028,EyeTracking,TrainBCI,Dwell_Start,Button: StartTrainBCI,Dwell_Started
17:05:54.038,EyeTracking,TrainBCI,Dwell_Start,Button: StartTrainBCI,Dwell_Started
17:05:54.050,EyeTracking,TrainBCI,Dwell_Start,Button: StartTrainBCI,Dwell_Started
17:05:54.060,EyeTracking,TrainBCI,Dwell_Start,Button: StartTrainBCI,Dwell_Started
17:05:54.071,EyeTracking,TrainBCI,Dwell_Start,Button: StartTrainBCI,Dwell_Started
17:05:54.083,EyeTracking,TrainBCI,Dwell_Start,Button: StartTrainBCI,Dwell_Started
17:05:54.095,EyeTracking,TrainBCI,Dwell_Start,Button: StartTrainBCI,Dwell_Started
17:05:54.106,EyeTracking,TrainBCI,Dwell_Start,Button: StartTrainBCI,Dwell_Started
17:05:54.115,EyeTracking,TrainBCI,Dwell_Start,Button: StartTrainBCI,Dwell_Started
17:05:54.127,EyeTracking,TrainBCI,Dwell_Start,Button: StartTrainBCI,Dwell_Started
17:05:54.139,EyeTracking,TrainBCI,Dwell_Start,Button: StartTrainBCI,Dwell_Started
17:05:54.150,EyeTracking,TrainBCI,Dwell_Start,Button: StartTrainBCI,Dwell_Started
17:05:54.162,EyeTracking,TrainBCI,Dwell_Start,Button: StartTrainBCI,Dwell_Started
17:05:54.172,EyeTracking,TrainBCI,Hover_Exit,Button: StartTrainBCI,Hover_Exit
17:05:54.295,EyeTracking,TrainBCI,Hover_Enter,Button: StartTrainBCI,Hovering
17:05:54.295,EyeTracking,TrainBCI,Dwell_Start,Button: StartTrainBCI,Dwell_Started
17:05:54.304,EyeTracking,TrainBCI,Dwell_Start,Button: StartTrainBCI,Dwell_Started
17:05:54.317,EyeTracking,TrainBCI,Dwell_Start,Button: StartTrainBCI,Dwell_Started
17:05:54.327,EyeTracking,TrainBCI,Dwell_Start,Button: StartTrainBCI,Dwell_Started
17:05:54.338,EyeTracking,TrainBCI,Dwell_Start,Button: StartTrainBCI,Dwell_Started
17:05:54.350,EyeTracking,TrainBCI,Dwell_Start,Button: StartTrainBCI,Dwell_Started
17:05:54.361,EyeTracking,TrainBCI,Dwell_Start,Button: StartTrainBCI,Dwell_Started
17:05:54.373,EyeTracking,TrainBCI,Dwell_Start,Button: StartTrainBCI,Dwell_Started
17:05:54.384,EyeTracking,TrainBCI,Dwell_Start,Button: StartTrainBCI,Dwell_Started
17:05:54.394,EyeTracking,TrainBCI,Dwell_Start,Button: StartTrainBCI,Dwell_Started
17:05:54.406,EyeTracking,TrainBCI,Dwell_Start,Button: StartTrainBCI,Dwell_Started
17:05:54.417,EyeTracking,TrainBCI,Dwell_Start,Button: StartTrainBCI,Dwell_Started
17:05:54.428,EyeTracking,TrainBCI,Dwell_Start,Button: StartTrainBCI,Dwell_Started
17:05:54.439,EyeTracking,TrainBCI,Dwell_Start,Button: StartTrainBCI,Dwell_Started
17:05:54.449,EyeTracking,TrainBCI,Dwell_Start,Button: StartTrainBCI,Dwell_Started
17:05:54.460,EyeTracking,TrainBCI,Dwell_Start,Button: StartTrainBCI,Dwell_Started
17:05:54.471,EyeTracking,TrainBCI,Dwell_Start,Button: StartTrainBCI,Dwell_Started
17:05:54.484,EyeTracking,TrainBCI,Dwell_Start,Button: StartTrainBCI,Dwell_Started
17:05:54.494,EyeTracking,TrainBCI,Dwell_Start,Button: StartTrainBCI,Dwell_Started
17:05:54.504,EyeTracking,TrainBCI,Dwell_Start,Button: StartTrainBCI,Dwell_Started
17:05:54.516,EyeTracking,TrainBCI,Dwell_Start,Button: StartTrainBCI,Dwell_Started
17:05:54.528,EyeTracking,TrainBCI,Dwell_Start,Button: StartTrainBCI,Dwell_Started
17:05:54.538,EyeTracking,TrainBCI,Hover_Exit,Button: StartTrainBCI,Hover_Exit
17:05:55.716,EyeTracking,TrainBCI,Hover_Enter,Button: StartTrainBCI,Hovering
17:05:55.716,EyeTracking,TrainBCI,Dwell_Start,Button: StartTrainBCI,Dwell_Started
17:05:55.726,EyeTracking,TrainBCI,Hover_Exit,Button: StartTrainBCI,Hover_Exit
17:05:55.759,EyeTracking,TrainBCI,Hover_Enter,Button: StartTrainBCI,Hovering
17:05:55.759,EyeTracking,TrainBCI,Dwell_Start,Button: StartTrainBCI,Dwell_Started
17:05:55.772,EyeTracking,TrainBCI,Dwell_Start,Button: StartTrainBCI,Dwell_Started
17:05:55.783,EyeTracking,TrainBCI,Hover_Exit,Button: StartTrainBCI,Hover_Exit
17:05:55.860,EyeTracking,TrainBCI,Hover_Enter,Button: StartTrainBCI,Hovering
17:05:55.860,EyeTracking,TrainBCI,Dwell_Start,Button: StartTrainBCI,Dwell_Started
17:05:55.871,EyeTracking,TrainBCI,Dwell_Start,Button: StartTrainBCI,Dwell_Started
17:05:55.881,EyeTracking,TrainBCI,Dwell_Start,Button: StartTrainBCI,Dwell_Started
17:05:55.894,EyeTracking,TrainBCI,Dwell_Start,Button: StartTrainBCI,Dwell_Started
17:05:55.907,EyeTracking,TrainBCI,Dwell_Start,Button: StartTrainBCI,Dwell_Started
17:05:55.916,EyeTracking,TrainBCI,Dwell_Start,Button: StartTrainBCI,Dwell_Started
17:05:55.924,EyeTracking,TrainBCI,Dwell_Start,Button: StartTrainBCI,Dwell_Started
17:05:55.936,EyeTracking,TrainBCI,Dwell_Start,Button: StartTrainBCI,Dwell_Started
17:05:55.947,EyeTracking,TrainBCI,Dwell_Start,Button: StartTrainBCI,Dwell_Started
17:05:55.959,EyeTracking,TrainBCI,Dwell_Start,Button: StartTrainBCI,Dwell_Started
17:05:55.970,EyeTracking,TrainBCI,Dwell_Start,Button: StartTrainBCI,Dwell_Started
17:05:55.981,EyeTracking,TrainBCI,Dwell_Start,Button: StartTrainBCI,Dwell_Started
17:05:55.991,EyeTracking,TrainBCI,Dwell_Start,Button: StartTrainBCI,Dwell_Started
17:05:56.004,EyeTracking,TrainBCI,Dwell_Start,Button: StartTrainBCI,Dwell_Started
17:05:56.013,EyeTracking,TrainBCI,Dwell_Start,Button: StartTrainBCI,Dwell_Started
17:05:56.025,EyeTracking,TrainBCI,Dwell_Start,Button: StartTrainBCI,Dwell_Started
17:05:56.036,EyeTracking,TrainBCI,Dwell_Start,Button: StartTrainBCI,Dwell_Started
17:05:56.048,EyeTracking,TrainBCI,Dwell_Start,Button: StartTrainBCI,Dwell_Started
17:05:56.058,EyeTracking,TrainBCI,Dwell_Start,Button: StartTrainBCI,Dwell_Started
17:05:56.069,EyeTracking,TrainBCI,Dwell_Start,Button: StartTrainBCI,Dwell_Started
17:05:56.080,EyeTracking,TrainBCI,Dwell_Start,Button: StartTrainBCI,Dwell_Started
17:05:56.092,EyeTracking,TrainBCI,Dwell_Start,Button: StartTrainBCI,Dwell_Started
17:05:56.104,EyeTracking,TrainBCI,Dwell_Start,Button: StartTrainBCI,Dwell_Started
17:05:56.114,EyeTracking,TrainBCI,Dwell_Start,Button: StartTrainBCI,Dwell_Started
17:05:56.125,EyeTracking,TrainBCI,Dwell_Start,Button: StartTrainBCI,Dwell_Started
17:05:56.137,EyeTracking,TrainBCI,Dwell_Start,Button: StartTrainBCI,Dwell_Started
17:05:56.147,EyeTracking,TrainBCI,Dwell_Start,Button: StartTrainBCI,Dwell_Started
17:05:56.158,EyeTracking,TrainBCI,Dwell_Start,Button: StartTrainBCI,Dwell_Started
17:05:56.170,EyeTracking,TrainBCI,Dwell_Start,Button: StartTrainBCI,Dwell_Started
17:05:56.181,EyeTracking,TrainBCI,Dwell_Start,Button: StartTrainBCI,Dwell_Started
17:05:56.192,EyeTracking,TrainBCI,Dwell_Start,Button: StartTrainBCI,Dwell_Started
17:05:56.204,EyeTracking,TrainBCI,Dwell_Start,Button: StartTrainBCI,Dwell_Started
17:05:56.214,EyeTracking,TrainBCI,Dwell_Start,Button: StartTrainBCI,Dwell_Started
17:05:56.225,EyeTracking,TrainBCI,Dwell_Start,Button: StartTrainBCI,Dwell_Started
17:05:56.236,EyeTracking,TrainBCI,Dwell_Start,Button: StartTrainBCI,Dwell_Started
17:05:56.248,EyeTracking,TrainBCI,Dwell_Start,Button: StartTrainBCI,Dwell_Started
17:05:56.258,EyeTracking,TrainBCI,Dwell_Start,Button: StartTrainBCI,Dwell_Started
17:05:56.269,EyeTracking,TrainBCI,Dwell_Start,Button: StartTrainBCI,Dwell_Started
17:05:56.280,EyeTracking,TrainBCI,Dwell_Start,Button: StartTrainBCI,Dwell_Started
17:05:56.292,EyeTracking,TrainBCI,Dwell_Start,Button: StartTrainBCI,Dwell_Started
17:05:56.303,EyeTracking,TrainBCI,Dwell_Start,Button: StartTrainBCI,Dwell_Started
17:05:56.314,EyeTracking,TrainBCI,Dwell_Start,Button: StartTrainBCI,Dwell_Started
17:05:56.326,EyeTracking,TrainBCI,Dwell_Start,Button: StartTrainBCI,Dwell_Started
17:05:56.337,EyeTracking,TrainBCI,Hover_Exit,Button: StartTrainBCI,Hover_Exit
17:05:56.516,EyeTracking,TrainBCI,Hover_Enter,Button: StartTrainBCI,Hovering
17:05:56.516,EyeTracking,TrainBCI,Dwell_Start,Button: StartTrainBCI,Dwell_Started
17:05:56.526,EyeTracking,TrainBCI,Dwell_Start,Button: StartTrainBCI,Dwell_Started
17:05:56.537,EyeTracking,TrainBCI,Dwell_Start,Button: StartTrainBCI,Dwell_Started
17:05:56.548,EyeTracking,TrainBCI,Dwell_Start,Button: StartTrainBCI,Dwell_Started
17:05:56.560,EyeTracking,TrainBCI,Dwell_Start,Button: StartTrainBCI,Dwell_Started
17:05:56.571,EyeTracking,TrainBCI,Dwell_Start,Button: StartTrainBCI,Dwell_Started
17:05:56.581,EyeTracking,TrainBCI,Dwell_Start,Button: StartTrainBCI,Dwell_Started
17:05:56.592,EyeTracking,TrainBCI,Dwell_Start,Button: StartTrainBCI,Dwell_Started
17:05:56.604,EyeTracking,TrainBCI,Dwell_Start,Button: StartTrainBCI,Dwell_Started
17:05:56.615,EyeTracking,TrainBCI,Dwell_Start,Button: StartTrainBCI,Dwell_Started
17:05:56.626,EyeTracking,TrainBCI,Dwell_Start,Button: StartTrainBCI,Dwell_Started
17:05:56.637,EyeTracking,TrainBCI,Hover_Exit,Button: StartTrainBCI,Hover_Exit
17:05:56.693,EyeTracking,TrainBCI,Hover_Enter,Button: StartTrainBCI,Hovering
17:05:56.693,EyeTracking,TrainBCI,Dwell_Start,Button: StartTrainBCI,Dwell_Started
17:05:56.704,EyeTracking,TrainBCI,Hover_Exit,Button: StartTrainBCI,Hover_Exit
17:05:56.737,EyeTracking,TrainBCI,Hover_Enter,Button: StartTrainBCI,Hovering
17:05:56.737,EyeTracking,TrainBCI,Dwell_Start,Button: StartTrainBCI,Dwell_Started
17:05:56.747,EyeTracking,TrainBCI,Dwell_Start,Button: StartTrainBCI,Dwell_Started
17:05:56.759,EyeTracking,TrainBCI,Dwell_Start,Button: StartTrainBCI,Dwell_Started
17:05:56.771,EyeTracking,TrainBCI,Dwell_Start,Button: StartTrainBCI,Dwell_Started
17:05:56.781,EyeTracking,TrainBCI,Dwell_Start,Button: StartTrainBCI,Dwell_Started
17:05:56.793,EyeTracking,TrainBCI,Dwell_Start,Button: StartTrainBCI,Dwell_Started
17:05:56.804,EyeTracking,TrainBCI,Dwell_Start,Button: StartTrainBCI,Dwell_Started
17:05:56.814,EyeTracking,TrainBCI,Dwell_Start,Button: StartTrainBCI,Dwell_Started
17:05:56.826,EyeTracking,TrainBCI,Dwell_Start,Button: StartTrainBCI,Dwell_Started
17:05:56.836,EyeTracking,TrainBCI,Dwell_Start,Button: StartTrainBCI,Dwell_Started
17:05:56.849,EyeTracking,TrainBCI,Dwell_Start,Button: StartTrainBCI,Dwell_Started
17:05:56.860,EyeTracking,TrainBCI,Hover_Exit,Button: StartTrainBCI,Hover_Exit
17:05:57.114,EyeTracking,TrainBCI,Hover_Enter,Button: StartTrainBCI,Hovering
17:05:57.114,EyeTracking,TrainBCI,Dwell_Start,Button: StartTrainBCI,Dwell_Started
17:05:57.127,EyeTracking,TrainBCI,Hover_Exit,Button: StartTrainBCI,Hover_Exit
17:05:58.548,EyeTracking,TrainBCI,Hover_Enter,Button: StartTrainBCI,Hovering
17:05:58.548,EyeTracking,TrainBCI,Dwell_Start,Button: StartTrainBCI,Dwell_Started
17:05:58.558,EyeTracking,TrainBCI,Dwell_Start,Button: StartTrainBCI,Dwell_Started
17:05:58.570,EyeTracking,TrainBCI,Dwell_Start,Button: StartTrainBCI,Dwell_Started
17:05:58.580,EyeTracking,TrainBCI,Hover_Exit,Button: StartTrainBCI,Hover_Exit
17:05:58.625,EyeTracking,TrainBCI,Hover_Enter,Button: StartTrainBCI,Hovering
17:05:58.625,EyeTracking,TrainBCI,Dwell_Start,Button: StartTrainBCI,Dwell_Started
17:05:58.636,EyeTracking,TrainBCI,Dwell_Start,Button: StartTrainBCI,Dwell_Started
17:05:58.647,EyeTracking,TrainBCI,Dwell_Start,Button: StartTrainBCI,Dwell_Started
17:05:58.659,EyeTracking,TrainBCI,Dwell_Start,Button: StartTrainBCI,Dwell_Started
17:05:58.670,EyeTracking,TrainBCI,Dwell_Start,Button: StartTrainBCI,Dwell_Started
17:05:58.680,EyeTracking,TrainBCI,Dwell_Start,Button: StartTrainBCI,Dwell_Started
17:05:58.691,EyeTracking,TrainBCI,Dwell_Start,Button: StartTrainBCI,Dwell_Started
17:05:58.703,EyeTracking,TrainBCI,Dwell_Start,Button: StartTrainBCI,Dwell_Started
17:05:58.714,EyeTracking,TrainBCI,Dwell_Start,Button: StartTrainBCI,Dwell_Started
17:05:58.726,EyeTracking,TrainBCI,Dwell_Start,Button: StartTrainBCI,Dwell_Started
17:05:58.736,EyeTracking,TrainBCI,Dwell_Start,Button: StartTrainBCI,Dwell_Started
17:05:58.747,EyeTracking,TrainBCI,Dwell_Start,Button: StartTrainBCI,Dwell_Started
17:05:58.764,EyeTracking,TrainBCI,Dwell_Start,Button: StartTrainBCI,Dwell_Started
17:05:58.778,EyeTracking,TrainBCI,Dwell_Start,Button: StartTrainBCI,Dwell_Started
17:05:58.792,EyeTracking,TrainBCI,Dwell_Start,Button: StartTrainBCI,Dwell_Started
17:05:58.802,EyeTracking,TrainBCI,Dwell_Start,Button: StartTrainBCI,Dwell_Started
17:05:58.813,EyeTracking,TrainBCI,Dwell_Start,Button: StartTrainBCI,Dwell_Started
17:05:58.824,EyeTracking,TrainBCI,Dwell_Start,Button: StartTrainBCI,Dwell_Started
17:05:58.835,EyeTracking,TrainBCI,Dwell_Start,Button: StartTrainBCI,Dwell_Started
17:05:58.845,EyeTracking,TrainBCI,Dwell_Start,Button: StartTrainBCI,Dwell_Started
17:05:58.857,EyeTracking,TrainBCI,Dwell_Start,Button: StartTrainBCI,Dwell_Started
17:05:58.868,EyeTracking,TrainBCI,Dwell_Start,Button: StartTrainBCI,Dwell_Started
17:05:58.878,EyeTracking,TrainBCI,Dwell_Start,Button: StartTrainBCI,Dwell_Started
17:05:58.890,EyeTracking,TrainBCI,Dwell_Start,Button: StartTrainBCI,Dwell_Started
17:05:58.900,EyeTracking,TrainBCI,Dwell_Start,Button: StartTrainBCI,Dwell_Started
17:05:58.912,EyeTracking,TrainBCI,Dwell_Start,Button: StartTrainBCI,Dwell_Started
17:05:58.924,EyeTracking,TrainBCI,Dwell_Start,Button: StartTrainBCI,Dwell_Started
17:05:58.934,EyeTracking,TrainBCI,Dwell_Start,Button: StartTrainBCI,Dwell_Started
17:05:58.945,EyeTracking,TrainBCI,Dwell_Start,Button: StartTrainBCI,Dwell_Started
17:05:58.956,EyeTracking,TrainBCI,Dwell_Start,Button: StartTrainBCI,Dwell_Started
17:05:58.968,EyeTracking,TrainBCI,Dwell_Start,Button: StartTrainBCI,Dwell_Started
17:05:58.980,EyeTracking,TrainBCI,Dwell_Start,Button: StartTrainBCI,Dwell_Started
17:05:58.990,EyeTracking,TrainBCI,Dwell_Start,Button: StartTrainBCI,Dwell_Started
17:05:59.001,EyeTracking,TrainBCI,Dwell_Start,Button: StartTrainBCI,Dwell_Started
17:05:59.012,EyeTracking,TrainBCI,Dwell_Start,Button: StartTrainBCI,Dwell_Started
17:05:59.024,EyeTracking,TrainBCI,Dwell_Start,Button: StartTrainBCI,Dwell_Started
17:05:59.035,EyeTracking,TrainBCI,Dwell_Start,Button: StartTrainBCI,Dwell_Started
17:05:59.045,EyeTracking,TrainBCI,Dwell_Start,Button: StartTrainBCI,Dwell_Started
17:05:59.057,EyeTracking,TrainBCI,Dwell_Start,Button: StartTrainBCI,Dwell_Started
17:05:59.068,EyeTracking,TrainBCI,Dwell_Start,Button: StartTrainBCI,Dwell_Started
17:05:59.078,EyeTracking,TrainBCI,Dwell_Start,Button: StartTrainBCI,Dwell_Started
17:05:59.090,EyeTracking,TrainBCI,Dwell_Start,Button: StartTrainBCI,Dwell_Started
17:05:59.102,EyeTracking,TrainBCI,Dwell_Start,Button: StartTrainBCI,Dwell_Started
17:05:59.112,EyeTracking,TrainBCI,Dwell_Start,Button: StartTrainBCI,Dwell_Started
17:05:59.124,EyeTracking,TrainBCI,Dwell_Start,Button: StartTrainBCI,Dwell_Started
17:05:59.136,EyeTracking,TrainBCI,Dwell_Start,Button: StartTrainBCI,Dwell_Started
17:05:59.146,EyeTracking,TrainBCI,Dwell_Start,Button: StartTrainBCI,Dwell_Started
17:05:59.157,EyeTracking,TrainBCI,Dwell_Start,Button: StartTrainBCI,Dwell_Started
17:05:59.169,EyeTracking,TrainBCI,Dwell_Start,Button: StartTrainBCI,Dwell_Started
17:05:59.180,EyeTracking,TrainBCI,Dwell_Start,Button: StartTrainBCI,Dwell_Started
17:05:59.190,EyeTracking,TrainBCI,Dwell_Start,Button: StartTrainBCI,Dwell_Started
17:05:59.201,EyeTracking,TrainBCI,Dwell_Start,Button: StartTrainBCI,Dwell_Started
17:05:59.214,EyeTracking,TrainBCI,Dwell_Start,Button: StartTrainBCI,Dwell_Started
17:05:59.224,EyeTracking,TrainBCI,Dwell_Start,Button: StartTrainBCI,Dwell_Started
17:05:59.236,EyeTracking,TrainBCI,Dwell_Start,Button: StartTrainBCI,Dwell_Started
17:05:59.247,EyeTracking,TrainBCI,Dwell_Start,Button: StartTrainBCI,Dwell_Started
17:05:59.258,EyeTracking,TrainBCI,Dwell_Start,Button: StartTrainBCI,Dwell_Started
17:05:59.269,EyeTracking,TrainBCI,Dwell_Start,Button: StartTrainBCI,Dwell_Started
17:05:59.280,EyeTracking,TrainBCI,Dwell_Start,Button: StartTrainBCI,Dwell_Started
17:05:59.290,EyeTracking,TrainBCI,Dwell_Start,Button: StartTrainBCI,Dwell_Started
17:05:59.301,EyeTracking,TrainBCI,Dwell_Start,Button: StartTrainBCI,Dwell_Started
17:05:59.314,EyeTracking,TrainBCI,Dwell_Start,Button: StartTrainBCI,Dwell_Started
17:05:59.324,EyeTracking,TrainBCI,Dwell_Start,Button: StartTrainBCI,Dwell_Started
17:05:59.336,EyeTracking,TrainBCI,Dwell_Start,Button: StartTrainBCI,Dwell_Started
17:05:59.346,EyeTracking,TrainBCI,Dwell_Start,Button: StartTrainBCI,Dwell_Started
17:05:59.358,EyeTracking,TrainBCI,Dwell_Start,Button: StartTrainBCI,Dwell_Started
17:05:59.371,EyeTracking,TrainBCI,Dwell_Start,Button: StartTrainBCI,Dwell_Started
17:05:59.380,EyeTracking,TrainBCI,Dwell_Start,Button: StartTrainBCI,Dwell_Started
17:05:59.391,EyeTracking,TrainBCI,Dwell_Start,Button: StartTrainBCI,Dwell_Started
17:05:59.404,EyeTracking,TrainBCI,Dwell_Start,Button: StartTrainBCI,Dwell_Started
17:05:59.414,EyeTracking,TrainBCI,Dwell_Start,Button: StartTrainBCI,Dwell_Started
17:05:59.424,EyeTracking,TrainBCI,Dwell_Start,Button: StartTrainBCI,Dwell_Started
17:05:59.436,EyeTracking,TrainBCI,Dwell_Start,Button: StartTrainBCI,Dwell_Started
17:05:59.448,EyeTracking,TrainBCI,Dwell_Start,Button: StartTrainBCI,Dwell_Started
17:05:59.458,EyeTracking,TrainBCI,Dwell_Start,Button: StartTrainBCI,Dwell_Started
17:05:59.469,EyeTracking,TrainBCI,Dwell_Start,Button: StartTrainBCI,Dwell_Started
17:05:59.481,EyeTracking,TrainBCI,Dwell_Start,Button: StartTrainBCI,Dwell_Started
17:05:59.491,EyeTracking,TrainBCI,Dwell_Start,Button: StartTrainBCI,Dwell_Started
17:05:59.502,EyeTracking,TrainBCI,Dwell_Start,Button: StartTrainBCI,Dwell_Started
17:05:59.513,EyeTracking,TrainBCI,Dwell_Start,Button: StartTrainBCI,Dwell_Started
17:05:59.524,EyeTracking,TrainBCI,Dwell_Start,Button: StartTrainBCI,Dwell_Started
17:05:59.537,EyeTracking,TrainBCI,Dwell_Start,Button: StartTrainBCI,Dwell_Started
17:05:59.549,EyeTracking,TrainBCI,Dwell_Start,Button: StartTrainBCI,Dwell_Started
17:05:59.558,EyeTracking,TrainBCI,Dwell_Start,Button: StartTrainBCI,Dwell_Started
17:05:59.569,EyeTracking,TrainBCI,Dwell_Start,Button: StartTrainBCI,Dwell_Started
17:05:59.580,EyeTracking,TrainBCI,Dwell_Start,Button: StartTrainBCI,Dwell_Started
17:05:59.590,EyeTracking,TrainBCI,Dwell_Start,Button: StartTrainBCI,Dwell_Started
17:05:59.604,EyeTracking,TrainBCI,Dwell_Start,Button: StartTrainBCI,Dwell_Started
17:05:59.614,EyeTracking,TrainBCI,Dwell_Start,Button: StartTrainBCI,Dwell_Started
17:05:59.625,EyeTracking,TrainBCI,Dwell_Start,Button: StartTrainBCI,Dwell_Started
17:05:59.637,EyeTracking,TrainBCI,Dwell_Start,Button: StartTrainBCI,Dwell_Started
17:05:59.648,EyeTracking,TrainBCI,Dwell_Start,Button: StartTrainBCI,Dwell_Started
17:05:59.657,EyeTracking,TrainBCI,Dwell_Start,Button: StartTrainBCI,Dwell_Started
17:05:59.669,EyeTracking,TrainBCI,Dwell_Start,Button: StartTrainBCI,Dwell_Started
17:05:59.679,EyeTracking,TrainBCI,Dwell_Start,Button: StartTrainBCI,Dwell_Started
17:05:59.692,EyeTracking,TrainBCI,Dwell_Start,Button: StartTrainBCI,Dwell_Started
17:05:59.702,EyeTracking,TrainBCI,Dwell_Start,Button: StartTrainBCI,Dwell_Started
17:05:59.714,EyeTracking,TrainBCI,Dwell_Start,Button: StartTrainBCI,Dwell_Started
17:05:59.724,EyeTracking,TrainBCI,Dwell_Start,Button: StartTrainBCI,Dwell_Started
17:05:59.736,EyeTracking,TrainBCI,Dwell_Start,Button: StartTrainBCI,Dwell_Started
17:05:59.748,EyeTracking,TrainBCI,Dwell_Start,Button: StartTrainBCI,Dwell_Started
17:05:59.757,EyeTracking,TrainBCI,Dwell_Start,Button: StartTrainBCI,Dwell_Started
17:05:59.769,EyeTracking,TrainBCI,Dwell_Start,Button: StartTrainBCI,Dwell_Started
17:05:59.780,EyeTracking,TrainBCI,Dwell_Start,Button: StartTrainBCI,Dwell_Started
17:05:59.791,EyeTracking,TrainBCI,Dwell_Start,Button: StartTrainBCI,Dwell_Started
17:05:59.803,EyeTracking,TrainBCI,Dwell_Start,Button: StartTrainBCI,Dwell_Started
17:05:59.814,EyeTracking,TrainBCI,Dwell_Start,Button: StartTrainBCI,Dwell_Started
17:05:59.824,EyeTracking,TrainBCI,Dwell_Start,Button: StartTrainBCI,Dwell_Started
17:05:59.835,EyeTracking,TrainBCI,Dwell_Start,Button: StartTrainBCI,Dwell_Started
17:05:59.847,EyeTracking,TrainBCI,Dwell_Start,Button: StartTrainBCI,Dwell_Started
17:05:59.859,EyeTracking,TrainBCI,Dwell_Start,Button: StartTrainBCI,Dwell_Started
17:05:59.869,EyeTracking,TrainBCI,Dwell_Start,Button: StartTrainBCI,Dwell_Started
17:05:59.879,EyeTracking,TrainBCI,Dwell_Start,Button: StartTrainBCI,Dwell_Started
17:05:59.891,EyeTracking,TrainBCI,Dwell_Start,Button: StartTrainBCI,Dwell_Started
17:05:59.902,EyeTracking,TrainBCI,Dwell_Start,Button: StartTrainBCI,Dwell_Started
17:05:59.913,EyeTracking,TrainBCI,Dwell_Start,Button: StartTrainBCI,Dwell_Started
17:05:59.924,EyeTracking,TrainBCI,Dwell_Start,Button: StartTrainBCI,Dwell_Started
17:05:59.936,EyeTracking,TrainBCI,Dwell_Start,Button: StartTrainBCI,Dwell_Started
17:05:59.946,EyeTracking,TrainBCI,Dwell_Start,Button: StartTrainBCI,Dwell_Started
17:05:59.957,EyeTracking,TrainBCI,Dwell_Start,Button: StartTrainBCI,Dwell_Started
17:05:59.968,EyeTracking,TrainBCI,Dwell_Start,Button: StartTrainBCI,Dwell_Started
17:05:59.980,EyeTracking,TrainBCI,Dwell_Start,Button: StartTrainBCI,Dwell_Started
17:05:59.991,EyeTracking,TrainBCI,Dwell_Start,Button: StartTrainBCI,Dwell_Started
17:06:00.003,EyeTracking,TrainBCI,Dwell_Start,Button: StartTrainBCI,Dwell_Started
17:06:00.013,EyeTracking,TrainBCI,Dwell_Start,Button: StartTrainBCI,Dwell_Started
17:06:00.023,EyeTracking,TrainBCI,Dwell_Start,Button: StartTrainBCI,Dwell_Started
17:06:00.036,EyeTracking,TrainBCI,Dwell_Start,Button: StartTrainBCI,Dwell_Started
17:06:00.045,EyeTracking,TrainBCI,Dwell_Start,Button: StartTrainBCI,Dwell_Started
17:06:00.057,EyeTracking,TrainBCI,Dwell_Start,Button: StartTrainBCI,Dwell_Started
17:06:00.069,EyeTracking,TrainBCI,Dwell_Start,Button: StartTrainBCI,Dwell_Started
17:06:00.080,EyeTracking,TrainBCI,Dwell_Start,Button: StartTrainBCI,Dwell_Started
17:06:00.091,EyeTracking,TrainBCI,Dwell_Start,Button: StartTrainBCI,Dwell_Started
17:06:00.104,EyeTracking,TrainBCI,Dwell_Start,Button: StartTrainBCI,Dwell_Started
17:06:00.113,EyeTracking,TrainBCI,Dwell_Start,Button: StartTrainBCI,Dwell_Started
17:06:00.125,EyeTracking,TrainBCI,Dwell_Start,Button: StartTrainBCI,Dwell_Started
17:06:00.125,EyeTracking,TrainBCI,Dwell_Complete,Button: StartTrainBCI,Dwelling_Completed
17:06:00.125,EyeTracking,TrainBCI,Flicker_Start,StartTrainBCI,Flicker_Start
17:06:02.135,EyeTracking,TrainBCI,Flicker_End,Button: StartTrainBCI,Flicker_End
17:06:02.135,EyeTracking,TrainBCI,Action_Executed,Button: StartTrainBCI; Action: ButtonAction,Execution_Proceeding
17:06:02.135,EyeTracking,TrainBCI,Training_Active_Door1_Start,Door_Single,Training_Active_Door1_Start
17:06:02.146,EyeTracking,TrainBCI,Dwell_Start,Object: Door_Single,Dwell_Started
17:06:03.643,EyeTracking,TrainBCI,Dwell_Complete,Object: Door_Single,Dwelling_Completed
17:06:03.643,EyeTracking,TrainBCI,Flicker_Start,Object: Door_Single; Hz: 15,Flickering_Start
17:06:05.644,EyeTracking,TrainBCI,Flicker_End,Object: Door_Single,Flickering_Completed
17:06:05.644,EyeTracking,TrainBCI,Action_Executed,Object: Door_Single; Action: DoorSwitch,Execution_Proceeding
17:06:06.142,EyeTracking,TrainBCI,Training_Active_Door1_End,Door_Single,Training_Active_Door1_End
17:06:06.643,EyeTracking,TrainBCI,Training_Imagery_Door1_Start,Door_Single,Training_Imagery_Door1_Start
17:06:10.651,EyeTracking,TrainBCI,Training_Imagery_Door1_End,Door_Single,Training_Imagery_Door1_End
17:06:10.651,EyeTracking,TrainBCI,Training_Active_Door1_Start,Door_Single,Training_Active_Door1_Start
17:06:11.125,EyeTracking,TrainBCI,Dwell_Start,Object: Door_Single,Dwell_Started
17:06:12.617,EyeTracking,TrainBCI,Dwell_Complete,Object: Door_Single,Dwelling_Completed
17:06:12.617,EyeTracking,TrainBCI,Flicker_Start,Object: Door_Single; Hz: 15,Flickering_Start
17:06:13.539,EyeTracking,TrainBCI,Gaze_Stop,Object: Door_Single,Hover_Exit
17:06:13.551,EyeTracking,TrainBCI,Dwell_Start,Object: Door_Single,Dwell_Started
17:06:14.630,EyeTracking,TrainBCI,Flicker_End,Object: Door_Single,Flickering_Completed
17:06:14.630,EyeTracking,TrainBCI,Action_Executed,Object: Door_Single; Action: DoorSwitch,Execution_Proceeding
17:06:14.660,EyeTracking,TrainBCI,Training_Active_Door1_End,Door_Single,Training_Active_Door1_End
17:06:15.172,EyeTracking,TrainBCI,Training_Imagery_Door1_Start,Door_Single,Training_Imagery_Door1_Start
17:06:19.181,EyeTracking,TrainBCI,Training_Imagery_Door1_End,Door_Single,Training_Imagery_Door1_End
17:06:19.181,EyeTracking,TrainBCI,Training_Active_Door1_Start,Door_Single,Training_Active_Door1_Start
17:06:20.336,EyeTracking,TrainBCI,Dwell_Start,Object: Door_Single,Dwell_Started
17:06:21.834,EyeTracking,TrainBCI,Dwell_Complete,Object: Door_Single,Dwelling_Completed
17:06:21.834,EyeTracking,TrainBCI,Flicker_Start,Object: Door_Single; Hz: 15,Flickering_Start
17:06:22.167,EyeTracking,TrainBCI,Gaze_Stop,Object: Door_Single,Hover_Exit
17:06:22.690,EyeTracking,TrainBCI,Dwell_Start,Object: Door_Single,Dwell_Started
17:06:23.190,EyeTracking,TrainBCI,Training_Active_Door1_End,Door_Single,Training_Active_Door1_End
17:06:23.700,EyeTracking,TrainBCI,Training_Imagery_Door1_Start,Door_Single,Training_Imagery_Door1_Start
17:06:27.710,EyeTracking,TrainBCI,Training_Imagery_Door1_End,Door_Single,Training_Imagery_Door1_End
17:06:27.710,EyeTracking,TrainBCI,Training_Active_Door1_Start,Door_Single,Training_Active_Door1_Start
17:06:27.721,EyeTracking,TrainBCI,Dwell_Start,Object: Door_Single,Dwell_Started
17:06:29.211,EyeTracking,TrainBCI,Dwell_Complete,Object: Door_Single,Dwelling_Completed
17:06:29.211,EyeTracking,TrainBCI,Flicker_Start,Object: Door_Single; Hz: 15,Flickering_Start
17:06:31.213,EyeTracking,TrainBCI,Flicker_End,Object: Door_Single,Flickering_Completed
17:06:31.213,EyeTracking,TrainBCI,Action_Executed,Object: Door_Single; Action: DoorSwitch,Execution_Proceeding
17:06:31.719,EyeTracking,TrainBCI,Training_Active_Door1_End,Door_Single,Training_Active_Door1_End
17:06:32.229,EyeTracking,TrainBCI,Training_Imagery_Door1_Start,Door_Single,Training_Imagery_Door1_Start
17:06:36.238,EyeTracking,TrainBCI,Training_Imagery_Door1_End,Door_Single,Training_Imagery_Door1_End
17:06:36.238,EyeTracking,TrainBCI,Training_Active_Door1_Start,Door_Single,Training_Active_Door1_Start
17:06:36.249,EyeTracking,TrainBCI,Dwell_Start,Object: Door_Single,Dwell_Started
17:06:37.750,EyeTracking,TrainBCI,Dwell_Complete,Object: Door_Single,Dwelling_Completed
17:06:37.750,EyeTracking,TrainBCI,Flicker_Start,Object: Door_Single; Hz: 15,Flickering_Start
17:06:39.759,EyeTracking,TrainBCI,Flicker_End,Object: Door_Single,Flickering_Completed
17:06:39.759,EyeTracking,TrainBCI,Action_Executed,Object: Door_Single; Action: DoorSwitch,Execution_Proceeding
17:06:40.249,EyeTracking,TrainBCI,Training_Active_Door1_End,Door_Single,Training_Active_Door1_End
17:06:40.758,EyeTracking,TrainBCI,Training_Imagery_Door1_Start,Door_Single,Training_Imagery_Door1_Start
17:06:44.767,EyeTracking,TrainBCI,Training_Imagery_Door1_End,Door_Single,Training_Imagery_Door1_End
17:06:44.767,EyeTracking,TrainBCI,Training_Active_Door1_Start,Door_Single,Training_Active_Door1_Start
17:06:44.778,EyeTracking,TrainBCI,Dwell_Start,Object: Door_Single,Dwell_Started
17:06:46.277,EyeTracking,TrainBCI,Dwell_Complete,Object: Door_Single,Dwelling_Completed
17:06:46.277,EyeTracking,TrainBCI,Flicker_Start,Object: Door_Single; Hz: 15,Flickering_Start
17:06:48.288,EyeTracking,TrainBCI,Flicker_End,Object: Door_Single,Flickering_Completed
17:06:48.288,EyeTracking,TrainBCI,Action_Executed,Object: Door_Single; Action: DoorSwitch,Execution_Proceeding
17:06:48.776,EyeTracking,TrainBCI,Training_Active_Door1_End,Door_Single,Training_Active_Door1_End
17:06:49.289,EyeTracking,TrainBCI,Training_Imagery_Door1_Start,Door_Single,Training_Imagery_Door1_Start
17:06:53.296,EyeTracking,TrainBCI,Training_Imagery_Door1_End,Door_Single,Training_Imagery_Door1_End
17:06:53.296,EyeTracking,TrainBCI,Training_Active_Door1_Start,Door_Single,Training_Active_Door1_Start
17:06:53.308,EyeTracking,TrainBCI,Dwell_Start,Object: Door_Single,Dwell_Started
17:06:54.806,EyeTracking,TrainBCI,Dwell_Complete,Object: Door_Single,Dwelling_Completed
17:06:54.806,EyeTracking,TrainBCI,Flicker_Start,Object: Door_Single; Hz: 15,Flickering_Start
17:06:55.152,EyeTracking,TrainBCI,Gaze_Stop,Object: Door_Single,Hover_Exit
17:06:55.484,EyeTracking,TrainBCI,Dwell_Start,Object: Door_Single,Dwell_Started
17:06:56.818,EyeTracking,TrainBCI,Flicker_End,Object: Door_Single,Flickering_Completed
17:06:56.818,EyeTracking,TrainBCI,Action_Executed,Object: Door_Single; Action: DoorSwitch,Execution_Proceeding
17:06:57.306,EyeTracking,TrainBCI,Training_Active_Door1_End,Door_Single,Training_Active_Door1_End
17:06:57.816,EyeTracking,TrainBCI,Training_Imagery_Door1_Start,Door_Single,Training_Imagery_Door1_Start
17:07:01.825,EyeTracking,TrainBCI,Training_Imagery_Door1_End,Door_Single,Training_Imagery_Door1_End
17:07:01.825,EyeTracking,TrainBCI,Training_Active_Door1_Start,Door_Single,Training_Active_Door1_Start
17:07:01.837,EyeTracking,TrainBCI,Dwell_Start,Object: Door_Single,Dwell_Started
17:07:03.337,EyeTracking,TrainBCI,Dwell_Complete,Object: Door_Single,Dwelling_Completed
17:07:03.337,EyeTracking,TrainBCI,Flicker_Start,Object: Door_Single; Hz: 15,Flickering_Start
17:07:05.345,EyeTracking,TrainBCI,Flicker_End,Object: Door_Single,Flickering_Completed
17:07:05.345,EyeTracking,TrainBCI,Action_Executed,Object: Door_Single; Action: DoorSwitch,Execution_Proceeding
17:07:05.834,EyeTracking,TrainBCI,Training_Active_Door1_End,Door_Single,Training_Active_Door1_End
17:07:06.345,EyeTracking,TrainBCI,Training_Imagery_Door1_Start,Door_Single,Training_Imagery_Door1_Start
17:07:10.354,EyeTracking,TrainBCI,Training_Imagery_Door1_End,Door_Single,Training_Imagery_Door1_End
17:07:10.354,EyeTracking,TrainBCI,Training_Active_Door1_Start,Door_Single,Training_Active_Door1_Start
17:07:10.365,EyeTracking,TrainBCI,Dwell_Start,Object: Door_Single,Dwell_Started
17:07:11.865,EyeTracking,TrainBCI,Dwell_Complete,Object: Door_Single,Dwelling_Completed
17:07:11.865,EyeTracking,TrainBCI,Flicker_Start,Object: Door_Single; Hz: 15,Flickering_Start
17:07:13.874,EyeTracking,TrainBCI,Flicker_End,Object: Door_Single,Flickering_Completed
17:07:13.874,EyeTracking,TrainBCI,Action_Executed,Object: Door_Single; Action: DoorSwitch,Execution_Proceeding
17:07:14.363,EyeTracking,TrainBCI,Training_Active_Door1_End,Door_Single,Training_Active_Door1_End
17:07:14.873,EyeTracking,TrainBCI,Training_Imagery_Door1_Start,Door_Single,Training_Imagery_Door1_Start
17:07:18.882,EyeTracking,TrainBCI,Training_Imagery_Door1_End,Door_Single,Training_Imagery_Door1_End
17:07:18.882,EyeTracking,TrainBCI,Training_Active_Door1_Start,Door_Single,Training_Active_Door1_Start
17:07:18.894,EyeTracking,TrainBCI,Dwell_Start,Object: Door_Single,Dwell_Started
17:07:20.393,EyeTracking,TrainBCI,Dwell_Complete,Object: Door_Single,Dwelling_Completed
17:07:20.393,EyeTracking,TrainBCI,Flicker_Start,Object: Door_Single; Hz: 15,Flickering_Start
17:07:20.926,EyeTracking,TrainBCI,Gaze_Stop,Object: Door_Single,Hover_Exit
17:07:20.949,EyeTracking,TrainBCI,Dwell_Start,Object: Door_Single,Dwell_Started
17:07:20.959,EyeTracking,TrainBCI,Gaze_Stop,Object: Door_Single,Hover_Exit
17:07:21.192,EyeTracking,TrainBCI,Dwell_Start,Object: Door_Single,Dwell_Started
17:07:22.404,EyeTracking,TrainBCI,Flicker_End,Object: Door_Single,Flickering_Completed
17:07:22.404,EyeTracking,TrainBCI,Action_Executed,Object: Door_Single; Action: DoorSwitch,Execution_Proceeding
17:07:22.892,EyeTracking,TrainBCI,Training_Active_Door1_End,Door_Single,Training_Active_Door1_End
17:07:23.403,EyeTracking,TrainBCI,Training_Imagery_Door1_Start,Door_Single,Training_Imagery_Door1_Start
17:07:27.412,EyeTracking,TrainBCI,Training_Imagery_Door1_End,Door_Single,Training_Imagery_Door1_End
17:07:27.412,EyeTracking,TrainBCI,Active_Training_Door2_Start,Door_Double,Active_Training_Door2_Start
17:07:27.424,EyeTracking,TrainBCI,Dwell_Start,Object: Door_Double,Dwell_Started
17:07:28.912,EyeTracking,TrainBCI,Dwell_Complete,Object: Door_Double,Dwelling_Completed
17:07:28.912,EyeTracking,TrainBCI,Flicker_Start,Object: Door_Double; Hz: 15,Flickering_Start
17:07:29.578,EyeTracking,TrainBCI,Gaze_Stop,Object: Door_Double,Hover_Exit
17:07:29.633,EyeTracking,TrainBCI,Dwell_Start,Object: Door_Double,Dwell_Started
17:07:29.655,EyeTracking,TrainBCI,Gaze_Stop,Object: Door_Double,Hover_Exit
17:07:30.266,EyeTracking,TrainBCI,Dwell_Start,Object: Door_Double,Dwell_Started
17:07:30.920,EyeTracking,TrainBCI,Flicker_End,Object: Door_Double,Flickering_Completed
17:07:30.920,EyeTracking,TrainBCI,Action_Executed,Object: Door_Double; Action: DoorSwitch,Execution_Proceeding
17:07:31.418,EyeTracking,TrainBCI,Active_Training_Door2_End,Door_Double,Active_Training_Door2_End
17:07:31.921,EyeTracking,TrainBCI,Image_Training_Door2_Start,Door_Double,Image_Training_Door2_Start
17:07:35.930,EyeTracking,TrainBCI,Image_Training_Door2_End,Door_Double,Image_Training_Door2_End
17:07:35.930,EyeTracking,TrainBCI,Active_Training_Door2_Start,Door_Double,Active_Training_Door2_Start
17:07:36.674,EyeTracking,TrainBCI,Dwell_Start,Object: Door_Double,Dwell_Started
17:07:36.696,EyeTracking,TrainBCI,Gaze_Stop,Object: Door_Double,Hover_Exit
17:07:36.707,EyeTracking,TrainBCI,Dwell_Start,Object: Door_Double,Dwell_Started
17:07:36.774,EyeTracking,TrainBCI,Gaze_Stop,Object: Door_Double,Hover_Exit
17:07:36.862,EyeTracking,TrainBCI,Dwell_Start,Object: Door_Double,Dwell_Started
17:07:38.361,EyeTracking,TrainBCI,Dwell_Complete,Object: Door_Double,Dwelling_Completed
17:07:38.361,EyeTracking,TrainBCI,Flicker_Start,Object: Door_Double; Hz: 15,Flickering_Start
17:07:38.817,EyeTracking,TrainBCI,Gaze_Stop,Object: Door_Double,Hover_Exit
17:07:38.828,EyeTracking,TrainBCI,Dwell_Start,Object: Door_Double,Dwell_Started
17:07:39.939,EyeTracking,TrainBCI,Active_Training_Door2_End,Door_Double,Active_Training_Door2_End
17:07:40.449,EyeTracking,TrainBCI,Image_Training_Door2_Start,Door_Double,Image_Training_Door2_Start
17:07:44.459,EyeTracking,TrainBCI,Image_Training_Door2_End,Door_Double,Image_Training_Door2_End
17:07:44.459,EyeTracking,TrainBCI,Active_Training_Door2_Start,Door_Double,Active_Training_Door2_Start
17:07:44.981,EyeTracking,TrainBCI,Dwell_Start,Object: Door_Double,Dwell_Started
17:07:45.569,EyeTracking,TrainBCI,Gaze_Stop,Object: Door_Double,Hover_Exit
17:07:45.591,EyeTracking,TrainBCI,Dwell_Start,Object: Door_Double,Dwell_Started
17:07:45.636,EyeTracking,TrainBCI,Gaze_Stop,Object: Door_Double,Hover_Exit
17:07:45.658,EyeTracking,TrainBCI,Dwell_Start,Object: Door_Double,Dwell_Started
17:07:45.671,EyeTracking,TrainBCI,Gaze_Stop,Object: Door_Double,Hover_Exit
17:07:45.702,EyeTracking,TrainBCI,Dwell_Start,Object: Door_Double,Dwell_Started
17:07:45.725,EyeTracking,TrainBCI,Gaze_Stop,Object: Door_Double,Hover_Exit
17:07:45.736,EyeTracking,TrainBCI,Dwell_Start,Object: Door_Double,Dwell_Started
17:07:45.780,EyeTracking,TrainBCI,Gaze_Stop,Object: Door_Double,Hover_Exit
17:07:45.859,EyeTracking,TrainBCI,Dwell_Start,Object: Door_Double,Dwell_Started
17:07:45.868,EyeTracking,TrainBCI,Gaze_Stop,Object: Door_Double,Hover_Exit
17:07:46.235,EyeTracking,TrainBCI,Dwell_Start,Object: Door_Double,Dwell_Started
17:07:47.735,EyeTracking,TrainBCI,Dwell_Complete,Object: Door_Double,Dwelling_Completed
17:07:47.735,EyeTracking,TrainBCI,Flicker_Start,Object: Door_Double; Hz: 15,Flickering_Start
17:07:48.469,EyeTracking,TrainBCI,Active_Training_Door2_End,Door_Double,Active_Training_Door2_End
17:07:48.978,EyeTracking,TrainBCI,Image_Training_Door2_Start,Door_Double,Image_Training_Door2_Start
17:07:52.987,EyeTracking,TrainBCI,Image_Training_Door2_End,Door_Double,Image_Training_Door2_End
17:07:52.987,EyeTracking,TrainBCI,Active_Training_Door2_Start,Door_Double,Active_Training_Door2_Start
17:07:53.265,EyeTracking,TrainBCI,Dwell_Start,Object: Door_Double,Dwell_Started
17:07:53.642,EyeTracking,TrainBCI,Gaze_Stop,Object: Door_Double,Hover_Exit
17:07:53.676,EyeTracking,TrainBCI,Dwell_Start,Object: Door_Double,Dwell_Started
17:07:53.699,EyeTracking,TrainBCI,Gaze_Stop,Object: Door_Double,Hover_Exit
17:07:53.764,EyeTracking,TrainBCI,Dwell_Start,Object: Door_Double,Dwell_Started
17:07:53.788,EyeTracking,TrainBCI,Gaze_Stop,Object: Door_Double,Hover_Exit
17:07:53.809,EyeTracking,TrainBCI,Dwell_Start,Object: Door_Double,Dwell_Started
17:07:53.831,EyeTracking,TrainBCI,Gaze_Stop,Object: Door_Double,Hover_Exit
17:07:54.176,EyeTracking,TrainBCI,Dwell_Start,Object: Door_Double,Dwell_Started
17:07:55.676,EyeTracking,TrainBCI,Dwell_Complete,Object: Door_Double,Dwelling_Completed
17:07:55.676,EyeTracking,TrainBCI,Flicker_Start,Object: Door_Double; Hz: 15,Flickering_Start
17:07:56.996,EyeTracking,TrainBCI,Active_Training_Door2_End,Door_Double,Active_Training_Door2_End
17:07:57.507,EyeTracking,TrainBCI,Image_Training_Door2_Start,Door_Double,Image_Training_Door2_Start
17:08:01.517,EyeTracking,TrainBCI,Image_Training_Door2_End,Door_Double,Image_Training_Door2_End
17:08:01.517,EyeTracking,TrainBCI,Active_Training_Door2_Start,Door_Double,Active_Training_Door2_Start
17:08:01.527,EyeTracking,TrainBCI,Dwell_Start,Object: Door_Double,Dwell_Started
17:08:03.027,EyeTracking,TrainBCI,Dwell_Complete,Object: Door_Double,Dwelling_Completed
17:08:03.027,EyeTracking,TrainBCI,Flicker_Start,Object: Door_Double; Hz: 15,Flickering_Start
17:08:04.847,EyeTracking,TrainBCI,Gaze_Stop,Object: Door_Double,Hover_Exit
17:08:05.036,EyeTracking,TrainBCI,Flicker_End,Object: Door_Double,Flickering_Completed
17:08:05.036,EyeTracking,TrainBCI,Action_Executed,Object: Door_Double; Action: DoorSwitch,Execution_Proceeding
17:08:05.258,EyeTracking,TrainBCI,Dwell_Start,Object: Door_Double,Dwell_Started
17:08:05.525,EyeTracking,TrainBCI,Active_Training_Door2_End,Door_Double,Active_Training_Door2_End
17:08:06.036,EyeTracking,TrainBCI,Image_Training_Door2_Start,Door_Double,Image_Training_Door2_Start
17:08:10.045,EyeTracking,TrainBCI,Image_Training_Door2_End,Door_Double,Image_Training_Door2_End
17:08:10.045,EyeTracking,TrainBCI,Active_Training_Door2_Start,Door_Double,Active_Training_Door2_Start
17:08:10.266,EyeTracking,TrainBCI,Dwell_Start,Object: Door_Double,Dwell_Started
17:08:11.755,EyeTracking,TrainBCI,Dwell_Complete,Object: Door_Double,Dwelling_Completed
17:08:11.755,EyeTracking,TrainBCI,Flicker_Start,Object: Door_Double; Hz: 15,Flickering_Start
17:08:13.766,EyeTracking,TrainBCI,Flicker_End,Object: Door_Double,Flickering_Completed
17:08:13.766,EyeTracking,TrainBCI,Action_Executed,Object: Door_Double; Action: DoorSwitch,Execution_Proceeding
17:08:14.055,EyeTracking,TrainBCI,Active_Training_Door2_End,Door_Double,Active_Training_Door2_End
17:08:14.567,EyeTracking,TrainBCI,Image_Training_Door2_Start,Door_Double,Image_Training_Door2_Start
17:08:18.574,EyeTracking,TrainBCI,Image_Training_Door2_End,Door_Double,Image_Training_Door2_End
17:08:18.574,EyeTracking,TrainBCI,Active_Training_Door2_Start,Door_Double,Active_Training_Door2_Start
17:08:20.040,EyeTracking,TrainBCI,Dwell_Start,Object: Door_Double,Dwell_Started
17:08:21.538,EyeTracking,TrainBCI,Dwell_Complete,Object: Door_Double,Dwelling_Completed
17:08:21.538,EyeTracking,TrainBCI,Flicker_Start,Object: Door_Double; Hz: 15,Flickering_Start
17:08:22.270,EyeTracking,TrainBCI,Gaze_Stop,Object: Door_Double,Hover_Exit
17:08:22.394,EyeTracking,TrainBCI,Dwell_Start,Object: Door_Double,Dwell_Started
17:08:22.583,EyeTracking,TrainBCI,Active_Training_Door2_End,Door_Double,Active_Training_Door2_End
17:08:23.093,EyeTracking,TrainBCI,Image_Training_Door2_Start,Door_Double,Image_Training_Door2_Start
17:08:27.103,EyeTracking,TrainBCI,Image_Training_Door2_End,Door_Double,Image_Training_Door2_End
17:08:27.103,EyeTracking,TrainBCI,Active_Training_Door2_Start,Door_Double,Active_Training_Door2_Start
17:08:27.115,EyeTracking,TrainBCI,Dwell_Start,Object: Door_Double,Dwell_Started
17:08:28.613,EyeTracking,TrainBCI,Dwell_Complete,Object: Door_Double,Dwelling_Completed
17:08:28.613,EyeTracking,TrainBCI,Flicker_Start,Object: Door_Double; Hz: 15,Flickering_Start
17:08:30.624,EyeTracking,TrainBCI,Flicker_End,Object: Door_Double,Flickering_Completed
17:08:30.624,EyeTracking,TrainBCI,Action_Executed,Object: Door_Double; Action: DoorSwitch,Execution_Proceeding
17:08:31.112,EyeTracking,TrainBCI,Active_Training_Door2_End,Door_Double,Active_Training_Door2_End
17:08:31.622,EyeTracking,TrainBCI,Image_Training_Door2_Start,Door_Double,Image_Training_Door2_Start
17:08:35.632,EyeTracking,TrainBCI,Image_Training_Door2_End,Door_Double,Image_Training_Door2_End
17:08:35.632,EyeTracking,TrainBCI,Active_Training_Door2_Start,Door_Double,Active_Training_Door2_Start
17:08:35.643,EyeTracking,TrainBCI,Dwell_Start,Object: Door_Double,Dwell_Started
17:08:37.142,EyeTracking,TrainBCI,Dwell_Complete,Object: Door_Double,Dwelling_Completed
17:08:37.142,EyeTracking,TrainBCI,Flicker_Start,Object: Door_Double; Hz: 15,Flickering_Start
17:08:39.153,EyeTracking,TrainBCI,Flicker_End,Object: Door_Double,Flickering_Completed
17:08:39.153,EyeTracking,TrainBCI,Action_Executed,Object: Door_Double; Action: DoorSwitch,Execution_Proceeding
17:08:39.641,EyeTracking,TrainBCI,Active_Training_Door2_End,Door_Double,Active_Training_Door2_End
17:08:40.153,EyeTracking,TrainBCI,Image_Training_Door2_Start,Door_Double,Image_Training_Door2_Start
17:08:44.161,EyeTracking,TrainBCI,Image_Training_Door2_End,Door_Double,Image_Training_Door2_End
17:08:44.161,EyeTracking,TrainBCI,Active_Training_Door2_Start,Door_Double,Active_Training_Door2_Start
17:08:44.173,EyeTracking,TrainBCI,Dwell_Start,Object: Door_Double,Dwell_Started
17:08:45.671,EyeTracking,TrainBCI,Dwell_Complete,Object: Door_Double,Dwelling_Completed
17:08:45.671,EyeTracking,TrainBCI,Flicker_Start,Object: Door_Double; Hz: 15,Flickering_Start
17:08:47.672,EyeTracking,TrainBCI,Flicker_End,Object: Door_Double,Flickering_Completed
17:08:47.672,EyeTracking,TrainBCI,Action_Executed,Object: Door_Double; Action: DoorSwitch,Execution_Proceeding
17:08:48.170,EyeTracking,TrainBCI,Active_Training_Door2_End,Door_Double,Active_Training_Door2_End
17:08:48.680,EyeTracking,TrainBCI,Image_Training_Door2_Start,Door_Double,Image_Training_Door2_Start
17:08:52.690,EyeTracking,TrainBCI,Image_Training_Door2_End,Door_Double,Image_Training_Door2_End
17:08:52.690,EyeTracking,TrainBCI,Train_End,Training Complete,Train_End
17:08:54.067,EyeTracking,TrainBCI,Hover_Enter,Button: NextTrainBCI,Hovering
17:08:54.067,EyeTracking,TrainBCI,Dwell_Start,Button: NextTrainBCI,Dwell_Started
17:08:54.078,EyeTracking,TrainBCI,Dwell_Start,Button: NextTrainBCI,Dwell_Started
17:08:54.089,EyeTracking,TrainBCI,Dwell_Start,Button: NextTrainBCI,Dwell_Started
17:08:54.099,EyeTracking,TrainBCI,Dwell_Start,Button: NextTrainBCI,Dwell_Started
17:08:54.112,EyeTracking,TrainBCI,Dwell_Start,Button: NextTrainBCI,Dwell_Started
17:08:54.122,EyeTracking,TrainBCI,Dwell_Start,Button: NextTrainBCI,Dwell_Started
17:08:54.133,EyeTracking,TrainBCI,Dwell_Start,Button: NextTrainBCI,Dwell_Started
17:08:54.144,EyeTracking,TrainBCI,Dwell_Start,Button: NextTrainBCI,Dwell_Started
17:08:54.155,EyeTracking,TrainBCI,Dwell_Start,Button: NextTrainBCI,Dwell_Started
17:08:54.166,EyeTracking,TrainBCI,Dwell_Start,Button: NextTrainBCI,Dwell_Started
17:08:54.177,EyeTracking,TrainBCI,Dwell_Start,Button: NextTrainBCI,Dwell_Started
17:08:54.190,EyeTracking,TrainBCI,Dwell_Start,Button: NextTrainBCI,Dwell_Started
17:08:54.201,EyeTracking,TrainBCI,Dwell_Start,Button: NextTrainBCI,Dwell_Started
17:08:54.212,EyeTracking,TrainBCI,Dwell_Start,Button: NextTrainBCI,Dwell_Started
17:08:54.222,EyeTracking,TrainBCI,Dwell_Start,Button: NextTrainBCI,Dwell_Started
17:08:54.233,EyeTracking,TrainBCI,Dwell_Start,Button: NextTrainBCI,Dwell_Started
17:08:54.244,EyeTracking,TrainBCI,Dwell_Start,Button: NextTrainBCI,Dwell_Started
17:08:54.256,EyeTracking,TrainBCI,Dwell_Start,Button: NextTrainBCI,Dwell_Started
17:08:54.268,EyeTracking,TrainBCI,Dwell_Start,Button: NextTrainBCI,Dwell_Started
17:08:54.278,EyeTracking,TrainBCI,Dwell_Start,Button: NextTrainBCI,Dwell_Started
17:08:54.288,EyeTracking,TrainBCI,Dwell_Start,Button: NextTrainBCI,Dwell_Started
17:08:54.299,EyeTracking,TrainBCI,Dwell_Start,Button: NextTrainBCI,Dwell_Started
17:08:54.311,EyeTracking,TrainBCI,Dwell_Start,Button: NextTrainBCI,Dwell_Started
17:08:54.322,EyeTracking,TrainBCI,Dwell_Start,Button: NextTrainBCI,Dwell_Started
17:08:54.333,EyeTracking,TrainBCI,Dwell_Start,Button: NextTrainBCI,Dwell_Started
17:08:54.345,EyeTracking,TrainBCI,Dwell_Start,Button: NextTrainBCI,Dwell_Started
17:08:54.355,EyeTracking,TrainBCI,Dwell_Start,Button: NextTrainBCI,Dwell_Started
17:08:54.366,EyeTracking,TrainBCI,Dwell_Start,Button: NextTrainBCI,Dwell_Started
17:08:54.378,EyeTracking,TrainBCI,Dwell_Start,Button: NextTrainBCI,Dwell_Started
17:08:54.390,EyeTracking,TrainBCI,Dwell_Start,Button: NextTrainBCI,Dwell_Started
17:08:54.400,EyeTracking,TrainBCI,Dwell_Start,Button: NextTrainBCI,Dwell_Started
17:08:54.412,EyeTracking,TrainBCI,Dwell_Start,Button: NextTrainBCI,Dwell_Started
17:08:54.422,EyeTracking,TrainBCI,Dwell_Start,Button: NextTrainBCI,Dwell_Started
17:08:54.435,EyeTracking,TrainBCI,Dwell_Start,Button: NextTrainBCI,Dwell_Started
17:08:54.444,EyeTracking,TrainBCI,Dwell_Start,Button: NextTrainBCI,Dwell_Started
17:08:54.455,EyeTracking,TrainBCI,Dwell_Start,Button: NextTrainBCI,Dwell_Started
17:08:54.467,EyeTracking,TrainBCI,Dwell_Start,Button: NextTrainBCI,Dwell_Started
17:08:54.478,EyeTracking,TrainBCI,Dwell_Start,Button: NextTrainBCI,Dwell_Started
17:08:54.489,EyeTracking,TrainBCI,Dwell_Start,Button: NextTrainBCI,Dwell_Started
17:08:54.499,EyeTracking,TrainBCI,Dwell_Start,Button: NextTrainBCI,Dwell_Started
17:08:54.511,EyeTracking,TrainBCI,Dwell_Start,Button: NextTrainBCI,Dwell_Started
17:08:54.521,EyeTracking,TrainBCI,Dwell_Start,Button: NextTrainBCI,Dwell_Started
17:08:54.533,EyeTracking,TrainBCI,Dwell_Start,Button: NextTrainBCI,Dwell_Started
17:08:54.544,EyeTracking,TrainBCI,Dwell_Start,Button: NextTrainBCI,Dwell_Started
17:08:54.556,EyeTracking,TrainBCI,Dwell_Start,Button: NextTrainBCI,Dwell_Started
17:08:54.569,EyeTracking,TrainBCI,Dwell_Start,Button: NextTrainBCI,Dwell_Started
17:08:54.577,EyeTracking,TrainBCI,Dwell_Start,Button: NextTrainBCI,Dwell_Started
17:08:54.589,EyeTracking,TrainBCI,Dwell_Start,Button: NextTrainBCI,Dwell_Started
17:08:54.599,EyeTracking,TrainBCI,Dwell_Start,Button: NextTrainBCI,Dwell_Started
17:08:54.611,EyeTracking,TrainBCI,Dwell_Start,Button: NextTrainBCI,Dwell_Started
17:08:54.622,EyeTracking,TrainBCI,Dwell_Start,Button: NextTrainBCI,Dwell_Started
17:08:54.633,EyeTracking,TrainBCI,Dwell_Start,Button: NextTrainBCI,Dwell_Started
17:08:54.644,EyeTracking,TrainBCI,Dwell_Start,Button: NextTrainBCI,Dwell_Started
17:08:54.655,EyeTracking,TrainBCI,Dwell_Start,Button: NextTrainBCI,Dwell_Started
17:08:54.666,EyeTracking,TrainBCI,Dwell_Start,Button: NextTrainBCI,Dwell_Started
17:08:54.678,EyeTracking,TrainBCI,Dwell_Start,Button: NextTrainBCI,Dwell_Started
17:08:54.695,EyeTracking,TrainBCI,Dwell_Start,Button: NextTrainBCI,Dwell_Started
17:08:54.711,EyeTracking,TrainBCI,Dwell_Start,Button: NextTrainBCI,Dwell_Started
17:08:54.721,EyeTracking,TrainBCI,Dwell_Start,Button: NextTrainBCI,Dwell_Started
17:08:54.732,EyeTracking,TrainBCI,Dwell_Start,Button: NextTrainBCI,Dwell_Started
17:08:54.743,EyeTracking,TrainBCI,Dwell_Start,Button: NextTrainBCI,Dwell_Started
17:08:54.754,EyeTracking,TrainBCI,Dwell_Start,Button: NextTrainBCI,Dwell_Started
17:08:54.763,EyeTracking,TrainBCI,Dwell_Start,Button: NextTrainBCI,Dwell_Started
17:08:54.776,EyeTracking,TrainBCI,Dwell_Start,Button: NextTrainBCI,Dwell_Started
17:08:54.787,EyeTracking,TrainBCI,Dwell_Start,Button: NextTrainBCI,Dwell_Started
17:08:54.798,EyeTracking,TrainBCI,Dwell_Start,Button: NextTrainBCI,Dwell_Started
17:08:54.811,EyeTracking,TrainBCI,Dwell_Start,Button: NextTrainBCI,Dwell_Started
17:08:54.820,EyeTracking,TrainBCI,Dwell_Start,Button: NextTrainBCI,Dwell_Started
17:08:54.830,EyeTracking,TrainBCI,Dwell_Start,Button: NextTrainBCI,Dwell_Started
17:08:54.842,EyeTracking,TrainBCI,Dwell_Start,Button: NextTrainBCI,Dwell_Started
17:08:54.854,EyeTracking,TrainBCI,Dwell_Start,Button: NextTrainBCI,Dwell_Started
17:08:54.864,EyeTracking,TrainBCI,Dwell_Start,Button: NextTrainBCI,Dwell_Started
17:08:54.877,EyeTracking,TrainBCI,Dwell_Start,Button: NextTrainBCI,Dwell_Started
17:08:54.887,EyeTracking,TrainBCI,Dwell_Start,Button: NextTrainBCI,Dwell_Started
17:08:54.898,EyeTracking,TrainBCI,Dwell_Start,Button: NextTrainBCI,Dwell_Started
17:08:54.909,EyeTracking,TrainBCI,Dwell_Start,Button: NextTrainBCI,Dwell_Started
17:08:54.920,EyeTracking,TrainBCI,Dwell_Start,Button: NextTrainBCI,Dwell_Started
17:08:54.931,EyeTracking,TrainBCI,Dwell_Start,Button: NextTrainBCI,Dwell_Started
17:08:54.942,EyeTracking,TrainBCI,Dwell_Start,Button: NextTrainBCI,Dwell_Started
17:08:54.954,EyeTracking,TrainBCI,Dwell_Start,Button: NextTrainBCI,Dwell_Started
17:08:54.965,EyeTracking,TrainBCI,Dwell_Start,Button: NextTrainBCI,Dwell_Started
17:08:54.975,EyeTracking,TrainBCI,Dwell_Start,Button: NextTrainBCI,Dwell_Started
17:08:54.986,EyeTracking,TrainBCI,Dwell_Start,Button: NextTrainBCI,Dwell_Started
17:08:54.997,EyeTracking,TrainBCI,Dwell_Start,Button: NextTrainBCI,Dwell_Started
17:08:55.010,EyeTracking,TrainBCI,Dwell_Start,Button: NextTrainBCI,Dwell_Started
17:08:55.019,EyeTracking,TrainBCI,Dwell_Start,Button: NextTrainBCI,Dwell_Started
17:08:55.032,EyeTracking,TrainBCI,Dwell_Start,Button: NextTrainBCI,Dwell_Started
17:08:55.043,EyeTracking,TrainBCI,Dwell_Start,Button: NextTrainBCI,Dwell_Started
17:08:55.054,EyeTracking,TrainBCI,Dwell_Start,Button: NextTrainBCI,Dwell_Started
17:08:55.064,EyeTracking,TrainBCI,Dwell_Start,Button: NextTrainBCI,Dwell_Started
17:08:55.076,EyeTracking,TrainBCI,Dwell_Start,Button: NextTrainBCI,Dwell_Started
17:08:55.088,EyeTracking,TrainBCI,Dwell_Start,Button: NextTrainBCI,Dwell_Started
17:08:55.099,EyeTracking,TrainBCI,Dwell_Start,Button: NextTrainBCI,Dwell_Started
17:08:55.110,EyeTracking,TrainBCI,Dwell_Start,Button: NextTrainBCI,Dwell_Started
17:08:55.122,EyeTracking,TrainBCI,Dwell_Start,Button: NextTrainBCI,Dwell_Started
17:08:55.132,EyeTracking,TrainBCI,Dwell_Start,Button: NextTrainBCI,Dwell_Started
17:08:55.143,EyeTracking,TrainBCI,Dwell_Start,Button: NextTrainBCI,Dwell_Started
17:08:55.154,EyeTracking,TrainBCI,Dwell_Start,Button: NextTrainBCI,Dwell_Started
17:08:55.166,EyeTracking,TrainBCI,Dwell_Start,Button: NextTrainBCI,Dwell_Started
17:08:55.177,EyeTracking,TrainBCI,Dwell_Start,Button: NextTrainBCI,Dwell_Started
17:08:55.188,EyeTracking,TrainBCI,Dwell_Start,Button: NextTrainBCI,Dwell_Started
17:08:55.200,EyeTracking,TrainBCI,Dwell_Start,Button: NextTrainBCI,Dwell_Started
17:08:55.211,EyeTracking,TrainBCI,Dwell_Start,Button: NextTrainBCI,Dwell_Started
17:08:55.222,EyeTracking,TrainBCI,Dwell_Start,Button: NextTrainBCI,Dwell_Started
17:08:55.233,EyeTracking,TrainBCI,Dwell_Start,Button: NextTrainBCI,Dwell_Started
17:08:55.243,EyeTracking,TrainBCI,Dwell_Start,Button: NextTrainBCI,Dwell_Started
17:08:55.255,EyeTracking,TrainBCI,Dwell_Start,Button: NextTrainBCI,Dwell_Started
17:08:55.266,EyeTracking,TrainBCI,Dwell_Start,Button: NextTrainBCI,Dwell_Started
17:08:55.278,EyeTracking,TrainBCI,Dwell_Start,Button: NextTrainBCI,Dwell_Started
17:08:55.288,EyeTracking,TrainBCI,Dwell_Start,Button: NextTrainBCI,Dwell_Started
17:08:55.299,EyeTracking,TrainBCI,Dwell_Start,Button: NextTrainBCI,Dwell_Started
17:08:55.311,EyeTracking,TrainBCI,Dwell_Start,Button: NextTrainBCI,Dwell_Started
17:08:55.321,EyeTracking,TrainBCI,Dwell_Start,Button: NextTrainBCI,Dwell_Started
17:08:55.333,EyeTracking,TrainBCI,Dwell_Start,Button: NextTrainBCI,Dwell_Started
17:08:55.344,EyeTracking,TrainBCI,Dwell_Start,Button: NextTrainBCI,Dwell_Started
17:08:55.355,EyeTracking,TrainBCI,Dwell_Start,Button: NextTrainBCI,Dwell_Started
17:08:55.366,EyeTracking,TrainBCI,Dwell_Start,Button: NextTrainBCI,Dwell_Started
17:08:55.377,EyeTracking,TrainBCI,Dwell_Start,Button: NextTrainBCI,Dwell_Started
17:08:55.388,EyeTracking,TrainBCI,Dwell_Start,Button: NextTrainBCI,Dwell_Started
17:08:55.399,EyeTracking,TrainBCI,Dwell_Start,Button: NextTrainBCI,Dwell_Started
17:08:55.410,EyeTracking,TrainBCI,Dwell_Start,Button: NextTrainBCI,Dwell_Started
17:08:55.422,EyeTracking,TrainBCI,Dwell_Start,Button: NextTrainBCI,Dwell_Started
17:08:55.432,EyeTracking,TrainBCI,Dwell_Start,Button: NextTrainBCI,Dwell_Started
17:08:55.444,EyeTracking,TrainBCI,Dwell_Start,Button: NextTrainBCI,Dwell_Started
17:08:55.456,EyeTracking,TrainBCI,Dwell_Start,Button: NextTrainBCI,Dwell_Started
17:08:55.467,EyeTracking,TrainBCI,Dwell_Start,Button: NextTrainBCI,Dwell_Started
17:08:55.477,EyeTracking,TrainBCI,Dwell_Start,Button: NextTrainBCI,Dwell_Started
17:08:55.488,EyeTracking,TrainBCI,Dwell_Start,Button: NextTrainBCI,Dwell_Started
17:08:55.499,EyeTracking,TrainBCI,Dwell_Start,Button: NextTrainBCI,Dwell_Started
17:08:55.510,EyeTracking,TrainBCI,Dwell_Start,Button: NextTrainBCI,Dwell_Started
17:08:55.521,EyeTracking,TrainBCI,Dwell_Start,Button: NextTrainBCI,Dwell_Started
17:08:55.533,EyeTracking,TrainBCI,Dwell_Start,Button: NextTrainBCI,Dwell_Started
17:08:55.544,EyeTracking,TrainBCI,Dwell_Start,Button: NextTrainBCI,Dwell_Started
17:08:55.555,EyeTracking,TrainBCI,Dwell_Start,Button: NextTrainBCI,Dwell_Started
17:08:55.566,EyeTracking,TrainBCI,Dwell_Start,Button: NextTrainBCI,Dwell_Started
17:08:55.566,EyeTracking,TrainBCI,Dwell_Complete,Button: NextTrainBCI,Dwelling_Completed
17:08:55.566,EyeTracking,TrainBCI,Flicker_Start,NextTrainBCI,Flicker_Start
17:08:57.576,EyeTracking,TrainBCI,Flicker_End,Button: NextTrainBCI,Flicker_End
17:08:57.576,EyeTracking,TrainBCI,Action_Executed,Button: NextTrainBCI; Action: ButtonAction,Execution_Proceeding
17:08:57.576,EyeTracking,Test3D,Phase_Start,Test3D,
17:08:59.131,EyeTracking,Test3D,Hover_Enter,Button: StartTestBCI,Hovering
17:08:59.131,EyeTracking,Test3D,Dwell_Start,Button: StartTestBCI,Dwell_Started
17:08:59.141,EyeTracking,Test3D,Dwell_Start,Button: StartTestBCI,Dwell_Started
17:08:59.153,EyeTracking,Test3D,Dwell_Start,Button: StartTestBCI,Dwell_Started
17:08:59.165,EyeTracking,Test3D,Dwell_Start,Button: StartTestBCI,Dwell_Started
17:08:59.177,EyeTracking,Test3D,Dwell_Start,Button: StartTestBCI,Dwell_Started
17:08:59.188,EyeTracking,Test3D,Dwell_Start,Button: StartTestBCI,Dwell_Started
17:08:59.198,EyeTracking,Test3D,Dwell_Start,Button: StartTestBCI,Dwell_Started
17:08:59.209,EyeTracking,Test3D,Dwell_Start,Button: StartTestBCI,Dwell_Started
17:08:59.220,EyeTracking,Test3D,Dwell_Start,Button: StartTestBCI,Dwell_Started
17:08:59.230,EyeTracking,Test3D,Dwell_Start,Button: StartTestBCI,Dwell_Started
17:08:59.242,EyeTracking,Test3D,Dwell_Start,Button: StartTestBCI,Dwell_Started
17:08:59.253,EyeTracking,Test3D,Dwell_Start,Button: StartTestBCI,Dwell_Started
17:08:59.264,EyeTracking,Test3D,Dwell_Start,Button: StartTestBCI,Dwell_Started
17:08:59.275,EyeTracking,Test3D,Dwell_Start,Button: StartTestBCI,Dwell_Started
17:08:59.288,EyeTracking,Test3D,Dwell_Start,Button: StartTestBCI,Dwell_Started
17:08:59.298,EyeTracking,Test3D,Dwell_Start,Button: StartTestBCI,Dwell_Started
17:08:59.309,EyeTracking,Test3D,Dwell_Start,Button: StartTestBCI,Dwell_Started
17:08:59.320,EyeTracking,Test3D,Dwell_Start,Button: StartTestBCI,Dwell_Started
17:08:59.331,EyeTracking,Test3D,Dwell_Start,Button: StartTestBCI,Dwell_Started
17:08:59.341,EyeTracking,Test3D,Dwell_Start,Button: StartTestBCI,Dwell_Started
17:08:59.354,EyeTracking,Test3D,Dwell_Start,Button: StartTestBCI,Dwell_Started
17:08:59.364,EyeTracking,Test3D,Dwell_Start,Button: StartTestBCI,Dwell_Started
17:08:59.375,EyeTracking,Test3D,Dwell_Start,Button: StartTestBCI,Dwell_Started
17:08:59.387,EyeTracking,Test3D,Dwell_Start,Button: StartTestBCI,Dwell_Started
17:08:59.397,EyeTracking,Test3D,Dwell_Start,Button: StartTestBCI,Dwell_Started
17:08:59.408,EyeTracking,Test3D,Dwell_Start,Button: StartTestBCI,Dwell_Started
17:08:59.419,EyeTracking,Test3D,Dwell_Start,Button: StartTestBCI,Dwell_Started
17:08:59.431,EyeTracking,Test3D,Dwell_Start,Button: StartTestBCI,Dwell_Started
17:08:59.442,EyeTracking,Test3D,Dwell_Start,Button: StartTestBCI,Dwell_Started
17:08:59.453,EyeTracking,Test3D,Dwell_Start,Button: StartTestBCI,Dwell_Started
17:08:59.463,EyeTracking,Test3D,Dwell_Start,Button: StartTestBCI,Dwell_Started
17:08:59.476,EyeTracking,Test3D,Hover_Exit,Button: StartTestBCI,Hover_Exit
17:08:59.520,EyeTracking,Test3D,Hover_Enter,Button: StartTestBCI,Hovering
17:08:59.520,EyeTracking,Test3D,Dwell_Start,Button: StartTestBCI,Dwell_Started
17:08:59.531,EyeTracking,Test3D,Dwell_Start,Button: StartTestBCI,Dwell_Started
17:08:59.542,EyeTracking,Test3D,Dwell_Start,Button: StartTestBCI,Dwell_Started
17:08:59.553,EyeTracking,Test3D,Dwell_Start,Button: StartTestBCI,Dwell_Started
17:08:59.565,EyeTracking,Test3D,Hover_Exit,Button: StartTestBCI,Hover_Exit
17:08:59.586,EyeTracking,Test3D,Hover_Enter,Button: StartTestBCI,Hovering
17:08:59.586,EyeTracking,Test3D,Dwell_Start,Button: StartTestBCI,Dwell_Started
17:08:59.597,EyeTracking,Test3D,Dwell_Start,Button: StartTestBCI,Dwell_Started
17:08:59.609,EyeTracking,Test3D,Hover_Exit,Button: StartTestBCI,Hover_Exit
17:08:59.620,EyeTracking,Test3D,Hover_Enter,Button: StartTestBCI,Hovering
17:08:59.620,EyeTracking,Test3D,Dwell_Start,Button: StartTestBCI,Dwell_Started
17:08:59.631,EyeTracking,Test3D,Dwell_Start,Button: StartTestBCI,Dwell_Started
17:08:59.641,EyeTracking,Test3D,Hover_Exit,Button: StartTestBCI,Hover_Exit
17:08:59.664,EyeTracking,Test3D,Hover_Enter,Button: StartTestBCI,Hovering
17:08:59.664,EyeTracking,Test3D,Dwell_Start,Button: StartTestBCI,Dwell_Started
17:08:59.674,EyeTracking,Test3D,Dwell_Start,Button: StartTestBCI,Dwell_Started
17:08:59.687,EyeTracking,Test3D,Dwell_Start,Button: StartTestBCI,Dwell_Started
17:08:59.698,EyeTracking,Test3D,Dwell_Start,Button: StartTestBCI,Dwell_Started
17:08:59.709,EyeTracking,Test3D,Dwell_Start,Button: StartTestBCI,Dwell_Started
17:08:59.720,EyeTracking,Test3D,Dwell_Start,Button: StartTestBCI,Dwell_Started
17:08:59.730,EyeTracking,Test3D,Dwell_Start,Button: StartTestBCI,Dwell_Started
17:08:59.742,EyeTracking,Test3D,Dwell_Start,Button: StartTestBCI,Dwell_Started
17:08:59.753,EyeTracking,Test3D,Dwell_Start,Button: StartTestBCI,Dwell_Started
17:08:59.764,EyeTracking,Test3D,Dwell_Start,Button: StartTestBCI,Dwell_Started
17:08:59.775,EyeTracking,Test3D,Dwell_Start,Button: StartTestBCI,Dwell_Started
17:08:59.787,EyeTracking,Test3D,Dwell_Start,Button: StartTestBCI,Dwell_Started
17:08:59.796,EyeTracking,Test3D,Dwell_Start,Button: StartTestBCI,Dwell_Started
17:08:59.808,EyeTracking,Test3D,Dwell_Start,Button: StartTestBCI,Dwell_Started
17:08:59.821,EyeTracking,Test3D,Dwell_Start,Button: StartTestBCI,Dwell_Started
17:08:59.831,EyeTracking,Test3D,Dwell_Start,Button: StartTestBCI,Dwell_Started
17:08:59.841,EyeTracking,Test3D,Dwell_Start,Button: StartTestBCI,Dwell_Started
17:08:59.854,EyeTracking,Test3D,Dwell_Start,Button: StartTestBCI,Dwell_Started
17:08:59.863,EyeTracking,Test3D,Dwell_Start,Button: StartTestBCI,Dwell_Started
17:08:59.874,EyeTracking,Test3D,Dwell_Start,Button: StartTestBCI,Dwell_Started
17:08:59.887,EyeTracking,Test3D,Dwell_Start,Button: StartTestBCI,Dwell_Started
17:08:59.897,EyeTracking,Test3D,Dwell_Start,Button: StartTestBCI,Dwell_Started
17:08:59.909,EyeTracking,Test3D,Dwell_Start,Button: StartTestBCI,Dwell_Started
17:08:59.919,EyeTracking,Test3D,Dwell_Start,Button: StartTestBCI,Dwell_Started
17:08:59.931,EyeTracking,Test3D,Dwell_Start,Button: StartTestBCI,Dwell_Started
17:08:59.942,EyeTracking,Test3D,Dwell_Start,Button: StartTestBCI,Dwell_Started
17:08:59.954,EyeTracking,Test3D,Dwell_Start,Button: StartTestBCI,Dwell_Started
17:08:59.964,EyeTracking,Test3D,Dwell_Start,Button: StartTestBCI,Dwell_Started
17:08:59.976,EyeTracking,Test3D,Hover_Exit,Button: StartTestBCI,Hover_Exit
17:09:00.009,EyeTracking,Test3D,Hover_Enter,Button: StartTestBCI,Hovering
17:09:00.009,EyeTracking,Test3D,Dwell_Start,Button: StartTestBCI,Dwell_Started
17:09:00.020,EyeTracking,Test3D,Dwell_Start,Button: StartTestBCI,Dwell_Started
17:09:00.035,EyeTracking,Test3D,Hover_Exit,Button: StartTestBCI,Hover_Exit
17:09:00.418,EyeTracking,Test3D,Hover_Enter,Button: StartTestBCI,Hovering
17:09:00.418,EyeTracking,Test3D,Dwell_Start,Button: StartTestBCI,Dwell_Started
17:09:00.428,EyeTracking,Test3D,Dwell_Start,Button: StartTestBCI,Dwell_Started
17:09:00.440,EyeTracking,Test3D,Dwell_Start,Button: StartTestBCI,Dwell_Started
17:09:00.451,EyeTracking,Test3D,Dwell_Start,Button: StartTestBCI,Dwell_Started
17:09:00.461,EyeTracking,Test3D,Dwell_Start,Button: StartTestBCI,Dwell_Started
17:09:00.474,EyeTracking,Test3D,Hover_Exit,Button: StartTestBCI,Hover_Exit
17:09:00.774,EyeTracking,Test3D,Hover_Enter,Button: StartTestBCI,Hovering
17:09:00.774,EyeTracking,Test3D,Dwell_Start,Button: StartTestBCI,Dwell_Started
17:09:00.785,EyeTracking,Test3D,Dwell_Start,Button: StartTestBCI,Dwell_Started
17:09:00.797,EyeTracking,Test3D,Dwell_Start,Button: StartTestBCI,Dwell_Started
17:09:00.807,EyeTracking,Test3D,Hover_Exit,Button: StartTestBCI,Hover_Exit
17:09:00.818,EyeTracking,Test3D,Hover_Enter,Button: StartTestBCI,Hovering
17:09:00.818,EyeTracking,Test3D,Dwell_Start,Button: StartTestBCI,Dwell_Started
17:09:00.830,EyeTracking,Test3D,Hover_Exit,Button: StartTestBCI,Hover_Exit
17:09:00.841,EyeTracking,Test3D,Hover_Enter,Button: StartTestBCI,Hovering
17:09:00.841,EyeTracking,Test3D,Dwell_Start,Button: StartTestBCI,Dwell_Started
17:09:00.853,EyeTracking,Test3D,Dwell_Start,Button: StartTestBCI,Dwell_Started
17:09:00.863,EyeTracking,Test3D,Dwell_Start,Button: StartTestBCI,Dwell_Started
17:09:00.875,EyeTracking,Test3D,Dwell_Start,Button: StartTestBCI,Dwell_Started
17:09:00.885,EyeTracking,Test3D,Dwell_Start,Button: StartTestBCI,Dwell_Started
17:09:00.897,EyeTracking,Test3D,Dwell_Start,Button: StartTestBCI,Dwell_Started
17:09:00.907,EyeTracking,Test3D,Dwell_Start,Button: StartTestBCI,Dwell_Started
17:09:00.918,EyeTracking,Test3D,Dwell_Start,Button: StartTestBCI,Dwell_Started
17:09:00.930,EyeTracking,Test3D,Dwell_Start,Button: StartTestBCI,Dwell_Started
17:09:00.940,EyeTracking,Test3D,Hover_Exit,Button: StartTestBCI,Hover_Exit
17:09:01.018,EyeTracking,Test3D,Hover_Enter,Button: StartTestBCI,Hovering
17:09:01.018,EyeTracking,Test3D,Dwell_Start,Button: StartTestBCI,Dwell_Started
17:09:01.030,EyeTracking,Test3D,Hover_Exit,Button: StartTestBCI,Hover_Exit
17:09:01.041,EyeTracking,Test3D,Hover_Enter,Button: StartTestBCI,Hovering
17:09:01.041,EyeTracking,Test3D,Dwell_Start,Button: StartTestBCI,Dwell_Started
17:09:01.053,EyeTracking,Test3D,Hover_Exit,Button: StartTestBCI,Hover_Exit
17:09:01.075,EyeTracking,Test3D,Hover_Enter,Button: StartTestBCI,Hovering
17:09:01.075,EyeTracking,Test3D,Dwell_Start,Button: StartTestBCI,Dwell_Started
17:09:01.088,EyeTracking,Test3D,Dwell_Start,Button: StartTestBCI,Dwell_Started
17:09:01.095,EyeTracking,Test3D,Dwell_Start,Button: StartTestBCI,Dwell_Started
17:09:01.108,EyeTracking,Test3D,Dwell_Start,Button: StartTestBCI,Dwell_Started
17:09:01.118,EyeTracking,Test3D,Dwell_Start,Button: StartTestBCI,Dwell_Started
17:09:01.130,EyeTracking,Test3D,Dwell_Start,Button: StartTestBCI,Dwell_Started
17:09:01.141,EyeTracking,Test3D,Dwell_Start,Button: StartTestBCI,Dwell_Started
17:09:01.153,EyeTracking,Test3D,Dwell_Start,Button: StartTestBCI,Dwell_Started
17:09:01.163,EyeTracking,Test3D,Dwell_Start,Button: StartTestBCI,Dwell_Started
17:09:01.175,EyeTracking,Test3D,Dwell_Start,Button: StartTestBCI,Dwell_Started
17:09:01.186,EyeTracking,Test3D,Dwell_Start,Button: StartTestBCI,Dwell_Started
17:09:01.196,EyeTracking,Test3D,Dwell_Start,Button: StartTestBCI,Dwell_Started
17:09:01.208,EyeTracking,Test3D,Dwell_Start,Button: StartTestBCI,Dwell_Started
17:09:01.219,EyeTracking,Test3D,Dwell_Start,Button: StartTestBCI,Dwell_Started
17:09:01.231,EyeTracking,Test3D,Dwell_Start,Button: StartTestBCI,Dwell_Started
17:09:01.241,EyeTracking,Test3D,Dwell_Start,Button: StartTestBCI,Dwell_Started
17:09:01.251,EyeTracking,Test3D,Dwell_Start,Button: StartTestBCI,Dwell_Started
17:09:01.263,EyeTracking,Test3D,Dwell_Start,Button: StartTestBCI,Dwell_Started
17:09:01.274,EyeTracking,Test3D,Dwell_Start,Button: StartTestBCI,Dwell_Started
17:09:01.285,EyeTracking,Test3D,Dwell_Start,Button: StartTestBCI,Dwell_Started
17:09:01.295,EyeTracking,Test3D,Dwell_Start,Button: StartTestBCI,Dwell_Started
17:09:01.310,EyeTracking,Test3D,Dwell_Start,Button: StartTestBCI,Dwell_Started
17:09:01.319,EyeTracking,Test3D,Dwell_Start,Button: StartTestBCI,Dwell_Started
17:09:01.330,EyeTracking,Test3D,Dwell_Start,Button: StartTestBCI,Dwell_Started
17:09:01.341,EyeTracking,Test3D,Dwell_Start,Button: StartTestBCI,Dwell_Started
17:09:01.352,EyeTracking,Test3D,Dwell_Start,Button: StartTestBCI,Dwell_Started
17:09:01.362,EyeTracking,Test3D,Dwell_Start,Button: StartTestBCI,Dwell_Started
17:09:01.374,EyeTracking,Test3D,Dwell_Start,Button: StartTestBCI,Dwell_Started
17:09:01.385,EyeTracking,Test3D,Dwell_Start,Button: StartTestBCI,Dwell_Started
17:09:01.395,EyeTracking,Test3D,Dwell_Start,Button: StartTestBCI,Dwell_Started
17:09:01.408,EyeTracking,Test3D,Dwell_Start,Button: StartTestBCI,Dwell_Started
17:09:01.418,EyeTracking,Test3D,Dwell_Start,Button: StartTestBCI,Dwell_Started
17:09:01.429,EyeTracking,Test3D,Dwell_Start,Button: StartTestBCI,Dwell_Started
17:09:01.441,EyeTracking,Test3D,Dwell_Start,Button: StartTestBCI,Dwell_Started
17:09:01.452,EyeTracking,Test3D,Dwell_Start,Button: StartTestBCI,Dwell_Started
17:09:01.463,EyeTracking,Test3D,Dwell_Start,Button: StartTestBCI,Dwell_Started
17:09:01.475,EyeTracking,Test3D,Dwell_Start,Button: StartTestBCI,Dwell_Started
17:09:01.484,EyeTracking,Test3D,Dwell_Start,Button: StartTestBCI,Dwell_Started
17:09:01.496,EyeTracking,Test3D,Dwell_Start,Button: StartTestBCI,Dwell_Started
17:09:01.508,EyeTracking,Test3D,Dwell_Start,Button: StartTestBCI,Dwell_Started
17:09:01.518,EyeTracking,Test3D,Dwell_Start,Button: StartTestBCI,Dwell_Started
17:09:01.530,EyeTracking,Test3D,Dwell_Start,Button: StartTestBCI,Dwell_Started
17:09:01.541,EyeTracking,Test3D,Dwell_Start,Button: StartTestBCI,Dwell_Started
17:09:01.552,EyeTracking,Test3D,Dwell_Start,Button: StartTestBCI,Dwell_Started
17:09:01.564,EyeTracking,Test3D,Dwell_Start,Button: StartTestBCI,Dwell_Started
17:09:01.574,EyeTracking,Test3D,Dwell_Start,Button: StartTestBCI,Dwell_Started
17:09:01.585,EyeTracking,Test3D,Dwell_Start,Button: StartTestBCI,Dwell_Started
17:09:01.596,EyeTracking,Test3D,Dwell_Start,Button: StartTestBCI,Dwell_Started
17:09:01.607,EyeTracking,Test3D,Dwell_Start,Button: StartTestBCI,Dwell_Started
17:09:01.618,EyeTracking,Test3D,Dwell_Start,Button: StartTestBCI,Dwell_Started
17:09:01.629,EyeTracking,Test3D,Dwell_Start,Button: StartTestBCI,Dwell_Started
17:09:01.640,EyeTracking,Test3D,Dwell_Start,Button: StartTestBCI,Dwell_Started
17:09:01.651,EyeTracking,Test3D,Dwell_Start,Button: StartTestBCI,Dwell_Started
17:09:01.663,EyeTracking,Test3D,Dwell_Start,Button: StartTestBCI,Dwell_Started
17:09:01.674,EyeTracking,Test3D,Dwell_Start,Button: StartTestBCI,Dwell_Started
17:09:01.685,EyeTracking,Test3D,Dwell_Start,Button: StartTestBCI,Dwell_Started
17:09:01.697,EyeTracking,Test3D,Dwell_Start,Button: StartTestBCI,Dwell_Started
17:09:01.707,EyeTracking,Test3D,Dwell_Start,Button: StartTestBCI,Dwell_Started
17:09:01.718,EyeTracking,Test3D,Dwell_Start,Button: StartTestBCI,Dwell_Started
17:09:01.729,EyeTracking,Test3D,Dwell_Start,Button: StartTestBCI,Dwell_Started
17:09:01.740,EyeTracking,Test3D,Dwell_Start,Button: StartTestBCI,Dwell_Started
17:09:01.753,EyeTracking,Test3D,Dwell_Start,Button: StartTestBCI,Dwell_Started
17:09:01.763,EyeTracking,Test3D,Dwell_Start,Button: StartTestBCI,Dwell_Started
17:09:01.774,EyeTracking,Test3D,Dwell_Start,Button: StartTestBCI,Dwell_Started
17:09:01.784,EyeTracking,Test3D,Dwell_Start,Button: StartTestBCI,Dwell_Started
17:09:01.797,EyeTracking,Test3D,Dwell_Start,Button: StartTestBCI,Dwell_Started
17:09:01.807,EyeTracking,Test3D,Dwell_Start,Button: StartTestBCI,Dwell_Started
17:09:01.818,EyeTracking,Test3D,Dwell_Start,Button: StartTestBCI,Dwell_Started
17:09:01.830,EyeTracking,Test3D,Dwell_Start,Button: StartTestBCI,Dwell_Started
17:09:01.840,EyeTracking,Test3D,Dwell_Start,Button: StartTestBCI,Dwell_Started
17:09:01.852,EyeTracking,Test3D,Dwell_Start,Button: StartTestBCI,Dwell_Started
17:09:01.861,EyeTracking,Test3D,Dwell_Start,Button: StartTestBCI,Dwell_Started
17:09:01.873,EyeTracking,Test3D,Dwell_Start,Button: StartTestBCI,Dwell_Started
17:09:01.885,EyeTracking,Test3D,Dwell_Start,Button: StartTestBCI,Dwell_Started
17:09:01.895,EyeTracking,Test3D,Dwell_Start,Button: StartTestBCI,Dwell_Started
17:09:01.907,EyeTracking,Test3D,Dwell_Start,Button: StartTestBCI,Dwell_Started
17:09:01.919,EyeTracking,Test3D,Dwell_Start,Button: StartTestBCI,Dwell_Started
17:09:01.928,EyeTracking,Test3D,Dwell_Start,Button: StartTestBCI,Dwell_Started
17:09:01.941,EyeTracking,Test3D,Dwell_Start,Button: StartTestBCI,Dwell_Started
17:09:01.951,EyeTracking,Test3D,Dwell_Start,Button: StartTestBCI,Dwell_Started
17:09:01.962,EyeTracking,Test3D,Dwell_Start,Button: StartTestBCI,Dwell_Started
17:09:01.974,EyeTracking,Test3D,Dwell_Start,Button: StartTestBCI,Dwell_Started
17:09:01.985,EyeTracking,Test3D,Dwell_Start,Button: StartTestBCI,Dwell_Started
17:09:01.995,EyeTracking,Test3D,Dwell_Start,Button: StartTestBCI,Dwell_Started
17:09:02.007,EyeTracking,Test3D,Dwell_Start,Button: StartTestBCI,Dwell_Started
17:09:02.018,EyeTracking,Test3D,Dwell_Start,Button: StartTestBCI,Dwell_Started
17:09:02.030,EyeTracking,Test3D,Dwell_Start,Button: StartTestBCI,Dwell_Started
17:09:02.040,EyeTracking,Test3D,Dwell_Start,Button: StartTestBCI,Dwell_Started
17:09:02.051,EyeTracking,Test3D,Dwell_Start,Button: StartTestBCI,Dwell_Started
17:09:02.062,EyeTracking,Test3D,Dwell_Start,Button: StartTestBCI,Dwell_Started
17:09:02.074,EyeTracking,Test3D,Dwell_Start,Button: StartTestBCI,Dwell_Started
17:09:02.084,EyeTracking,Test3D,Dwell_Start,Button: StartTestBCI,Dwell_Started
17:09:02.097,EyeTracking,Test3D,Dwell_Start,Button: StartTestBCI,Dwell_Started
17:09:02.107,EyeTracking,Test3D,Dwell_Start,Button: StartTestBCI,Dwell_Started
17:09:02.118,EyeTracking,Test3D,Dwell_Start,Button: StartTestBCI,Dwell_Started
17:09:02.128,EyeTracking,Test3D,Dwell_Start,Button: StartTestBCI,Dwell_Started
17:09:02.141,EyeTracking,Test3D,Dwell_Start,Button: StartTestBCI,Dwell_Started
17:09:02.151,EyeTracking,Test3D,Dwell_Start,Button: StartTestBCI,Dwell_Started
17:09:02.162,EyeTracking,Test3D,Dwell_Start,Button: StartTestBCI,Dwell_Started
17:09:02.174,EyeTracking,Test3D,Dwell_Start,Button: StartTestBCI,Dwell_Started
17:09:02.186,EyeTracking,Test3D,Dwell_Start,Button: StartTestBCI,Dwell_Started
17:09:02.196,EyeTracking,Test3D,Dwell_Start,Button: StartTestBCI,Dwell_Started
17:09:02.207,EyeTracking,Test3D,Dwell_Start,Button: StartTestBCI,Dwell_Started
17:09:02.218,EyeTracking,Test3D,Dwell_Start,Button: StartTestBCI,Dwell_Started
17:09:02.228,EyeTracking,Test3D,Dwell_Start,Button: StartTestBCI,Dwell_Started
17:09:02.240,EyeTracking,Test3D,Dwell_Start,Button: StartTestBCI,Dwell_Started
17:09:02.250,EyeTracking,Test3D,Dwell_Start,Button: StartTestBCI,Dwell_Started
17:09:02.262,EyeTracking,Test3D,Dwell_Start,Button: StartTestBCI,Dwell_Started
17:09:02.274,EyeTracking,Test3D,Dwell_Start,Button: StartTestBCI,Dwell_Started
17:09:02.285,EyeTracking,Test3D,Dwell_Start,Button: StartTestBCI,Dwell_Started
17:09:02.295,EyeTracking,Test3D,Dwell_Start,Button: StartTestBCI,Dwell_Started
17:09:02.306,EyeTracking,Test3D,Dwell_Start,Button: StartTestBCI,Dwell_Started
17:09:02.317,EyeTracking,Test3D,Dwell_Start,Button: StartTestBCI,Dwell_Started
17:09:02.329,EyeTracking,Test3D,Dwell_Start,Button: StartTestBCI,Dwell_Started
17:09:02.339,EyeTracking,Test3D,Dwell_Start,Button: StartTestBCI,Dwell_Started
17:09:02.352,EyeTracking,Test3D,Dwell_Start,Button: StartTestBCI,Dwell_Started
17:09:02.362,EyeTracking,Test3D,Dwell_Start,Button: StartTestBCI,Dwell_Started
17:09:02.374,EyeTracking,Test3D,Dwell_Start,Button: StartTestBCI,Dwell_Started
17:09:02.385,EyeTracking,Test3D,Dwell_Start,Button: StartTestBCI,Dwell_Started
17:09:02.396,EyeTracking,Test3D,Dwell_Start,Button: StartTestBCI,Dwell_Started
17:09:02.407,EyeTracking,Test3D,Dwell_Start,Button: StartTestBCI,Dwell_Started
17:09:02.419,EyeTracking,Test3D,Dwell_Start,Button: StartTestBCI,Dwell_Started
17:09:02.428,EyeTracking,Test3D,Dwell_Start,Button: StartTestBCI,Dwell_Started
17:09:02.441,EyeTracking,Test3D,Dwell_Start,Button: StartTestBCI,Dwell_Started
17:09:02.452,EyeTracking,Test3D,Dwell_Start,Button: StartTestBCI,Dwell_Started
17:09:02.463,EyeTracking,Test3D,Dwell_Start,Button: StartTestBCI,Dwell_Started
17:09:02.474,EyeTracking,Test3D,Dwell_Start,Button: StartTestBCI,Dwell_Started
17:09:02.484,EyeTracking,Test3D,Dwell_Start,Button: StartTestBCI,Dwell_Started
17:09:02.496,EyeTracking,Test3D,Dwell_Start,Button: StartTestBCI,Dwell_Started
17:09:02.507,EyeTracking,Test3D,Dwell_Start,Button: StartTestBCI,Dwell_Started
17:09:02.517,EyeTracking,Test3D,Dwell_Start,Button: StartTestBCI,Dwell_Started
17:09:02.528,EyeTracking,Test3D,Dwell_Start,Button: StartTestBCI,Dwell_Started
17:09:02.540,EyeTracking,Test3D,Dwell_Start,Button: StartTestBCI,Dwell_Started
17:09:02.551,EyeTracking,Test3D,Dwell_Start,Button: StartTestBCI,Dwell_Started
17:09:02.561,EyeTracking,Test3D,Dwell_Start,Button: StartTestBCI,Dwell_Started
17:09:02.573,EyeTracking,Test3D,Dwell_Start,Button: StartTestBCI,Dwell_Started
17:09:02.573,EyeTracking,Test3D,Dwell_Complete,Button: StartTestBCI,Dwelling_Completed
17:09:02.573,EyeTracking,Test3D,Flicker_Start,StartTestBCI,Flicker_Start
17:09:04.583,EyeTracking,Test3D,Flicker_End,Button: StartTestBCI,Flicker_End
17:09:04.583,EyeTracking,Test3D,Action_Executed,Button: StartTestBCI; Action: ButtonAction,Execution_Proceeding
17:09:05.201,EyeTracking,Test3D,Dwell_Start,Object: Door_Single,Dwell_Started
17:09:06.104,EyeTracking,Test3D,Gaze_Stop,Object: Door_Single,Hover_Exit
17:09:06.150,EyeTracking,Test3D,Dwell_Start,Object: Door_Single,Dwell_Started
17:09:06.338,EyeTracking,Test3D,Gaze_Stop,Object: Door_Single,Hover_Exit
17:09:06.360,EyeTracking,Test3D,Dwell_Start,Object: Door_Single,Dwell_Started
17:09:07.859,EyeTracking,Test3D,Dwell_Complete,Object: Door_Single,Dwelling_Completed
17:09:07.859,EyeTracking,Test3D,Flicker_Start,Object: Door_Single; Hz: 15,Flickering_Start
17:09:09.871,EyeTracking,Test3D,Flicker_End,Object: Door_Single,Flickering_Completed
17:09:09.871,EyeTracking,Test3D,Action_Executed,Object: Door_Single; Action: TestFinalUI,Execution_Proceeding
17:09:10.903,EyeTracking,Test3D,Hover_Enter,Button: NextTrainBCI,Hovering
17:09:10.903,EyeTracking,Test3D,Dwell_Start,Button: NextTrainBCI,Dwell_Started
17:09:10.914,EyeTracking,Test3D,Dwell_Start,Button: NextTrainBCI,Dwell_Started
17:09:10.924,EyeTracking,Test3D,Dwell_Start,Button: NextTrainBCI,Dwell_Started
17:09:10.936,EyeTracking,Test3D,Dwell_Start,Button: NextTrainBCI,Dwell_Started
17:09:10.947,EyeTracking,Test3D,Dwell_Start,Button: NextTrainBCI,Dwell_Started
17:09:10.957,EyeTracking,Test3D,Dwell_Start,Button: NextTrainBCI,Dwell_Started
17:09:10.969,EyeTracking,Test3D,Dwell_Start,Button: NextTrainBCI,Dwell_Started
17:09:10.981,EyeTracking,Test3D,Dwell_Start,Button: NextTrainBCI,Dwell_Started
17:09:10.991,EyeTracking,Test3D,Dwell_Start,Button: NextTrainBCI,Dwell_Started
17:09:11.003,EyeTracking,Test3D,Dwell_Start,Button: NextTrainBCI,Dwell_Started
17:09:11.014,EyeTracking,Test3D,Dwell_Start,Button: NextTrainBCI,Dwell_Started
17:09:11.025,EyeTracking,Test3D,Dwell_Start,Button: NextTrainBCI,Dwell_Started
17:09:11.036,EyeTracking,Test3D,Dwell_Start,Button: NextTrainBCI,Dwell_Started
17:09:11.048,EyeTracking,Test3D,Dwell_Start,Button: NextTrainBCI,Dwell_Started
17:09:11.058,EyeTracking,Test3D,Dwell_Start,Button: NextTrainBCI,Dwell_Started
17:09:11.069,EyeTracking,Test3D,Dwell_Start,Button: NextTrainBCI,Dwell_Started
17:09:11.081,EyeTracking,Test3D,Dwell_Start,Button: NextTrainBCI,Dwell_Started
17:09:11.091,EyeTracking,Test3D,Dwell_Start,Button: NextTrainBCI,Dwell_Started
17:09:11.103,EyeTracking,Test3D,Dwell_Start,Button: NextTrainBCI,Dwell_Started
17:09:11.113,EyeTracking,Test3D,Dwell_Start,Button: NextTrainBCI,Dwell_Started
17:09:11.124,EyeTracking,Test3D,Dwell_Start,Button: NextTrainBCI,Dwell_Started
17:09:11.136,EyeTracking,Test3D,Dwell_Start,Button: NextTrainBCI,Dwell_Started
17:09:11.147,EyeTracking,Test3D,Dwell_Start,Button: NextTrainBCI,Dwell_Started
17:09:11.159,EyeTracking,Test3D,Dwell_Start,Button: NextTrainBCI,Dwell_Started
17:09:11.169,EyeTracking,Test3D,Dwell_Start,Button: NextTrainBCI,Dwell_Started
17:09:11.180,EyeTracking,Test3D,Dwell_Start,Button: NextTrainBCI,Dwell_Started
17:09:11.192,EyeTracking,Test3D,Dwell_Start,Button: NextTrainBCI,Dwell_Started
17:09:11.202,EyeTracking,Test3D,Dwell_Start,Button: NextTrainBCI,Dwell_Started
17:09:11.213,EyeTracking,Test3D,Dwell_Start,Button: NextTrainBCI,Dwell_Started
17:09:11.224,EyeTracking,Test3D,Dwell_Start,Button: NextTrainBCI,Dwell_Started
17:09:11.236,EyeTracking,Test3D,Dwell_Start,Button: NextTrainBCI,Dwell_Started
17:09:11.247,EyeTracking,Test3D,Dwell_Start,Button: NextTrainBCI,Dwell_Started
17:09:11.258,EyeTracking,Test3D,Dwell_Start,Button: NextTrainBCI,Dwell_Started
17:09:11.268,EyeTracking,Test3D,Dwell_Start,Button: NextTrainBCI,Dwell_Started
17:09:11.280,EyeTracking,Test3D,Dwell_Start,Button: NextTrainBCI,Dwell_Started
17:09:11.291,EyeTracking,Test3D,Dwell_Start,Button: NextTrainBCI,Dwell_Started
17:09:11.303,EyeTracking,Test3D,Dwell_Start,Button: NextTrainBCI,Dwell_Started
17:09:11.313,EyeTracking,Test3D,Dwell_Start,Button: NextTrainBCI,Dwell_Started
17:09:11.324,EyeTracking,Test3D,Dwell_Start,Button: NextTrainBCI,Dwell_Started
17:09:11.335,EyeTracking,Test3D,Dwell_Start,Button: NextTrainBCI,Dwell_Started
17:09:11.346,EyeTracking,Test3D,Dwell_Start,Button: NextTrainBCI,Dwell_Started
17:09:11.358,EyeTracking,Test3D,Hover_Exit,Button: NextTrainBCI,Hover_Exit
