Time,Experiment,Phase,Event,Detail,Action
14:51:59.417,EyeTracking,SettingUI,LSLCommMgr,Resolving Stream,BCIBackend (type: 'BCIResult')
14:52:02.420,EyeTracking,SettingUI,LSLCommMgr,Stream Not Found,Scheduling reconnect in 5s.
14:52:02.421,EyeTracking,SettingUI,LSLCommMgr,Reconnecting,Reconnecting in 5s
14:52:02.428,EyeTracking,SettingUI,Experiment_Start,EyeTracking,
14:52:02.428,EyeTracking,SettingUI,Phase_Start,SettingUI,
14:52:08.845,EyeTracking,SettingUI,LSLCommMgr,Resolving Stream,BCIBackend (type: 'BCIResult')
14:52:08.859,EyeTracking,SettingUI,LSL_Connected,BCIBackend,BCI_Stream_Open
14:52:08.860,EyeTracking,SettingUI,LSL_Logger,2026-06-12 14:52:08.859;EyeTracking;SettingUI;LSL_Connected;BCIBackend;BCI_Stream_Open,MarkerSent
14:52:12.932,EyeTracking,SettingUI,LSL_Logger,2026-06-12 14:52:12.932;EyeTracking;SettingUI;Eye_Closed;eye_tracking;Eye_Closed,MarkerSent
14:52:12.932,EyeTracking,SettingUI,Eye_Closed,eye_tracking,Eye_Closed
14:52:13.041,EyeTracking,SettingUI,LSL_Logger,2026-06-12 14:52:13.041;EyeTracking;SettingUI;Eye_Opened;eye_tracking;Eye_Opened,MarkerSent
14:52:13.041,EyeTracking,SettingUI,Eye_Opened,eye_tracking,Eye_Opened
14:52:14.864,EyeTracking,SettingUI,LSL_Logger,2026-06-12 14:52:14.864;EyeTracking;SettingUI;Eye_Closed;eye_tracking;Eye_Closed,MarkerSent
14:52:14.864,EyeTracking,SettingUI,Eye_Closed,eye_tracking,Eye_Closed
14:52:14.929,EyeTracking,SettingUI,LSL_Logger,2026-06-12 14:52:14.929;EyeTracking;SettingUI;Eye_Opened;eye_tracking;Eye_Opened,MarkerSent
14:52:14.929,EyeTracking,SettingUI,Eye_Opened,eye_tracking,Eye_Opened
14:52:15.661,EyeTracking,SettingUI,LSL_Logger,2026-06-12 14:52:15.661;EyeTracking;SettingUI;Eye_Closed;eye_tracking;Eye_Closed,MarkerSent
14:52:15.661,EyeTracking,SettingUI,Eye_Closed,eye_tracking,Eye_Closed
14:52:15.782,EyeTracking,SettingUI,LSL_Logger,2026-06-12 14:52:15.782;EyeTracking;SettingUI;Eye_Opened;eye_tracking;Eye_Opened,MarkerSent
14:52:15.782,EyeTracking,SettingUI,Eye_Opened,eye_tracking,Eye_Opened
14:52:17.365,EyeTracking,SettingUI,Hover_Enter,Button: demoIntroScene,Hovering
14:52:17.367,EyeTracking,SettingUI,LSL_Logger,2026-06-12 14:52:17.365;EyeTracking;SettingUI;Hover_Enter;Button: demoIntroScene;Hovering,MarkerSent
14:52:17.376,EyeTracking,SettingUI,Hover_Exit,Button: demoIntroScene,Hover_Exit
14:52:17.376,EyeTracking,SettingUI,LSL_Logger,2026-06-12 14:52:17.376;EyeTracking;SettingUI;Hover_Exit;Button: demoIntroScene;Hover_Exit,MarkerSent
14:52:17.938,EyeTracking,SettingUI,Hover_Enter,Button: demoIntroScene,Hovering
14:52:17.938,EyeTracking,SettingUI,LSL_Logger,2026-06-12 14:52:17.938;EyeTracking;SettingUI;Hover_Enter;Button: demoIntroScene;Hovering,MarkerSent
14:52:18.226,EyeTracking,SettingUI,Hover_Exit,Button: demoIntroScene,Hover_Exit
14:52:18.226,EyeTracking,SettingUI,LSL_Logger,2026-06-12 14:52:18.226;EyeTracking;SettingUI;Hover_Exit;Button: demoIntroScene;Hover_Exit,MarkerSent
14:52:21.427,EyeTracking,SettingUI,LSL_Logger,2026-06-12 14:52:21.427;EyeTracking;SettingUI;Eye_Closed;eye_tracking;Eye_Closed,MarkerSent
14:52:21.427,EyeTracking,SettingUI,Eye_Closed,eye_tracking,Eye_Closed
14:52:21.493,EyeTracking,SettingUI,LSL_Logger,2026-06-12 14:52:21.493;EyeTracking;SettingUI;Eye_Opened;eye_tracking;Eye_Opened,MarkerSent
14:52:21.493,EyeTracking,SettingUI,Eye_Opened,eye_tracking,Eye_Opened
14:52:21.647,EyeTracking,SettingUI,LSL_Logger,2026-06-12 14:52:21.647;EyeTracking;SettingUI;Eye_Closed;eye_tracking;Eye_Closed,MarkerSent
14:52:21.647,EyeTracking,SettingUI,Eye_Closed,eye_tracking,Eye_Closed
14:52:21.660,EyeTracking,SettingUI,LSL_Logger,2026-06-12 14:52:21.660;EyeTracking;SettingUI;Eye_Opened;eye_tracking;Eye_Opened,MarkerSent
14:52:21.660,EyeTracking,SettingUI,Eye_Opened,eye_tracking,Eye_Opened
14:52:21.681,EyeTracking,SettingUI,LSL_Logger,2026-06-12 14:52:21.681;EyeTracking;SettingUI;Eye_Closed;eye_tracking;Eye_Closed,MarkerSent
14:52:21.681,EyeTracking,SettingUI,Eye_Closed,eye_tracking,Eye_Closed
14:52:21.697,EyeTracking,SettingUI,LSL_Logger,2026-06-12 14:52:21.697;EyeTracking;SettingUI;Eye_Opened;eye_tracking;Eye_Opened,MarkerSent
14:52:21.697,EyeTracking,SettingUI,Eye_Opened,eye_tracking,Eye_Opened
14:52:24.158,EyeTracking,SettingUI,LSL_Logger,2026-06-12 14:52:24.158;EyeTracking;SettingUI;Eye_Closed;eye_tracking;Eye_Closed,MarkerSent
14:52:24.158,EyeTracking,SettingUI,Eye_Closed,eye_tracking,Eye_Closed
14:52:24.358,EyeTracking,SettingUI,LSL_Logger,2026-06-12 14:52:24.358;EyeTracking;SettingUI;Eye_Opened;eye_tracking;Eye_Opened,MarkerSent
14:52:24.358,EyeTracking,SettingUI,Eye_Opened,eye_tracking,Eye_Opened
14:52:25.558,EyeTracking,SettingUI,LSL_Logger,2026-06-12 14:52:25.558;EyeTracking;SettingUI;Eye_Closed;eye_tracking;Eye_Closed,MarkerSent
14:52:25.558,EyeTracking,SettingUI,Eye_Closed,eye_tracking,Eye_Closed
14:52:25.712,EyeTracking,SettingUI,LSL_Logger,2026-06-12 14:52:25.712;EyeTracking;SettingUI;Eye_Opened;eye_tracking;Eye_Opened,MarkerSent
14:52:25.712,EyeTracking,SettingUI,Eye_Opened,eye_tracking,Eye_Opened
14:52:27.679,EyeTracking,SettingUI,LSL_Logger,2026-06-12 14:52:27.679;EyeTracking;SettingUI;Eye_Closed;eye_tracking;Eye_Closed,MarkerSent
14:52:27.679,EyeTracking,SettingUI,Eye_Closed,eye_tracking,Eye_Closed
14:52:27.824,EyeTracking,SettingUI,LSL_Logger,2026-06-12 14:52:27.824;EyeTracking;SettingUI;Eye_Opened;eye_tracking;Eye_Opened,MarkerSent
14:52:27.824,EyeTracking,SettingUI,Eye_Opened,eye_tracking,Eye_Opened
14:52:29.025,EyeTracking,SettingUI,LSL_Logger,2026-06-12 14:52:29.025;EyeTracking;SettingUI;Eye_Closed;eye_tracking;Eye_Closed,MarkerSent
14:52:29.025,EyeTracking,SettingUI,Eye_Closed,eye_tracking,Eye_Closed
14:52:29.046,EyeTracking,SettingUI,LSL_Logger,2026-06-12 14:52:29.046;EyeTracking;SettingUI;Eye_Opened;eye_tracking;Eye_Opened,MarkerSent
14:52:29.046,EyeTracking,SettingUI,Eye_Opened,eye_tracking,Eye_Opened
14:52:32.355,EyeTracking,SettingUI,LSL_Logger,2026-06-12 14:52:32.355;EyeTracking;SettingUI;Eye_Closed;eye_tracking;Eye_Closed,MarkerSent
14:52:32.355,EyeTracking,SettingUI,Eye_Closed,eye_tracking,Eye_Closed
14:52:32.711,EyeTracking,SettingUI,LSL_Logger,2026-06-12 14:52:32.711;EyeTracking;SettingUI;Eye_Opened;eye_tracking;Eye_Opened,MarkerSent
14:52:32.711,EyeTracking,SettingUI,Eye_Opened,eye_tracking,Eye_Opened
14:52:33.877,EyeTracking,SettingUI,LSL_Logger,2026-06-12 14:52:33.877;EyeTracking;SettingUI;Eye_Closed;eye_tracking;Eye_Closed,MarkerSent
14:52:33.877,EyeTracking,SettingUI,Eye_Closed,eye_tracking,Eye_Closed
14:52:34.078,EyeTracking,SettingUI,LSL_Logger,2026-06-12 14:52:34.078;EyeTracking;SettingUI;Eye_Opened;eye_tracking;Eye_Opened,MarkerSent
14:52:34.078,EyeTracking,SettingUI,Eye_Opened,eye_tracking,Eye_Opened
14:52:37.753,EyeTracking,SettingUI,LSL_Logger,2026-06-12 14:52:37.753;EyeTracking;SettingUI;Eye_Closed;eye_tracking;Eye_Closed,MarkerSent
14:52:37.753,EyeTracking,SettingUI,Eye_Closed,eye_tracking,Eye_Closed
14:52:37.839,EyeTracking,SettingUI,LSL_Logger,2026-06-12 14:52:37.839;EyeTracking;SettingUI;Eye_Opened;eye_tracking;Eye_Opened,MarkerSent
14:52:37.839,EyeTracking,SettingUI,Eye_Opened,eye_tracking,Eye_Opened
14:52:39.506,EyeTracking,SettingUI,LSL_Logger,2026-06-12 14:52:39.506;EyeTracking;SettingUI;Eye_Closed;eye_tracking;Eye_Closed,MarkerSent
14:52:39.506,EyeTracking,SettingUI,Eye_Closed,eye_tracking,Eye_Closed
14:52:39.827,EyeTracking,SettingUI,LSL_Logger,2026-06-12 14:52:39.827;EyeTracking;SettingUI;Eye_Opened;eye_tracking;Eye_Opened,MarkerSent
14:52:39.827,EyeTracking,SettingUI,Eye_Opened,eye_tracking,Eye_Opened
14:52:41.439,EyeTracking,SettingUI,LSL_Logger,2026-06-12 14:52:41.439;EyeTracking;SettingUI;Eye_Closed;eye_tracking;Eye_Closed,MarkerSent
14:52:41.439,EyeTracking,SettingUI,Eye_Closed,eye_tracking,Eye_Closed
14:52:41.604,EyeTracking,SettingUI,LSL_Logger,2026-06-12 14:52:41.604;EyeTracking;SettingUI;Eye_Opened;eye_tracking;Eye_Opened,MarkerSent
14:52:41.604,EyeTracking,SettingUI,Eye_Opened,eye_tracking,Eye_Opened
14:52:42.262,EyeTracking,SettingUI,LSL_Logger,2026-06-12 14:52:42.262;EyeTracking;SettingUI;Eye_Closed;eye_tracking;Eye_Closed,MarkerSent
14:52:42.262,EyeTracking,SettingUI,Eye_Closed,eye_tracking,Eye_Closed
14:52:42.372,EyeTracking,SettingUI,LSL_Logger,2026-06-12 14:52:42.372;EyeTracking;SettingUI;Eye_Opened;eye_tracking;Eye_Opened,MarkerSent
14:52:42.372,EyeTracking,SettingUI,Eye_Opened,eye_tracking,Eye_Opened
14:52:42.803,EyeTracking,SettingUI,LSL_Logger,2026-06-12 14:52:42.803;EyeTracking;SettingUI;Eye_Closed;eye_tracking;Eye_Closed,MarkerSent
14:52:42.803,EyeTracking,SettingUI,Eye_Closed,eye_tracking,Eye_Closed
14:52:42.936,EyeTracking,SettingUI,LSL_Logger,2026-06-12 14:52:42.936;EyeTracking;SettingUI;Eye_Opened;eye_tracking;Eye_Opened,MarkerSent
14:52:42.936,EyeTracking,SettingUI,Eye_Opened,eye_tracking,Eye_Opened
14:52:44.921,EyeTracking,SettingUI,LSL_Logger,2026-06-12 14:52:44.921;EyeTracking;SettingUI;Eye_Closed;eye_tracking;Eye_Closed,MarkerSent
14:52:44.921,EyeTracking,SettingUI,Eye_Closed,eye_tracking,Eye_Closed
14:52:45.110,EyeTracking,SettingUI,LSL_Logger,2026-06-12 14:52:45.110;EyeTracking;SettingUI;Eye_Opened;eye_tracking;Eye_Opened,MarkerSent
14:52:45.110,EyeTracking,SettingUI,Eye_Opened,eye_tracking,Eye_Opened
14:52:45.825,EyeTracking,SettingUI,LSL_Logger,2026-06-12 14:52:45.825;EyeTracking;SettingUI;Eye_Closed;eye_tracking;Eye_Closed,MarkerSent
14:52:45.825,EyeTracking,SettingUI,Eye_Closed,eye_tracking,Eye_Closed
14:52:46.158,EyeTracking,SettingUI,LSL_Logger,2026-06-12 14:52:46.158;EyeTracking;SettingUI;Eye_Opened;eye_tracking;Eye_Opened,MarkerSent
14:52:46.158,EyeTracking,SettingUI,Eye_Opened,eye_tracking,Eye_Opened
14:52:49.234,EyeTracking,SettingUI,LSL_Logger,2026-06-12 14:52:49.234;EyeTracking;SettingUI;Eye_Closed;eye_tracking;Eye_Closed,MarkerSent
14:52:49.234,EyeTracking,SettingUI,Eye_Closed,eye_tracking,Eye_Closed
14:52:49.421,EyeTracking,SettingUI,LSL_Logger,2026-06-12 14:52:49.421;EyeTracking;SettingUI;Eye_Opened;eye_tracking;Eye_Opened,MarkerSent
14:52:49.421,EyeTracking,SettingUI,Eye_Opened,eye_tracking,Eye_Opened
14:52:50.624,EyeTracking,SettingUI,LSL_Logger,2026-06-12 14:52:50.624;EyeTracking;SettingUI;Eye_Closed;eye_tracking;Eye_Closed,MarkerSent
14:52:50.624,EyeTracking,SettingUI,Eye_Closed,eye_tracking,Eye_Closed
14:52:50.844,EyeTracking,SettingUI,LSL_Logger,2026-06-12 14:52:50.844;EyeTracking;SettingUI;Eye_Opened;eye_tracking;Eye_Opened,MarkerSent
14:52:50.844,EyeTracking,SettingUI,Eye_Opened,eye_tracking,Eye_Opened
14:52:54.899,EyeTracking,SettingUI,LSL_Logger,2026-06-12 14:52:54.899;EyeTracking;SettingUI;Eye_Closed;eye_tracking;Eye_Closed,MarkerSent
14:52:54.899,EyeTracking,SettingUI,Eye_Closed,eye_tracking,Eye_Closed
14:52:55.120,EyeTracking,SettingUI,LSL_Logger,2026-06-12 14:52:55.120;EyeTracking;SettingUI;Eye_Opened;eye_tracking;Eye_Opened,MarkerSent
14:52:55.120,EyeTracking,SettingUI,Eye_Opened,eye_tracking,Eye_Opened
14:52:57.663,EyeTracking,SettingUI,LSL_Logger,2026-06-12 14:52:57.663;EyeTracking;SettingUI;Eye_Closed;eye_tracking;Eye_Closed,MarkerSent
14:52:57.663,EyeTracking,SettingUI,Eye_Closed,eye_tracking,Eye_Closed
14:52:57.854,EyeTracking,SettingUI,LSL_Logger,2026-06-12 14:52:57.854;EyeTracking;SettingUI;Eye_Opened;eye_tracking;Eye_Opened,MarkerSent
14:52:57.854,EyeTracking,SettingUI,Eye_Opened,eye_tracking,Eye_Opened
14:52:59.629,EyeTracking,SettingUI,LSL_Logger,2026-06-12 14:52:59.629;EyeTracking;SettingUI;Eye_Closed;eye_tracking;Eye_Closed,MarkerSent
14:52:59.629,EyeTracking,SettingUI,Eye_Closed,eye_tracking,Eye_Closed
14:52:59.840,EyeTracking,SettingUI,LSL_Logger,2026-06-12 14:52:59.840;EyeTracking;SettingUI;Eye_Opened;eye_tracking;Eye_Opened,MarkerSent
14:52:59.840,EyeTracking,SettingUI,Eye_Opened,eye_tracking,Eye_Opened
14:53:00.585,EyeTracking,SettingUI,LSL_Logger,2026-06-12 14:53:00.585;EyeTracking;SettingUI;Eye_Closed;eye_tracking;Eye_Closed,MarkerSent
14:53:00.585,EyeTracking,SettingUI,Eye_Closed,eye_tracking,Eye_Closed
14:53:00.619,EyeTracking,SettingUI,LSL_Logger,2026-06-12 14:53:00.619;EyeTracking;SettingUI;Eye_Opened;eye_tracking;Eye_Opened,MarkerSent
14:53:00.619,EyeTracking,SettingUI,Eye_Opened,eye_tracking,Eye_Opened
14:53:01.862,EyeTracking,SettingUI,LSL_Logger,2026-06-12 14:53:01.862;EyeTracking;SettingUI;Eye_Closed;eye_tracking;Eye_Closed,MarkerSent
14:53:01.862,EyeTracking,SettingUI,Eye_Closed,eye_tracking,Eye_Closed
14:53:01.952,EyeTracking,SettingUI,LSL_Logger,2026-06-12 14:53:01.952;EyeTracking;SettingUI;Eye_Opened;eye_tracking;Eye_Opened,MarkerSent
14:53:01.952,EyeTracking,SettingUI,Eye_Opened,eye_tracking,Eye_Opened
14:53:02.883,EyeTracking,SettingUI,LSL_Logger,2026-06-12 14:53:02.883;EyeTracking;SettingUI;Eye_Closed;eye_tracking;Eye_Closed,MarkerSent
14:53:02.883,EyeTracking,SettingUI,Eye_Closed,eye_tracking,Eye_Closed
14:53:02.949,EyeTracking,SettingUI,LSL_Logger,2026-06-12 14:53:02.949;EyeTracking;SettingUI;Eye_Opened;eye_tracking;Eye_Opened,MarkerSent
14:53:02.949,EyeTracking,SettingUI,Eye_Opened,eye_tracking,Eye_Opened
14:53:03.782,EyeTracking,SettingUI,LSL_Logger,2026-06-12 14:53:03.782;EyeTracking;SettingUI;Eye_Closed;eye_tracking;Eye_Closed,MarkerSent
14:53:03.782,EyeTracking,SettingUI,Eye_Closed,eye_tracking,Eye_Closed
14:53:03.839,EyeTracking,SettingUI,LSL_Logger,2026-06-12 14:53:03.839;EyeTracking;SettingUI;Eye_Opened;eye_tracking;Eye_Opened,MarkerSent
14:53:03.839,EyeTracking,SettingUI,Eye_Opened,eye_tracking,Eye_Opened
14:53:04.316,EyeTracking,SettingUI,LSL_Logger,2026-06-12 14:53:04.316;EyeTracking;SettingUI;Eye_Closed;eye_tracking;Eye_Closed,MarkerSent
14:53:04.316,EyeTracking,SettingUI,Eye_Closed,eye_tracking,Eye_Closed
14:53:04.438,EyeTracking,SettingUI,LSL_Logger,2026-06-12 14:53:04.438;EyeTracking;SettingUI;Eye_Opened;eye_tracking;Eye_Opened,MarkerSent
14:53:04.438,EyeTracking,SettingUI,Eye_Opened,eye_tracking,Eye_Opened
14:53:04.961,EyeTracking,SettingUI,LSL_Logger,2026-06-12 14:53:04.961;EyeTracking;SettingUI;Eye_Closed;eye_tracking;Eye_Closed,MarkerSent
14:53:04.961,EyeTracking,SettingUI,Eye_Closed,eye_tracking,Eye_Closed
14:53:05.083,EyeTracking,SettingUI,LSL_Logger,2026-06-12 14:53:05.083;EyeTracking;SettingUI;Eye_Opened;eye_tracking;Eye_Opened,MarkerSent
14:53:05.083,EyeTracking,SettingUI,Eye_Opened,eye_tracking,Eye_Opened
14:53:05.838,EyeTracking,SettingUI,LSL_Logger,2026-06-12 14:53:05.838;EyeTracking;SettingUI;Eye_Closed;eye_tracking;Eye_Closed,MarkerSent
14:53:05.838,EyeTracking,SettingUI,Eye_Closed,eye_tracking,Eye_Closed
14:53:06.003,EyeTracking,SettingUI,LSL_Logger,2026-06-12 14:53:06.003;EyeTracking;SettingUI;Eye_Opened;eye_tracking;Eye_Opened,MarkerSent
14:53:06.003,EyeTracking,SettingUI,Eye_Opened,eye_tracking,Eye_Opened
14:53:06.280,EyeTracking,SettingUI,LSL_Logger,2026-06-12 14:53:06.280;EyeTracking;SettingUI;Eye_Closed;eye_tracking;Eye_Closed,MarkerSent
14:53:06.280,EyeTracking,SettingUI,Eye_Closed,eye_tracking,Eye_Closed
14:53:06.424,EyeTracking,SettingUI,LSL_Logger,2026-06-12 14:53:06.424;EyeTracking;SettingUI;Eye_Opened;eye_tracking;Eye_Opened,MarkerSent
14:53:06.424,EyeTracking,SettingUI,Eye_Opened,eye_tracking,Eye_Opened
14:53:07.248,EyeTracking,SettingUI,LSL_Logger,2026-06-12 14:53:07.248;EyeTracking;SettingUI;Eye_Closed;eye_tracking;Eye_Closed,MarkerSent
14:53:07.248,EyeTracking,SettingUI,Eye_Closed,eye_tracking,Eye_Closed
14:53:07.347,EyeTracking,SettingUI,LSL_Logger,2026-06-12 14:53:07.347;EyeTracking;SettingUI;Eye_Opened;eye_tracking;Eye_Opened,MarkerSent
14:53:07.347,EyeTracking,SettingUI,Eye_Opened,eye_tracking,Eye_Opened
14:53:08.503,EyeTracking,SettingUI,LSL_Logger,2026-06-12 14:53:08.503;EyeTracking;SettingUI;Eye_Closed;eye_tracking;Eye_Closed,MarkerSent
14:53:08.503,EyeTracking,SettingUI,Eye_Closed,eye_tracking,Eye_Closed
14:53:08.549,EyeTracking,SettingUI,LSL_Logger,2026-06-12 14:53:08.549;EyeTracking;SettingUI;Eye_Opened;eye_tracking;Eye_Opened,MarkerSent
14:53:08.549,EyeTracking,SettingUI,Eye_Opened,eye_tracking,Eye_Opened
14:53:09.102,EyeTracking,SettingUI,LSL_Logger,2026-06-12 14:53:09.102;EyeTracking;SettingUI;Eye_Closed;eye_tracking;Eye_Closed,MarkerSent
14:53:09.102,EyeTracking,SettingUI,Eye_Closed,eye_tracking,Eye_Closed
14:53:09.181,EyeTracking,SettingUI,LSL_Logger,2026-06-12 14:53:09.181;EyeTracking;SettingUI;Eye_Opened;eye_tracking;Eye_Opened,MarkerSent
14:53:09.181,EyeTracking,SettingUI,Eye_Opened,eye_tracking,Eye_Opened
14:53:09.802,EyeTracking,SettingUI,LSL_Logger,2026-06-12 14:53:09.802;EyeTracking;SettingUI;Eye_Closed;eye_tracking;Eye_Closed,MarkerSent
14:53:09.802,EyeTracking,SettingUI,Eye_Closed,eye_tracking,Eye_Closed
14:53:10.178,EyeTracking,SettingUI,LSL_Logger,2026-06-12 14:53:10.178;EyeTracking;SettingUI;Eye_Opened;eye_tracking;Eye_Opened,MarkerSent
14:53:10.178,EyeTracking,SettingUI,Eye_Opened,eye_tracking,Eye_Opened
14:53:10.500,EyeTracking,SettingUI,LSL_Logger,2026-06-12 14:53:10.500;EyeTracking;SettingUI;Eye_Closed;eye_tracking;Eye_Closed,MarkerSent
14:53:10.500,EyeTracking,SettingUI,Eye_Closed,eye_tracking,Eye_Closed
14:53:10.720,EyeTracking,SettingUI,LSL_Logger,2026-06-12 14:53:10.720;EyeTracking;SettingUI;Eye_Opened;eye_tracking;Eye_Opened,MarkerSent
14:53:10.720,EyeTracking,SettingUI,Eye_Opened,eye_tracking,Eye_Opened
14:53:10.997,EyeTracking,SettingUI,LSL_Logger,2026-06-12 14:53:10.997;EyeTracking;SettingUI;Eye_Closed;eye_tracking;Eye_Closed,MarkerSent
14:53:10.997,EyeTracking,SettingUI,Eye_Closed,eye_tracking,Eye_Closed
14:53:11.207,EyeTracking,SettingUI,LSL_Logger,2026-06-12 14:53:11.207;EyeTracking;SettingUI;Eye_Opened;eye_tracking;Eye_Opened,MarkerSent
14:53:11.207,EyeTracking,SettingUI,Eye_Opened,eye_tracking,Eye_Opened
14:53:15.133,EyeTracking,SettingUI,LSL_Logger,2026-06-12 14:53:15.133;EyeTracking;SettingUI;Eye_Closed;eye_tracking;Eye_Closed,MarkerSent
14:53:15.133,EyeTracking,SettingUI,Eye_Closed,eye_tracking,Eye_Closed
14:53:15.200,EyeTracking,SettingUI,LSL_Logger,2026-06-12 14:53:15.200;EyeTracking;SettingUI;Eye_Opened;eye_tracking;Eye_Opened,MarkerSent
14:53:15.200,EyeTracking,SettingUI,Eye_Opened,eye_tracking,Eye_Opened
14:53:15.885,EyeTracking,SettingUI,LSL_Logger,2026-06-12 14:53:15.884;EyeTracking;SettingUI;Eye_Closed;eye_tracking;Eye_Closed,MarkerSent
14:53:15.885,EyeTracking,SettingUI,Eye_Closed,eye_tracking,Eye_Closed
14:53:15.920,EyeTracking,SettingUI,LSL_Logger,2026-06-12 14:53:15.920;EyeTracking;SettingUI;Eye_Opened;eye_tracking;Eye_Opened,MarkerSent
14:53:15.920,EyeTracking,SettingUI,Eye_Opened,eye_tracking,Eye_Opened
14:53:16.987,EyeTracking,SettingUI,Hover_Enter,Button: demoIntroScene,Hovering
14:53:16.987,EyeTracking,SettingUI,LSL_Logger,2026-06-12 14:53:16.987;EyeTracking;SettingUI;Hover_Enter;Button: demoIntroScene;Hovering,MarkerSent
14:53:16.999,EyeTracking,SettingUI,Hover_Exit,Button: demoIntroScene,Hover_Exit
14:53:16.999,EyeTracking,SettingUI,LSL_Logger,2026-06-12 14:53:16.999;EyeTracking;SettingUI;Hover_Exit;Button: demoIntroScene;Hover_Exit,MarkerSent
14:53:21.963,EyeTracking,SettingUI,LSL_Logger,2026-06-12 14:53:21.963;EyeTracking;SettingUI;Eye_Closed;eye_tracking;Eye_Closed,MarkerSent
14:53:21.963,EyeTracking,SettingUI,Eye_Closed,eye_tracking,Eye_Closed
14:53:22.063,EyeTracking,SettingUI,LSL_Logger,2026-06-12 14:53:22.063;EyeTracking;SettingUI;Eye_Opened;eye_tracking;Eye_Opened,MarkerSent
14:53:22.063,EyeTracking,SettingUI,Eye_Opened,eye_tracking,Eye_Opened
14:53:23.039,EyeTracking,SettingUI,LSL_Logger,2026-06-12 14:53:23.039;EyeTracking;SettingUI;Eye_Closed;eye_tracking;Eye_Closed,MarkerSent
14:53:23.039,EyeTracking,SettingUI,Eye_Closed,eye_tracking,Eye_Closed
14:53:23.141,EyeTracking,SettingUI,LSL_Logger,2026-06-12 14:53:23.141;EyeTracking;SettingUI;Eye_Opened;eye_tracking;Eye_Opened,MarkerSent
14:53:23.141,EyeTracking,SettingUI,Eye_Opened,eye_tracking,Eye_Opened
14:53:23.980,EyeTracking,SettingUI,LSL_Logger,2026-06-12 14:53:23.980;EyeTracking;SettingUI;Eye_Closed;eye_tracking;Eye_Closed,MarkerSent
14:53:23.980,EyeTracking,SettingUI,Eye_Closed,eye_tracking,Eye_Closed
14:53:24.045,EyeTracking,SettingUI,LSL_Logger,2026-06-12 14:53:24.045;EyeTracking;SettingUI;Eye_Opened;eye_tracking;Eye_Opened,MarkerSent
14:53:24.045,EyeTracking,SettingUI,Eye_Opened,eye_tracking,Eye_Opened
14:53:30.110,EyeTracking,SettingUI,LSL_Logger,2026-06-12 14:53:30.110;EyeTracking;SettingUI;Eye_Closed;eye_tracking;Eye_Closed,MarkerSent
14:53:30.110,EyeTracking,SettingUI,Eye_Closed,eye_tracking,Eye_Closed
14:53:30.231,EyeTracking,SettingUI,LSL_Logger,2026-06-12 14:53:30.231;EyeTracking;SettingUI;Eye_Opened;eye_tracking;Eye_Opened,MarkerSent
14:53:30.231,EyeTracking,SettingUI,Eye_Opened,eye_tracking,Eye_Opened
14:53:31.179,EyeTracking,SettingUI,LSL_Logger,2026-06-12 14:53:31.179;EyeTracking;SettingUI;Eye_Closed;eye_tracking;Eye_Closed,MarkerSent
14:53:31.179,EyeTracking,SettingUI,Eye_Closed,eye_tracking,Eye_Closed
14:53:31.224,EyeTracking,SettingUI,LSL_Logger,2026-06-12 14:53:31.224;EyeTracking;SettingUI;Eye_Opened;eye_tracking;Eye_Opened,MarkerSent
14:53:31.224,EyeTracking,SettingUI,Eye_Opened,eye_tracking,Eye_Opened
14:53:35.194,EyeTracking,SettingUI,LSL_Logger,2026-06-12 14:53:35.194;EyeTracking;SettingUI;Eye_Closed;eye_tracking;Eye_Closed,MarkerSent
14:53:35.194,EyeTracking,SettingUI,Eye_Closed,eye_tracking,Eye_Closed
14:53:35.306,EyeTracking,SettingUI,LSL_Logger,2026-06-12 14:53:35.306;EyeTracking;SettingUI;Eye_Opened;eye_tracking;Eye_Opened,MarkerSent
14:53:35.306,EyeTracking,SettingUI,Eye_Opened,eye_tracking,Eye_Opened
14:53:36.976,EyeTracking,SettingUI,LSL_Logger,2026-06-12 14:53:36.976;EyeTracking;SettingUI;Eye_Closed;eye_tracking;Eye_Closed,MarkerSent
14:53:36.976,EyeTracking,SettingUI,Eye_Closed,eye_tracking,Eye_Closed
14:53:37.210,EyeTracking,SettingUI,LSL_Logger,2026-06-12 14:53:37.210;EyeTracking;SettingUI;Eye_Opened;eye_tracking;Eye_Opened,MarkerSent
14:53:37.210,EyeTracking,SettingUI,Eye_Opened,eye_tracking,Eye_Opened
14:53:40.086,EyeTracking,SettingUI,LSL_Logger,2026-06-12 14:53:40.086;EyeTracking;SettingUI;Eye_Closed;eye_tracking;Eye_Closed,MarkerSent
14:53:40.086,EyeTracking,SettingUI,Eye_Closed,eye_tracking,Eye_Closed
14:53:40.153,EyeTracking,SettingUI,LSL_Logger,2026-06-12 14:53:40.153;EyeTracking;SettingUI;Eye_Opened;eye_tracking;Eye_Opened,MarkerSent
14:53:40.153,EyeTracking,SettingUI,Eye_Opened,eye_tracking,Eye_Opened
14:53:42.115,EyeTracking,SettingUI,LSL_Logger,2026-06-12 14:53:42.115;EyeTracking;SettingUI;Eye_Closed;eye_tracking;Eye_Closed,MarkerSent
14:53:42.115,EyeTracking,SettingUI,Eye_Closed,eye_tracking,Eye_Closed
14:53:42.160,EyeTracking,SettingUI,LSL_Logger,2026-06-12 14:53:42.160;EyeTracking;SettingUI;Eye_Opened;eye_tracking;Eye_Opened,MarkerSent
14:53:42.160,EyeTracking,SettingUI,Eye_Opened,eye_tracking,Eye_Opened
14:53:45.439,EyeTracking,SettingUI,LSL_Logger,2026-06-12 14:53:45.439;EyeTracking;SettingUI;Eye_Closed;eye_tracking;Eye_Closed,MarkerSent
14:53:45.439,EyeTracking,SettingUI,Eye_Closed,eye_tracking,Eye_Closed
14:53:45.638,EyeTracking,SettingUI,LSL_Logger,2026-06-12 14:53:45.638;EyeTracking;SettingUI;Eye_Opened;eye_tracking;Eye_Opened,MarkerSent
14:53:45.638,EyeTracking,SettingUI,Eye_Opened,eye_tracking,Eye_Opened
14:53:49.449,EyeTracking,SettingUI,Hover_Enter,Button: demoIntroScene,Hovering
14:53:49.449,EyeTracking,SettingUI,LSL_Logger,2026-06-12 14:53:49.449;EyeTracking;SettingUI;Hover_Enter;Button: demoIntroScene;Hovering,MarkerSent
14:53:49.508,EyeTracking,SettingUI,Hover_Exit,Button: demoIntroScene,Hover_Exit
14:53:49.508,EyeTracking,SettingUI,LSL_Logger,2026-06-12 14:53:49.508;EyeTracking;SettingUI;Hover_Exit;Button: demoIntroScene;Hover_Exit,MarkerSent
14:53:50.146,EyeTracking,SettingUI,Hover_Enter,Button: demoIntroScene,Hovering
14:53:50.146,EyeTracking,SettingUI,LSL_Logger,2026-06-12 14:53:50.146;EyeTracking;SettingUI;Hover_Enter;Button: demoIntroScene;Hovering,MarkerSent
14:53:50.158,EyeTracking,SettingUI,Hover_Exit,Button: demoIntroScene,Hover_Exit
14:53:50.158,EyeTracking,SettingUI,LSL_Logger,2026-06-12 14:53:50.158;EyeTracking;SettingUI;Hover_Exit;Button: demoIntroScene;Hover_Exit,MarkerSent
14:53:50.182,EyeTracking,SettingUI,LSL_Logger,2026-06-12 14:53:50.182;EyeTracking;SettingUI;Eye_Closed;eye_tracking;Eye_Closed,MarkerSent
14:53:50.182,EyeTracking,SettingUI,Eye_Closed,eye_tracking,Eye_Closed
14:53:50.359,EyeTracking,SettingUI,LSL_Logger,2026-06-12 14:53:50.359;EyeTracking;SettingUI;Eye_Opened;eye_tracking;Eye_Opened,MarkerSent
14:53:50.359,EyeTracking,SettingUI,Eye_Opened,eye_tracking,Eye_Opened
14:53:50.436,EyeTracking,SettingUI,Hover_Enter,Button: demoIntroScene,Hovering
14:53:50.436,EyeTracking,SettingUI,LSL_Logger,2026-06-12 14:53:50.436;EyeTracking;SettingUI;Hover_Enter;Button: demoIntroScene;Hovering,MarkerSent
14:53:50.470,EyeTracking,SettingUI,Hover_Exit,Button: demoIntroScene,Hover_Exit
14:53:50.470,EyeTracking,SettingUI,LSL_Logger,2026-06-12 14:53:50.470;EyeTracking;SettingUI;Hover_Exit;Button: demoIntroScene;Hover_Exit,MarkerSent
14:53:50.503,EyeTracking,SettingUI,Hover_Enter,Button: demoIntroScene,Hovering
14:53:50.503,EyeTracking,SettingUI,LSL_Logger,2026-06-12 14:53:50.503;EyeTracking;SettingUI;Hover_Enter;Button: demoIntroScene;Hovering,MarkerSent
14:53:50.547,EyeTracking,SettingUI,Hover_Exit,Button: demoIntroScene,Hover_Exit
14:53:50.547,EyeTracking,SettingUI,LSL_Logger,2026-06-12 14:53:50.547;EyeTracking;SettingUI;Hover_Exit;Button: demoIntroScene;Hover_Exit,MarkerSent
14:53:50.854,EyeTracking,SettingUI,Hover_Enter,Button: demoIntroScene,Hovering
14:53:50.854,EyeTracking,SettingUI,LSL_Logger,2026-06-12 14:53:50.854;EyeTracking;SettingUI;Hover_Enter;Button: demoIntroScene;Hovering,MarkerSent
14:53:50.908,EyeTracking,SettingUI,Hover_Exit,Button: demoIntroScene,Hover_Exit
14:53:50.908,EyeTracking,SettingUI,LSL_Logger,2026-06-12 14:53:50.908;EyeTracking;SettingUI;Hover_Exit;Button: demoIntroScene;Hover_Exit,MarkerSent
14:53:51.581,EyeTracking,SettingUI,Hover_Enter,Button: demoIntroScene,Hovering
14:53:51.581,EyeTracking,SettingUI,LSL_Logger,2026-06-12 14:53:51.581;EyeTracking;SettingUI;Hover_Enter;Button: demoIntroScene;Hovering,MarkerSent
14:53:51.659,EyeTracking,SettingUI,Hover_Exit,Button: demoIntroScene,Hover_Exit
14:53:51.659,EyeTracking,SettingUI,LSL_Logger,2026-06-12 14:53:51.659;EyeTracking;SettingUI;Hover_Exit;Button: demoIntroScene;Hover_Exit,MarkerSent
14:53:55.298,EyeTracking,SettingUI,LSL_Logger,2026-06-12 14:53:55.298;EyeTracking;SettingUI;Eye_Closed;eye_tracking;Eye_Closed,MarkerSent
14:53:55.298,EyeTracking,SettingUI,Eye_Closed,eye_tracking,Eye_Closed
14:53:55.354,EyeTracking,SettingUI,LSL_Logger,2026-06-12 14:53:55.354;EyeTracking;SettingUI;Eye_Opened;eye_tracking;Eye_Opened,MarkerSent
14:53:55.354,EyeTracking,SettingUI,Eye_Opened,eye_tracking,Eye_Opened
14:53:56.612,EyeTracking,SettingUI,LSL_Logger,2026-06-12 14:53:56.612;EyeTracking;SettingUI;Eye_Closed;eye_tracking;Eye_Closed,MarkerSent
14:53:56.612,EyeTracking,SettingUI,Eye_Closed,eye_tracking,Eye_Closed
14:53:56.976,EyeTracking,SettingUI,LSL_Logger,2026-06-12 14:53:56.976;EyeTracking;SettingUI;Eye_Opened;eye_tracking;Eye_Opened,MarkerSent
14:53:56.976,EyeTracking,SettingUI,Eye_Opened,eye_tracking,Eye_Opened
14:53:57.554,EyeTracking,SettingUI,LSL_Logger,2026-06-12 14:53:57.554;EyeTracking;SettingUI;Eye_Closed;eye_tracking;Eye_Closed,MarkerSent
14:53:57.554,EyeTracking,SettingUI,Eye_Closed,eye_tracking,Eye_Closed
14:53:57.678,EyeTracking,SettingUI,LSL_Logger,2026-06-12 14:53:57.678;EyeTracking;SettingUI;Eye_Opened;eye_tracking;Eye_Opened,MarkerSent
14:53:57.678,EyeTracking,SettingUI,Eye_Opened,eye_tracking,Eye_Opened
14:53:58.024,EyeTracking,SettingUI,LSL_Logger,2026-06-12 14:53:58.024;EyeTracking;SettingUI;Eye_Closed;eye_tracking;Eye_Closed,MarkerSent
14:53:58.024,EyeTracking,SettingUI,Eye_Closed,eye_tracking,Eye_Closed
14:53:58.177,EyeTracking,SettingUI,LSL_Logger,2026-06-12 14:53:58.177;EyeTracking;SettingUI;Eye_Opened;eye_tracking;Eye_Opened,MarkerSent
14:53:58.177,EyeTracking,SettingUI,Eye_Opened,eye_tracking,Eye_Opened
14:53:58.354,EyeTracking,SettingUI,LSL_Logger,2026-06-12 14:53:58.354;EyeTracking;SettingUI;Eye_Closed;eye_tracking;Eye_Closed,MarkerSent
14:53:58.354,EyeTracking,SettingUI,Eye_Closed,eye_tracking,Eye_Closed
14:53:58.475,EyeTracking,SettingUI,LSL_Logger,2026-06-12 14:53:58.475;EyeTracking;SettingUI;Eye_Opened;eye_tracking;Eye_Opened,MarkerSent
14:53:58.475,EyeTracking,SettingUI,Eye_Opened,eye_tracking,Eye_Opened
14:53:58.854,EyeTracking,SettingUI,LSL_Logger,2026-06-12 14:53:58.854;EyeTracking;SettingUI;Eye_Closed;eye_tracking;Eye_Closed,MarkerSent
14:53:58.854,EyeTracking,SettingUI,Eye_Closed,eye_tracking,Eye_Closed
14:53:58.944,EyeTracking,SettingUI,LSL_Logger,2026-06-12 14:53:58.944;EyeTracking;SettingUI;Eye_Opened;eye_tracking;Eye_Opened,MarkerSent
14:53:58.944,EyeTracking,SettingUI,Eye_Opened,eye_tracking,Eye_Opened
14:53:59.998,EyeTracking,SettingUI,Hover_Enter,Button: demoIntroScene,Hovering
14:53:59.998,EyeTracking,SettingUI,LSL_Logger,2026-06-12 14:53:59.998;EyeTracking;SettingUI;Hover_Enter;Button: demoIntroScene;Hovering,MarkerSent
14:54:00.129,EyeTracking,SettingUI,Hover_Exit,Button: demoIntroScene,Hover_Exit
14:54:00.129,EyeTracking,SettingUI,LSL_Logger,2026-06-12 14:54:00.129;EyeTracking;SettingUI;Hover_Exit;Button: demoIntroScene;Hover_Exit,MarkerSent
14:54:00.140,EyeTracking,SettingUI,Hover_Enter,Button: demoIntroScene,Hovering
14:54:00.140,EyeTracking,SettingUI,LSL_Logger,2026-06-12 14:54:00.140;EyeTracking;SettingUI;Hover_Enter;Button: demoIntroScene;Hovering,MarkerSent
14:54:00.297,EyeTracking,SettingUI,Hover_Exit,Button: demoIntroScene,Hover_Exit
14:54:00.297,EyeTracking,SettingUI,LSL_Logger,2026-06-12 14:54:00.297;EyeTracking;SettingUI;Hover_Exit;Button: demoIntroScene;Hover_Exit,MarkerSent
14:54:00.530,EyeTracking,SettingUI,LSL_Logger,2026-06-12 14:54:00.530;EyeTracking;SettingUI;Eye_Closed;eye_tracking;Eye_Closed,MarkerSent
14:54:00.530,EyeTracking,SettingUI,Eye_Closed,eye_tracking,Eye_Closed
14:54:00.642,EyeTracking,SettingUI,LSL_Logger,2026-06-12 14:54:00.642;EyeTracking;SettingUI;Eye_Opened;eye_tracking;Eye_Opened,MarkerSent
14:54:00.642,EyeTracking,SettingUI,Eye_Opened,eye_tracking,Eye_Opened
14:54:01.542,EyeTracking,SettingUI,LSL_Logger,2026-06-12 14:54:01.542;EyeTracking;SettingUI;Eye_Closed;eye_tracking;Eye_Closed,MarkerSent
14:54:01.542,EyeTracking,SettingUI,Eye_Closed,eye_tracking,Eye_Closed
14:54:01.697,EyeTracking,SettingUI,LSL_Logger,2026-06-12 14:54:01.697;EyeTracking;SettingUI;Eye_Opened;eye_tracking;Eye_Opened,MarkerSent
14:54:01.697,EyeTracking,SettingUI,Eye_Opened,eye_tracking,Eye_Opened
14:54:03.986,EyeTracking,SettingUI,LSL_Logger,2026-06-12 14:54:03.986;EyeTracking;SettingUI;Eye_Closed;eye_tracking;Eye_Closed,MarkerSent
14:54:03.986,EyeTracking,SettingUI,Eye_Closed,eye_tracking,Eye_Closed
14:54:04.129,EyeTracking,SettingUI,LSL_Logger,2026-06-12 14:54:04.129;EyeTracking;SettingUI;Eye_Opened;eye_tracking;Eye_Opened,MarkerSent
14:54:04.129,EyeTracking,SettingUI,Eye_Opened,eye_tracking,Eye_Opened
14:54:11.571,EyeTracking,SettingUI,LSL_Logger,2026-06-12 14:54:11.571;EyeTracking;SettingUI;Eye_Closed;eye_tracking;Eye_Closed,MarkerSent
14:54:11.571,EyeTracking,SettingUI,Eye_Closed,eye_tracking,Eye_Closed
14:54:11.857,EyeTracking,SettingUI,LSL_Logger,2026-06-12 14:54:11.857;EyeTracking;SettingUI;Eye_Opened;eye_tracking;Eye_Opened,MarkerSent
14:54:11.857,EyeTracking,SettingUI,Eye_Opened,eye_tracking,Eye_Opened
14:54:12.692,EyeTracking,SettingUI,LSL_Logger,2026-06-12 14:54:12.692;EyeTracking;SettingUI;Eye_Closed;eye_tracking;Eye_Closed,MarkerSent
14:54:12.692,EyeTracking,SettingUI,Eye_Closed,eye_tracking,Eye_Closed
14:54:12.902,EyeTracking,SettingUI,LSL_Logger,2026-06-12 14:54:12.902;EyeTracking;SettingUI;Eye_Opened;eye_tracking;Eye_Opened,MarkerSent
14:54:12.902,EyeTracking,SettingUI,Eye_Opened,eye_tracking,Eye_Opened
14:54:15.635,EyeTracking,SettingUI,LSL_Logger,2026-06-12 14:54:15.635;EyeTracking;SettingUI;Eye_Closed;eye_tracking;Eye_Closed,MarkerSent
14:54:15.635,EyeTracking,SettingUI,Eye_Closed,eye_tracking,Eye_Closed
14:54:15.856,EyeTracking,SettingUI,LSL_Logger,2026-06-12 14:54:15.856;EyeTracking;SettingUI;Eye_Opened;eye_tracking;Eye_Opened,MarkerSent
14:54:15.856,EyeTracking,SettingUI,Eye_Opened,eye_tracking,Eye_Opened
14:54:19.088,EyeTracking,SettingUI,LSL_Logger,2026-06-12 14:54:19.088;EyeTracking;SettingUI;Eye_Closed;eye_tracking;Eye_Closed,MarkerSent
14:54:19.088,EyeTracking,SettingUI,Eye_Closed,eye_tracking,Eye_Closed
14:54:19.100,EyeTracking,SettingUI,LSL_Logger,2026-06-12 14:54:19.100;EyeTracking;SettingUI;Eye_Opened;eye_tracking;Eye_Opened,MarkerSent
14:54:19.100,EyeTracking,SettingUI,Eye_Opened,eye_tracking,Eye_Opened
14:54:19.255,EyeTracking,SettingUI,LSL_Logger,2026-06-12 14:54:19.255;EyeTracking;SettingUI;Eye_Closed;eye_tracking;Eye_Closed,MarkerSent
14:54:19.255,EyeTracking,SettingUI,Eye_Closed,eye_tracking,Eye_Closed
14:54:19.266,EyeTracking,SettingUI,LSL_Logger,2026-06-12 14:54:19.266;EyeTracking;SettingUI;Eye_Opened;eye_tracking;Eye_Opened,MarkerSent
14:54:19.266,EyeTracking,SettingUI,Eye_Opened,eye_tracking,Eye_Opened
14:54:20.221,EyeTracking,SettingUI,LSL_Logger,2026-06-12 14:54:20.221;EyeTracking;SettingUI;Eye_Closed;eye_tracking;Eye_Closed,MarkerSent
14:54:20.221,EyeTracking,SettingUI,Eye_Closed,eye_tracking,Eye_Closed
14:54:20.265,EyeTracking,SettingUI,LSL_Logger,2026-06-12 14:54:20.265;EyeTracking;SettingUI;Eye_Opened;eye_tracking;Eye_Opened,MarkerSent
14:54:20.265,EyeTracking,SettingUI,Eye_Opened,eye_tracking,Eye_Opened
14:54:21.099,EyeTracking,SettingUI,LSL_Logger,2026-06-12 14:54:21.099;EyeTracking;SettingUI;Eye_Closed;eye_tracking;Eye_Closed,MarkerSent
14:54:21.099,EyeTracking,SettingUI,Eye_Closed,eye_tracking,Eye_Closed
14:54:21.254,EyeTracking,SettingUI,LSL_Logger,2026-06-12 14:54:21.254;EyeTracking;SettingUI;Eye_Opened;eye_tracking;Eye_Opened,MarkerSent
14:54:21.254,EyeTracking,SettingUI,Eye_Opened,eye_tracking,Eye_Opened
14:54:22.220,EyeTracking,SettingUI,LSL_Logger,2026-06-12 14:54:22.220;EyeTracking;SettingUI;Eye_Closed;eye_tracking;Eye_Closed,MarkerSent
14:54:22.220,EyeTracking,SettingUI,Eye_Closed,eye_tracking,Eye_Closed
14:54:22.430,EyeTracking,SettingUI,LSL_Logger,2026-06-12 14:54:22.430;EyeTracking;SettingUI;Eye_Opened;eye_tracking;Eye_Opened,MarkerSent
14:54:22.430,EyeTracking,SettingUI,Eye_Opened,eye_tracking,Eye_Opened
14:54:26.498,EyeTracking,SettingUI,LSL_Logger,2026-06-12 14:54:26.498;EyeTracking;SettingUI;Eye_Closed;eye_tracking;Eye_Closed,MarkerSent
14:54:26.498,EyeTracking,SettingUI,Eye_Closed,eye_tracking,Eye_Closed
14:54:26.563,EyeTracking,SettingUI,LSL_Logger,2026-06-12 14:54:26.563;EyeTracking;SettingUI;Eye_Opened;eye_tracking;Eye_Opened,MarkerSent
14:54:26.563,EyeTracking,SettingUI,Eye_Opened,eye_tracking,Eye_Opened
14:54:36.247,EyeTracking,SettingUI,LSL_Logger,2026-06-12 14:54:36.247;EyeTracking;SettingUI;Eye_Closed;eye_tracking;Eye_Closed,MarkerSent
14:54:36.247,EyeTracking,SettingUI,Eye_Closed,eye_tracking,Eye_Closed
14:54:36.465,EyeTracking,SettingUI,LSL_Logger,2026-06-12 14:54:36.465;EyeTracking;SettingUI;Eye_Opened;eye_tracking;Eye_Opened,MarkerSent
14:54:36.465,EyeTracking,SettingUI,Eye_Opened,eye_tracking,Eye_Opened
14:54:37.346,EyeTracking,SettingUI,LSL_Logger,2026-06-12 14:54:37.346;EyeTracking;SettingUI;Eye_Closed;eye_tracking;Eye_Closed,MarkerSent
14:54:37.346,EyeTracking,SettingUI,Eye_Closed,eye_tracking,Eye_Closed
14:54:37.533,EyeTracking,SettingUI,LSL_Logger,2026-06-12 14:54:37.533;EyeTracking;SettingUI;Eye_Opened;eye_tracking;Eye_Opened,MarkerSent
14:54:37.533,EyeTracking,SettingUI,Eye_Opened,eye_tracking,Eye_Opened
14:54:38.513,EyeTracking,SettingUI,LSL_Logger,2026-06-12 14:54:38.513;EyeTracking;SettingUI;Eye_Closed;eye_tracking;Eye_Closed,MarkerSent
14:54:38.513,EyeTracking,SettingUI,Eye_Closed,eye_tracking,Eye_Closed
14:54:38.645,EyeTracking,SettingUI,LSL_Logger,2026-06-12 14:54:38.645;EyeTracking;SettingUI;Eye_Opened;eye_tracking;Eye_Opened,MarkerSent
14:54:38.645,EyeTracking,SettingUI,Eye_Opened,eye_tracking,Eye_Opened
14:54:39.647,EyeTracking,SettingUI,LSL_Logger,2026-06-12 14:54:39.647;EyeTracking;SettingUI;Eye_Closed;eye_tracking;Eye_Closed,MarkerSent
14:54:39.647,EyeTracking,SettingUI,Eye_Closed,eye_tracking,Eye_Closed
14:54:39.679,EyeTracking,SettingUI,LSL_Logger,2026-06-12 14:54:39.679;EyeTracking;SettingUI;Eye_Opened;eye_tracking;Eye_Opened,MarkerSent
14:54:39.679,EyeTracking,SettingUI,Eye_Opened,eye_tracking,Eye_Opened
14:54:40.068,EyeTracking,SettingUI,LSL_Logger,2026-06-12 14:54:40.068;EyeTracking;SettingUI;Eye_Closed;eye_tracking;Eye_Closed,MarkerSent
14:54:40.068,EyeTracking,SettingUI,Eye_Closed,eye_tracking,Eye_Closed
14:54:40.133,EyeTracking,SettingUI,LSL_Logger,2026-06-12 14:54:40.133;EyeTracking;SettingUI;Eye_Opened;eye_tracking;Eye_Opened,MarkerSent
14:54:40.133,EyeTracking,SettingUI,Eye_Opened,eye_tracking,Eye_Opened
14:54:40.933,EyeTracking,SettingUI,LSL_Logger,2026-06-12 14:54:40.933;EyeTracking;SettingUI;Eye_Closed;eye_tracking;Eye_Closed,MarkerSent
14:54:40.933,EyeTracking,SettingUI,Eye_Closed,eye_tracking,Eye_Closed
14:54:41.009,EyeTracking,SettingUI,LSL_Logger,2026-06-12 14:54:41.009;EyeTracking;SettingUI;Eye_Opened;eye_tracking;Eye_Opened,MarkerSent
14:54:41.009,EyeTracking,SettingUI,Eye_Opened,eye_tracking,Eye_Opened
14:54:44.076,EyeTracking,SettingUI,LSL_Logger,2026-06-12 14:54:44.076;EyeTracking;SettingUI;Eye_Closed;eye_tracking;Eye_Closed,MarkerSent
14:54:44.076,EyeTracking,SettingUI,Eye_Closed,eye_tracking,Eye_Closed
14:54:44.375,EyeTracking,SettingUI,LSL_Logger,2026-06-12 14:54:44.375;EyeTracking;SettingUI;Eye_Opened;eye_tracking;Eye_Opened,MarkerSent
14:54:44.375,EyeTracking,SettingUI,Eye_Opened,eye_tracking,Eye_Opened
14:54:52.382,EyeTracking,SettingUI,LSL_Logger,2026-06-12 14:54:52.382;EyeTracking;SettingUI;Eye_Closed;eye_tracking;Eye_Closed,MarkerSent
14:54:52.382,EyeTracking,SettingUI,Eye_Closed,eye_tracking,Eye_Closed
14:54:52.439,EyeTracking,SettingUI,LSL_Logger,2026-06-12 14:54:52.439;EyeTracking;SettingUI;Eye_Opened;eye_tracking;Eye_Opened,MarkerSent
14:54:52.439,EyeTracking,SettingUI,Eye_Opened,eye_tracking,Eye_Opened
14:54:53.091,EyeTracking,SettingUI,LSL_Logger,2026-06-12 14:54:53.091;EyeTracking;SettingUI;Eye_Closed;eye_tracking;Eye_Closed,MarkerSent
14:54:53.091,EyeTracking,SettingUI,Eye_Closed,eye_tracking,Eye_Closed
14:54:53.216,EyeTracking,SettingUI,LSL_Logger,2026-06-12 14:54:53.216;EyeTracking;SettingUI;Eye_Opened;eye_tracking;Eye_Opened,MarkerSent
14:54:53.216,EyeTracking,SettingUI,Eye_Opened,eye_tracking,Eye_Opened
14:54:53.816,EyeTracking,SettingUI,LSL_Logger,2026-06-12 14:54:53.816;EyeTracking;SettingUI;Eye_Closed;eye_tracking;Eye_Closed,MarkerSent
14:54:53.816,EyeTracking,SettingUI,Eye_Closed,eye_tracking,Eye_Closed
14:54:53.925,EyeTracking,SettingUI,LSL_Logger,2026-06-12 14:54:53.925;EyeTracking;SettingUI;Eye_Opened;eye_tracking;Eye_Opened,MarkerSent
14:54:53.925,EyeTracking,SettingUI,Eye_Opened,eye_tracking,Eye_Opened
14:54:56.036,EyeTracking,SettingUI,Hover_Enter,Button: demoIntroScene,Hovering
14:54:56.036,EyeTracking,SettingUI,LSL_Logger,2026-06-12 14:54:56.036;EyeTracking;SettingUI;Hover_Enter;Button: demoIntroScene;Hovering,MarkerSent
14:54:56.524,EyeTracking,SettingUI,Hover_Exit,Button: demoIntroScene,Hover_Exit
14:54:56.524,EyeTracking,SettingUI,LSL_Logger,2026-06-12 14:54:56.524;EyeTracking;SettingUI;Hover_Exit;Button: demoIntroScene;Hover_Exit,MarkerSent
14:54:57.969,EyeTracking,SettingUI,LSL_Logger,2026-06-12 14:54:57.969;EyeTracking;SettingUI;Eye_Closed;eye_tracking;Eye_Closed,MarkerSent
14:54:57.969,EyeTracking,SettingUI,Eye_Closed,eye_tracking,Eye_Closed
14:54:57.992,EyeTracking,SettingUI,LSL_Logger,2026-06-12 14:54:57.992;EyeTracking;SettingUI;Eye_Opened;eye_tracking;Eye_Opened,MarkerSent
14:54:57.992,EyeTracking,SettingUI,Eye_Opened,eye_tracking,Eye_Opened
14:55:01.345,EyeTracking,SettingUI,Hover_Enter,Button: demoIntroScene,Hovering
14:55:01.345,EyeTracking,SettingUI,LSL_Logger,2026-06-12 14:55:01.345;EyeTracking;SettingUI;Hover_Enter;Button: demoIntroScene;Hovering,MarkerSent
14:55:01.368,EyeTracking,SettingUI,Hover_Exit,Button: demoIntroScene,Hover_Exit
14:55:01.368,EyeTracking,SettingUI,LSL_Logger,2026-06-12 14:55:01.368;EyeTracking;SettingUI;Hover_Exit;Button: demoIntroScene;Hover_Exit,MarkerSent
14:55:01.560,EyeTracking,SettingUI,Hover_Enter,Button: demoIntroScene,Hovering
14:55:01.560,EyeTracking,SettingUI,LSL_Logger,2026-06-12 14:55:01.560;EyeTracking;SettingUI;Hover_Enter;Button: demoIntroScene;Hovering,MarkerSent
14:55:01.567,EyeTracking,SettingUI,Hover_Exit,Button: demoIntroScene,Hover_Exit
14:55:01.567,EyeTracking,SettingUI,LSL_Logger,2026-06-12 14:55:01.567;EyeTracking;SettingUI;Hover_Exit;Button: demoIntroScene;Hover_Exit,MarkerSent
14:55:01.770,EyeTracking,SettingUI,Hover_Enter,Button: demoIntroScene,Hovering
14:55:01.770,EyeTracking,SettingUI,LSL_Logger,2026-06-12 14:55:01.770;EyeTracking;SettingUI;Hover_Enter;Button: demoIntroScene;Hovering,MarkerSent
14:55:01.819,EyeTracking,SettingUI,Hover_Exit,Button: demoIntroScene,Hover_Exit
14:55:01.819,EyeTracking,SettingUI,LSL_Logger,2026-06-12 14:55:01.819;EyeTracking;SettingUI;Hover_Exit;Button: demoIntroScene;Hover_Exit,MarkerSent
14:55:01.864,EyeTracking,SettingUI,Hover_Enter,Button: demoIntroScene,Hovering
14:55:01.864,EyeTracking,SettingUI,LSL_Logger,2026-06-12 14:55:01.864;EyeTracking;SettingUI;Hover_Enter;Button: demoIntroScene;Hovering,MarkerSent
14:55:01.942,EyeTracking,SettingUI,Hover_Exit,Button: demoIntroScene,Hover_Exit
14:55:01.942,EyeTracking,SettingUI,LSL_Logger,2026-06-12 14:55:01.942;EyeTracking;SettingUI;Hover_Exit;Button: demoIntroScene;Hover_Exit,MarkerSent
14:55:02.533,EyeTracking,SettingUI,Hover_Enter,Button: demoIntroScene,Hovering
14:55:02.533,EyeTracking,SettingUI,LSL_Logger,2026-06-12 14:55:02.533;EyeTracking;SettingUI;Hover_Enter;Button: demoIntroScene;Hovering,MarkerSent
14:55:02.643,EyeTracking,SettingUI,Hover_Exit,Button: demoIntroScene,Hover_Exit
14:55:02.643,EyeTracking,SettingUI,LSL_Logger,2026-06-12 14:55:02.643;EyeTracking;SettingUI;Hover_Exit;Button: demoIntroScene;Hover_Exit,MarkerSent
14:55:02.803,EyeTracking,SettingUI,Hover_Enter,Button: demoIntroScene,Hovering
14:55:02.803,EyeTracking,SettingUI,LSL_Logger,2026-06-12 14:55:02.803;EyeTracking;SettingUI;Hover_Enter;Button: demoIntroScene;Hovering,MarkerSent
14:55:03.207,EyeTracking,SettingUI,Hover_Exit,Button: demoIntroScene,Hover_Exit
14:55:03.207,EyeTracking,SettingUI,LSL_Logger,2026-06-12 14:55:03.207;EyeTracking;SettingUI;Hover_Exit;Button: demoIntroScene;Hover_Exit,MarkerSent
14:55:03.273,EyeTracking,SettingUI,Hover_Enter,Button: demoIntroScene,Hovering
14:55:03.273,EyeTracking,SettingUI,LSL_Logger,2026-06-12 14:55:03.273;EyeTracking;SettingUI;Hover_Enter;Button: demoIntroScene;Hovering,MarkerSent
14:55:03.307,EyeTracking,SettingUI,Hover_Exit,Button: demoIntroScene,Hover_Exit
14:55:03.307,EyeTracking,SettingUI,LSL_Logger,2026-06-12 14:55:03.307;EyeTracking;SettingUI;Hover_Exit;Button: demoIntroScene;Hover_Exit,MarkerSent
14:55:03.361,EyeTracking,SettingUI,Hover_Enter,Button: demoIntroScene,Hovering
14:55:03.361,EyeTracking,SettingUI,LSL_Logger,2026-06-12 14:55:03.361;EyeTracking;SettingUI;Hover_Enter;Button: demoIntroScene;Hovering,MarkerSent
14:55:03.384,EyeTracking,SettingUI,Hover_Exit,Button: demoIntroScene,Hover_Exit
14:55:03.384,EyeTracking,SettingUI,LSL_Logger,2026-06-12 14:55:03.384;EyeTracking;SettingUI;Hover_Exit;Button: demoIntroScene;Hover_Exit,MarkerSent
14:55:03.446,EyeTracking,SettingUI,Hover_Enter,Button: demoIntroScene,Hovering
14:55:03.446,EyeTracking,SettingUI,LSL_Logger,2026-06-12 14:55:03.446;EyeTracking;SettingUI;Hover_Enter;Button: demoIntroScene;Hovering,MarkerSent
14:55:03.505,EyeTracking,SettingUI,Hover_Exit,Button: demoIntroScene,Hover_Exit
14:55:03.505,EyeTracking,SettingUI,LSL_Logger,2026-06-12 14:55:03.505;EyeTracking;SettingUI;Hover_Exit;Button: demoIntroScene;Hover_Exit,MarkerSent
14:55:03.838,EyeTracking,SettingUI,Hover_Enter,Button: demoIntroScene,Hovering
14:55:03.838,EyeTracking,SettingUI,LSL_Logger,2026-06-12 14:55:03.838;EyeTracking;SettingUI;Hover_Enter;Button: demoIntroScene;Hovering,MarkerSent
14:55:03.949,EyeTracking,SettingUI,Hover_Exit,Button: demoIntroScene,Hover_Exit
14:55:03.949,EyeTracking,SettingUI,LSL_Logger,2026-06-12 14:55:03.949;EyeTracking;SettingUI;Hover_Exit;Button: demoIntroScene;Hover_Exit,MarkerSent
14:55:04.093,EyeTracking,SettingUI,Hover_Enter,Button: demoIntroScene,Hovering
14:55:04.093,EyeTracking,SettingUI,LSL_Logger,2026-06-12 14:55:04.093;EyeTracking;SettingUI;Hover_Enter;Button: demoIntroScene;Hovering,MarkerSent
14:55:04.106,EyeTracking,SettingUI,Hover_Exit,Button: demoIntroScene,Hover_Exit
14:55:04.106,EyeTracking,SettingUI,LSL_Logger,2026-06-12 14:55:04.106;EyeTracking;SettingUI;Hover_Exit;Button: demoIntroScene;Hover_Exit,MarkerSent
14:55:04.740,EyeTracking,SettingUI,LSL_Logger,2026-06-12 14:55:04.740;EyeTracking;SettingUI;Eye_Closed;eye_tracking;Eye_Closed,MarkerSent
14:55:04.740,EyeTracking,SettingUI,Eye_Closed,eye_tracking,Eye_Closed
14:55:04.750,EyeTracking,SettingUI,LSL_Logger,2026-06-12 14:55:04.750;EyeTracking;SettingUI;Eye_Opened;eye_tracking;Eye_Opened,MarkerSent
14:55:04.750,EyeTracking,SettingUI,Eye_Opened,eye_tracking,Eye_Opened
14:55:04.820,EyeTracking,SettingUI,LSL_Logger,2026-06-12 14:55:04.820;EyeTracking;SettingUI;Eye_Closed;eye_tracking;Eye_Closed,MarkerSent
14:55:04.820,EyeTracking,SettingUI,Eye_Closed,eye_tracking,Eye_Closed
14:55:04.843,EyeTracking,SettingUI,LSL_Logger,2026-06-12 14:55:04.843;EyeTracking;SettingUI;Eye_Opened;eye_tracking;Eye_Opened,MarkerSent
14:55:04.843,EyeTracking,SettingUI,Eye_Opened,eye_tracking,Eye_Opened
14:55:05.008,EyeTracking,SettingUI,Hover_Enter,Button: demoIntroScene,Hovering
14:55:05.008,EyeTracking,SettingUI,LSL_Logger,2026-06-12 14:55:05.008;EyeTracking;SettingUI;Hover_Enter;Button: demoIntroScene;Hovering,MarkerSent
14:55:05.064,EyeTracking,SettingUI,Hover_Exit,Button: demoIntroScene,Hover_Exit
14:55:05.064,EyeTracking,SettingUI,LSL_Logger,2026-06-12 14:55:05.064;EyeTracking;SettingUI;Hover_Exit;Button: demoIntroScene;Hover_Exit,MarkerSent
14:55:05.081,EyeTracking,SettingUI,Hover_Enter,Button: demoIntroScene,Hovering
14:55:05.081,EyeTracking,SettingUI,LSL_Logger,2026-06-12 14:55:05.081;EyeTracking;SettingUI;Hover_Enter;Button: demoIntroScene;Hovering,MarkerSent
14:55:05.298,EyeTracking,SettingUI,Hover_Exit,Button: demoIntroScene,Hover_Exit
14:55:05.298,EyeTracking,SettingUI,LSL_Logger,2026-06-12 14:55:05.298;EyeTracking;SettingUI;Hover_Exit;Button: demoIntroScene;Hover_Exit,MarkerSent
14:55:06.976,EyeTracking,SettingUI,Hover_Enter,Button: demoIntroScene,Hovering
14:55:06.976,EyeTracking,SettingUI,LSL_Logger,2026-06-12 14:55:06.976;EyeTracking;SettingUI;Hover_Enter;Button: demoIntroScene;Hovering,MarkerSent
14:55:07.019,EyeTracking,SettingUI,Hover_Exit,Button: demoIntroScene,Hover_Exit
14:55:07.019,EyeTracking,SettingUI,LSL_Logger,2026-06-12 14:55:07.019;EyeTracking;SettingUI;Hover_Exit;Button: demoIntroScene;Hover_Exit,MarkerSent
14:55:08.697,EyeTracking,SettingUI,Hover_Enter,Button: demoIntroScene,Hovering
14:55:08.697,EyeTracking,SettingUI,LSL_Logger,2026-06-12 14:55:08.697;EyeTracking;SettingUI;Hover_Enter;Button: demoIntroScene;Hovering,MarkerSent
14:55:08.731,EyeTracking,SettingUI,Hover_Exit,Button: demoIntroScene,Hover_Exit
14:55:08.731,EyeTracking,SettingUI,LSL_Logger,2026-06-12 14:55:08.731;EyeTracking;SettingUI;Hover_Exit;Button: demoIntroScene;Hover_Exit,MarkerSent
14:55:15.837,EyeTracking,SettingUI,LSL_Logger,2026-06-12 14:55:15.837;EyeTracking;SettingUI;Eye_Closed;eye_tracking;Eye_Closed,MarkerSent
14:55:15.837,EyeTracking,SettingUI,Eye_Closed,eye_tracking,Eye_Closed
14:55:15.849,EyeTracking,SettingUI,LSL_Logger,2026-06-12 14:55:15.849;EyeTracking;SettingUI;Eye_Opened;eye_tracking;Eye_Opened,MarkerSent
14:55:15.849,EyeTracking,SettingUI,Eye_Opened,eye_tracking,Eye_Opened
14:55:17.036,EyeTracking,SettingUI,Hover_Enter,Button: demoIntroScene,Hovering
14:55:17.036,EyeTracking,SettingUI,LSL_Logger,2026-06-12 14:55:17.036;EyeTracking;SettingUI;Hover_Enter;Button: demoIntroScene;Hovering,MarkerSent
14:55:17.047,EyeTracking,SettingUI,Hover_Exit,Button: demoIntroScene,Hover_Exit
14:55:17.047,EyeTracking,SettingUI,LSL_Logger,2026-06-12 14:55:17.047;EyeTracking;SettingUI;Hover_Exit;Button: demoIntroScene;Hover_Exit,MarkerSent
14:55:20.801,EyeTracking,SettingUI,Hover_Enter,Button: demoIntroScene,Hovering
14:55:20.801,EyeTracking,SettingUI,LSL_Logger,2026-06-12 14:55:20.801;EyeTracking;SettingUI;Hover_Enter;Button: demoIntroScene;Hovering,MarkerSent
14:55:20.813,EyeTracking,SettingUI,Hover_Exit,Button: demoIntroScene,Hover_Exit
14:55:20.813,EyeTracking,SettingUI,LSL_Logger,2026-06-12 14:55:20.813;EyeTracking;SettingUI;Hover_Exit;Button: demoIntroScene;Hover_Exit,MarkerSent
14:55:24.577,EyeTracking,SettingUI,Hover_Enter,Button: demoIntroScene,Hovering
14:55:24.577,EyeTracking,SettingUI,LSL_Logger,2026-06-12 14:55:24.577;EyeTracking;SettingUI;Hover_Enter;Button: demoIntroScene;Hovering,MarkerSent
14:55:24.756,EyeTracking,SettingUI,Hover_Exit,Button: demoIntroScene,Hover_Exit
14:55:24.756,EyeTracking,SettingUI,LSL_Logger,2026-06-12 14:55:24.756;EyeTracking;SettingUI;Hover_Exit;Button: demoIntroScene;Hover_Exit,MarkerSent
14:55:25.943,EyeTracking,SettingUI,Hover_Enter,Button: demoIntroScene,Hovering
14:55:25.943,EyeTracking,SettingUI,LSL_Logger,2026-06-12 14:55:25.943;EyeTracking;SettingUI;Hover_Enter;Button: demoIntroScene;Hovering,MarkerSent
14:55:25.979,EyeTracking,SettingUI,Hover_Exit,Button: demoIntroScene,Hover_Exit
14:55:25.979,EyeTracking,SettingUI,LSL_Logger,2026-06-12 14:55:25.979;EyeTracking;SettingUI;Hover_Exit;Button: demoIntroScene;Hover_Exit,MarkerSent
14:55:27.543,EyeTracking,SettingUI,Hover_Enter,Button: demoIntroScene,Hovering
14:55:27.543,EyeTracking,SettingUI,LSL_Logger,2026-06-12 14:55:27.543;EyeTracking;SettingUI;Hover_Enter;Button: demoIntroScene;Hovering,MarkerSent
14:55:27.553,EyeTracking,SettingUI,Hover_Exit,Button: demoIntroScene,Hover_Exit
14:55:27.553,EyeTracking,SettingUI,LSL_Logger,2026-06-12 14:55:27.553;EyeTracking;SettingUI;Hover_Exit;Button: demoIntroScene;Hover_Exit,MarkerSent
14:55:29.552,EyeTracking,SettingUI,Hover_Enter,Button: demoIntroScene,Hovering
14:55:29.552,EyeTracking,SettingUI,LSL_Logger,2026-06-12 14:55:29.552;EyeTracking;SettingUI;Hover_Enter;Button: demoIntroScene;Hovering,MarkerSent
14:55:29.562,EyeTracking,SettingUI,Hover_Exit,Button: demoIntroScene,Hover_Exit
14:55:29.562,EyeTracking,SettingUI,LSL_Logger,2026-06-12 14:55:29.562;EyeTracking;SettingUI;Hover_Exit;Button: demoIntroScene;Hover_Exit,MarkerSent
14:55:29.652,EyeTracking,SettingUI,LSL_Logger,2026-06-12 14:55:29.652;EyeTracking;SettingUI;Eye_Closed;eye_tracking;Eye_Closed,MarkerSent
14:55:29.652,EyeTracking,SettingUI,Eye_Closed,eye_tracking,Eye_Closed
14:55:29.716,EyeTracking,SettingUI,LSL_Logger,2026-06-12 14:55:29.716;EyeTracking;SettingUI;Eye_Opened;eye_tracking;Eye_Opened,MarkerSent
14:55:29.716,EyeTracking,SettingUI,Eye_Opened,eye_tracking,Eye_Opened
14:55:29.838,EyeTracking,SettingUI,LSL_Logger,2026-06-12 14:55:29.838;EyeTracking;SettingUI;Eye_Closed;eye_tracking;Eye_Closed,MarkerSent
14:55:29.838,EyeTracking,SettingUI,Eye_Closed,eye_tracking,Eye_Closed
14:55:29.983,EyeTracking,SettingUI,LSL_Logger,2026-06-12 14:55:29.983;EyeTracking;SettingUI;Eye_Opened;eye_tracking;Eye_Opened,MarkerSent
14:55:29.983,EyeTracking,SettingUI,Eye_Opened,eye_tracking,Eye_Opened
14:55:34.762,EyeTracking,SettingUI,LSL_Logger,2026-06-12 14:55:34.762;EyeTracking;SettingUI;Eye_Closed;eye_tracking;Eye_Closed,MarkerSent
14:55:34.762,EyeTracking,SettingUI,Eye_Closed,eye_tracking,Eye_Closed
14:55:34.816,EyeTracking,SettingUI,LSL_Logger,2026-06-12 14:55:34.816;EyeTracking;SettingUI;Eye_Opened;eye_tracking;Eye_Opened,MarkerSent
14:55:34.816,EyeTracking,SettingUI,Eye_Opened,eye_tracking,Eye_Opened
14:55:35.082,EyeTracking,SettingUI,Hover_Enter,Button: demoIntroScene,Hovering
14:55:35.082,EyeTracking,SettingUI,LSL_Logger,2026-06-12 14:55:35.082;EyeTracking;SettingUI;Hover_Enter;Button: demoIntroScene;Hovering,MarkerSent
14:55:35.116,EyeTracking,SettingUI,Hover_Exit,Button: demoIntroScene,Hover_Exit
14:55:35.116,EyeTracking,SettingUI,LSL_Logger,2026-06-12 14:55:35.116;EyeTracking;SettingUI;Hover_Exit;Button: demoIntroScene;Hover_Exit,MarkerSent
14:55:37.948,EyeTracking,SettingUI,LSL_Logger,2026-06-12 14:55:37.948;EyeTracking;SettingUI;Eye_Closed;eye_tracking;Eye_Closed,MarkerSent
14:55:37.948,EyeTracking,SettingUI,Eye_Closed,eye_tracking,Eye_Closed
14:55:38.015,EyeTracking,SettingUI,LSL_Logger,2026-06-12 14:55:38.015;EyeTracking;SettingUI;Eye_Opened;eye_tracking;Eye_Opened,MarkerSent
14:55:38.015,EyeTracking,SettingUI,Eye_Opened,eye_tracking,Eye_Opened
14:55:38.093,EyeTracking,SettingUI,Hover_Enter,Button: demoIntroScene,Hovering
14:55:38.093,EyeTracking,SettingUI,LSL_Logger,2026-06-12 14:55:38.093;EyeTracking;SettingUI;Hover_Enter;Button: demoIntroScene;Hovering,MarkerSent
14:55:38.127,EyeTracking,SettingUI,Hover_Exit,Button: demoIntroScene,Hover_Exit
14:55:38.127,EyeTracking,SettingUI,LSL_Logger,2026-06-12 14:55:38.127;EyeTracking;SettingUI;Hover_Exit;Button: demoIntroScene;Hover_Exit,MarkerSent
14:55:38.136,EyeTracking,SettingUI,Hover_Enter,Button: demoIntroScene,Hovering
14:55:38.136,EyeTracking,SettingUI,LSL_Logger,2026-06-12 14:55:38.136;EyeTracking;SettingUI;Hover_Enter;Button: demoIntroScene;Hovering,MarkerSent
14:55:38.257,EyeTracking,SettingUI,Hover_Exit,Button: demoIntroScene,Hover_Exit
14:55:38.257,EyeTracking,SettingUI,LSL_Logger,2026-06-12 14:55:38.257;EyeTracking;SettingUI;Hover_Exit;Button: demoIntroScene;Hover_Exit,MarkerSent
14:55:43.390,EyeTracking,SettingUI,LSL_Logger,2026-06-12 14:55:43.390;EyeTracking;SettingUI;Eye_Closed;eye_tracking;Eye_Closed,MarkerSent
14:55:43.390,EyeTracking,SettingUI,Eye_Closed,eye_tracking,Eye_Closed
14:55:43.598,EyeTracking,SettingUI,LSL_Logger,2026-06-12 14:55:43.598;EyeTracking;SettingUI;Eye_Opened;eye_tracking;Eye_Opened,MarkerSent
14:55:43.598,EyeTracking,SettingUI,Eye_Opened,eye_tracking,Eye_Opened
14:55:48.265,EyeTracking,SettingUI,LSL_Logger,2026-06-12 14:55:48.265;EyeTracking;SettingUI;Eye_Closed;eye_tracking;Eye_Closed,MarkerSent
14:55:48.265,EyeTracking,SettingUI,Eye_Closed,eye_tracking,Eye_Closed
14:55:48.363,EyeTracking,SettingUI,LSL_Logger,2026-06-12 14:55:48.363;EyeTracking;SettingUI;Eye_Opened;eye_tracking;Eye_Opened,MarkerSent
14:55:48.363,EyeTracking,SettingUI,Eye_Opened,eye_tracking,Eye_Opened
14:55:55.239,EyeTracking,SettingUI,LSL_Logger,2026-06-12 14:55:55.239;EyeTracking;SettingUI;Eye_Closed;eye_tracking;Eye_Closed,MarkerSent
14:55:55.239,EyeTracking,SettingUI,Eye_Closed,eye_tracking,Eye_Closed
14:55:55.328,EyeTracking,SettingUI,LSL_Logger,2026-06-12 14:55:55.328;EyeTracking;SettingUI;Eye_Opened;eye_tracking;Eye_Opened,MarkerSent
14:55:55.328,EyeTracking,SettingUI,Eye_Opened,eye_tracking,Eye_Opened
14:55:59.637,EyeTracking,SettingUI,LSL_Logger,2026-06-12 14:55:59.637;EyeTracking;SettingUI;Eye_Closed;eye_tracking;Eye_Closed,MarkerSent
14:55:59.637,EyeTracking,SettingUI,Eye_Closed,eye_tracking,Eye_Closed
14:55:59.725,EyeTracking,SettingUI,LSL_Logger,2026-06-12 14:55:59.725;EyeTracking;SettingUI;Eye_Opened;eye_tracking;Eye_Opened,MarkerSent
14:55:59.725,EyeTracking,SettingUI,Eye_Opened,eye_tracking,Eye_Opened
14:55:59.924,EyeTracking,SettingUI,LSL_Logger,2026-06-12 14:55:59.924;EyeTracking;SettingUI;Eye_Closed;eye_tracking;Eye_Closed,MarkerSent
14:55:59.924,EyeTracking,SettingUI,Eye_Closed,eye_tracking,Eye_Closed
14:56:00.242,EyeTracking,SettingUI,LSL_Logger,2026-06-12 14:56:00.242;EyeTracking;SettingUI;Eye_Opened;eye_tracking;Eye_Opened,MarkerSent
14:56:00.242,EyeTracking,SettingUI,Eye_Opened,eye_tracking,Eye_Opened
14:56:00.288,EyeTracking,SettingUI,Hover_Enter,Button: demoIntroScene,Hovering
14:56:00.288,EyeTracking,SettingUI,LSL_Logger,2026-06-12 14:56:00.288;EyeTracking;SettingUI;Hover_Enter;Button: demoIntroScene;Hovering,MarkerSent
14:56:00.300,EyeTracking,SettingUI,Hover_Exit,Button: demoIntroScene,Hover_Exit
14:56:00.300,EyeTracking,SettingUI,LSL_Logger,2026-06-12 14:56:00.300;EyeTracking;SettingUI;Hover_Exit;Button: demoIntroScene;Hover_Exit,MarkerSent
14:56:00.336,EyeTracking,SettingUI,Hover_Enter,Button: demoIntroScene,Hovering
14:56:00.336,EyeTracking,SettingUI,LSL_Logger,2026-06-12 14:56:00.336;EyeTracking;SettingUI;Hover_Enter;Button: demoIntroScene;Hovering,MarkerSent
14:56:00.344,EyeTracking,SettingUI,Hover_Exit,Button: demoIntroScene,Hover_Exit
14:56:00.344,EyeTracking,SettingUI,LSL_Logger,2026-06-12 14:56:00.344;EyeTracking;SettingUI;Hover_Exit;Button: demoIntroScene;Hover_Exit,MarkerSent
14:56:00.552,EyeTracking,SettingUI,LSL_Logger,2026-06-12 14:56:00.552;EyeTracking;SettingUI;Eye_Closed;eye_tracking;Eye_Closed,MarkerSent
14:56:00.552,EyeTracking,SettingUI,Eye_Closed,eye_tracking,Eye_Closed
14:56:01.108,EyeTracking,SettingUI,LSL_Logger,2026-06-12 14:56:01.108;EyeTracking;SettingUI;Eye_Opened;eye_tracking;Eye_Opened,MarkerSent
14:56:01.108,EyeTracking,SettingUI,Eye_Opened,eye_tracking,Eye_Opened
14:56:01.149,EyeTracking,SettingUI,LSL_Logger,2026-06-12 14:56:01.149;EyeTracking;SettingUI;Eye_Closed;eye_tracking;Eye_Closed,MarkerSent
14:56:01.149,EyeTracking,SettingUI,Eye_Closed,eye_tracking,Eye_Closed
14:56:01.274,EyeTracking,SettingUI,LSL_Logger,2026-06-12 14:56:01.274;EyeTracking;SettingUI;Eye_Opened;eye_tracking;Eye_Opened,MarkerSent
14:56:01.274,EyeTracking,SettingUI,Eye_Opened,eye_tracking,Eye_Opened
14:56:02.835,EyeTracking,SettingUI,LSL_Logger,2026-06-12 14:56:02.835;EyeTracking;SettingUI;Eye_Closed;eye_tracking;Eye_Closed,MarkerSent
14:56:02.835,EyeTracking,SettingUI,Eye_Closed,eye_tracking,Eye_Closed
14:56:03.054,EyeTracking,SettingUI,LSL_Logger,2026-06-12 14:56:03.054;EyeTracking;SettingUI;Eye_Opened;eye_tracking;Eye_Opened,MarkerSent
14:56:03.054,EyeTracking,SettingUI,Eye_Opened,eye_tracking,Eye_Opened
14:56:03.824,EyeTracking,SettingUI,LSL_Logger,2026-06-12 14:56:03.824;EyeTracking;SettingUI;Eye_Closed;eye_tracking;Eye_Closed,MarkerSent
14:56:03.824,EyeTracking,SettingUI,Eye_Closed,eye_tracking,Eye_Closed
14:56:03.891,EyeTracking,SettingUI,LSL_Logger,2026-06-12 14:56:03.891;EyeTracking;SettingUI;Eye_Opened;eye_tracking;Eye_Opened,MarkerSent
14:56:03.891,EyeTracking,SettingUI,Eye_Opened,eye_tracking,Eye_Opened
14:56:04.790,EyeTracking,SettingUI,LSL_Logger,2026-06-12 14:56:04.790;EyeTracking;SettingUI;Eye_Closed;eye_tracking;Eye_Closed,MarkerSent
14:56:04.790,EyeTracking,SettingUI,Eye_Closed,eye_tracking,Eye_Closed
14:56:04.888,EyeTracking,SettingUI,LSL_Logger,2026-06-12 14:56:04.888;EyeTracking;SettingUI;Eye_Opened;eye_tracking;Eye_Opened,MarkerSent
14:56:04.888,EyeTracking,SettingUI,Eye_Opened,eye_tracking,Eye_Opened
14:56:05.086,EyeTracking,SettingUI,LSL_Logger,2026-06-12 14:56:05.086;EyeTracking;SettingUI;Eye_Closed;eye_tracking;Eye_Closed,MarkerSent
14:56:05.086,EyeTracking,SettingUI,Eye_Closed,eye_tracking,Eye_Closed
14:56:05.373,EyeTracking,SettingUI,LSL_Logger,2026-06-12 14:56:05.373;EyeTracking;SettingUI;Eye_Opened;eye_tracking;Eye_Opened,MarkerSent
14:56:05.373,EyeTracking,SettingUI,Eye_Opened,eye_tracking,Eye_Opened
14:56:06.722,EyeTracking,SettingUI,Hover_Enter,Button: demoIntroScene,Hovering
14:56:06.722,EyeTracking,SettingUI,LSL_Logger,2026-06-12 14:56:06.722;EyeTracking;SettingUI;Hover_Enter;Button: demoIntroScene;Hovering,MarkerSent
14:56:06.866,EyeTracking,SettingUI,LSL_Logger,2026-06-12 14:56:06.866;EyeTracking;SettingUI;Eye_Closed;eye_tracking;Eye_Closed,MarkerSent
14:56:06.866,EyeTracking,SettingUI,Eye_Closed,eye_tracking,Eye_Closed
14:56:07.756,EyeTracking,SettingUI,LSL_Logger,2026-06-12 14:56:07.756;EyeTracking;SettingUI;Eye_Opened;eye_tracking;Eye_Opened,MarkerSent
14:56:07.756,EyeTracking,SettingUI,Eye_Opened,eye_tracking,Eye_Opened
14:56:07.866,EyeTracking,SettingUI,Hover_Exit,Button: demoIntroScene,Hover_Exit
14:56:07.866,EyeTracking,SettingUI,LSL_Logger,2026-06-12 14:56:07.866;EyeTracking;SettingUI;Hover_Exit;Button: demoIntroScene;Hover_Exit,MarkerSent
14:56:08.019,EyeTracking,SettingUI,Hover_Enter,Button: demoIntroScene,Hovering
14:56:08.019,EyeTracking,SettingUI,LSL_Logger,2026-06-12 14:56:08.019;EyeTracking;SettingUI;Hover_Enter;Button: demoIntroScene;Hovering,MarkerSent
14:56:09.208,EyeTracking,SettingUI,Hover_Exit,Button: demoIntroScene,Hover_Exit
14:56:09.208,EyeTracking,SettingUI,LSL_Logger,2026-06-12 14:56:09.208;EyeTracking;SettingUI;Hover_Exit;Button: demoIntroScene;Hover_Exit,MarkerSent
14:56:09.243,EyeTracking,SettingUI,Hover_Enter,Button: demoIntroScene,Hovering
14:56:09.243,EyeTracking,SettingUI,LSL_Logger,2026-06-12 14:56:09.243;EyeTracking;SettingUI;Hover_Enter;Button: demoIntroScene;Hovering,MarkerSent
14:56:09.808,EyeTracking,SettingUI,Hover_Exit,Button: demoIntroScene,Hover_Exit
14:56:09.808,EyeTracking,SettingUI,LSL_Logger,2026-06-12 14:56:09.808;EyeTracking;SettingUI;Hover_Exit;Button: demoIntroScene;Hover_Exit,MarkerSent
14:56:09.830,EyeTracking,SettingUI,Hover_Enter,Button: demoIntroScene,Hovering
14:56:09.830,EyeTracking,SettingUI,LSL_Logger,2026-06-12 14:56:09.830;EyeTracking;SettingUI;Hover_Enter;Button: demoIntroScene;Hovering,MarkerSent
14:56:09.966,EyeTracking,SettingUI,Hover_Exit,Button: demoIntroScene,Hover_Exit
14:56:09.966,EyeTracking,SettingUI,LSL_Logger,2026-06-12 14:56:09.966;EyeTracking;SettingUI;Hover_Exit;Button: demoIntroScene;Hover_Exit,MarkerSent
14:56:10.207,EyeTracking,SettingUI,Hover_Enter,Button: demoIntroScene,Hovering
14:56:10.207,EyeTracking,SettingUI,LSL_Logger,2026-06-12 14:56:10.207;EyeTracking;SettingUI;Hover_Enter;Button: demoIntroScene;Hovering,MarkerSent
14:56:12.197,EyeTracking,SettingUI,Action_Executed,Button: demoIntroScene; Action: ButtonAction,Execution_Proceeding
14:56:12.197,EyeTracking,SettingUI,LSL_Logger,2026-06-12 14:56:12.197;EyeTracking;SettingUI;Action_Executed;Button: demoIntroScene; Action: ButtonAction;Execution_Proceeding,MarkerSent
14:56:12.531,EyeTracking,SettingUI,Hover_Exit,Button: demoIntroScene,Hover_Exit
14:56:12.531,EyeTracking,SettingUI,LSL_Logger,2026-06-12 14:56:12.531;EyeTracking;SettingUI;Hover_Exit;Button: demoIntroScene;Hover_Exit,MarkerSent
14:56:12.585,EyeTracking,SettingUI,Hover_Enter,Button: Intro-Next-UI,Hovering
14:56:12.585,EyeTracking,SettingUI,LSL_Logger,2026-06-12 14:56:12.585;EyeTracking;SettingUI;Hover_Enter;Button: Intro-Next-UI;Hovering,MarkerSent
14:56:12.585,EyeTracking,SettingUI,Dwell_Start,Button: Intro-Next-UI,Dwell_Started
14:56:12.585,EyeTracking,SettingUI,LSL_Logger,2026-06-12 14:56:12.585;EyeTracking;SettingUI;Dwell_Start;Button: Intro-Next-UI;Dwell_Started,MarkerSent
14:56:14.574,EyeTracking,SettingUI,Dwell,Button: Intro-Next-UI,Dwelling_Completed
14:56:14.574,EyeTracking,SettingUI,LSL_Logger,2026-06-12 14:56:14.574;EyeTracking;SettingUI;Dwell;Button: Intro-Next-UI;Dwelling_Completed,MarkerSent
14:56:14.574,EyeTracking,SettingUI,Action_Executed,Button: Intro-Next-UI; Action: ButtonAction,Execution_Proceeding
14:56:14.574,EyeTracking,SettingUI,LSL_Logger,2026-06-12 14:56:14.574;EyeTracking;SettingUI;Action_Executed;Button: Intro-Next-UI; Action: ButtonAction;Execution_Proceeding,MarkerSent
14:56:14.605,EyeTracking,SettingUI,Hover_Enter,Button: nextDwellSetting,Hovering
14:56:14.605,EyeTracking,SettingUI,LSL_Logger,2026-06-12 14:56:14.605;EyeTracking;SettingUI;Hover_Enter;Button: nextDwellSetting;Hovering,MarkerSent
14:56:14.605,EyeTracking,SettingUI,Dwell_Start,Button: nextDwellSetting,Dwell_Started
14:56:14.605,EyeTracking,SettingUI,LSL_Logger,2026-06-12 14:56:14.605;EyeTracking;SettingUI;Dwell_Start;Button: nextDwellSetting;Dwell_Started,MarkerSent
14:56:14.879,EyeTracking,SettingUI,Hover_Exit,Button: nextDwellSetting,Hover_Exit
14:56:14.879,EyeTracking,SettingUI,LSL_Logger,2026-06-12 14:56:14.879;EyeTracking;SettingUI;Hover_Exit;Button: nextDwellSetting;Hover_Exit,MarkerSent
14:56:15.002,EyeTracking,SettingUI,LSL_Logger,2026-06-12 14:56:15.002;EyeTracking;SettingUI;Eye_Closed;eye_tracking;Eye_Closed,MarkerSent
14:56:15.002,EyeTracking,SettingUI,Eye_Closed,eye_tracking,Eye_Closed
14:56:15.168,EyeTracking,SettingUI,LSL_Logger,2026-06-12 14:56:15.168;EyeTracking;SettingUI;Eye_Opened;eye_tracking;Eye_Opened,MarkerSent
14:56:15.168,EyeTracking,SettingUI,Eye_Opened,eye_tracking,Eye_Opened
14:56:15.279,EyeTracking,SettingUI,Hover_Enter,Button: headingDwellSetting,Hovering
14:56:15.279,EyeTracking,SettingUI,LSL_Logger,2026-06-12 14:56:15.279;EyeTracking;SettingUI;Hover_Enter;Button: headingDwellSetting;Hovering,MarkerSent
14:56:15.558,EyeTracking,SettingUI,Hover_Exit,Button: headingDwellSetting,Hover_Exit
14:56:15.558,EyeTracking,SettingUI,LSL_Logger,2026-06-12 14:56:15.558;EyeTracking;SettingUI;Hover_Exit;Button: headingDwellSetting;Hover_Exit,MarkerSent
14:56:19.815,EyeTracking,SettingUI,LSL_Logger,2026-06-12 14:56:19.815;EyeTracking;SettingUI;Eye_Closed;eye_tracking;Eye_Closed,MarkerSent
14:56:19.815,EyeTracking,SettingUI,Eye_Closed,eye_tracking,Eye_Closed
14:56:19.915,EyeTracking,SettingUI,LSL_Logger,2026-06-12 14:56:19.915;EyeTracking;SettingUI;Eye_Opened;eye_tracking;Eye_Opened,MarkerSent
14:56:19.915,EyeTracking,SettingUI,Eye_Opened,eye_tracking,Eye_Opened
14:56:27.432,EyeTracking,SettingUI,Hover_Enter,Button: subTimeDwell,Hovering
14:56:27.432,EyeTracking,SettingUI,LSL_Logger,2026-06-12 14:56:27.432;EyeTracking;SettingUI;Hover_Enter;Button: subTimeDwell;Hovering,MarkerSent
14:56:27.432,EyeTracking,SettingUI,Dwell_Start,Button: subTimeDwell,Dwell_Started
14:56:27.432,EyeTracking,SettingUI,LSL_Logger,2026-06-12 14:56:27.432;EyeTracking;SettingUI;Dwell_Start;Button: subTimeDwell;Dwell_Started,MarkerSent
14:56:29.420,EyeTracking,SettingUI,Dwell,Button: subTimeDwell,Dwelling_Completed
14:56:29.420,EyeTracking,SettingUI,LSL_Logger,2026-06-12 14:56:29.420;EyeTracking;SettingUI;Dwell;Button: subTimeDwell;Dwelling_Completed,MarkerSent
14:56:29.420,EyeTracking,SettingUI,Action_Executed,Button: subTimeDwell; Action: ButtonAction,Execution_Proceeding
14:56:29.420,EyeTracking,SettingUI,LSL_Logger,2026-06-12 14:56:29.420;EyeTracking;SettingUI;Action_Executed;Button: subTimeDwell; Action: ButtonAction;Execution_Proceeding,MarkerSent
14:56:30.887,EyeTracking,SettingUI,Hover_Exit,Button: subTimeDwell,Hover_Exit
14:56:30.887,EyeTracking,SettingUI,LSL_Logger,2026-06-12 14:56:30.887;EyeTracking;SettingUI;Hover_Exit;Button: subTimeDwell;Hover_Exit,MarkerSent
14:56:31.487,EyeTracking,SettingUI,Hover_Enter,Button: subTimeDwell,Hovering
14:56:31.487,EyeTracking,SettingUI,LSL_Logger,2026-06-12 14:56:31.487;EyeTracking;SettingUI;Hover_Enter;Button: subTimeDwell;Hovering,MarkerSent
14:56:31.553,EyeTracking,SettingUI,Hover_Exit,Button: subTimeDwell,Hover_Exit
14:56:31.553,EyeTracking,SettingUI,LSL_Logger,2026-06-12 14:56:31.553;EyeTracking;SettingUI;Hover_Exit;Button: subTimeDwell;Hover_Exit,MarkerSent
14:56:31.566,EyeTracking,SettingUI,Hover_Enter,Button: subTimeDwell,Hovering
14:56:31.566,EyeTracking,SettingUI,LSL_Logger,2026-06-12 14:56:31.566;EyeTracking;SettingUI;Hover_Enter;Button: subTimeDwell;Hovering,MarkerSent
14:56:33.059,EyeTracking,SettingUI,Dwell,Button: subTimeDwell,Dwelling_Completed
14:56:33.059,EyeTracking,SettingUI,LSL_Logger,2026-06-12 14:56:33.059;EyeTracking;SettingUI;Dwell;Button: subTimeDwell;Dwelling_Completed,MarkerSent
14:56:33.059,EyeTracking,SettingUI,Action_Executed,Button: subTimeDwell; Action: ButtonAction,Execution_Proceeding
14:56:33.059,EyeTracking,SettingUI,LSL_Logger,2026-06-12 14:56:33.059;EyeTracking;SettingUI;Action_Executed;Button: subTimeDwell; Action: ButtonAction;Execution_Proceeding,MarkerSent
14:56:33.348,EyeTracking,SettingUI,Hover_Exit,Button: subTimeDwell,Hover_Exit
14:56:33.348,EyeTracking,SettingUI,LSL_Logger,2026-06-12 14:56:33.348;EyeTracking;SettingUI;Hover_Exit;Button: subTimeDwell;Hover_Exit,MarkerSent
14:56:33.627,EyeTracking,SettingUI,Hover_Enter,Button: nextDwellSetting,Hovering
14:56:33.627,EyeTracking,SettingUI,LSL_Logger,2026-06-12 14:56:33.627;EyeTracking;SettingUI;Hover_Enter;Button: nextDwellSetting;Hovering,MarkerSent
14:56:34.618,EyeTracking,SettingUI,Dwell,Button: nextDwellSetting,Dwelling_Completed
14:56:34.618,EyeTracking,SettingUI,LSL_Logger,2026-06-12 14:56:34.618;EyeTracking;SettingUI;Dwell;Button: nextDwellSetting;Dwelling_Completed,MarkerSent
14:56:34.618,EyeTracking,SettingUI,Action_Executed,Button: nextDwellSetting; Action: ButtonAction,Execution_Proceeding
14:56:34.618,EyeTracking,SettingUI,LSL_Logger,2026-06-12 14:56:34.618;EyeTracking;SettingUI;Action_Executed;Button: nextDwellSetting; Action: ButtonAction;Execution_Proceeding,MarkerSent
14:56:34.618,EyeTracking,SettingUI,Set_Target_Frequency,Button: SettingUI,Set_Target_Frequency: 15
14:56:34.618,EyeTracking,SettingUI,LSL_Logger,2026-06-12 14:56:34.618;EyeTracking;SettingUI;Set_Target_Frequency;Button: SettingUI;Set_Target_Frequency: 15,MarkerSent
14:56:34.618,EyeTracking,Demo3D,Phase_Start,Demo3D,
14:56:35.005,EyeTracking,Demo3D,Hover_Enter,Button: StartDemo,Hovering
14:56:35.005,EyeTracking,Demo3D,LSL_Logger,2026-06-12 14:56:35.005;EyeTracking;Demo3D;Hover_Enter;Button: StartDemo;Hovering,MarkerSent
14:56:35.005,EyeTracking,Demo3D,Dwell_Start,Button: StartDemo,Dwell_Started
14:56:35.005,EyeTracking,Demo3D,LSL_Logger,2026-06-12 14:56:35.005;EyeTracking;Demo3D;Dwell_Start;Button: StartDemo;Dwell_Started,MarkerSent
14:56:35.060,EyeTracking,Demo3D,LSL_Logger,2026-06-12 14:56:35.060;EyeTracking;Demo3D;Eye_Closed;eye_tracking;Eye_Closed,MarkerSent
14:56:35.060,EyeTracking,Demo3D,Eye_Closed,eye_tracking,Eye_Closed
14:56:35.082,EyeTracking,Demo3D,LSL_Logger,2026-06-12 14:56:35.082;EyeTracking;Demo3D;Eye_Opened;eye_tracking;Eye_Opened,MarkerSent
14:56:35.082,EyeTracking,Demo3D,Eye_Opened,eye_tracking,Eye_Opened
14:56:35.260,EyeTracking,Demo3D,Hover_Exit,Button: StartDemo,Hover_Exit
14:56:35.260,EyeTracking,Demo3D,LSL_Logger,2026-06-12 14:56:35.260;EyeTracking;Demo3D;Hover_Exit;Button: StartDemo;Hover_Exit,MarkerSent
14:56:44.703,EyeTracking,Demo3D,Hover_Enter,Button: StartDemo,Hovering
14:56:44.703,EyeTracking,Demo3D,LSL_Logger,2026-06-12 14:56:44.703;EyeTracking;Demo3D;Hover_Enter;Button: StartDemo;Hovering,MarkerSent
14:56:45.568,EyeTracking,Demo3D,Hover_Exit,Button: StartDemo,Hover_Exit
14:56:45.568,EyeTracking,Demo3D,LSL_Logger,2026-06-12 14:56:45.568;EyeTracking;Demo3D;Hover_Exit;Button: StartDemo;Hover_Exit,MarkerSent
14:56:46.136,EyeTracking,Demo3D,Hover_Enter,Button: StartDemo,Hovering
14:56:46.136,EyeTracking,Demo3D,LSL_Logger,2026-06-12 14:56:46.136;EyeTracking;Demo3D;Hover_Enter;Button: StartDemo;Hovering,MarkerSent
14:56:47.134,EyeTracking,Demo3D,Dwell,Button: StartDemo,Dwelling_Completed
14:56:47.134,EyeTracking,Demo3D,LSL_Logger,2026-06-12 14:56:47.134;EyeTracking;Demo3D;Dwell;Button: StartDemo;Dwelling_Completed,MarkerSent
14:56:47.134,EyeTracking,Demo3D,Action_Executed,Button: StartDemo; Action: ButtonAction,Execution_Proceeding
14:56:47.134,EyeTracking,Demo3D,LSL_Logger,2026-06-12 14:56:47.134;EyeTracking;Demo3D;Action_Executed;Button: StartDemo; Action: ButtonAction;Execution_Proceeding,MarkerSent
14:56:47.186,EyeTracking,Demo3D,Dwell_Start,Object: Door_Single,Dwell_Started
14:56:47.186,EyeTracking,Demo3D,LSL_Logger,2026-06-12 14:56:47.186;EyeTracking;Demo3D;Dwell_Start;Object: Door_Single;Dwell_Started,MarkerSent
14:56:48.145,EyeTracking,Demo3D,Dwell_Complete,Object: Door_Single,Dwelling_Completed
14:56:48.145,EyeTracking,Demo3D,LSL_Logger,2026-06-12 14:56:48.145;EyeTracking;Demo3D;Dwell_Complete;Object: Door_Single;Dwelling_Completed,MarkerSent
14:56:48.145,EyeTracking,Demo3D,Action_Executed,Object: Door_Single; Action: DoorSwitch,Execution_Proceeding
14:56:48.145,EyeTracking,Demo3D,LSL_Logger,2026-06-12 14:56:48.145;EyeTracking;Demo3D;Action_Executed;Object: Door_Single; Action: DoorSwitch;Execution_Proceeding,MarkerSent
14:56:48.667,EyeTracking,Demo3D,Dwell_Start,Object: Door_Double,Dwell_Started
14:56:48.667,EyeTracking,Demo3D,LSL_Logger,2026-06-12 14:56:48.667;EyeTracking;Demo3D;Dwell_Start;Object: Door_Double;Dwell_Started,MarkerSent
14:56:48.908,EyeTracking,Demo3D,LSL_Logger,2026-06-12 14:56:48.908;EyeTracking;Demo3D;Eye_Closed;eye_tracking;Eye_Closed,MarkerSent
14:56:48.908,EyeTracking,Demo3D,Eye_Closed,eye_tracking,Eye_Closed
14:56:48.941,EyeTracking,Demo3D,LSL_Logger,2026-06-12 14:56:48.941;EyeTracking;Demo3D;Eye_Opened;eye_tracking;Eye_Opened,MarkerSent
14:56:48.941,EyeTracking,Demo3D,Eye_Opened,eye_tracking,Eye_Opened
14:56:49.074,EyeTracking,Demo3D,LSL_Logger,2026-06-12 14:56:49.074;EyeTracking;Demo3D;Eye_Closed;eye_tracking;Eye_Closed,MarkerSent
14:56:49.074,EyeTracking,Demo3D,Eye_Closed,eye_tracking,Eye_Closed
14:56:49.140,EyeTracking,Demo3D,LSL_Logger,2026-06-12 14:56:49.140;EyeTracking;Demo3D;Eye_Opened;eye_tracking;Eye_Opened,MarkerSent
14:56:49.140,EyeTracking,Demo3D,Eye_Opened,eye_tracking,Eye_Opened
14:56:49.666,EyeTracking,Demo3D,Dwell_Complete,Object: Door_Double,Dwelling_Completed
14:56:49.666,EyeTracking,Demo3D,LSL_Logger,2026-06-12 14:56:49.666;EyeTracking;Demo3D;Dwell_Complete;Object: Door_Double;Dwelling_Completed,MarkerSent
14:56:49.666,EyeTracking,Demo3D,Action_Executed,Object: Door_Double; Action: NextScene,Execution_Proceeding
14:56:49.666,EyeTracking,Demo3D,LSL_Logger,2026-06-12 14:56:49.666;EyeTracking;Demo3D;Action_Executed;Object: Door_Double; Action: NextScene;Execution_Proceeding,MarkerSent
14:56:50.165,EyeTracking,Test3D,Phase_Start,Test3D,
14:56:56.663,EyeTracking,Test3D,LSL_Logger,2026-06-12 14:56:56.663;EyeTracking;Test3D;Eye_Closed;eye_tracking;Eye_Closed,MarkerSent
14:56:56.663,EyeTracking,Test3D,Eye_Closed,eye_tracking,Eye_Closed
14:56:57.128,EyeTracking,Test3D,LSL_Logger,2026-06-12 14:56:57.128;EyeTracking;Test3D;Eye_Opened;eye_tracking;Eye_Opened,MarkerSent
14:56:57.128,EyeTracking,Test3D,Eye_Opened,eye_tracking,Eye_Opened
14:57:13.844,EyeTracking,Test3D,Hover_Enter,Button: StartTestBCI,Hovering
14:57:13.844,EyeTracking,Test3D,LSL_Logger,2026-06-12 14:57:13.844;EyeTracking;Test3D;Hover_Enter;Button: StartTestBCI;Hovering,MarkerSent
14:57:13.844,EyeTracking,Test3D,Dwell_Start,Button: StartTestBCI,Dwell_Started
14:57:13.844,EyeTracking,Test3D,LSL_Logger,2026-06-12 14:57:13.844;EyeTracking;Test3D;Dwell_Start;Button: StartTestBCI;Dwell_Started,MarkerSent
14:57:13.877,EyeTracking,Test3D,Hover_Exit,Button: StartTestBCI,Hover_Exit
14:57:13.877,EyeTracking,Test3D,LSL_Logger,2026-06-12 14:57:13.877;EyeTracking;Test3D;Hover_Exit;Button: StartTestBCI;Hover_Exit,MarkerSent
14:57:13.900,EyeTracking,Test3D,Hover_Enter,Button: StartTestBCI,Hovering
14:57:13.900,EyeTracking,Test3D,LSL_Logger,2026-06-12 14:57:13.900;EyeTracking;Test3D;Hover_Enter;Button: StartTestBCI;Hovering,MarkerSent
14:57:14.054,EyeTracking,Test3D,Hover_Exit,Button: StartTestBCI,Hover_Exit
14:57:14.054,EyeTracking,Test3D,LSL_Logger,2026-06-12 14:57:14.054;EyeTracking;Test3D;Hover_Exit;Button: StartTestBCI;Hover_Exit,MarkerSent
14:57:14.131,EyeTracking,Test3D,Hover_Enter,Button: StartTestBCI,Hovering
14:57:14.131,EyeTracking,Test3D,LSL_Logger,2026-06-12 14:57:14.131;EyeTracking;Test3D;Hover_Enter;Button: StartTestBCI;Hovering,MarkerSent
14:57:15.120,EyeTracking,Test3D,Dwell,Button: StartTestBCI,Dwelling_Completed
14:57:15.120,EyeTracking,Test3D,LSL_Logger,2026-06-12 14:57:15.120;EyeTracking;Test3D;Dwell;Button: StartTestBCI;Dwelling_Completed,MarkerSent
14:57:15.120,EyeTracking,Test3D,Action_Executed,Button: StartTestBCI; Action: ButtonAction,Execution_Proceeding
14:57:15.120,EyeTracking,Test3D,LSL_Logger,2026-06-12 14:57:15.120;EyeTracking;Test3D;Action_Executed;Button: StartTestBCI; Action: ButtonAction;Execution_Proceeding,MarkerSent
14:57:15.607,EyeTracking,Test3D,LSL_Logger,2026-06-12 14:57:15.607;EyeTracking;Test3D;Eye_Closed;eye_tracking;Eye_Closed,MarkerSent
14:57:15.607,EyeTracking,Test3D,Eye_Closed,eye_tracking,Eye_Closed
14:57:15.617,EyeTracking,Test3D,LSL_Logger,2026-06-12 14:57:15.617;EyeTracking;Test3D;Eye_Opened;eye_tracking;Eye_Opened,MarkerSent
14:57:15.617,EyeTracking,Test3D,Eye_Opened,eye_tracking,Eye_Opened
14:57:15.685,EyeTracking,Test3D,LSL_Logger,2026-06-12 14:57:15.685;EyeTracking;Test3D;Eye_Closed;eye_tracking;Eye_Closed,MarkerSent
14:57:15.685,EyeTracking,Test3D,Eye_Closed,eye_tracking,Eye_Closed
14:57:15.771,EyeTracking,Test3D,LSL_Logger,2026-06-12 14:57:15.771;EyeTracking;Test3D;Eye_Opened;eye_tracking;Eye_Opened,MarkerSent
14:57:15.771,EyeTracking,Test3D,Eye_Opened,eye_tracking,Eye_Opened
14:57:16.338,EyeTracking,Test3D,Dwell_Start,Object: Door_Single,Dwell_Started
14:57:16.338,EyeTracking,Test3D,LSL_Logger,2026-06-12 14:57:16.338;EyeTracking;Test3D;Dwell_Start;Object: Door_Single;Dwell_Started,MarkerSent
14:57:16.850,EyeTracking,Test3D,Gaze_Stop,Object: Door_Single,Hover_Exit
14:57:16.850,EyeTracking,Test3D,LSL_Logger,2026-06-12 14:57:16.850;EyeTracking;Test3D;Gaze_Stop;Object: Door_Single;Hover_Exit,MarkerSent
14:57:16.994,EyeTracking,Test3D,Dwell_Start,Object: Door_Single,Dwell_Started
14:57:16.994,EyeTracking,Test3D,LSL_Logger,2026-06-12 14:57:16.994;EyeTracking;Test3D;Dwell_Start;Object: Door_Single;Dwell_Started,MarkerSent
14:57:17.225,EyeTracking,Test3D,Gaze_Stop,Object: Door_Single,Hover_Exit
14:57:17.225,EyeTracking,Test3D,LSL_Logger,2026-06-12 14:57:17.225;EyeTracking;Test3D;Gaze_Stop;Object: Door_Single;Hover_Exit,MarkerSent
14:57:17.359,EyeTracking,Test3D,Dwell_Start,Object: Door_Single,Dwell_Started
14:57:17.359,EyeTracking,Test3D,LSL_Logger,2026-06-12 14:57:17.359;EyeTracking;Test3D;Dwell_Start;Object: Door_Single;Dwell_Started,MarkerSent
14:57:17.570,EyeTracking,Test3D,Gaze_Stop,Object: Door_Single,Hover_Exit
14:57:17.570,EyeTracking,Test3D,LSL_Logger,2026-06-12 14:57:17.570;EyeTracking;Test3D;Gaze_Stop;Object: Door_Single;Hover_Exit,MarkerSent
14:57:17.680,EyeTracking,Test3D,LSL_Logger,2026-06-12 14:57:17.680;EyeTracking;Test3D;Eye_Closed;eye_tracking;Eye_Closed,MarkerSent
14:57:17.680,EyeTracking,Test3D,Eye_Closed,eye_tracking,Eye_Closed
14:57:17.801,EyeTracking,Test3D,LSL_Logger,2026-06-12 14:57:17.801;EyeTracking;Test3D;Eye_Opened;eye_tracking;Eye_Opened,MarkerSent
14:57:17.801,EyeTracking,Test3D,Eye_Opened,eye_tracking,Eye_Opened
14:57:17.914,EyeTracking,Test3D,Dwell_Start,Object: Door_Double,Dwell_Started
14:57:17.914,EyeTracking,Test3D,LSL_Logger,2026-06-12 14:57:17.914;EyeTracking;Test3D;Dwell_Start;Object: Door_Double;Dwell_Started,MarkerSent
14:57:18.549,EyeTracking,Test3D,Gaze_Stop,Object: Door_Double,Hover_Exit
14:57:18.549,EyeTracking,Test3D,LSL_Logger,2026-06-12 14:57:18.549;EyeTracking;Test3D;Gaze_Stop;Object: Door_Double;Hover_Exit,MarkerSent
14:57:18.661,EyeTracking,Test3D,Dwell_Start,Object: Door_Single,Dwell_Started
14:57:18.661,EyeTracking,Test3D,LSL_Logger,2026-06-12 14:57:18.661;EyeTracking;Test3D;Dwell_Start;Object: Door_Single;Dwell_Started,MarkerSent
14:57:19.652,EyeTracking,Test3D,Dwell_Complete,Object: Door_Single,Dwelling_Completed
14:57:19.652,EyeTracking,Test3D,LSL_Logger,2026-06-12 14:57:19.652;EyeTracking;Test3D;Dwell_Complete;Object: Door_Single;Dwelling_Completed,MarkerSent
14:57:19.652,EyeTracking,Test3D,Action_Executed,Object: Door_Single; Action: OpenDoor,Execution_Proceeding
14:57:19.652,EyeTracking,Test3D,LSL_Logger,2026-06-12 14:57:19.652;EyeTracking;Test3D;Action_Executed;Object: Door_Single; Action: OpenDoor;Execution_Proceeding,MarkerSent
14:57:20.517,EyeTracking,Test3D,Hover_Enter,Button: NextTrainBCI,Hovering
14:57:20.517,EyeTracking,Test3D,LSL_Logger,2026-06-12 14:57:20.517;EyeTracking;Test3D;Hover_Enter;Button: NextTrainBCI;Hovering,MarkerSent
14:57:20.517,EyeTracking,Test3D,Dwell_Start,Button: NextTrainBCI,Dwell_Started
14:57:20.517,EyeTracking,Test3D,LSL_Logger,2026-06-12 14:57:20.517;EyeTracking;Test3D;Dwell_Start;Button: NextTrainBCI;Dwell_Started,MarkerSent
14:57:20.572,EyeTracking,Test3D,LSL_Logger,2026-06-12 14:57:20.572;EyeTracking;Test3D;Eye_Closed;eye_tracking;Eye_Closed,MarkerSent
14:57:20.572,EyeTracking,Test3D,Eye_Closed,eye_tracking,Eye_Closed
14:57:20.650,EyeTracking,Test3D,LSL_Logger,2026-06-12 14:57:20.650;EyeTracking;Test3D;Eye_Opened;eye_tracking;Eye_Opened,MarkerSent
14:57:20.650,EyeTracking,Test3D,Eye_Opened,eye_tracking,Eye_Opened
14:57:20.749,EyeTracking,Test3D,Hover_Exit,Button: NextTrainBCI,Hover_Exit
14:57:20.749,EyeTracking,Test3D,LSL_Logger,2026-06-12 14:57:20.749;EyeTracking;Test3D;Hover_Exit;Button: NextTrainBCI;Hover_Exit,MarkerSent
14:57:28.634,EyeTracking,Test3D,Hover_Enter,Button: NextTrainBCI,Hovering
14:57:28.634,EyeTracking,Test3D,LSL_Logger,2026-06-12 14:57:28.634;EyeTracking;Test3D;Hover_Enter;Button: NextTrainBCI;Hovering,MarkerSent
14:57:29.624,EyeTracking,Test3D,Dwell,Button: NextTrainBCI,Dwelling_Completed
14:57:29.624,EyeTracking,Test3D,LSL_Logger,2026-06-12 14:57:29.624;EyeTracking;Test3D;Dwell;Button: NextTrainBCI;Dwelling_Completed,MarkerSent
14:57:29.624,EyeTracking,Test3D,Action_Executed,Button: NextTrainBCI; Action: ButtonAction,Execution_Proceeding
14:57:29.624,EyeTracking,Test3D,LSL_Logger,2026-06-12 14:57:29.624;EyeTracking;Test3D;Action_Executed;Button: NextTrainBCI; Action: ButtonAction;Execution_Proceeding,MarkerSent
14:57:29.624,EyeTracking,Test3D,Experiment_Ended,EyeTracking,
14:57:29.624,Hybrid,Test3D,Experiment_Start,Hybrid,
14:57:29.624,Hybrid,Test3D,Phase_Start,Test3D,
14:57:29.626,Hybrid,Test3D,All_Experiments_Completed,,
14:57:30.066,Hybrid,Test3D,LSL_Logger,2026-06-12 14:57:30.066;Hybrid;Test3D;Eye_Closed;eye_tracking;Eye_Closed,MarkerSent
14:57:30.066,Hybrid,Test3D,Eye_Closed,eye_tracking,Eye_Closed
14:57:30.154,Hybrid,Test3D,LSL_Logger,2026-06-12 14:57:30.154;Hybrid;Test3D;Eye_Opened;eye_tracking;Eye_Opened,MarkerSent
14:57:30.154,Hybrid,Test3D,Eye_Opened,eye_tracking,Eye_Opened
14:57:30.631,Hybrid,Test3D,Dwell,Button: StartTestBCI,Dwelling_Completed
14:57:30.631,Hybrid,Test3D,LSL_Logger,2026-06-12 14:57:30.631;Hybrid;Test3D;Dwell;Button: StartTestBCI;Dwelling_Completed,MarkerSent
14:57:30.631,Hybrid,Test3D,Flicker,StartTestBCI,Flicker_Start
14:57:30.631,Hybrid,Test3D,LSL_Logger,2026-06-12 14:57:30.631;Hybrid;Test3D;Flicker;StartTestBCI;Flicker_Start,MarkerSent
14:57:32.144,Hybrid,Test3D,Hover_Enter,Button: StartTestBCI,Hovering
14:57:32.144,Hybrid,Test3D,LSL_Logger,2026-06-12 14:57:32.144;Hybrid;Test3D;Hover_Enter;Button: StartTestBCI;Hovering,MarkerSent
14:57:32.632,Hybrid,Test3D,Flicker,StartTestBCI,Flicker_End
14:57:32.632,Hybrid,Test3D,LSL_Logger,2026-06-12 14:57:32.632;Hybrid;Test3D;Flicker;StartTestBCI;Flicker_End,MarkerSent
14:57:32.688,Hybrid,Test3D,BCI_Command_Received,100,FlickerDetected
14:57:32.688,Hybrid,Test3D,LSL_Logger,2026-06-12 14:57:32.688;Hybrid;Test3D;BCI_Command_Received;100;FlickerDetected,MarkerSent
14:57:32.688,Hybrid,Test3D,Action_Executed,Button: StartTestBCI; Action: ButtonAction,Execution_Proceeding
14:57:32.688,Hybrid,Test3D,LSL_Logger,2026-06-12 14:57:32.688;Hybrid;Test3D;Action_Executed;Button: StartTestBCI; Action: ButtonAction;Execution_Proceeding,MarkerSent
14:57:33.177,Hybrid,Test3D,LSL_Logger,2026-06-12 14:57:33.177;Hybrid;Test3D;Eye_Closed;eye_tracking;Eye_Closed,MarkerSent
14:57:33.177,Hybrid,Test3D,Eye_Closed,eye_tracking,Eye_Closed
14:57:33.267,Hybrid,Test3D,LSL_Logger,2026-06-12 14:57:33.267;Hybrid;Test3D;Eye_Opened;eye_tracking;Eye_Opened,MarkerSent
14:57:33.267,Hybrid,Test3D,Eye_Opened,eye_tracking,Eye_Opened
14:57:35.210,Hybrid,Test3D,Dwell_Start,Object: Door_Single,Dwell_Started
14:57:35.210,Hybrid,Test3D,LSL_Logger,2026-06-12 14:57:35.210;Hybrid;Test3D;Dwell_Start;Object: Door_Single;Dwell_Started,MarkerSent
14:57:36.209,Hybrid,Test3D,Dwell_Complete,Object: Door_Single,Dwelling_Completed
14:57:36.209,Hybrid,Test3D,LSL_Logger,2026-06-12 14:57:36.209;Hybrid;Test3D;Dwell_Complete;Object: Door_Single;Dwelling_Completed,MarkerSent
14:57:36.209,Hybrid,Test3D,Flicker_Start,Object: Door_Single; Hz: 15,Flicker_Start
14:57:36.209,Hybrid,Test3D,LSL_Logger,2026-06-12 14:57:36.209;Hybrid;Test3D;Flicker_Start;Door_Single;Flicker_Start,MarkerSent
14:57:38.218,Hybrid,Test3D,Flicker_End,Object: Door_Single,Flicker_End
14:57:38.218,Hybrid,Test3D,LSL_Logger,2026-06-12 14:57:38.218;Hybrid;Test3D;Flicker_End;Object: Door_Single;Flicker_End,MarkerSent
14:57:38.240,Hybrid,Test3D,BCI_Command_Received,101,FlickerNotDetected
14:57:38.240,Hybrid,Test3D,LSL_Logger,2026-06-12 14:57:38.240;Hybrid;Test3D;BCI_Command_Received;101;FlickerNotDetected,MarkerSent
14:57:38.547,Hybrid,Test3D,Flicker_Retry,Object: Door_Single,Retry: 1 / 3
14:57:38.547,Hybrid,Test3D,LSL_Logger,2026-06-12 14:57:38.547;Hybrid;Test3D;Flicker_Retry;Object: Door_Single;Retry: 1 / 3,MarkerSent
14:57:38.547,Hybrid,Test3D,LSL_Logger,2026-06-12 14:57:38.547;Hybrid;Test3D;Flicker_Start;Door_Single;Flicker_Start,MarkerSent
14:57:38.547,Hybrid,Test3D,Flicker_Start,Door_Single,Flicker_Start
14:57:40.552,Hybrid,Test3D,LSL_Logger,2026-06-12 14:57:40.552;Hybrid;Test3D;Flicker_Start;Door_Single;Flicker_End,MarkerSent
14:57:40.552,Hybrid,Test3D,Flicker_End,Object: Door_Single,Flicker_End
14:57:40.594,Hybrid,Test3D,BCI_Command_Received,101,FlickerNotDetected
14:57:40.594,Hybrid,Test3D,LSL_Logger,2026-06-12 14:57:40.594;Hybrid;Test3D;BCI_Command_Received;101;FlickerNotDetected,MarkerSent
14:57:40.895,Hybrid,Test3D,Flicker_Retry,Object: Door_Single,Retry: 2 / 3
14:57:40.895,Hybrid,Test3D,LSL_Logger,2026-06-12 14:57:40.895;Hybrid;Test3D;Flicker_Retry;Object: Door_Single;Retry: 2 / 3,MarkerSent
14:57:40.895,Hybrid,Test3D,LSL_Logger,2026-06-12 14:57:40.895;Hybrid;Test3D;Flicker_Start;Door_Single;Flicker_Start,MarkerSent
14:57:40.895,Hybrid,Test3D,Flicker_Start,Door_Single,Flicker_Start
14:57:42.906,Hybrid,Test3D,LSL_Logger,2026-06-12 14:57:42.906;Hybrid;Test3D;Flicker_Start;Door_Single;Flicker_End,MarkerSent
14:57:42.906,Hybrid,Test3D,Flicker_End,Object: Door_Single,Flicker_End
14:57:42.950,Hybrid,Test3D,BCI_Command_Received,101,FlickerNotDetected
14:57:42.950,Hybrid,Test3D,LSL_Logger,2026-06-12 14:57:42.950;Hybrid;Test3D;BCI_Command_Received;101;FlickerNotDetected,MarkerSent
14:57:43.257,Hybrid,Test3D,Flicker_Retry,Object: Door_Single,Retry: 3 / 3
14:57:43.257,Hybrid,Test3D,LSL_Logger,2026-06-12 14:57:43.257;Hybrid;Test3D;Flicker_Retry;Object: Door_Single;Retry: 3 / 3,MarkerSent
14:57:43.257,Hybrid,Test3D,LSL_Logger,2026-06-12 14:57:43.257;Hybrid;Test3D;Flicker_Start;Door_Single;Flicker_Start,MarkerSent
14:57:43.257,Hybrid,Test3D,Flicker_Start,Door_Single,Flicker_Start
14:57:45.259,Hybrid,Test3D,LSL_Logger,2026-06-12 14:57:45.259;Hybrid;Test3D;Flicker_Start;Door_Single;Flicker_End,MarkerSent
14:57:45.259,Hybrid,Test3D,Flicker_End,Object: Door_Single,Flicker_End
14:57:45.307,Hybrid,Test3D,BCI_Command_Received,101,FlickerNotDetected
14:57:45.307,Hybrid,Test3D,LSL_Logger,2026-06-12 14:57:45.307;Hybrid;Test3D;BCI_Command_Received;101;FlickerNotDetected,MarkerSent
14:57:45.308,Hybrid,Test3D,Retry_Cancelled,Object: Door_Single,Max_Retries_Reached
14:57:45.308,Hybrid,Test3D,LSL_Logger,2026-06-12 14:57:45.308;Hybrid;Test3D;Retry_Cancelled;Object: Door_Single;Max_Retries_Reached,MarkerSent
14:57:46.493,Hybrid,Test3D,LSL_Logger,2026-06-12 14:57:46.493;Hybrid;Test3D;Eye_Closed;eye_tracking;Eye_Closed,MarkerSent
14:57:46.493,Hybrid,Test3D,Eye_Closed,eye_tracking,Eye_Closed
14:57:46.527,Hybrid,Test3D,LSL_Logger,2026-06-12 14:57:46.527;Hybrid;Test3D;Eye_Opened;eye_tracking;Eye_Opened,MarkerSent
14:57:46.527,Hybrid,Test3D,Eye_Opened,eye_tracking,Eye_Opened
14:57:47.011,Hybrid,Test3D,Gaze_Stop,Object: Door_Single,Hover_Exit
14:57:47.011,Hybrid,Test3D,LSL_Logger,2026-06-12 14:57:47.011;Hybrid;Test3D;Gaze_Stop;Object: Door_Single;Hover_Exit,MarkerSent
14:57:47.365,Hybrid,Test3D,Dwell_Start,Object: Door_Double,Dwell_Started
14:57:47.365,Hybrid,Test3D,LSL_Logger,2026-06-12 14:57:47.365;Hybrid;Test3D;Dwell_Start;Object: Door_Double;Dwell_Started,MarkerSent
14:57:48.358,Hybrid,Test3D,Dwell_Complete,Object: Door_Double,Dwelling_Completed
14:57:48.358,Hybrid,Test3D,LSL_Logger,2026-06-12 14:57:48.358;Hybrid;Test3D;Dwell_Complete;Object: Door_Double;Dwelling_Completed,MarkerSent
14:57:48.358,Hybrid,Test3D,Flicker_Start,Object: Door_Double; Hz: 15,Flicker_Start
14:57:48.358,Hybrid,Test3D,LSL_Logger,2026-06-12 14:57:48.358;Hybrid;Test3D;Flicker_Start;Door_Double;Flicker_Start,MarkerSent
14:57:50.368,Hybrid,Test3D,Flicker_End,Object: Door_Double,Flicker_End
14:57:50.368,Hybrid,Test3D,LSL_Logger,2026-06-12 14:57:50.368;Hybrid;Test3D;Flicker_End;Object: Door_Double;Flicker_End,MarkerSent
14:57:50.403,Hybrid,Test3D,BCI_Command_Received,101,FlickerNotDetected
14:57:50.403,Hybrid,Test3D,LSL_Logger,2026-06-12 14:57:50.403;Hybrid;Test3D;BCI_Command_Received;101;FlickerNotDetected,MarkerSent
14:57:50.710,Hybrid,Test3D,Flicker_Retry,Object: Door_Double,Retry: 1 / 3
14:57:50.710,Hybrid,Test3D,LSL_Logger,2026-06-12 14:57:50.710;Hybrid;Test3D;Flicker_Retry;Object: Door_Double;Retry: 1 / 3,MarkerSent
14:57:50.710,Hybrid,Test3D,LSL_Logger,2026-06-12 14:57:50.710;Hybrid;Test3D;Flicker_Start;Door_Double;Flicker_Start,MarkerSent
14:57:50.710,Hybrid,Test3D,Flicker_Start,Door_Double,Flicker_Start
14:57:51.021,Hybrid,Test3D,LSL_Logger,2026-06-12 14:57:51.021;Hybrid;Test3D;Eye_Closed;eye_tracking;Eye_Closed,MarkerSent
14:57:51.021,Hybrid,Test3D,Eye_Closed,eye_tracking,Eye_Closed
14:57:51.060,Hybrid,Test3D,LSL_Logger,2026-06-12 14:57:51.060;Hybrid;Test3D;Eye_Opened;eye_tracking;Eye_Opened,MarkerSent
14:57:51.060,Hybrid,Test3D,Eye_Opened,eye_tracking,Eye_Opened
14:57:52.711,Hybrid,Test3D,LSL_Logger,2026-06-12 14:57:52.711;Hybrid;Test3D;Flicker_Start;Door_Double;Flicker_End,MarkerSent
14:57:52.711,Hybrid,Test3D,Flicker_End,Object: Door_Double,Flicker_End
14:57:52.754,Hybrid,Test3D,BCI_Command_Received,101,FlickerNotDetected
14:57:52.754,Hybrid,Test3D,LSL_Logger,2026-06-12 14:57:52.754;Hybrid;Test3D;BCI_Command_Received;101;FlickerNotDetected,MarkerSent
14:57:53.065,Hybrid,Test3D,Flicker_Retry,Object: Door_Double,Retry: 2 / 3
14:57:53.065,Hybrid,Test3D,LSL_Logger,2026-06-12 14:57:53.065;Hybrid;Test3D;Flicker_Retry;Object: Door_Double;Retry: 2 / 3,MarkerSent
14:57:53.065,Hybrid,Test3D,LSL_Logger,2026-06-12 14:57:53.065;Hybrid;Test3D;Flicker_Start;Door_Double;Flicker_Start,MarkerSent
14:57:53.065,Hybrid,Test3D,Flicker_Start,Door_Double,Flicker_Start
14:57:55.066,Hybrid,Test3D,LSL_Logger,2026-06-12 14:57:55.066;Hybrid;Test3D;Flicker_Start;Door_Double;Flicker_End,MarkerSent
14:57:55.066,Hybrid,Test3D,Flicker_End,Object: Door_Double,Flicker_End
14:57:55.111,Hybrid,Test3D,BCI_Command_Received,101,FlickerNotDetected
14:57:55.111,Hybrid,Test3D,LSL_Logger,2026-06-12 14:57:55.111;Hybrid;Test3D;BCI_Command_Received;101;FlickerNotDetected,MarkerSent
14:57:55.420,Hybrid,Test3D,Flicker_Retry,Object: Door_Double,Retry: 3 / 3
14:57:55.420,Hybrid,Test3D,LSL_Logger,2026-06-12 14:57:55.420;Hybrid;Test3D;Flicker_Retry;Object: Door_Double;Retry: 3 / 3,MarkerSent
14:57:55.420,Hybrid,Test3D,LSL_Logger,2026-06-12 14:57:55.420;Hybrid;Test3D;Flicker_Start;Door_Double;Flicker_Start,MarkerSent
14:57:55.420,Hybrid,Test3D,Flicker_Start,Door_Double,Flicker_Start
14:57:57.421,Hybrid,Test3D,LSL_Logger,2026-06-12 14:57:57.421;Hybrid;Test3D;Flicker_Start;Door_Double;Flicker_End,MarkerSent
14:57:57.421,Hybrid,Test3D,Flicker_End,Object: Door_Double,Flicker_End
14:57:57.478,Hybrid,Test3D,BCI_Command_Received,101,FlickerNotDetected
14:57:57.478,Hybrid,Test3D,LSL_Logger,2026-06-12 14:57:57.478;Hybrid;Test3D;BCI_Command_Received;101;FlickerNotDetected,MarkerSent
14:57:57.478,Hybrid,Test3D,Retry_Cancelled,Object: Door_Double,Max_Retries_Reached
14:57:57.478,Hybrid,Test3D,LSL_Logger,2026-06-12 14:57:57.478;Hybrid;Test3D;Retry_Cancelled;Object: Door_Double;Max_Retries_Reached,MarkerSent
14:57:59.187,Hybrid,Test3D,LSL_Logger,2026-06-12 14:57:59.187;Hybrid;Test3D;Eye_Closed;eye_tracking;Eye_Closed,MarkerSent
14:57:59.187,Hybrid,Test3D,Eye_Closed,eye_tracking,Eye_Closed
14:57:59.449,Hybrid,Test3D,LSL_Logger,2026-06-12 14:57:59.449;Hybrid;Test3D;Eye_Opened;eye_tracking;Eye_Opened,MarkerSent
14:57:59.449,Hybrid,Test3D,Eye_Opened,eye_tracking,Eye_Opened
14:58:00.241,Hybrid,Test3D,Gaze_Stop,Object: Door_Double,Hover_Exit
14:58:00.241,Hybrid,Test3D,LSL_Logger,2026-06-12 14:58:00.241;Hybrid;Test3D;Gaze_Stop;Object: Door_Double;Hover_Exit,MarkerSent
14:58:00.253,Hybrid,Test3D,Dwell_Start,Object: Door_Double,Dwell_Started
14:58:00.253,Hybrid,Test3D,LSL_Logger,2026-06-12 14:58:00.253;Hybrid;Test3D;Dwell_Start;Object: Door_Double;Dwell_Started,MarkerSent
14:58:00.263,Hybrid,Test3D,Gaze_Stop,Object: Door_Double,Hover_Exit
14:58:00.263,Hybrid,Test3D,LSL_Logger,2026-06-12 14:58:00.263;Hybrid;Test3D;Gaze_Stop;Object: Door_Double;Hover_Exit,MarkerSent
14:58:01.251,Hybrid,Test3D,Dwell_Start,Object: Door_Double,Dwell_Started
14:58:01.251,Hybrid,Test3D,LSL_Logger,2026-06-12 14:58:01.251;Hybrid;Test3D;Dwell_Start;Object: Door_Double;Dwell_Started,MarkerSent
14:58:02.249,Hybrid,Test3D,Dwell_Complete,Object: Door_Double,Dwelling_Completed
14:58:02.249,Hybrid,Test3D,LSL_Logger,2026-06-12 14:58:02.249;Hybrid;Test3D;Dwell_Complete;Object: Door_Double;Dwelling_Completed,MarkerSent
14:58:02.249,Hybrid,Test3D,Flicker_Start,Object: Door_Double; Hz: 15,Flicker_Start
14:58:02.249,Hybrid,Test3D,LSL_Logger,2026-06-12 14:58:02.249;Hybrid;Test3D;Flicker_Start;Door_Double;Flicker_Start,MarkerSent
14:58:04.250,Hybrid,Test3D,Flicker_End,Object: Door_Double,Flicker_End
14:58:04.250,Hybrid,Test3D,LSL_Logger,2026-06-12 14:58:04.250;Hybrid;Test3D;Flicker_End;Object: Door_Double;Flicker_End,MarkerSent
14:58:04.286,Hybrid,Test3D,BCI_Command_Received,101,FlickerNotDetected
14:58:04.286,Hybrid,Test3D,LSL_Logger,2026-06-12 14:58:04.286;Hybrid;Test3D;BCI_Command_Received;101;FlickerNotDetected,MarkerSent
14:58:04.592,Hybrid,Test3D,Flicker_Retry,Object: Door_Double,Retry: 1 / 3
14:58:04.592,Hybrid,Test3D,LSL_Logger,2026-06-12 14:58:04.592;Hybrid;Test3D;Flicker_Retry;Object: Door_Double;Retry: 1 / 3,MarkerSent
14:58:04.592,Hybrid,Test3D,LSL_Logger,2026-06-12 14:58:04.592;Hybrid;Test3D;Flicker_Start;Door_Double;Flicker_Start,MarkerSent
14:58:04.592,Hybrid,Test3D,Flicker_Start,Door_Double,Flicker_Start
14:58:06.593,Hybrid,Test3D,LSL_Logger,2026-06-12 14:58:06.593;Hybrid;Test3D;Flicker_Start;Door_Double;Flicker_End,MarkerSent
14:58:06.593,Hybrid,Test3D,Flicker_End,Object: Door_Double,Flicker_End
14:58:06.648,Hybrid,Test3D,BCI_Command_Received,101,FlickerNotDetected
14:58:06.648,Hybrid,Test3D,LSL_Logger,2026-06-12 14:58:06.648;Hybrid;Test3D;BCI_Command_Received;101;FlickerNotDetected,MarkerSent
14:58:06.958,Hybrid,Test3D,Flicker_Retry,Object: Door_Double,Retry: 2 / 3
14:58:06.958,Hybrid,Test3D,LSL_Logger,2026-06-12 14:58:06.958;Hybrid;Test3D;Flicker_Retry;Object: Door_Double;Retry: 2 / 3,MarkerSent
14:58:06.958,Hybrid,Test3D,LSL_Logger,2026-06-12 14:58:06.958;Hybrid;Test3D;Flicker_Start;Door_Double;Flicker_Start,MarkerSent
14:58:06.958,Hybrid,Test3D,Flicker_Start,Door_Double,Flicker_Start
14:58:08.958,Hybrid,Test3D,LSL_Logger,2026-06-12 14:58:08.958;Hybrid;Test3D;Flicker_Start;Door_Double;Flicker_End,MarkerSent
14:58:08.958,Hybrid,Test3D,Flicker_End,Object: Door_Double,Flicker_End
14:58:09.003,Hybrid,Test3D,BCI_Command_Received,101,FlickerNotDetected
14:58:09.003,Hybrid,Test3D,LSL_Logger,2026-06-12 14:58:09.003;Hybrid;Test3D;BCI_Command_Received;101;FlickerNotDetected,MarkerSent
14:58:09.311,Hybrid,Test3D,Flicker_Retry,Object: Door_Double,Retry: 3 / 3
14:58:09.311,Hybrid,Test3D,LSL_Logger,2026-06-12 14:58:09.311;Hybrid;Test3D;Flicker_Retry;Object: Door_Double;Retry: 3 / 3,MarkerSent
14:58:09.311,Hybrid,Test3D,LSL_Logger,2026-06-12 14:58:09.311;Hybrid;Test3D;Flicker_Start;Door_Double;Flicker_Start,MarkerSent
14:58:09.311,Hybrid,Test3D,Flicker_Start,Door_Double,Flicker_Start
14:58:11.320,Hybrid,Test3D,LSL_Logger,2026-06-12 14:58:11.320;Hybrid;Test3D;Flicker_Start;Door_Double;Flicker_End,MarkerSent
14:58:11.320,Hybrid,Test3D,Flicker_End,Object: Door_Double,Flicker_End
14:58:11.354,Hybrid,Test3D,BCI_Command_Received,101,FlickerNotDetected
14:58:11.354,Hybrid,Test3D,LSL_Logger,2026-06-12 14:58:11.354;Hybrid;Test3D;BCI_Command_Received;101;FlickerNotDetected,MarkerSent
14:58:11.354,Hybrid,Test3D,Retry_Cancelled,Object: Door_Double,Max_Retries_Reached
14:58:11.354,Hybrid,Test3D,LSL_Logger,2026-06-12 14:58:11.354;Hybrid;Test3D;Retry_Cancelled;Object: Door_Double;Max_Retries_Reached,MarkerSent
14:58:12.179,Hybrid,Test3D,Gaze_Stop,Object: Door_Double,Hover_Exit
14:58:12.179,Hybrid,Test3D,LSL_Logger,2026-06-12 14:58:12.179;Hybrid;Test3D;Gaze_Stop;Object: Door_Double;Hover_Exit,MarkerSent
14:58:12.235,Hybrid,Test3D,LSL_Logger,2026-06-12 14:58:12.235;Hybrid;Test3D;Eye_Closed;eye_tracking;Eye_Closed,MarkerSent
14:58:12.235,Hybrid,Test3D,Eye_Closed,eye_tracking,Eye_Closed
14:58:12.622,Hybrid,Test3D,LSL_Logger,2026-06-12 14:58:12.622;Hybrid;Test3D;Eye_Opened;eye_tracking;Eye_Opened,MarkerSent
14:58:12.622,Hybrid,Test3D,Eye_Opened,eye_tracking,Eye_Opened
14:58:12.767,Hybrid,Test3D,Dwell_Start,Object: Door_Single,Dwell_Started
14:58:12.767,Hybrid,Test3D,LSL_Logger,2026-06-12 14:58:12.767;Hybrid;Test3D;Dwell_Start;Object: Door_Single;Dwell_Started,MarkerSent
14:58:12.782,Hybrid,Test3D,Gaze_Stop,Object: Door_Single,Hover_Exit
14:58:12.782,Hybrid,Test3D,LSL_Logger,2026-06-12 14:58:12.782;Hybrid;Test3D;Gaze_Stop;Object: Door_Single;Hover_Exit,MarkerSent
14:58:13.544,Hybrid,Test3D,Dwell_Start,Object: Door_Single,Dwell_Started
14:58:13.544,Hybrid,Test3D,LSL_Logger,2026-06-12 14:58:13.544;Hybrid;Test3D;Dwell_Start;Object: Door_Single;Dwell_Started,MarkerSent
14:58:13.953,Hybrid,Test3D,Gaze_Stop,Object: Door_Single,Hover_Exit
14:58:13.953,Hybrid,Test3D,LSL_Logger,2026-06-12 14:58:13.953;Hybrid;Test3D;Gaze_Stop;Object: Door_Single;Hover_Exit,MarkerSent
14:58:14.252,Hybrid,Test3D,Dwell_Start,Object: Door_Single,Dwell_Started
14:58:14.252,Hybrid,Test3D,LSL_Logger,2026-06-12 14:58:14.252;Hybrid;Test3D;Dwell_Start;Object: Door_Single;Dwell_Started,MarkerSent
14:58:14.273,Hybrid,Test3D,Gaze_Stop,Object: Door_Single,Hover_Exit
14:58:14.273,Hybrid,Test3D,LSL_Logger,2026-06-12 14:58:14.273;Hybrid;Test3D;Gaze_Stop;Object: Door_Single;Hover_Exit,MarkerSent
14:58:14.550,Hybrid,Test3D,Dwell_Start,Object: Door_Double,Dwell_Started
14:58:14.550,Hybrid,Test3D,LSL_Logger,2026-06-12 14:58:14.550;Hybrid;Test3D;Dwell_Start;Object: Door_Double;Dwell_Started,MarkerSent
14:58:14.595,Hybrid,Test3D,Gaze_Stop,Object: Door_Double,Hover_Exit
14:58:14.595,Hybrid,Test3D,LSL_Logger,2026-06-12 14:58:14.595;Hybrid;Test3D;Gaze_Stop;Object: Door_Double;Hover_Exit,MarkerSent
14:58:14.605,Hybrid,Test3D,Dwell_Start,Object: Door_Double,Dwell_Started
14:58:14.605,Hybrid,Test3D,LSL_Logger,2026-06-12 14:58:14.605;Hybrid;Test3D;Dwell_Start;Object: Door_Double;Dwell_Started,MarkerSent
14:58:14.618,Hybrid,Test3D,Gaze_Stop,Object: Door_Double,Hover_Exit
14:58:14.618,Hybrid,Test3D,LSL_Logger,2026-06-12 14:58:14.618;Hybrid;Test3D;Gaze_Stop;Object: Door_Double;Hover_Exit,MarkerSent
14:58:14.729,Hybrid,Test3D,Dwell_Start,Object: Door_Double,Dwell_Started
14:58:14.729,Hybrid,Test3D,LSL_Logger,2026-06-12 14:58:14.729;Hybrid;Test3D;Dwell_Start;Object: Door_Double;Dwell_Started,MarkerSent
14:58:14.740,Hybrid,Test3D,Gaze_Stop,Object: Door_Double,Hover_Exit
14:58:14.740,Hybrid,Test3D,LSL_Logger,2026-06-12 14:58:14.740;Hybrid;Test3D;Gaze_Stop;Object: Door_Double;Hover_Exit,MarkerSent
14:58:14.750,Hybrid,Test3D,Dwell_Start,Object: Door_Double,Dwell_Started
14:58:14.750,Hybrid,Test3D,LSL_Logger,2026-06-12 14:58:14.750;Hybrid;Test3D;Dwell_Start;Object: Door_Double;Dwell_Started,MarkerSent
14:58:14.762,Hybrid,Test3D,Gaze_Stop,Object: Door_Double,Hover_Exit
14:58:14.762,Hybrid,Test3D,LSL_Logger,2026-06-12 14:58:14.762;Hybrid;Test3D;Gaze_Stop;Object: Door_Double;Hover_Exit,MarkerSent
14:58:15.667,Hybrid,Test3D,LSL_Logger,2026-06-12 14:58:15.667;Hybrid;Test3D;Eye_Closed;eye_tracking;Eye_Closed,MarkerSent
14:58:15.667,Hybrid,Test3D,Eye_Closed,eye_tracking,Eye_Closed
14:58:15.722,Hybrid,Test3D,LSL_Logger,2026-06-12 14:58:15.722;Hybrid;Test3D;Eye_Opened;eye_tracking;Eye_Opened,MarkerSent
14:58:15.722,Hybrid,Test3D,Eye_Opened,eye_tracking,Eye_Opened
14:58:16.355,Hybrid,Test3D,Dwell_Start,Object: Door_Single,Dwell_Started
14:58:16.355,Hybrid,Test3D,LSL_Logger,2026-06-12 14:58:16.355;Hybrid;Test3D;Dwell_Start;Object: Door_Single;Dwell_Started,MarkerSent
14:58:16.740,Hybrid,Test3D,Gaze_Stop,Object: Door_Single,Hover_Exit
14:58:16.740,Hybrid,Test3D,LSL_Logger,2026-06-12 14:58:16.740;Hybrid;Test3D;Gaze_Stop;Object: Door_Single;Hover_Exit,MarkerSent
14:58:16.785,Hybrid,Test3D,Dwell_Start,Object: Door_Single,Dwell_Started
14:58:16.785,Hybrid,Test3D,LSL_Logger,2026-06-12 14:58:16.785;Hybrid;Test3D;Dwell_Start;Object: Door_Single;Dwell_Started,MarkerSent
14:58:16.923,Hybrid,Test3D,Gaze_Stop,Object: Door_Single,Hover_Exit
14:58:16.923,Hybrid,Test3D,LSL_Logger,2026-06-12 14:58:16.923;Hybrid;Test3D;Gaze_Stop;Object: Door_Single;Hover_Exit,MarkerSent
14:58:17.051,Hybrid,Test3D,Dwell_Start,Object: Door_Single,Dwell_Started
14:58:17.051,Hybrid,Test3D,LSL_Logger,2026-06-12 14:58:17.051;Hybrid;Test3D;Dwell_Start;Object: Door_Single;Dwell_Started,MarkerSent
14:58:17.125,Hybrid,Test3D,Gaze_Stop,Object: Door_Single,Hover_Exit
14:58:17.125,Hybrid,Test3D,LSL_Logger,2026-06-12 14:58:17.125;Hybrid;Test3D;Gaze_Stop;Object: Door_Single;Hover_Exit,MarkerSent
14:58:17.150,Hybrid,Test3D,Dwell_Start,Object: Door_Single,Dwell_Started
14:58:17.150,Hybrid,Test3D,LSL_Logger,2026-06-12 14:58:17.150;Hybrid;Test3D;Dwell_Start;Object: Door_Single;Dwell_Started,MarkerSent
14:58:17.336,Hybrid,Test3D,Gaze_Stop,Object: Door_Single,Hover_Exit
14:58:17.336,Hybrid,Test3D,LSL_Logger,2026-06-12 14:58:17.336;Hybrid;Test3D;Gaze_Stop;Object: Door_Single;Hover_Exit,MarkerSent
14:58:17.361,Hybrid,Test3D,Dwell_Start,Object: Door_Single,Dwell_Started
14:58:17.361,Hybrid,Test3D,LSL_Logger,2026-06-12 14:58:17.361;Hybrid;Test3D;Dwell_Start;Object: Door_Single;Dwell_Started,MarkerSent
14:58:17.993,Hybrid,Test3D,Gaze_Stop,Object: Door_Single,Hover_Exit
14:58:17.993,Hybrid,Test3D,LSL_Logger,2026-06-12 14:58:17.993;Hybrid;Test3D;Gaze_Stop;Object: Door_Single;Hover_Exit,MarkerSent
14:58:18.440,Hybrid,Test3D,Dwell_Start,Object: Door_Single,Dwell_Started
14:58:18.440,Hybrid,Test3D,LSL_Logger,2026-06-12 14:58:18.440;Hybrid;Test3D;Dwell_Start;Object: Door_Single;Dwell_Started,MarkerSent
14:58:19.431,Hybrid,Test3D,Dwell_Complete,Object: Door_Single,Dwelling_Completed
14:58:19.431,Hybrid,Test3D,LSL_Logger,2026-06-12 14:58:19.431;Hybrid;Test3D;Dwell_Complete;Object: Door_Single;Dwelling_Completed,MarkerSent
14:58:19.431,Hybrid,Test3D,Flicker_Start,Object: Door_Single; Hz: 15,Flicker_Start
14:58:19.431,Hybrid,Test3D,LSL_Logger,2026-06-12 14:58:19.431;Hybrid;Test3D;Flicker_Start;Door_Single;Flicker_Start,MarkerSent
14:58:21.431,Hybrid,Test3D,Flicker_End,Object: Door_Single,Flicker_End
14:58:21.431,Hybrid,Test3D,LSL_Logger,2026-06-12 14:58:21.431;Hybrid;Test3D;Flicker_End;Object: Door_Single;Flicker_End,MarkerSent
14:58:21.478,Hybrid,Test3D,BCI_Command_Received,101,FlickerNotDetected
14:58:21.478,Hybrid,Test3D,LSL_Logger,2026-06-12 14:58:21.478;Hybrid;Test3D;BCI_Command_Received;101;FlickerNotDetected,MarkerSent
14:58:21.781,Hybrid,Test3D,Flicker_Retry,Object: Door_Single,Retry: 1 / 3
14:58:21.781,Hybrid,Test3D,LSL_Logger,2026-06-12 14:58:21.781;Hybrid;Test3D;Flicker_Retry;Object: Door_Single;Retry: 1 / 3,MarkerSent
14:58:21.781,Hybrid,Test3D,LSL_Logger,2026-06-12 14:58:21.781;Hybrid;Test3D;Flicker_Start;Door_Single;Flicker_Start,MarkerSent
14:58:21.781,Hybrid,Test3D,Flicker_Start,Door_Single,Flicker_Start
14:58:23.784,Hybrid,Test3D,LSL_Logger,2026-06-12 14:58:23.784;Hybrid;Test3D;Flicker_Start;Door_Single;Flicker_End,MarkerSent
14:58:23.784,Hybrid,Test3D,Flicker_End,Object: Door_Single,Flicker_End
14:58:23.830,Hybrid,Test3D,BCI_Command_Received,101,FlickerNotDetected
14:58:23.830,Hybrid,Test3D,LSL_Logger,2026-06-12 14:58:23.830;Hybrid;Test3D;BCI_Command_Received;101;FlickerNotDetected,MarkerSent
14:58:24.137,Hybrid,Test3D,Flicker_Retry,Object: Door_Single,Retry: 2 / 3
14:58:24.137,Hybrid,Test3D,LSL_Logger,2026-06-12 14:58:24.137;Hybrid;Test3D;Flicker_Retry;Object: Door_Single;Retry: 2 / 3,MarkerSent
14:58:24.137,Hybrid,Test3D,LSL_Logger,2026-06-12 14:58:24.137;Hybrid;Test3D;Flicker_Start;Door_Single;Flicker_Start,MarkerSent
14:58:24.137,Hybrid,Test3D,Flicker_Start,Door_Single,Flicker_Start
14:58:26.139,Hybrid,Test3D,LSL_Logger,2026-06-12 14:58:26.139;Hybrid;Test3D;Flicker_Start;Door_Single;Flicker_End,MarkerSent
14:58:26.139,Hybrid,Test3D,Flicker_End,Object: Door_Single,Flicker_End
14:58:26.194,Hybrid,Test3D,BCI_Command_Received,101,FlickerNotDetected
14:58:26.194,Hybrid,Test3D,LSL_Logger,2026-06-12 14:58:26.194;Hybrid;Test3D;BCI_Command_Received;101;FlickerNotDetected,MarkerSent
14:58:26.502,Hybrid,Test3D,Flicker_Retry,Object: Door_Single,Retry: 3 / 3
14:58:26.502,Hybrid,Test3D,LSL_Logger,2026-06-12 14:58:26.502;Hybrid;Test3D;Flicker_Retry;Object: Door_Single;Retry: 3 / 3,MarkerSent
14:58:26.502,Hybrid,Test3D,LSL_Logger,2026-06-12 14:58:26.502;Hybrid;Test3D;Flicker_Start;Door_Single;Flicker_Start,MarkerSent
14:58:26.502,Hybrid,Test3D,Flicker_Start,Door_Single,Flicker_Start
14:58:28.504,Hybrid,Test3D,LSL_Logger,2026-06-12 14:58:28.504;Hybrid;Test3D;Flicker_Start;Door_Single;Flicker_End,MarkerSent
14:58:28.504,Hybrid,Test3D,Flicker_End,Object: Door_Single,Flicker_End
14:58:28.549,Hybrid,Test3D,BCI_Command_Received,101,FlickerNotDetected
14:58:28.549,Hybrid,Test3D,LSL_Logger,2026-06-12 14:58:28.549;Hybrid;Test3D;BCI_Command_Received;101;FlickerNotDetected,MarkerSent
14:58:28.549,Hybrid,Test3D,Retry_Cancelled,Object: Door_Single,Max_Retries_Reached
14:58:28.549,Hybrid,Test3D,LSL_Logger,2026-06-12 14:58:28.549;Hybrid;Test3D;Retry_Cancelled;Object: Door_Single;Max_Retries_Reached,MarkerSent
14:58:31.779,Hybrid,Test3D,LSL_Logger,2026-06-12 14:58:31.779;Hybrid;Test3D;Eye_Closed;eye_tracking;Eye_Closed,MarkerSent
14:58:31.779,Hybrid,Test3D,Eye_Closed,eye_tracking,Eye_Closed
14:58:32.513,Hybrid,Test3D,LSL_Logger,2026-06-12 14:58:32.513;Hybrid;Test3D;Eye_Opened;eye_tracking;Eye_Opened,MarkerSent
14:58:32.513,Hybrid,Test3D,Eye_Opened,eye_tracking,Eye_Opened
14:58:32.547,Hybrid,Test3D,Gaze_Stop,Object: Door_Single,Hover_Exit
14:58:32.547,Hybrid,Test3D,LSL_Logger,2026-06-12 14:58:32.547;Hybrid;Test3D;Gaze_Stop;Object: Door_Single;Hover_Exit,MarkerSent
14:58:32.569,Hybrid,Test3D,Dwell_Start,Object: Door_Single,Dwell_Started
14:58:32.569,Hybrid,Test3D,LSL_Logger,2026-06-12 14:58:32.569;Hybrid;Test3D;Dwell_Start;Object: Door_Single;Dwell_Started,MarkerSent
14:58:32.923,Hybrid,Test3D,Gaze_Stop,Object: Door_Single,Hover_Exit
14:58:32.923,Hybrid,Test3D,LSL_Logger,2026-06-12 14:58:32.923;Hybrid;Test3D;Gaze_Stop;Object: Door_Single;Hover_Exit,MarkerSent
14:58:32.934,Hybrid,Test3D,Dwell_Start,Object: Door_Single,Dwell_Started
14:58:32.934,Hybrid,Test3D,LSL_Logger,2026-06-12 14:58:32.934;Hybrid;Test3D;Dwell_Start;Object: Door_Single;Dwell_Started,MarkerSent
14:58:32.944,Hybrid,Test3D,Gaze_Stop,Object: Door_Single,Hover_Exit
14:58:32.944,Hybrid,Test3D,LSL_Logger,2026-06-12 14:58:32.944;Hybrid;Test3D;Gaze_Stop;Object: Door_Single;Hover_Exit,MarkerSent
14:58:32.957,Hybrid,Test3D,Dwell_Start,Object: Door_Single,Dwell_Started
14:58:32.957,Hybrid,Test3D,LSL_Logger,2026-06-12 14:58:32.957;Hybrid;Test3D;Dwell_Start;Object: Door_Single;Dwell_Started,MarkerSent
14:58:32.989,Hybrid,Test3D,Gaze_Stop,Object: Door_Single,Hover_Exit
14:58:32.989,Hybrid,Test3D,LSL_Logger,2026-06-12 14:58:32.989;Hybrid;Test3D;Gaze_Stop;Object: Door_Single;Hover_Exit,MarkerSent
14:58:33.054,Hybrid,Test3D,Dwell_Start,Object: Door_Single,Dwell_Started
14:58:33.054,Hybrid,Test3D,LSL_Logger,2026-06-12 14:58:33.054;Hybrid;Test3D;Dwell_Start;Object: Door_Single;Dwell_Started,MarkerSent
14:58:33.239,Hybrid,Test3D,Gaze_Stop,Object: Door_Single,Hover_Exit
14:58:33.239,Hybrid,Test3D,LSL_Logger,2026-06-12 14:58:33.239;Hybrid;Test3D;Gaze_Stop;Object: Door_Single;Hover_Exit,MarkerSent
14:58:33.256,Hybrid,Test3D,Dwell_Start,Object: Door_Single,Dwell_Started
14:58:33.256,Hybrid,Test3D,LSL_Logger,2026-06-12 14:58:33.256;Hybrid;Test3D;Dwell_Start;Object: Door_Single;Dwell_Started,MarkerSent
14:58:34.256,Hybrid,Test3D,Dwell_Complete,Object: Door_Single,Dwelling_Completed
14:58:34.256,Hybrid,Test3D,LSL_Logger,2026-06-12 14:58:34.256;Hybrid;Test3D;Dwell_Complete;Object: Door_Single;Dwelling_Completed,MarkerSent
14:58:34.256,Hybrid,Test3D,Flicker_Start,Object: Door_Single; Hz: 15,Flicker_Start
14:58:34.256,Hybrid,Test3D,LSL_Logger,2026-06-12 14:58:34.256;Hybrid;Test3D;Flicker_Start;Door_Single;Flicker_Start,MarkerSent
14:58:34.912,Hybrid,Test3D,Gaze_Stop,Object: Door_Single,Hover_Exit
14:58:34.912,Hybrid,Test3D,LSL_Logger,2026-06-12 14:58:34.912;Hybrid;Test3D;Gaze_Stop;Object: Door_Single;Hover_Exit,MarkerSent
14:58:35.186,Hybrid,Test3D,Dwell_Start,Object: Door_Single,Dwell_Started
14:58:35.186,Hybrid,Test3D,LSL_Logger,2026-06-12 14:58:35.186;Hybrid;Test3D;Dwell_Start;Object: Door_Single;Dwell_Started,MarkerSent
14:58:35.221,Hybrid,Test3D,Gaze_Stop,Object: Door_Single,Hover_Exit
14:58:35.221,Hybrid,Test3D,LSL_Logger,2026-06-12 14:58:35.221;Hybrid;Test3D;Gaze_Stop;Object: Door_Single;Hover_Exit,MarkerSent
14:58:35.351,Hybrid,Test3D,Dwell_Start,Object: Door_Single,Dwell_Started
14:58:35.351,Hybrid,Test3D,LSL_Logger,2026-06-12 14:58:35.351;Hybrid;Test3D;Dwell_Start;Object: Door_Single;Dwell_Started,MarkerSent
14:58:36.266,Hybrid,Test3D,Flicker_End,Object: Door_Single,Flicker_End
14:58:36.266,Hybrid,Test3D,LSL_Logger,2026-06-12 14:58:36.266;Hybrid;Test3D;Flicker_End;Object: Door_Single;Flicker_End,MarkerSent
14:58:37.288,Hybrid,Test3D,BCI_Command_Received,101,FlickerNotDetected
14:58:37.288,Hybrid,Test3D,LSL_Logger,2026-06-12 14:58:37.288;Hybrid;Test3D;BCI_Command_Received;101;FlickerNotDetected,MarkerSent
14:58:37.595,Hybrid,Test3D,Flicker_Retry,Object: Door_Single,Retry: 1 / 3
14:58:37.595,Hybrid,Test3D,LSL_Logger,2026-06-12 14:58:37.595;Hybrid;Test3D;Flicker_Retry;Object: Door_Single;Retry: 1 / 3,MarkerSent
14:58:37.595,Hybrid,Test3D,LSL_Logger,2026-06-12 14:58:37.595;Hybrid;Test3D;Flicker_Start;Door_Single;Flicker_Start,MarkerSent
14:58:37.595,Hybrid,Test3D,Flicker_Start,Door_Single,Flicker_Start
14:58:37.939,Hybrid,Test3D,Gaze_Stop,Object: Door_Single,Hover_Exit
14:58:37.939,Hybrid,Test3D,LSL_Logger,2026-06-12 14:58:37.939;Hybrid;Test3D;Gaze_Stop;Object: Door_Single;Hover_Exit,MarkerSent
14:58:37.995,Hybrid,Test3D,LSL_Logger,2026-06-12 14:58:37.995;Hybrid;Test3D;Eye_Closed;eye_tracking;Eye_Closed,MarkerSent
14:58:37.995,Hybrid,Test3D,Eye_Closed,eye_tracking,Eye_Closed
14:58:38.083,Hybrid,Test3D,LSL_Logger,2026-06-12 14:58:38.083;Hybrid;Test3D;Eye_Opened;eye_tracking;Eye_Opened,MarkerSent
14:58:38.083,Hybrid,Test3D,Eye_Opened,eye_tracking,Eye_Opened
14:58:38.168,Hybrid,Test3D,Dwell_Start,Object: Door_Single,Dwell_Started
14:58:38.168,Hybrid,Test3D,LSL_Logger,2026-06-12 14:58:38.168;Hybrid;Test3D;Dwell_Start;Object: Door_Single;Dwell_Started,MarkerSent
14:58:39.598,Hybrid,Test3D,LSL_Logger,2026-06-12 14:58:39.598;Hybrid;Test3D;Flicker_Start;Door_Single;Flicker_End,MarkerSent
14:58:39.598,Hybrid,Test3D,Flicker_End,Object: Door_Single,Flicker_End
14:58:39.641,Hybrid,Test3D,BCI_Command_Received,101,FlickerNotDetected
14:58:39.641,Hybrid,Test3D,LSL_Logger,2026-06-12 14:58:39.641;Hybrid;Test3D;BCI_Command_Received;101;FlickerNotDetected,MarkerSent
14:58:39.950,Hybrid,Test3D,Flicker_Retry,Object: Door_Single,Retry: 1 / 3
14:58:39.950,Hybrid,Test3D,LSL_Logger,2026-06-12 14:58:39.950;Hybrid;Test3D;Flicker_Retry;Object: Door_Single;Retry: 1 / 3,MarkerSent
14:58:39.950,Hybrid,Test3D,LSL_Logger,2026-06-12 14:58:39.950;Hybrid;Test3D;Flicker_Start;Door_Single;Flicker_Start,MarkerSent
14:58:39.950,Hybrid,Test3D,Flicker_Start,Door_Single,Flicker_Start
14:58:41.952,Hybrid,Test3D,LSL_Logger,2026-06-12 14:58:41.952;Hybrid;Test3D;Flicker_Start;Door_Single;Flicker_End,MarkerSent
14:58:41.952,Hybrid,Test3D,Flicker_End,Object: Door_Single,Flicker_End
14:58:41.997,Hybrid,Test3D,BCI_Command_Received,101,FlickerNotDetected
14:58:41.997,Hybrid,Test3D,LSL_Logger,2026-06-12 14:58:41.997;Hybrid;Test3D;BCI_Command_Received;101;FlickerNotDetected,MarkerSent
14:58:42.305,Hybrid,Test3D,Flicker_Retry,Object: Door_Single,Retry: 2 / 3
14:58:42.305,Hybrid,Test3D,LSL_Logger,2026-06-12 14:58:42.305;Hybrid;Test3D;Flicker_Retry;Object: Door_Single;Retry: 2 / 3,MarkerSent
14:58:42.305,Hybrid,Test3D,LSL_Logger,2026-06-12 14:58:42.305;Hybrid;Test3D;Flicker_Start;Door_Single;Flicker_Start,MarkerSent
14:58:42.305,Hybrid,Test3D,Flicker_Start,Door_Single,Flicker_Start
14:58:44.006,Hybrid,Test3D,LSL_Logger,2026-06-12 14:58:44.006;Hybrid;Test3D;Eye_Closed;eye_tracking;Eye_Closed,MarkerSent
14:58:44.006,Hybrid,Test3D,Eye_Closed,eye_tracking,Eye_Closed
14:58:44.097,Hybrid,Test3D,LSL_Logger,2026-06-12 14:58:44.097;Hybrid;Test3D;Eye_Opened;eye_tracking;Eye_Opened,MarkerSent
14:58:44.097,Hybrid,Test3D,Eye_Opened,eye_tracking,Eye_Opened
14:58:44.177,Hybrid,Test3D,LSL_Logger,2026-06-12 14:58:44.177;Hybrid;Test3D;Eye_Closed;eye_tracking;Eye_Closed,MarkerSent
14:58:44.177,Hybrid,Test3D,Eye_Closed,eye_tracking,Eye_Closed
14:58:44.228,Hybrid,Test3D,LSL_Logger,2026-06-12 14:58:44.228;Hybrid;Test3D;Eye_Opened;eye_tracking;Eye_Opened,MarkerSent
14:58:44.228,Hybrid,Test3D,Eye_Opened,eye_tracking,Eye_Opened
14:58:44.316,Hybrid,Test3D,LSL_Logger,2026-06-12 14:58:44.316;Hybrid;Test3D;Flicker_Start;Door_Single;Flicker_End,MarkerSent
14:58:44.316,Hybrid,Test3D,Flicker_End,Object: Door_Single,Flicker_End
14:58:44.348,Hybrid,Test3D,BCI_Command_Received,101,FlickerNotDetected
14:58:44.348,Hybrid,Test3D,LSL_Logger,2026-06-12 14:58:44.348;Hybrid;Test3D;BCI_Command_Received;101;FlickerNotDetected,MarkerSent
14:58:44.361,Hybrid,Test3D,LSL_Logger,2026-06-12 14:58:44.361;Hybrid;Test3D;Eye_Closed;eye_tracking;Eye_Closed,MarkerSent
14:58:44.361,Hybrid,Test3D,Eye_Closed,eye_tracking,Eye_Closed
14:58:44.458,Hybrid,Test3D,LSL_Logger,2026-06-12 14:58:44.458;Hybrid;Test3D;Eye_Opened;eye_tracking;Eye_Opened,MarkerSent
14:58:44.458,Hybrid,Test3D,Eye_Opened,eye_tracking,Eye_Opened
14:58:44.545,Hybrid,Test3D,Gaze_Stop,Object: Door_Single,Hover_Exit
14:58:44.545,Hybrid,Test3D,LSL_Logger,2026-06-12 14:58:44.545;Hybrid;Test3D;Gaze_Stop;Object: Door_Single;Hover_Exit,MarkerSent
14:58:44.579,Hybrid,Test3D,LSL_Logger,2026-06-12 14:58:44.579;Hybrid;Test3D;Eye_Closed;eye_tracking;Eye_Closed,MarkerSent
14:58:44.579,Hybrid,Test3D,Eye_Closed,eye_tracking,Eye_Closed
14:58:44.657,Hybrid,Test3D,Retry_Cancelled,Object: Door_Single,Gaze_Lost
14:58:44.657,Hybrid,Test3D,LSL_Logger,2026-06-12 14:58:44.657;Hybrid;Test3D;Retry_Cancelled;Object: Door_Single;Gaze_Lost,MarkerSent
14:58:44.657,Hybrid,Test3D,LSL_Logger,2026-06-12 14:58:44.657;Hybrid;Test3D;Eye_Opened;eye_tracking;Eye_Opened,MarkerSent
14:58:44.657,Hybrid,Test3D,Eye_Opened,eye_tracking,Eye_Opened
14:58:44.735,Hybrid,Test3D,Dwell_Start,Object: Door_Single,Dwell_Started
14:58:44.735,Hybrid,Test3D,LSL_Logger,2026-06-12 14:58:44.735;Hybrid;Test3D;Dwell_Start;Object: Door_Single;Dwell_Started,MarkerSent
14:58:44.811,Hybrid,Test3D,LSL_Logger,2026-06-12 14:58:44.811;Hybrid;Test3D;Eye_Closed;eye_tracking;Eye_Closed,MarkerSent
14:58:44.811,Hybrid,Test3D,Eye_Closed,eye_tracking,Eye_Closed
14:58:44.924,Hybrid,Test3D,LSL_Logger,2026-06-12 14:58:44.924;Hybrid;Test3D;Eye_Opened;eye_tracking;Eye_Opened,MarkerSent
14:58:44.924,Hybrid,Test3D,Eye_Opened,eye_tracking,Eye_Opened
14:58:45.727,Hybrid,Test3D,Dwell_Complete,Object: Door_Single,Dwelling_Completed
14:58:45.727,Hybrid,Test3D,LSL_Logger,2026-06-12 14:58:45.727;Hybrid;Test3D;Dwell_Complete;Object: Door_Single;Dwelling_Completed,MarkerSent
14:58:45.727,Hybrid,Test3D,Flicker_Start,Object: Door_Single; Hz: 15,Flicker_Start
14:58:45.727,Hybrid,Test3D,LSL_Logger,2026-06-12 14:58:45.727;Hybrid;Test3D;Flicker_Start;Door_Single;Flicker_Start,MarkerSent
14:58:47.738,Hybrid,Test3D,Flicker_End,Object: Door_Single,Flicker_End
14:58:47.738,Hybrid,Test3D,LSL_Logger,2026-06-12 14:58:47.738;Hybrid;Test3D;Flicker_End;Object: Door_Single;Flicker_End,MarkerSent
14:58:47.770,Hybrid,Test3D,BCI_Command_Received,101,FlickerNotDetected
14:58:47.770,Hybrid,Test3D,LSL_Logger,2026-06-12 14:58:47.770;Hybrid;Test3D;BCI_Command_Received;101;FlickerNotDetected,MarkerSent
14:58:48.080,Hybrid,Test3D,Flicker_Retry,Object: Door_Single,Retry: 1 / 3
14:58:48.080,Hybrid,Test3D,LSL_Logger,2026-06-12 14:58:48.080;Hybrid;Test3D;Flicker_Retry;Object: Door_Single;Retry: 1 / 3,MarkerSent
14:58:48.080,Hybrid,Test3D,LSL_Logger,2026-06-12 14:58:48.080;Hybrid;Test3D;Flicker_Start;Door_Single;Flicker_Start,MarkerSent
14:58:48.080,Hybrid,Test3D,Flicker_Start,Door_Single,Flicker_Start
14:58:50.082,Hybrid,Test3D,LSL_Logger,2026-06-12 14:58:50.082;Hybrid;Test3D;Flicker_Start;Door_Single;Flicker_End,MarkerSent
14:58:50.082,Hybrid,Test3D,Flicker_End,Object: Door_Single,Flicker_End
14:58:50.138,Hybrid,Test3D,BCI_Command_Received,101,FlickerNotDetected
14:58:50.138,Hybrid,Test3D,LSL_Logger,2026-06-12 14:58:50.138;Hybrid;Test3D;BCI_Command_Received;101;FlickerNotDetected,MarkerSent
14:58:50.448,Hybrid,Test3D,Flicker_Retry,Object: Door_Single,Retry: 2 / 3
14:58:50.448,Hybrid,Test3D,LSL_Logger,2026-06-12 14:58:50.448;Hybrid;Test3D;Flicker_Retry;Object: Door_Single;Retry: 2 / 3,MarkerSent
14:58:50.448,Hybrid,Test3D,LSL_Logger,2026-06-12 14:58:50.448;Hybrid;Test3D;Flicker_Start;Door_Single;Flicker_Start,MarkerSent
14:58:50.448,Hybrid,Test3D,Flicker_Start,Door_Single,Flicker_Start
14:58:52.458,Hybrid,Test3D,LSL_Logger,2026-06-12 14:58:52.458;Hybrid;Test3D;Flicker_Start;Door_Single;Flicker_End,MarkerSent
14:58:52.458,Hybrid,Test3D,Flicker_End,Object: Door_Single,Flicker_End
14:58:52.493,Hybrid,Test3D,BCI_Command_Received,101,FlickerNotDetected
14:58:52.493,Hybrid,Test3D,LSL_Logger,2026-06-12 14:58:52.493;Hybrid;Test3D;BCI_Command_Received;101;FlickerNotDetected,MarkerSent
14:58:52.798,Hybrid,Test3D,Flicker_Retry,Object: Door_Single,Retry: 3 / 3
14:58:52.798,Hybrid,Test3D,LSL_Logger,2026-06-12 14:58:52.798;Hybrid;Test3D;Flicker_Retry;Object: Door_Single;Retry: 3 / 3,MarkerSent
14:58:52.798,Hybrid,Test3D,LSL_Logger,2026-06-12 14:58:52.798;Hybrid;Test3D;Flicker_Start;Door_Single;Flicker_Start,MarkerSent
14:58:52.798,Hybrid,Test3D,Flicker_Start,Door_Single,Flicker_Start
14:58:54.802,Hybrid,Test3D,LSL_Logger,2026-06-12 14:58:54.802;Hybrid;Test3D;Flicker_Start;Door_Single;Flicker_End,MarkerSent
14:58:54.802,Hybrid,Test3D,Flicker_End,Object: Door_Single,Flicker_End
14:58:54.844,Hybrid,Test3D,BCI_Command_Received,101,FlickerNotDetected
14:58:54.844,Hybrid,Test3D,LSL_Logger,2026-06-12 14:58:54.844;Hybrid;Test3D;BCI_Command_Received;101;FlickerNotDetected,MarkerSent
14:58:54.844,Hybrid,Test3D,Retry_Cancelled,Object: Door_Single,Max_Retries_Reached
14:58:54.844,Hybrid,Test3D,LSL_Logger,2026-06-12 14:58:54.844;Hybrid;Test3D;Retry_Cancelled;Object: Door_Single;Max_Retries_Reached,MarkerSent
14:58:55.152,Hybrid,Test3D,LSL_Logger,2026-06-12 14:58:55.152;Hybrid;Test3D;Eye_Closed;eye_tracking;Eye_Closed,MarkerSent
14:58:55.152,Hybrid,Test3D,Eye_Closed,eye_tracking,Eye_Closed
14:58:55.340,Hybrid,Test3D,LSL_Logger,2026-06-12 14:58:55.340;Hybrid;Test3D;Eye_Opened;eye_tracking;Eye_Opened,MarkerSent
14:58:55.340,Hybrid,Test3D,Eye_Opened,eye_tracking,Eye_Opened
14:58:55.452,Hybrid,Test3D,Gaze_Stop,Object: Door_Single,Hover_Exit
14:58:55.452,Hybrid,Test3D,LSL_Logger,2026-06-12 14:58:55.452;Hybrid;Test3D;Gaze_Stop;Object: Door_Single;Hover_Exit,MarkerSent
14:58:55.984,Hybrid,Test3D,LSL_Logger,2026-06-12 14:58:55.984;Hybrid;Test3D;Eye_Closed;eye_tracking;Eye_Closed,MarkerSent
14:58:55.984,Hybrid,Test3D,Eye_Closed,eye_tracking,Eye_Closed
14:58:56.129,Hybrid,Test3D,LSL_Logger,2026-06-12 14:58:56.129;Hybrid;Test3D;Eye_Opened;eye_tracking;Eye_Opened,MarkerSent
14:58:56.129,Hybrid,Test3D,Eye_Opened,eye_tracking,Eye_Opened
14:58:56.248,Hybrid,Test3D,Dwell_Start,Object: Door_Single,Dwell_Started
14:58:56.248,Hybrid,Test3D,LSL_Logger,2026-06-12 14:58:56.248;Hybrid;Test3D;Dwell_Start;Object: Door_Single;Dwell_Started,MarkerSent
14:58:56.616,Hybrid,Test3D,Gaze_Stop,Object: Door_Single,Hover_Exit
14:58:56.616,Hybrid,Test3D,LSL_Logger,2026-06-12 14:58:56.616;Hybrid;Test3D;Gaze_Stop;Object: Door_Single;Hover_Exit,MarkerSent
14:58:56.685,Hybrid,Test3D,LSL_Logger,2026-06-12 14:58:56.685;Hybrid;Test3D;Eye_Closed;eye_tracking;Eye_Closed,MarkerSent
14:58:56.685,Hybrid,Test3D,Eye_Closed,eye_tracking,Eye_Closed
14:58:56.906,Hybrid,Test3D,LSL_Logger,2026-06-12 14:58:56.906;Hybrid;Test3D;Eye_Opened;eye_tracking;Eye_Opened,MarkerSent
14:58:56.906,Hybrid,Test3D,Eye_Opened,eye_tracking,Eye_Opened
14:58:57.362,Hybrid,Test3D,Dwell_Start,Object: Door_Double,Dwell_Started
14:58:57.362,Hybrid,Test3D,LSL_Logger,2026-06-12 14:58:57.362;Hybrid;Test3D;Dwell_Start;Object: Door_Double;Dwell_Started,MarkerSent
14:58:58.266,Hybrid,Test3D,Gaze_Stop,Object: Door_Double,Hover_Exit
14:58:58.266,Hybrid,Test3D,LSL_Logger,2026-06-12 14:58:58.266;Hybrid;Test3D;Gaze_Stop;Object: Door_Double;Hover_Exit,MarkerSent
14:58:58.277,Hybrid,Test3D,Dwell_Start,Object: Door_Double,Dwell_Started
14:58:58.277,Hybrid,Test3D,LSL_Logger,2026-06-12 14:58:58.277;Hybrid;Test3D;Dwell_Start;Object: Door_Double;Dwell_Started,MarkerSent
14:58:58.290,Hybrid,Test3D,Gaze_Stop,Object: Door_Double,Hover_Exit
14:58:58.290,Hybrid,Test3D,LSL_Logger,2026-06-12 14:58:58.290;Hybrid;Test3D;Gaze_Stop;Object: Door_Double;Hover_Exit,MarkerSent
14:58:58.777,Hybrid,Test3D,Dwell_Start,Object: Door_Double,Dwell_Started
14:58:58.777,Hybrid,Test3D,LSL_Logger,2026-06-12 14:58:58.777;Hybrid;Test3D;Dwell_Start;Object: Door_Double;Dwell_Started,MarkerSent
14:58:58.854,Hybrid,Test3D,LSL_Logger,2026-06-12 14:58:58.854;Hybrid;Test3D;Eye_Closed;eye_tracking;Eye_Closed,MarkerSent
14:58:58.854,Hybrid,Test3D,Eye_Closed,eye_tracking,Eye_Closed
14:58:58.949,Hybrid,Test3D,LSL_Logger,2026-06-12 14:58:58.949;Hybrid;Test3D;Eye_Opened;eye_tracking;Eye_Opened,MarkerSent
14:58:58.949,Hybrid,Test3D,Eye_Opened,eye_tracking,Eye_Opened
14:58:59.028,Hybrid,Test3D,Gaze_Stop,Object: Door_Double,Hover_Exit
14:58:59.028,Hybrid,Test3D,LSL_Logger,2026-06-12 14:58:59.028;Hybrid;Test3D;Gaze_Stop;Object: Door_Double;Hover_Exit,MarkerSent
14:59:03.597,Hybrid,Test3D,Dwell_Start,Object: Door_Single,Dwell_Started
14:59:03.597,Hybrid,Test3D,LSL_Logger,2026-06-12 14:59:03.597;Hybrid;Test3D;Dwell_Start;Object: Door_Single;Dwell_Started,MarkerSent
14:59:03.631,Hybrid,Test3D,Gaze_Stop,Object: Door_Single,Hover_Exit
14:59:03.631,Hybrid,Test3D,LSL_Logger,2026-06-12 14:59:03.631;Hybrid;Test3D;Gaze_Stop;Object: Door_Single;Hover_Exit,MarkerSent
14:59:03.783,Hybrid,Test3D,Dwell_Start,Object: Door_Single,Dwell_Started
14:59:03.783,Hybrid,Test3D,LSL_Logger,2026-06-12 14:59:03.783;Hybrid;Test3D;Dwell_Start;Object: Door_Single;Dwell_Started,MarkerSent
14:59:04.027,Hybrid,Test3D,Gaze_Stop,Object: Door_Single,Hover_Exit
14:59:04.027,Hybrid,Test3D,LSL_Logger,2026-06-12 14:59:04.027;Hybrid;Test3D;Gaze_Stop;Object: Door_Single;Hover_Exit,MarkerSent
14:59:04.103,Hybrid,Test3D,Dwell_Start,Object: Door_Single,Dwell_Started
14:59:04.103,Hybrid,Test3D,LSL_Logger,2026-06-12 14:59:04.103;Hybrid;Test3D;Dwell_Start;Object: Door_Single;Dwell_Started,MarkerSent
14:59:04.797,Hybrid,Test3D,Gaze_Stop,Object: Door_Single,Hover_Exit
14:59:04.797,Hybrid,Test3D,LSL_Logger,2026-06-12 14:59:04.797;Hybrid;Test3D;Gaze_Stop;Object: Door_Single;Hover_Exit,MarkerSent
14:59:04.830,Hybrid,Test3D,Dwell_Start,Object: Door_Single,Dwell_Started
14:59:04.830,Hybrid,Test3D,LSL_Logger,2026-06-12 14:59:04.830;Hybrid;Test3D;Dwell_Start;Object: Door_Single;Dwell_Started,MarkerSent
14:59:04.907,Hybrid,Test3D,Gaze_Stop,Object: Door_Single,Hover_Exit
14:59:04.907,Hybrid,Test3D,LSL_Logger,2026-06-12 14:59:04.907;Hybrid;Test3D;Gaze_Stop;Object: Door_Single;Hover_Exit,MarkerSent
14:59:04.983,Hybrid,Test3D,Dwell_Start,Object: Door_Single,Dwell_Started
14:59:04.983,Hybrid,Test3D,LSL_Logger,2026-06-12 14:59:04.983;Hybrid;Test3D;Dwell_Start;Object: Door_Single;Dwell_Started,MarkerSent
14:59:05.984,Hybrid,Test3D,Dwell_Complete,Object: Door_Single,Dwelling_Completed
14:59:05.984,Hybrid,Test3D,LSL_Logger,2026-06-12 14:59:05.984;Hybrid;Test3D;Dwell_Complete;Object: Door_Single;Dwelling_Completed,MarkerSent
14:59:05.984,Hybrid,Test3D,Flicker_Start,Object: Door_Single; Hz: 15,Flicker_Start
14:59:05.984,Hybrid,Test3D,LSL_Logger,2026-06-12 14:59:05.984;Hybrid;Test3D;Flicker_Start;Door_Single;Flicker_Start,MarkerSent
14:59:07.995,Hybrid,Test3D,Flicker_End,Object: Door_Single,Flicker_End
14:59:07.995,Hybrid,Test3D,LSL_Logger,2026-06-12 14:59:07.995;Hybrid;Test3D;Flicker_End;Object: Door_Single;Flicker_End,MarkerSent
14:59:09.017,Hybrid,Test3D,BCI_Command_Received,101,FlickerNotDetected
14:59:09.017,Hybrid,Test3D,LSL_Logger,2026-06-12 14:59:09.017;Hybrid;Test3D;BCI_Command_Received;101;FlickerNotDetected,MarkerSent
14:59:09.323,Hybrid,Test3D,Flicker_Retry,Object: Door_Single,Retry: 1 / 3
14:59:09.323,Hybrid,Test3D,LSL_Logger,2026-06-12 14:59:09.323;Hybrid;Test3D;Flicker_Retry;Object: Door_Single;Retry: 1 / 3,MarkerSent
14:59:09.323,Hybrid,Test3D,LSL_Logger,2026-06-12 14:59:09.323;Hybrid;Test3D;Flicker_Start;Door_Single;Flicker_Start,MarkerSent
14:59:09.323,Hybrid,Test3D,Flicker_Start,Door_Single,Flicker_Start
14:59:11.326,Hybrid,Test3D,LSL_Logger,2026-06-12 14:59:11.326;Hybrid;Test3D;Flicker_Start;Door_Single;Flicker_End,MarkerSent
14:59:11.326,Hybrid,Test3D,Flicker_End,Object: Door_Single,Flicker_End
14:59:11.362,Hybrid,Test3D,BCI_Command_Received,101,FlickerNotDetected
14:59:11.362,Hybrid,Test3D,LSL_Logger,2026-06-12 14:59:11.362;Hybrid;Test3D;BCI_Command_Received;101;FlickerNotDetected,MarkerSent
14:59:11.665,Hybrid,Test3D,Flicker_Retry,Object: Door_Single,Retry: 2 / 3
14:59:11.665,Hybrid,Test3D,LSL_Logger,2026-06-12 14:59:11.665;Hybrid;Test3D;Flicker_Retry;Object: Door_Single;Retry: 2 / 3,MarkerSent
14:59:11.665,Hybrid,Test3D,LSL_Logger,2026-06-12 14:59:11.665;Hybrid;Test3D;Flicker_Start;Door_Single;Flicker_Start,MarkerSent
14:59:11.665,Hybrid,Test3D,Flicker_Start,Door_Single,Flicker_Start
14:59:13.669,Hybrid,Test3D,LSL_Logger,2026-06-12 14:59:13.669;Hybrid;Test3D;Flicker_Start;Door_Single;Flicker_End,MarkerSent
14:59:13.669,Hybrid,Test3D,Flicker_End,Object: Door_Single,Flicker_End
14:59:13.725,Hybrid,Test3D,BCI_Command_Received,101,FlickerNotDetected
14:59:13.725,Hybrid,Test3D,LSL_Logger,2026-06-12 14:59:13.725;Hybrid;Test3D;BCI_Command_Received;101;FlickerNotDetected,MarkerSent
14:59:14.033,Hybrid,Test3D,Flicker_Retry,Object: Door_Single,Retry: 3 / 3
14:59:14.033,Hybrid,Test3D,LSL_Logger,2026-06-12 14:59:14.033;Hybrid;Test3D;Flicker_Retry;Object: Door_Single;Retry: 3 / 3,MarkerSent
14:59:14.033,Hybrid,Test3D,LSL_Logger,2026-06-12 14:59:14.033;Hybrid;Test3D;Flicker_Start;Door_Single;Flicker_Start,MarkerSent
14:59:14.033,Hybrid,Test3D,Flicker_Start,Door_Single,Flicker_Start
14:59:16.035,Hybrid,Test3D,LSL_Logger,2026-06-12 14:59:16.035;Hybrid;Test3D;Flicker_Start;Door_Single;Flicker_End,MarkerSent
14:59:16.035,Hybrid,Test3D,Flicker_End,Object: Door_Single,Flicker_End
14:59:16.090,Hybrid,Test3D,BCI_Command_Received,101,FlickerNotDetected
14:59:16.090,Hybrid,Test3D,LSL_Logger,2026-06-12 14:59:16.090;Hybrid;Test3D;BCI_Command_Received;101;FlickerNotDetected,MarkerSent
14:59:16.090,Hybrid,Test3D,Retry_Cancelled,Object: Door_Single,Max_Retries_Reached
14:59:16.090,Hybrid,Test3D,LSL_Logger,2026-06-12 14:59:16.090;Hybrid;Test3D;Retry_Cancelled;Object: Door_Single;Max_Retries_Reached,MarkerSent
14:59:17.334,Hybrid,Test3D,Gaze_Stop,Object: Door_Single,Hover_Exit
14:59:17.334,Hybrid,Test3D,LSL_Logger,2026-06-12 14:59:17.334;Hybrid;Test3D;Gaze_Stop;Object: Door_Single;Hover_Exit,MarkerSent
14:59:17.788,Hybrid,Test3D,Dwell_Start,Object: Door_Double,Dwell_Started
14:59:17.788,Hybrid,Test3D,LSL_Logger,2026-06-12 14:59:17.788;Hybrid;Test3D;Dwell_Start;Object: Door_Double;Dwell_Started,MarkerSent
14:59:18.511,Hybrid,Test3D,Gaze_Stop,Object: Door_Double,Hover_Exit
14:59:18.511,Hybrid,Test3D,LSL_Logger,2026-06-12 14:59:18.511;Hybrid;Test3D;Gaze_Stop;Object: Door_Double;Hover_Exit,MarkerSent
14:59:18.535,Hybrid,Test3D,Dwell_Start,Object: Door_Double,Dwell_Started
14:59:18.535,Hybrid,Test3D,LSL_Logger,2026-06-12 14:59:18.535;Hybrid;Test3D;Dwell_Start;Object: Door_Double;Dwell_Started,MarkerSent
14:59:18.776,Hybrid,Test3D,Gaze_Stop,Object: Door_Double,Hover_Exit
14:59:18.776,Hybrid,Test3D,LSL_Logger,2026-06-12 14:59:18.776;Hybrid;Test3D;Gaze_Stop;Object: Door_Double;Hover_Exit,MarkerSent
14:59:18.787,Hybrid,Test3D,Dwell_Start,Object: Door_Double,Dwell_Started
14:59:18.787,Hybrid,Test3D,LSL_Logger,2026-06-12 14:59:18.787;Hybrid;Test3D;Dwell_Start;Object: Door_Double;Dwell_Started,MarkerSent
14:59:18.887,Hybrid,Test3D,Gaze_Stop,Object: Door_Double,Hover_Exit
14:59:18.887,Hybrid,Test3D,LSL_Logger,2026-06-12 14:59:18.887;Hybrid;Test3D;Gaze_Stop;Object: Door_Double;Hover_Exit,MarkerSent
14:59:19.109,Hybrid,Test3D,Dwell_Start,Object: Door_Double,Dwell_Started
14:59:19.109,Hybrid,Test3D,LSL_Logger,2026-06-12 14:59:19.109;Hybrid;Test3D;Dwell_Start;Object: Door_Double;Dwell_Started,MarkerSent
14:59:19.251,Hybrid,Test3D,Gaze_Stop,Object: Door_Double,Hover_Exit
14:59:19.251,Hybrid,Test3D,LSL_Logger,2026-06-12 14:59:19.251;Hybrid;Test3D;Gaze_Stop;Object: Door_Double;Hover_Exit,MarkerSent
14:59:19.340,Hybrid,Test3D,Dwell_Start,Object: Door_Double,Dwell_Started
14:59:19.340,Hybrid,Test3D,LSL_Logger,2026-06-12 14:59:19.340;Hybrid;Test3D;Dwell_Start;Object: Door_Double;Dwell_Started,MarkerSent
14:59:19.441,Hybrid,Test3D,Gaze_Stop,Object: Door_Double,Hover_Exit
14:59:19.441,Hybrid,Test3D,LSL_Logger,2026-06-12 14:59:19.441;Hybrid;Test3D;Gaze_Stop;Object: Door_Double;Hover_Exit,MarkerSent
14:59:20.155,Hybrid,Test3D,Dwell_Start,Object: Door_Double,Dwell_Started
14:59:20.155,Hybrid,Test3D,LSL_Logger,2026-06-12 14:59:20.155;Hybrid;Test3D;Dwell_Start;Object: Door_Double;Dwell_Started,MarkerSent
14:59:21.154,Hybrid,Test3D,Dwell_Complete,Object: Door_Double,Dwelling_Completed
14:59:21.154,Hybrid,Test3D,LSL_Logger,2026-06-12 14:59:21.154;Hybrid;Test3D;Dwell_Complete;Object: Door_Double;Dwelling_Completed,MarkerSent
14:59:21.154,Hybrid,Test3D,Flicker_Start,Object: Door_Double; Hz: 15,Flicker_Start
14:59:21.154,Hybrid,Test3D,LSL_Logger,2026-06-12 14:59:21.154;Hybrid;Test3D;Flicker_Start;Door_Double;Flicker_Start,MarkerSent
14:59:23.164,Hybrid,Test3D,Flicker_End,Object: Door_Double,Flicker_End
14:59:23.164,Hybrid,Test3D,LSL_Logger,2026-06-12 14:59:23.164;Hybrid;Test3D;Flicker_End;Object: Door_Double;Flicker_End,MarkerSent
14:59:23.208,Hybrid,Test3D,BCI_Command_Received,101,FlickerNotDetected
14:59:23.208,Hybrid,Test3D,LSL_Logger,2026-06-12 14:59:23.208;Hybrid;Test3D;BCI_Command_Received;101;FlickerNotDetected,MarkerSent
14:59:23.518,Hybrid,Test3D,Flicker_Retry,Object: Door_Double,Retry: 1 / 3
14:59:23.518,Hybrid,Test3D,LSL_Logger,2026-06-12 14:59:23.518;Hybrid;Test3D;Flicker_Retry;Object: Door_Double;Retry: 1 / 3,MarkerSent
14:59:23.518,Hybrid,Test3D,LSL_Logger,2026-06-12 14:59:23.518;Hybrid;Test3D;Flicker_Start;Door_Double;Flicker_Start,MarkerSent
14:59:23.518,Hybrid,Test3D,Flicker_Start,Door_Double,Flicker_Start
14:59:25.520,Hybrid,Test3D,LSL_Logger,2026-06-12 14:59:25.520;Hybrid;Test3D;Flicker_Start;Door_Double;Flicker_End,MarkerSent
14:59:25.520,Hybrid,Test3D,Flicker_End,Object: Door_Double,Flicker_End
14:59:25.563,Hybrid,Test3D,BCI_Command_Received,101,FlickerNotDetected
14:59:25.563,Hybrid,Test3D,LSL_Logger,2026-06-12 14:59:25.563;Hybrid;Test3D;BCI_Command_Received;101;FlickerNotDetected,MarkerSent
14:59:25.875,Hybrid,Test3D,Flicker_Retry,Object: Door_Double,Retry: 2 / 3
14:59:25.875,Hybrid,Test3D,LSL_Logger,2026-06-12 14:59:25.875;Hybrid;Test3D;Flicker_Retry;Object: Door_Double;Retry: 2 / 3,MarkerSent
14:59:25.875,Hybrid,Test3D,LSL_Logger,2026-06-12 14:59:25.875;Hybrid;Test3D;Flicker_Start;Door_Double;Flicker_Start,MarkerSent
14:59:25.875,Hybrid,Test3D,Flicker_Start,Door_Double,Flicker_Start
14:59:27.883,Hybrid,Test3D,LSL_Logger,2026-06-12 14:59:27.883;Hybrid;Test3D;Flicker_Start;Door_Double;Flicker_End,MarkerSent
14:59:27.883,Hybrid,Test3D,Flicker_End,Object: Door_Double,Flicker_End
14:59:27.929,Hybrid,Test3D,BCI_Command_Received,101,FlickerNotDetected
14:59:27.929,Hybrid,Test3D,LSL_Logger,2026-06-12 14:59:27.929;Hybrid;Test3D;BCI_Command_Received;101;FlickerNotDetected,MarkerSent
14:59:28.236,Hybrid,Test3D,Flicker_Retry,Object: Door_Double,Retry: 3 / 3
14:59:28.236,Hybrid,Test3D,LSL_Logger,2026-06-12 14:59:28.236;Hybrid;Test3D;Flicker_Retry;Object: Door_Double;Retry: 3 / 3,MarkerSent
14:59:28.236,Hybrid,Test3D,LSL_Logger,2026-06-12 14:59:28.236;Hybrid;Test3D;Flicker_Start;Door_Double;Flicker_Start,MarkerSent
14:59:28.236,Hybrid,Test3D,Flicker_Start,Door_Double,Flicker_Start
14:59:30.238,Hybrid,Test3D,LSL_Logger,2026-06-12 14:59:30.238;Hybrid;Test3D;Flicker_Start;Door_Double;Flicker_End,MarkerSent
14:59:30.238,Hybrid,Test3D,Flicker_End,Object: Door_Double,Flicker_End
14:59:30.282,Hybrid,Test3D,BCI_Command_Received,101,FlickerNotDetected
14:59:30.282,Hybrid,Test3D,LSL_Logger,2026-06-12 14:59:30.282;Hybrid;Test3D;BCI_Command_Received;101;FlickerNotDetected,MarkerSent
14:59:30.283,Hybrid,Test3D,Retry_Cancelled,Object: Door_Double,Max_Retries_Reached
14:59:30.283,Hybrid,Test3D,LSL_Logger,2026-06-12 14:59:30.283;Hybrid;Test3D;Retry_Cancelled;Object: Door_Double;Max_Retries_Reached,MarkerSent
14:59:32.570,Hybrid,Test3D,Gaze_Stop,Object: Door_Double,Hover_Exit
14:59:32.570,Hybrid,Test3D,LSL_Logger,2026-06-12 14:59:32.570;Hybrid;Test3D;Gaze_Stop;Object: Door_Double;Hover_Exit,MarkerSent
14:59:33.559,Hybrid,Test3D,Dwell_Start,Object: Door_Double,Dwell_Started
14:59:33.559,Hybrid,Test3D,LSL_Logger,2026-06-12 14:59:33.559;Hybrid;Test3D;Dwell_Start;Object: Door_Double;Dwell_Started,MarkerSent
14:59:34.554,Hybrid,Test3D,Dwell_Complete,Object: Door_Double,Dwelling_Completed
14:59:34.554,Hybrid,Test3D,LSL_Logger,2026-06-12 14:59:34.554;Hybrid;Test3D;Dwell_Complete;Object: Door_Double;Dwelling_Completed,MarkerSent
14:59:34.554,Hybrid,Test3D,Flicker_Start,Object: Door_Double; Hz: 15,Flicker_Start
14:59:34.554,Hybrid,Test3D,LSL_Logger,2026-06-12 14:59:34.554;Hybrid;Test3D;Flicker_Start;Door_Double;Flicker_Start,MarkerSent
14:59:36.557,Hybrid,Test3D,Flicker_End,Object: Door_Double,Flicker_End
14:59:36.557,Hybrid,Test3D,LSL_Logger,2026-06-12 14:59:36.557;Hybrid;Test3D;Flicker_End;Object: Door_Double;Flicker_End,MarkerSent
14:59:36.590,Hybrid,Test3D,BCI_Command_Received,101,FlickerNotDetected
14:59:36.590,Hybrid,Test3D,LSL_Logger,2026-06-12 14:59:36.590;Hybrid;Test3D;BCI_Command_Received;101;FlickerNotDetected,MarkerSent
14:59:36.899,Hybrid,Test3D,Flicker_Retry,Object: Door_Double,Retry: 1 / 3
14:59:36.899,Hybrid,Test3D,LSL_Logger,2026-06-12 14:59:36.899;Hybrid;Test3D;Flicker_Retry;Object: Door_Double;Retry: 1 / 3,MarkerSent
14:59:36.900,Hybrid,Test3D,LSL_Logger,2026-06-12 14:59:36.899;Hybrid;Test3D;Flicker_Start;Door_Double;Flicker_Start,MarkerSent
14:59:36.900,Hybrid,Test3D,Flicker_Start,Door_Double,Flicker_Start
14:59:38.911,Hybrid,Test3D,LSL_Logger,2026-06-12 14:59:38.911;Hybrid;Test3D;Flicker_Start;Door_Double;Flicker_End,MarkerSent
14:59:38.911,Hybrid,Test3D,Flicker_End,Object: Door_Double,Flicker_End
14:59:38.946,Hybrid,Test3D,BCI_Command_Received,101,FlickerNotDetected
14:59:38.946,Hybrid,Test3D,LSL_Logger,2026-06-12 14:59:38.946;Hybrid;Test3D;BCI_Command_Received;101;FlickerNotDetected,MarkerSent
14:59:39.252,Hybrid,Test3D,Flicker_Retry,Object: Door_Double,Retry: 2 / 3
14:59:39.252,Hybrid,Test3D,LSL_Logger,2026-06-12 14:59:39.252;Hybrid;Test3D;Flicker_Retry;Object: Door_Double;Retry: 2 / 3,MarkerSent
14:59:39.253,Hybrid,Test3D,LSL_Logger,2026-06-12 14:59:39.252;Hybrid;Test3D;Flicker_Start;Door_Double;Flicker_Start,MarkerSent
14:59:39.253,Hybrid,Test3D,Flicker_Start,Door_Double,Flicker_Start
14:59:41.255,Hybrid,Test3D,LSL_Logger,2026-06-12 14:59:41.255;Hybrid;Test3D;Flicker_Start;Door_Double;Flicker_End,MarkerSent
14:59:41.255,Hybrid,Test3D,Flicker_End,Object: Door_Double,Flicker_End
14:59:41.299,Hybrid,Test3D,BCI_Command_Received,101,FlickerNotDetected
14:59:41.299,Hybrid,Test3D,LSL_Logger,2026-06-12 14:59:41.299;Hybrid;Test3D;BCI_Command_Received;101;FlickerNotDetected,MarkerSent
14:59:41.608,Hybrid,Test3D,Flicker_Retry,Object: Door_Double,Retry: 3 / 3
14:59:41.608,Hybrid,Test3D,LSL_Logger,2026-06-12 14:59:41.608;Hybrid;Test3D;Flicker_Retry;Object: Door_Double;Retry: 3 / 3,MarkerSent
14:59:41.608,Hybrid,Test3D,LSL_Logger,2026-06-12 14:59:41.608;Hybrid;Test3D;Flicker_Start;Door_Double;Flicker_Start,MarkerSent
14:59:41.608,Hybrid,Test3D,Flicker_Start,Door_Double,Flicker_Start
14:59:43.609,Hybrid,Test3D,LSL_Logger,2026-06-12 14:59:43.609;Hybrid;Test3D;Flicker_Start;Door_Double;Flicker_End,MarkerSent
14:59:43.609,Hybrid,Test3D,Flicker_End,Object: Door_Double,Flicker_End
14:59:43.666,Hybrid,Test3D,BCI_Command_Received,101,FlickerNotDetected
14:59:43.666,Hybrid,Test3D,LSL_Logger,2026-06-12 14:59:43.666;Hybrid;Test3D;BCI_Command_Received;101;FlickerNotDetected,MarkerSent
14:59:43.666,Hybrid,Test3D,Retry_Cancelled,Object: Door_Double,Max_Retries_Reached
14:59:43.666,Hybrid,Test3D,LSL_Logger,2026-06-12 14:59:43.666;Hybrid;Test3D;Retry_Cancelled;Object: Door_Double;Max_Retries_Reached,MarkerSent
14:59:45.166,Hybrid,Test3D,LSL_Logger,2026-06-12 14:59:45.166;Hybrid;Test3D;Eye_Closed;eye_tracking;Eye_Closed,MarkerSent
14:59:45.166,Hybrid,Test3D,Eye_Closed,eye_tracking,Eye_Closed
14:59:45.275,Hybrid,Test3D,LSL_Logger,2026-06-12 14:59:45.275;Hybrid;Test3D;Eye_Opened;eye_tracking;Eye_Opened,MarkerSent
14:59:45.275,Hybrid,Test3D,Eye_Opened,eye_tracking,Eye_Opened
14:59:45.750,Hybrid,Test3D,Gaze_Stop,Object: Door_Double,Hover_Exit
14:59:45.750,Hybrid,Test3D,LSL_Logger,2026-06-12 14:59:45.750;Hybrid;Test3D;Gaze_Stop;Object: Door_Double;Hover_Exit,MarkerSent
14:59:45.903,Hybrid,Test3D,LSL_Logger,2026-06-12 14:59:45.903;Hybrid;Test3D;Eye_Closed;eye_tracking;Eye_Closed,MarkerSent
14:59:45.903,Hybrid,Test3D,Eye_Closed,eye_tracking,Eye_Closed
14:59:46.047,Hybrid,Test3D,LSL_Logger,2026-06-12 14:59:46.047;Hybrid;Test3D;Eye_Opened;eye_tracking;Eye_Opened,MarkerSent
14:59:46.047,Hybrid,Test3D,Eye_Opened,eye_tracking,Eye_Opened
14:59:52.882,Hybrid,Test3D,Dwell_Start,Object: Door_Single,Dwell_Started
14:59:52.882,Hybrid,Test3D,LSL_Logger,2026-06-12 14:59:52.882;Hybrid;Test3D;Dwell_Start;Object: Door_Single;Dwell_Started,MarkerSent
14:59:53.003,Hybrid,Test3D,Gaze_Stop,Object: Door_Single,Hover_Exit
14:59:53.003,Hybrid,Test3D,LSL_Logger,2026-06-12 14:59:53.003;Hybrid;Test3D;Gaze_Stop;Object: Door_Single;Hover_Exit,MarkerSent
14:59:53.015,Hybrid,Test3D,Dwell_Start,Object: Door_Single,Dwell_Started
14:59:53.015,Hybrid,Test3D,LSL_Logger,2026-06-12 14:59:53.015;Hybrid;Test3D;Dwell_Start;Object: Door_Single;Dwell_Started,MarkerSent
14:59:53.025,Hybrid,Test3D,Gaze_Stop,Object: Door_Single,Hover_Exit
14:59:53.025,Hybrid,Test3D,LSL_Logger,2026-06-12 14:59:53.025;Hybrid;Test3D;Gaze_Stop;Object: Door_Single;Hover_Exit,MarkerSent
14:59:53.052,Hybrid,Test3D,Dwell_Start,Object: Door_Single,Dwell_Started
14:59:53.052,Hybrid,Test3D,LSL_Logger,2026-06-12 14:59:53.052;Hybrid;Test3D;Dwell_Start;Object: Door_Single;Dwell_Started,MarkerSent
14:59:53.060,Hybrid,Test3D,Gaze_Stop,Object: Door_Single,Hover_Exit
14:59:53.060,Hybrid,Test3D,LSL_Logger,2026-06-12 14:59:53.060;Hybrid;Test3D;Gaze_Stop;Object: Door_Single;Hover_Exit,MarkerSent
14:59:53.390,Hybrid,Test3D,Dwell_Start,Object: Door_Double,Dwell_Started
14:59:53.390,Hybrid,Test3D,LSL_Logger,2026-06-12 14:59:53.390;Hybrid;Test3D;Dwell_Start;Object: Door_Double;Dwell_Started,MarkerSent
14:59:53.754,Hybrid,Test3D,Gaze_Stop,Object: Door_Double,Hover_Exit
14:59:53.754,Hybrid,Test3D,LSL_Logger,2026-06-12 14:59:53.754;Hybrid;Test3D;Gaze_Stop;Object: Door_Double;Hover_Exit,MarkerSent
14:59:54.131,Hybrid,Test3D,Dwell_Start,Object: Door_Double,Dwell_Started
14:59:54.131,Hybrid,Test3D,LSL_Logger,2026-06-12 14:59:54.131;Hybrid;Test3D;Dwell_Start;Object: Door_Double;Dwell_Started,MarkerSent
14:59:55.126,Hybrid,Test3D,Dwell_Complete,Object: Door_Double,Dwelling_Completed
14:59:55.126,Hybrid,Test3D,LSL_Logger,2026-06-12 14:59:55.126;Hybrid;Test3D;Dwell_Complete;Object: Door_Double;Dwelling_Completed,MarkerSent
14:59:55.126,Hybrid,Test3D,Flicker_Start,Object: Door_Double; Hz: 15,Flicker_Start
14:59:55.126,Hybrid,Test3D,LSL_Logger,2026-06-12 14:59:55.126;Hybrid;Test3D;Flicker_Start;Door_Double;Flicker_Start,MarkerSent
14:59:57.134,Hybrid,Test3D,Flicker_End,Object: Door_Double,Flicker_End
14:59:57.134,Hybrid,Test3D,LSL_Logger,2026-06-12 14:59:57.134;Hybrid;Test3D;Flicker_End;Object: Door_Double;Flicker_End,MarkerSent
14:59:57.168,Hybrid,Test3D,BCI_Command_Received,101,FlickerNotDetected
14:59:57.168,Hybrid,Test3D,LSL_Logger,2026-06-12 14:59:57.168;Hybrid;Test3D;BCI_Command_Received;101;FlickerNotDetected,MarkerSent
14:59:57.475,Hybrid,Test3D,Flicker_Retry,Object: Door_Double,Retry: 1 / 3
14:59:57.475,Hybrid,Test3D,LSL_Logger,2026-06-12 14:59:57.475;Hybrid;Test3D;Flicker_Retry;Object: Door_Double;Retry: 1 / 3,MarkerSent
14:59:57.475,Hybrid,Test3D,LSL_Logger,2026-06-12 14:59:57.475;Hybrid;Test3D;Flicker_Start;Door_Double;Flicker_Start,MarkerSent
14:59:57.475,Hybrid,Test3D,Flicker_Start,Door_Double,Flicker_Start
14:59:59.479,Hybrid,Test3D,LSL_Logger,2026-06-12 14:59:59.479;Hybrid;Test3D;Flicker_Start;Door_Double;Flicker_End,MarkerSent
14:59:59.479,Hybrid,Test3D,Flicker_End,Object: Door_Double,Flicker_End
14:59:59.523,Hybrid,Test3D,BCI_Command_Received,101,FlickerNotDetected
14:59:59.523,Hybrid,Test3D,LSL_Logger,2026-06-12 14:59:59.523;Hybrid;Test3D;BCI_Command_Received;101;FlickerNotDetected,MarkerSent
14:59:59.834,Hybrid,Test3D,Flicker_Retry,Object: Door_Double,Retry: 2 / 3
14:59:59.834,Hybrid,Test3D,LSL_Logger,2026-06-12 14:59:59.834;Hybrid;Test3D;Flicker_Retry;Object: Door_Double;Retry: 2 / 3,MarkerSent
14:59:59.834,Hybrid,Test3D,LSL_Logger,2026-06-12 14:59:59.834;Hybrid;Test3D;Flicker_Start;Door_Double;Flicker_Start,MarkerSent
14:59:59.834,Hybrid,Test3D,Flicker_Start,Door_Double,Flicker_Start
15:00:01.844,Hybrid,Test3D,LSL_Logger,2026-06-12 15:00:01.844;Hybrid;Test3D;Flicker_Start;Door_Double;Flicker_End,MarkerSent
15:00:01.844,Hybrid,Test3D,Flicker_End,Object: Door_Double,Flicker_End
15:00:01.878,Hybrid,Test3D,BCI_Command_Received,101,FlickerNotDetected
15:00:01.878,Hybrid,Test3D,LSL_Logger,2026-06-12 15:00:01.878;Hybrid;Test3D;BCI_Command_Received;101;FlickerNotDetected,MarkerSent
15:00:02.187,Hybrid,Test3D,Flicker_Retry,Object: Door_Double,Retry: 3 / 3
15:00:02.187,Hybrid,Test3D,LSL_Logger,2026-06-12 15:00:02.187;Hybrid;Test3D;Flicker_Retry;Object: Door_Double;Retry: 3 / 3,MarkerSent
15:00:02.187,Hybrid,Test3D,LSL_Logger,2026-06-12 15:00:02.187;Hybrid;Test3D;Flicker_Start;Door_Double;Flicker_Start,MarkerSent
15:00:02.187,Hybrid,Test3D,Flicker_Start,Door_Double,Flicker_Start
15:00:04.189,Hybrid,Test3D,LSL_Logger,2026-06-12 15:00:04.189;Hybrid;Test3D;Flicker_Start;Door_Double;Flicker_End,MarkerSent
15:00:04.189,Hybrid,Test3D,Flicker_End,Object: Door_Double,Flicker_End
15:00:04.233,Hybrid,Test3D,BCI_Command_Received,101,FlickerNotDetected
15:00:04.233,Hybrid,Test3D,LSL_Logger,2026-06-12 15:00:04.233;Hybrid;Test3D;BCI_Command_Received;101;FlickerNotDetected,MarkerSent
15:00:04.234,Hybrid,Test3D,Retry_Cancelled,Object: Door_Double,Max_Retries_Reached
15:00:04.234,Hybrid,Test3D,LSL_Logger,2026-06-12 15:00:04.234;Hybrid;Test3D;Retry_Cancelled;Object: Door_Double;Max_Retries_Reached,MarkerSent
15:00:05.075,Hybrid,Test3D,Gaze_Stop,Object: Door_Double,Hover_Exit
15:00:05.075,Hybrid,Test3D,LSL_Logger,2026-06-12 15:00:05.075;Hybrid;Test3D;Gaze_Stop;Object: Door_Double;Hover_Exit,MarkerSent
15:00:05.142,Hybrid,Test3D,Dwell_Start,Object: Door_Double,Dwell_Started
15:00:05.142,Hybrid,Test3D,LSL_Logger,2026-06-12 15:00:05.142;Hybrid;Test3D;Dwell_Start;Object: Door_Double;Dwell_Started,MarkerSent
15:00:05.963,Hybrid,Test3D,Gaze_Stop,Object: Door_Double,Hover_Exit
15:00:05.963,Hybrid,Test3D,LSL_Logger,2026-06-12 15:00:05.963;Hybrid;Test3D;Gaze_Stop;Object: Door_Double;Hover_Exit,MarkerSent
15:00:06.361,Hybrid,Test3D,Dwell_Start,Object: Door_Single,Dwell_Started
15:00:06.361,Hybrid,Test3D,LSL_Logger,2026-06-12 15:00:06.361;Hybrid;Test3D;Dwell_Start;Object: Door_Single;Dwell_Started,MarkerSent
15:00:07.352,Hybrid,Test3D,Dwell_Complete,Object: Door_Single,Dwelling_Completed
15:00:07.352,Hybrid,Test3D,LSL_Logger,2026-06-12 15:00:07.352;Hybrid;Test3D;Dwell_Complete;Object: Door_Single;Dwelling_Completed,MarkerSent
15:00:07.352,Hybrid,Test3D,Flicker_Start,Object: Door_Single; Hz: 15,Flicker_Start
15:00:07.352,Hybrid,Test3D,LSL_Logger,2026-06-12 15:00:07.352;Hybrid;Test3D;Flicker_Start;Door_Single;Flicker_Start,MarkerSent
15:00:09.362,Hybrid,Test3D,Flicker_End,Object: Door_Single,Flicker_End
15:00:09.362,Hybrid,Test3D,LSL_Logger,2026-06-12 15:00:09.362;Hybrid;Test3D;Flicker_End;Object: Door_Single;Flicker_End,MarkerSent
15:00:10.384,Hybrid,Test3D,BCI_Command_Received,101,FlickerNotDetected
15:00:10.384,Hybrid,Test3D,LSL_Logger,2026-06-12 15:00:10.384;Hybrid;Test3D;BCI_Command_Received;101;FlickerNotDetected,MarkerSent
15:00:10.693,Hybrid,Test3D,Flicker_Retry,Object: Door_Single,Retry: 1 / 3
15:00:10.693,Hybrid,Test3D,LSL_Logger,2026-06-12 15:00:10.693;Hybrid;Test3D;Flicker_Retry;Object: Door_Single;Retry: 1 / 3,MarkerSent
15:00:10.693,Hybrid,Test3D,LSL_Logger,2026-06-12 15:00:10.693;Hybrid;Test3D;Flicker_Start;Door_Single;Flicker_Start,MarkerSent
15:00:10.693,Hybrid,Test3D,Flicker_Start,Door_Single,Flicker_Start
15:00:12.694,Hybrid,Test3D,LSL_Logger,2026-06-12 15:00:12.694;Hybrid;Test3D;Flicker_Start;Door_Single;Flicker_End,MarkerSent
15:00:12.694,Hybrid,Test3D,Flicker_End,Object: Door_Single,Flicker_End
15:00:12.738,Hybrid,Test3D,BCI_Command_Received,101,FlickerNotDetected
15:00:12.738,Hybrid,Test3D,LSL_Logger,2026-06-12 15:00:12.738;Hybrid;Test3D;BCI_Command_Received;101;FlickerNotDetected,MarkerSent
15:00:13.049,Hybrid,Test3D,Flicker_Retry,Object: Door_Single,Retry: 2 / 3
15:00:13.049,Hybrid,Test3D,LSL_Logger,2026-06-12 15:00:13.049;Hybrid;Test3D;Flicker_Retry;Object: Door_Single;Retry: 2 / 3,MarkerSent
15:00:13.049,Hybrid,Test3D,LSL_Logger,2026-06-12 15:00:13.049;Hybrid;Test3D;Flicker_Start;Door_Single;Flicker_Start,MarkerSent
15:00:13.049,Hybrid,Test3D,Flicker_Start,Door_Single,Flicker_Start
15:00:15.060,Hybrid,Test3D,LSL_Logger,2026-06-12 15:00:15.060;Hybrid;Test3D;Flicker_Start;Door_Single;Flicker_End,MarkerSent
15:00:15.060,Hybrid,Test3D,Flicker_End,Object: Door_Single,Flicker_End
15:00:15.094,Hybrid,Test3D,BCI_Command_Received,101,FlickerNotDetected
15:00:15.094,Hybrid,Test3D,LSL_Logger,2026-06-12 15:00:15.094;Hybrid;Test3D;BCI_Command_Received;101;FlickerNotDetected,MarkerSent
15:00:15.400,Hybrid,Test3D,Flicker_Retry,Object: Door_Single,Retry: 3 / 3
15:00:15.400,Hybrid,Test3D,LSL_Logger,2026-06-12 15:00:15.400;Hybrid;Test3D;Flicker_Retry;Object: Door_Single;Retry: 3 / 3,MarkerSent
15:00:15.400,Hybrid,Test3D,LSL_Logger,2026-06-12 15:00:15.400;Hybrid;Test3D;Flicker_Start;Door_Single;Flicker_Start,MarkerSent
15:00:15.400,Hybrid,Test3D,Flicker_Start,Door_Single,Flicker_Start
15:00:17.403,Hybrid,Test3D,LSL_Logger,2026-06-12 15:00:17.403;Hybrid;Test3D;Flicker_Start;Door_Single;Flicker_End,MarkerSent
15:00:17.403,Hybrid,Test3D,Flicker_End,Object: Door_Single,Flicker_End
15:00:17.449,Hybrid,Test3D,BCI_Command_Received,101,FlickerNotDetected
15:00:17.449,Hybrid,Test3D,LSL_Logger,2026-06-12 15:00:17.449;Hybrid;Test3D;BCI_Command_Received;101;FlickerNotDetected,MarkerSent
15:00:17.449,Hybrid,Test3D,Retry_Cancelled,Object: Door_Single,Max_Retries_Reached
15:00:17.449,Hybrid,Test3D,LSL_Logger,2026-06-12 15:00:17.449;Hybrid;Test3D;Retry_Cancelled;Object: Door_Single;Max_Retries_Reached,MarkerSent
15:00:18.756,Hybrid,Test3D,Gaze_Stop,Object: Door_Single,Hover_Exit
15:00:18.756,Hybrid,Test3D,LSL_Logger,2026-06-12 15:00:18.756;Hybrid;Test3D;Gaze_Stop;Object: Door_Single;Hover_Exit,MarkerSent
15:00:19.089,Hybrid,Test3D,Dwell_Start,Object: Door_Single,Dwell_Started
15:00:19.089,Hybrid,Test3D,LSL_Logger,2026-06-12 15:00:19.089;Hybrid;Test3D;Dwell_Start;Object: Door_Single;Dwell_Started,MarkerSent
15:00:19.112,Hybrid,Test3D,Gaze_Stop,Object: Door_Single,Hover_Exit
15:00:19.112,Hybrid,Test3D,LSL_Logger,2026-06-12 15:00:19.112;Hybrid;Test3D;Gaze_Stop;Object: Door_Single;Hover_Exit,MarkerSent
15:00:19.245,Hybrid,Test3D,LSL_Logger,2026-06-12 15:00:19.245;Hybrid;Test3D;Eye_Closed;eye_tracking;Eye_Closed,MarkerSent
15:00:19.245,Hybrid,Test3D,Eye_Closed,eye_tracking,Eye_Closed
15:00:19.498,Hybrid,Test3D,LSL_Logger,2026-06-12 15:00:19.498;Hybrid;Test3D;Eye_Opened;eye_tracking;Eye_Opened,MarkerSent
15:00:19.498,Hybrid,Test3D,Eye_Opened,eye_tracking,Eye_Opened
15:00:25.177,Hybrid,Test3D,LSL_Logger,2026-06-12 15:00:25.177;Hybrid;Test3D;Eye_Closed;eye_tracking;Eye_Closed,MarkerSent
15:00:25.177,Hybrid,Test3D,Eye_Closed,eye_tracking,Eye_Closed
15:00:25.452,Hybrid,Test3D,LSL_Logger,2026-06-12 15:00:25.452;Hybrid;Test3D;Eye_Opened;eye_tracking;Eye_Opened,MarkerSent
15:00:25.452,Hybrid,Test3D,Eye_Opened,eye_tracking,Eye_Opened
15:00:26.309,Hybrid,Test3D,Dwell_Start,Object: Door_Double,Dwell_Started
15:00:26.309,Hybrid,Test3D,LSL_Logger,2026-06-12 15:00:26.309;Hybrid;Test3D;Dwell_Start;Object: Door_Double;Dwell_Started,MarkerSent
15:00:26.342,Hybrid,Test3D,Gaze_Stop,Object: Door_Double,Hover_Exit
15:00:26.342,Hybrid,Test3D,LSL_Logger,2026-06-12 15:00:26.342;Hybrid;Test3D;Gaze_Stop;Object: Door_Double;Hover_Exit,MarkerSent
15:00:26.397,Hybrid,Test3D,Dwell_Start,Object: Door_Double,Dwell_Started
15:00:26.397,Hybrid,Test3D,LSL_Logger,2026-06-12 15:00:26.397;Hybrid;Test3D;Dwell_Start;Object: Door_Double;Dwell_Started,MarkerSent
15:00:26.419,Hybrid,Test3D,LSL_Logger,2026-06-12 15:00:26.419;Hybrid;Test3D;Eye_Closed;eye_tracking;Eye_Closed,MarkerSent
15:00:26.419,Hybrid,Test3D,Eye_Closed,eye_tracking,Eye_Closed
15:00:26.498,Hybrid,Test3D,LSL_Logger,2026-06-12 15:00:26.498;Hybrid;Test3D;Eye_Opened;eye_tracking;Eye_Opened,MarkerSent
15:00:26.498,Hybrid,Test3D,Eye_Opened,eye_tracking,Eye_Opened
15:00:26.586,Hybrid,Test3D,Gaze_Stop,Object: Door_Double,Hover_Exit
15:00:26.586,Hybrid,Test3D,LSL_Logger,2026-06-12 15:00:26.586;Hybrid;Test3D;Gaze_Stop;Object: Door_Double;Hover_Exit,MarkerSent
15:00:26.929,Hybrid,Test3D,Dwell_Start,Object: Door_Double,Dwell_Started
15:00:26.929,Hybrid,Test3D,LSL_Logger,2026-06-12 15:00:26.929;Hybrid;Test3D;Dwell_Start;Object: Door_Double;Dwell_Started,MarkerSent
15:00:27.296,Hybrid,Test3D,Gaze_Stop,Object: Door_Double,Hover_Exit
15:00:27.296,Hybrid,Test3D,LSL_Logger,2026-06-12 15:00:27.296;Hybrid;Test3D;Gaze_Stop;Object: Door_Double;Hover_Exit,MarkerSent
15:00:28.318,Hybrid,Test3D,Dwell_Start,Object: Door_Single,Dwell_Started
15:00:28.318,Hybrid,Test3D,LSL_Logger,2026-06-12 15:00:28.318;Hybrid;Test3D;Dwell_Start;Object: Door_Single;Dwell_Started,MarkerSent
15:00:28.692,Hybrid,Test3D,Gaze_Stop,Object: Door_Single,Hover_Exit
15:00:28.692,Hybrid,Test3D,LSL_Logger,2026-06-12 15:00:28.692;Hybrid;Test3D;Gaze_Stop;Object: Door_Single;Hover_Exit,MarkerSent
15:00:31.716,Hybrid,Test3D,LSL_Logger,2026-06-12 15:00:31.716;Hybrid;Test3D;Eye_Closed;eye_tracking;Eye_Closed,MarkerSent
15:00:31.716,Hybrid,Test3D,Eye_Closed,eye_tracking,Eye_Closed
15:00:31.849,Hybrid,Test3D,LSL_Logger,2026-06-12 15:00:31.849;Hybrid;Test3D;Eye_Opened;eye_tracking;Eye_Opened,MarkerSent
15:00:31.849,Hybrid,Test3D,Eye_Opened,eye_tracking,Eye_Opened
15:00:35.570,Hybrid,Test3D,Dwell_Start,Object: Door_Single,Dwell_Started
15:00:35.570,Hybrid,Test3D,LSL_Logger,2026-06-12 15:00:35.570;Hybrid;Test3D;Dwell_Start;Object: Door_Single;Dwell_Started,MarkerSent
15:00:35.627,Hybrid,Test3D,Gaze_Stop,Object: Door_Single,Hover_Exit
15:00:35.627,Hybrid,Test3D,LSL_Logger,2026-06-12 15:00:35.627;Hybrid;Test3D;Gaze_Stop;Object: Door_Single;Hover_Exit,MarkerSent
15:00:35.657,Hybrid,Test3D,Dwell_Start,Object: Door_Single,Dwell_Started
15:00:35.657,Hybrid,Test3D,LSL_Logger,2026-06-12 15:00:35.657;Hybrid;Test3D;Dwell_Start;Object: Door_Single;Dwell_Started,MarkerSent
15:00:35.722,Hybrid,Test3D,Gaze_Stop,Object: Door_Single,Hover_Exit
15:00:35.722,Hybrid,Test3D,LSL_Logger,2026-06-12 15:00:35.722;Hybrid;Test3D;Gaze_Stop;Object: Door_Single;Hover_Exit,MarkerSent
15:00:35.955,Hybrid,Test3D,Dwell_Start,Object: Door_Single,Dwell_Started
15:00:35.955,Hybrid,Test3D,LSL_Logger,2026-06-12 15:00:35.955;Hybrid;Test3D;Dwell_Start;Object: Door_Single;Dwell_Started,MarkerSent
15:00:36.398,Hybrid,Test3D,Gaze_Stop,Object: Door_Single,Hover_Exit
15:00:36.398,Hybrid,Test3D,LSL_Logger,2026-06-12 15:00:36.398;Hybrid;Test3D;Gaze_Stop;Object: Door_Single;Hover_Exit,MarkerSent
15:00:36.473,Hybrid,Test3D,Dwell_Start,Object: Door_Single,Dwell_Started
15:00:36.473,Hybrid,Test3D,LSL_Logger,2026-06-12 15:00:36.473;Hybrid;Test3D;Dwell_Start;Object: Door_Single;Dwell_Started,MarkerSent
15:00:36.554,Hybrid,Test3D,Gaze_Stop,Object: Door_Single,Hover_Exit
15:00:36.554,Hybrid,Test3D,LSL_Logger,2026-06-12 15:00:36.554;Hybrid;Test3D;Gaze_Stop;Object: Door_Single;Hover_Exit,MarkerSent
15:00:40.013,Hybrid,Test3D,Dwell_Start,Object: Door_Single,Dwell_Started
15:00:40.013,Hybrid,Test3D,LSL_Logger,2026-06-12 15:00:40.013;Hybrid;Test3D;Dwell_Start;Object: Door_Single;Dwell_Started,MarkerSent
15:00:41.013,Hybrid,Test3D,Dwell_Complete,Object: Door_Single,Dwelling_Completed
15:00:41.013,Hybrid,Test3D,LSL_Logger,2026-06-12 15:00:41.013;Hybrid;Test3D;Dwell_Complete;Object: Door_Single;Dwelling_Completed,MarkerSent
15:00:41.013,Hybrid,Test3D,Flicker_Start,Object: Door_Single; Hz: 15,Flicker_Start
15:00:41.013,Hybrid,Test3D,LSL_Logger,2026-06-12 15:00:41.013;Hybrid;Test3D;Flicker_Start;Door_Single;Flicker_Start,MarkerSent
15:00:41.655,Hybrid,Test3D,Gaze_Stop,Object: Door_Single,Hover_Exit
15:00:41.655,Hybrid,Test3D,LSL_Logger,2026-06-12 15:00:41.655;Hybrid;Test3D;Gaze_Stop;Object: Door_Single;Hover_Exit,MarkerSent
15:00:43.024,Hybrid,Test3D,Flicker_End,Object: Door_Single,Flicker_End
15:00:43.024,Hybrid,Test3D,LSL_Logger,2026-06-12 15:00:43.024;Hybrid;Test3D;Flicker_End;Object: Door_Single;Flicker_End,MarkerSent
15:00:43.077,Hybrid,Test3D,BCI_Command_Received,101,FlickerNotDetected
15:00:43.077,Hybrid,Test3D,LSL_Logger,2026-06-12 15:00:43.077;Hybrid;Test3D;BCI_Command_Received;101;FlickerNotDetected,MarkerSent
15:00:43.386,Hybrid,Test3D,Retry_Cancelled,Object: Door_Single,Gaze_Lost
15:00:43.386,Hybrid,Test3D,LSL_Logger,2026-06-12 15:00:43.386;Hybrid;Test3D;Retry_Cancelled;Object: Door_Single;Gaze_Lost,MarkerSent
15:00:45.199,Hybrid,Test3D,Dwell_Start,Object: Door_Single,Dwell_Started
15:00:45.199,Hybrid,Test3D,LSL_Logger,2026-06-12 15:00:45.199;Hybrid;Test3D;Dwell_Start;Object: Door_Single;Dwell_Started,MarkerSent
15:00:45.222,Hybrid,Test3D,Gaze_Stop,Object: Door_Single,Hover_Exit
15:00:45.222,Hybrid,Test3D,LSL_Logger,2026-06-12 15:00:45.222;Hybrid;Test3D;Gaze_Stop;Object: Door_Single;Hover_Exit,MarkerSent
15:00:45.233,Hybrid,Test3D,Dwell_Start,Object: Door_Single,Dwell_Started
15:00:45.233,Hybrid,Test3D,LSL_Logger,2026-06-12 15:00:45.233;Hybrid;Test3D;Dwell_Start;Object: Door_Single;Dwell_Started,MarkerSent
15:00:45.253,Hybrid,Test3D,Gaze_Stop,Object: Door_Single,Hover_Exit
15:00:45.253,Hybrid,Test3D,LSL_Logger,2026-06-12 15:00:45.253;Hybrid;Test3D;Gaze_Stop;Object: Door_Single;Hover_Exit,MarkerSent
15:00:45.894,Hybrid,Test3D,Dwell_Start,Object: Door_Single,Dwell_Started
15:00:45.894,Hybrid,Test3D,LSL_Logger,2026-06-12 15:00:45.894;Hybrid;Test3D;Dwell_Start;Object: Door_Single;Dwell_Started,MarkerSent
15:00:45.950,Hybrid,Test3D,Gaze_Stop,Object: Door_Single,Hover_Exit
15:00:45.950,Hybrid,Test3D,LSL_Logger,2026-06-12 15:00:45.950;Hybrid;Test3D;Gaze_Stop;Object: Door_Single;Hover_Exit,MarkerSent
15:00:48.496,Hybrid,Test3D,Dwell_Start,Object: Door_Double,Dwell_Started
15:00:48.496,Hybrid,Test3D,LSL_Logger,2026-06-12 15:00:48.496;Hybrid;Test3D;Dwell_Start;Object: Door_Double;Dwell_Started,MarkerSent
15:00:48.508,Hybrid,Test3D,Gaze_Stop,Object: Door_Double,Hover_Exit
15:00:48.508,Hybrid,Test3D,LSL_Logger,2026-06-12 15:00:48.508;Hybrid;Test3D;Gaze_Stop;Object: Door_Double;Hover_Exit,MarkerSent
15:00:51.774,Hybrid,Test3D,Dwell_Start,Object: Door_Double,Dwell_Started
15:00:51.774,Hybrid,Test3D,LSL_Logger,2026-06-12 15:00:51.774;Hybrid;Test3D;Dwell_Start;Object: Door_Double;Dwell_Started,MarkerSent
15:00:51.958,Hybrid,Test3D,Gaze_Stop,Object: Door_Double,Hover_Exit
15:00:51.958,Hybrid,Test3D,LSL_Logger,2026-06-12 15:00:51.958;Hybrid;Test3D;Gaze_Stop;Object: Door_Double;Hover_Exit,MarkerSent
15:00:51.970,Hybrid,Test3D,Dwell_Start,Object: Door_Double,Dwell_Started
15:00:51.970,Hybrid,Test3D,LSL_Logger,2026-06-12 15:00:51.970;Hybrid;Test3D;Dwell_Start;Object: Door_Double;Dwell_Started,MarkerSent
15:00:52.224,Hybrid,Test3D,Gaze_Stop,Object: Door_Double,Hover_Exit
15:00:52.224,Hybrid,Test3D,LSL_Logger,2026-06-12 15:00:52.224;Hybrid;Test3D;Gaze_Stop;Object: Door_Double;Hover_Exit,MarkerSent
15:00:57.625,Hybrid,Test3D,LSL_Logger,2026-06-12 15:00:57.625;Hybrid;Test3D;Eye_Closed;eye_tracking;Eye_Closed,MarkerSent
15:00:57.625,Hybrid,Test3D,Eye_Closed,eye_tracking,Eye_Closed
15:00:57.857,Hybrid,Test3D,LSL_Logger,2026-06-12 15:00:57.857;Hybrid;Test3D;Eye_Opened;eye_tracking;Eye_Opened,MarkerSent
15:00:57.857,Hybrid,Test3D,Eye_Opened,eye_tracking,Eye_Opened
15:00:59.102,Hybrid,Test3D,Dwell_Start,Object: Door_Single,Dwell_Started
15:00:59.102,Hybrid,Test3D,LSL_Logger,2026-06-12 15:00:59.102;Hybrid;Test3D;Dwell_Start;Object: Door_Single;Dwell_Started,MarkerSent
15:00:59.114,Hybrid,Test3D,Gaze_Stop,Object: Door_Single,Hover_Exit
15:00:59.114,Hybrid,Test3D,LSL_Logger,2026-06-12 15:00:59.114;Hybrid;Test3D;Gaze_Stop;Object: Door_Single;Hover_Exit,MarkerSent
15:00:59.204,Hybrid,Test3D,Dwell_Start,Object: Door_Single,Dwell_Started
15:00:59.204,Hybrid,Test3D,LSL_Logger,2026-06-12 15:00:59.204;Hybrid;Test3D;Dwell_Start;Object: Door_Single;Dwell_Started,MarkerSent
15:00:59.224,Hybrid,Test3D,Gaze_Stop,Object: Door_Single,Hover_Exit
15:00:59.224,Hybrid,Test3D,LSL_Logger,2026-06-12 15:00:59.224;Hybrid;Test3D;Gaze_Stop;Object: Door_Single;Hover_Exit,MarkerSent
15:01:02.345,Hybrid,Test3D,Dwell_Start,Object: Door_Double,Dwell_Started
15:01:02.345,Hybrid,Test3D,LSL_Logger,2026-06-12 15:01:02.345;Hybrid;Test3D;Dwell_Start;Object: Door_Double;Dwell_Started,MarkerSent
15:01:02.367,Hybrid,Test3D,Gaze_Stop,Object: Door_Double,Hover_Exit
15:01:02.367,Hybrid,Test3D,LSL_Logger,2026-06-12 15:01:02.367;Hybrid;Test3D;Gaze_Stop;Object: Door_Double;Hover_Exit,MarkerSent
