Time,Experiment,Phase,Event,Detail,Action
17:28:58.619,EyeTracking,SettingUI,Experiment_Start,EyeTracking,
17:28:58.619,EyeTracking,SettingUI,Phase_Start,SettingUI,
17:29:43.806,EyeTracking,SettingUI,Hover_Enter,Button: demoIntroScene,Hovering
17:29:45.802,EyeTracking,SettingUI,Action_Executed,Button: demoIntroScene; Action: ButtonAction,Execution_Proceeding
17:29:46.267,EyeTracking,SettingUI,Hover_Exit,Button: demoIntroScene,Hover_Exit
17:29:46.790,EyeTracking,SettingUI,Hover_Enter,Button: Intro-Next-UI,Hovering
17:29:46.790,EyeTracking,SettingUI,Dwell_Start,Button: Intro-Next-UI,Dwell_Started
17:29:46.802,EyeTracking,SettingUI,Dwell_Start,Button: Intro-Next-UI,Dwell_Started
17:29:46.812,EyeTracking,SettingUI,Dwell_Start,Button: Intro-Next-UI,Dwell_Started
17:29:46.823,EyeTracking,SettingUI,Dwell_Start,Button: Intro-Next-UI,Dwell_Started
17:29:46.835,EyeTracking,SettingUI,Dwell_Start,Button: Intro-Next-UI,Dwell_Started
17:29:46.846,EyeTracking,SettingUI,Dwell_Start,Button: Intro-Next-UI,Dwell_Started
17:29:46.858,EyeTracking,SettingUI,Dwell_Start,Button: Intro-Next-UI,Dwell_Started
17:29:46.867,EyeTracking,SettingUI,Dwell_Start,Button: Intro-Next-UI,Dwell_Started
17:29:46.879,EyeTracking,SettingUI,Dwell_Start,Button: Intro-Next-UI,Dwell_Started
17:29:46.890,EyeTracking,SettingUI,Dwell_Start,Button: Intro-Next-UI,Dwell_Started
17:29:46.900,EyeTracking,SettingUI,Dwell_Start,Button: Intro-Next-UI,Dwell_Started
17:29:46.912,EyeTracking,SettingUI,Dwell_Start,Button: Intro-Next-UI,Dwell_Started
17:29:46.924,EyeTracking,SettingUI,Dwell_Start,Button: Intro-Next-UI,Dwell_Started
17:29:46.933,EyeTracking,SettingUI,Dwell_Start,Button: Intro-Next-UI,Dwell_Started
17:29:46.945,EyeTracking,SettingUI,Dwell_Start,Button: Intro-Next-UI,Dwell_Started
17:29:46.956,EyeTracking,SettingUI,Dwell_Start,Button: Intro-Next-UI,Dwell_Started
17:29:46.968,EyeTracking,SettingUI,Dwell_Start,Button: Intro-Next-UI,Dwell_Started
17:29:46.980,EyeTracking,SettingUI,Dwell_Start,Button: Intro-Next-UI,Dwell_Started
17:29:46.990,EyeTracking,SettingUI,Dwell_Start,Button: Intro-Next-UI,Dwell_Started
17:29:47.000,EyeTracking,SettingUI,Dwell_Start,Button: Intro-Next-UI,Dwell_Started
17:29:47.013,EyeTracking,SettingUI,Dwell_Start,Button: Intro-Next-UI,Dwell_Started
17:29:47.023,EyeTracking,SettingUI,Dwell_Start,Button: Intro-Next-UI,Dwell_Started
17:29:47.034,EyeTracking,SettingUI,Dwell_Start,Button: Intro-Next-UI,Dwell_Started
17:29:47.045,EyeTracking,SettingUI,Dwell_Start,Button: Intro-Next-UI,Dwell_Started
17:29:47.056,EyeTracking,SettingUI,Dwell_Start,Button: Intro-Next-UI,Dwell_Started
17:29:47.068,EyeTracking,SettingUI,Dwell_Start,Button: Intro-Next-UI,Dwell_Started
17:29:47.078,EyeTracking,SettingUI,Dwell_Start,Button: Intro-Next-UI,Dwell_Started
17:29:47.090,EyeTracking,SettingUI,Dwell_Start,Button: Intro-Next-UI,Dwell_Started
17:29:47.101,EyeTracking,SettingUI,Dwell_Start,Button: Intro-Next-UI,Dwell_Started
17:29:47.114,EyeTracking,SettingUI,Dwell_Start,Button: Intro-Next-UI,Dwell_Started
17:29:47.123,EyeTracking,SettingUI,Dwell_Start,Button: Intro-Next-UI,Dwell_Started
17:29:47.135,EyeTracking,SettingUI,Dwell_Start,Button: Intro-Next-UI,Dwell_Started
17:29:47.145,EyeTracking,SettingUI,Dwell_Start,Button: Intro-Next-UI,Dwell_Started
17:29:47.157,EyeTracking,SettingUI,Dwell_Start,Button: Intro-Next-UI,Dwell_Started
17:29:47.167,EyeTracking,SettingUI,Dwell_Start,Button: Intro-Next-UI,Dwell_Started
17:29:47.178,EyeTracking,SettingUI,Dwell_Start,Button: Intro-Next-UI,Dwell_Started
17:29:47.190,EyeTracking,SettingUI,Dwell_Start,Button: Intro-Next-UI,Dwell_Started
17:29:47.201,EyeTracking,SettingUI,Dwell_Start,Button: Intro-Next-UI,Dwell_Started
17:29:47.211,EyeTracking,SettingUI,Dwell_Start,Button: Intro-Next-UI,Dwell_Started
17:29:47.223,EyeTracking,SettingUI,Dwell_Start,Button: Intro-Next-UI,Dwell_Started
17:29:47.234,EyeTracking,SettingUI,Dwell_Start,Button: Intro-Next-UI,Dwell_Started
17:29:47.245,EyeTracking,SettingUI,Dwell_Start,Button: Intro-Next-UI,Dwell_Started
17:29:47.257,EyeTracking,SettingUI,Dwell_Start,Button: Intro-Next-UI,Dwell_Started
17:29:47.267,EyeTracking,SettingUI,Dwell_Start,Button: Intro-Next-UI,Dwell_Started
17:29:47.277,EyeTracking,SettingUI,Dwell_Start,Button: Intro-Next-UI,Dwell_Started
17:29:47.291,EyeTracking,SettingUI,Dwell_Start,Button: Intro-Next-UI,Dwell_Started
17:29:47.301,EyeTracking,SettingUI,Dwell_Start,Button: Intro-Next-UI,Dwell_Started
17:29:47.313,EyeTracking,SettingUI,Dwell_Start,Button: Intro-Next-UI,Dwell_Started
17:29:47.323,EyeTracking,SettingUI,Dwell_Start,Button: Intro-Next-UI,Dwell_Started
17:29:47.334,EyeTracking,SettingUI,Dwell_Start,Button: Intro-Next-UI,Dwell_Started
17:29:47.345,EyeTracking,SettingUI,Dwell_Start,Button: Intro-Next-UI,Dwell_Started
17:29:47.356,EyeTracking,SettingUI,Dwell_Start,Button: Intro-Next-UI,Dwell_Started
17:29:47.367,EyeTracking,SettingUI,Dwell_Start,Button: Intro-Next-UI,Dwell_Started
17:29:47.377,EyeTracking,SettingUI,Dwell_Start,Button: Intro-Next-UI,Dwell_Started
17:29:47.390,EyeTracking,SettingUI,Dwell_Start,Button: Intro-Next-UI,Dwell_Started
17:29:47.401,EyeTracking,SettingUI,Dwell_Start,Button: Intro-Next-UI,Dwell_Started
17:29:47.411,EyeTracking,SettingUI,Dwell_Start,Button: Intro-Next-UI,Dwell_Started
17:29:47.423,EyeTracking,SettingUI,Dwell_Start,Button: Intro-Next-UI,Dwell_Started
17:29:47.434,EyeTracking,SettingUI,Dwell_Start,Button: Intro-Next-UI,Dwell_Started
17:29:47.445,EyeTracking,SettingUI,Dwell_Start,Button: Intro-Next-UI,Dwell_Started
17:29:47.458,EyeTracking,SettingUI,Dwell_Start,Button: Intro-Next-UI,Dwell_Started
17:29:47.468,EyeTracking,SettingUI,Dwell_Start,Button: Intro-Next-UI,Dwell_Started
17:29:47.478,EyeTracking,SettingUI,Dwell_Start,Button: Intro-Next-UI,Dwell_Started
17:29:47.490,EyeTracking,SettingUI,Dwell_Start,Button: Intro-Next-UI,Dwell_Started
17:29:47.501,EyeTracking,SettingUI,Dwell_Start,Button: Intro-Next-UI,Dwell_Started
17:29:47.511,EyeTracking,SettingUI,Dwell_Start,Button: Intro-Next-UI,Dwell_Started
17:29:47.523,EyeTracking,SettingUI,Dwell_Start,Button: Intro-Next-UI,Dwell_Started
17:29:47.533,EyeTracking,SettingUI,Dwell_Start,Button: Intro-Next-UI,Dwell_Started
17:29:47.546,EyeTracking,SettingUI,Dwell_Start,Button: Intro-Next-UI,Dwell_Started
17:29:47.556,EyeTracking,SettingUI,Dwell_Start,Button: Intro-Next-UI,Dwell_Started
17:29:47.567,EyeTracking,SettingUI,Dwell_Start,Button: Intro-Next-UI,Dwell_Started
17:29:47.580,EyeTracking,SettingUI,Dwell_Start,Button: Intro-Next-UI,Dwell_Started
17:29:47.590,EyeTracking,SettingUI,Dwell_Start,Button: Intro-Next-UI,Dwell_Started
17:29:47.600,EyeTracking,SettingUI,Dwell_Start,Button: Intro-Next-UI,Dwell_Started
17:29:47.612,EyeTracking,SettingUI,Dwell_Start,Button: Intro-Next-UI,Dwell_Started
17:29:47.623,EyeTracking,SettingUI,Dwell_Start,Button: Intro-Next-UI,Dwell_Started
17:29:47.633,EyeTracking,SettingUI,Dwell_Start,Button: Intro-Next-UI,Dwell_Started
17:29:47.647,EyeTracking,SettingUI,Dwell_Start,Button: Intro-Next-UI,Dwell_Started
17:29:47.658,EyeTracking,SettingUI,Dwell_Start,Button: Intro-Next-UI,Dwell_Started
17:29:47.667,EyeTracking,SettingUI,Dwell_Start,Button: Intro-Next-UI,Dwell_Started
17:29:47.678,EyeTracking,SettingUI,Dwell_Start,Button: Intro-Next-UI,Dwell_Started
17:29:47.690,EyeTracking,SettingUI,Dwell_Start,Button: Intro-Next-UI,Dwell_Started
17:29:47.700,EyeTracking,SettingUI,Dwell_Start,Button: Intro-Next-UI,Dwell_Started
17:29:47.712,EyeTracking,SettingUI,Dwell_Start,Button: Intro-Next-UI,Dwell_Started
17:29:47.723,EyeTracking,SettingUI,Dwell_Start,Button: Intro-Next-UI,Dwell_Started
17:29:47.734,EyeTracking,SettingUI,Dwell_Start,Button: Intro-Next-UI,Dwell_Started
17:29:47.745,EyeTracking,SettingUI,Dwell_Start,Button: Intro-Next-UI,Dwell_Started
17:29:47.756,EyeTracking,SettingUI,Dwell_Start,Button: Intro-Next-UI,Dwell_Started
17:29:47.769,EyeTracking,SettingUI,Dwell_Start,Button: Intro-Next-UI,Dwell_Started
17:29:47.777,EyeTracking,SettingUI,Dwell_Start,Button: Intro-Next-UI,Dwell_Started
17:29:47.789,EyeTracking,SettingUI,Dwell_Start,Button: Intro-Next-UI,Dwell_Started
17:29:47.800,EyeTracking,SettingUI,Dwell_Start,Button: Intro-Next-UI,Dwell_Started
17:29:47.813,EyeTracking,SettingUI,Dwell_Start,Button: Intro-Next-UI,Dwell_Started
17:29:47.824,EyeTracking,SettingUI,Dwell_Start,Button: Intro-Next-UI,Dwell_Started
17:29:47.834,EyeTracking,SettingUI,Dwell_Start,Button: Intro-Next-UI,Dwell_Started
17:29:47.844,EyeTracking,SettingUI,Dwell_Start,Button: Intro-Next-UI,Dwell_Started
17:29:47.856,EyeTracking,SettingUI,Dwell_Start,Button: Intro-Next-UI,Dwell_Started
17:29:47.867,EyeTracking,SettingUI,Dwell_Start,Button: Intro-Next-UI,Dwell_Started
17:29:47.878,EyeTracking,SettingUI,Dwell_Start,Button: Intro-Next-UI,Dwell_Started
17:29:47.889,EyeTracking,SettingUI,Dwell_Start,Button: Intro-Next-UI,Dwell_Started
17:29:47.900,EyeTracking,SettingUI,Dwell_Start,Button: Intro-Next-UI,Dwell_Started
17:29:47.911,EyeTracking,SettingUI,Dwell_Start,Button: Intro-Next-UI,Dwell_Started
17:29:47.922,EyeTracking,SettingUI,Dwell_Start,Button: Intro-Next-UI,Dwell_Started
17:29:47.934,EyeTracking,SettingUI,Dwell_Start,Button: Intro-Next-UI,Dwell_Started
17:29:47.945,EyeTracking,SettingUI,Dwell_Start,Button: Intro-Next-UI,Dwell_Started
17:29:47.957,EyeTracking,SettingUI,Dwell_Start,Button: Intro-Next-UI,Dwell_Started
17:29:47.967,EyeTracking,SettingUI,Dwell_Start,Button: Intro-Next-UI,Dwell_Started
17:29:47.978,EyeTracking,SettingUI,Dwell_Start,Button: Intro-Next-UI,Dwell_Started
17:29:47.990,EyeTracking,SettingUI,Dwell_Start,Button: Intro-Next-UI,Dwell_Started
17:29:48.000,EyeTracking,SettingUI,Dwell_Start,Button: Intro-Next-UI,Dwell_Started
17:29:48.011,EyeTracking,SettingUI,Dwell_Start,Button: Intro-Next-UI,Dwell_Started
17:29:48.023,EyeTracking,SettingUI,Dwell_Start,Button: Intro-Next-UI,Dwell_Started
17:29:48.035,EyeTracking,SettingUI,Dwell_Start,Button: Intro-Next-UI,Dwell_Started
17:29:48.045,EyeTracking,SettingUI,Dwell_Start,Button: Intro-Next-UI,Dwell_Started
17:29:48.057,EyeTracking,SettingUI,Dwell_Start,Button: Intro-Next-UI,Dwell_Started
17:29:48.066,EyeTracking,SettingUI,Dwell_Start,Button: Intro-Next-UI,Dwell_Started
17:29:48.077,EyeTracking,SettingUI,Dwell_Start,Button: Intro-Next-UI,Dwell_Started
17:29:48.090,EyeTracking,SettingUI,Dwell_Start,Button: Intro-Next-UI,Dwell_Started
17:29:48.101,EyeTracking,SettingUI,Dwell_Start,Button: Intro-Next-UI,Dwell_Started
17:29:48.112,EyeTracking,SettingUI,Dwell_Start,Button: Intro-Next-UI,Dwell_Started
17:29:48.123,EyeTracking,SettingUI,Dwell_Start,Button: Intro-Next-UI,Dwell_Started
17:29:48.134,EyeTracking,SettingUI,Dwell_Start,Button: Intro-Next-UI,Dwell_Started
17:29:48.146,EyeTracking,SettingUI,Dwell_Start,Button: Intro-Next-UI,Dwell_Started
17:29:48.157,EyeTracking,SettingUI,Dwell_Start,Button: Intro-Next-UI,Dwell_Started
17:29:48.167,EyeTracking,SettingUI,Dwell_Start,Button: Intro-Next-UI,Dwell_Started
17:29:48.178,EyeTracking,SettingUI,Dwell_Start,Button: Intro-Next-UI,Dwell_Started
17:29:48.191,EyeTracking,SettingUI,Dwell_Start,Button: Intro-Next-UI,Dwell_Started
17:29:48.199,EyeTracking,SettingUI,Dwell_Start,Button: Intro-Next-UI,Dwell_Started
17:29:48.211,EyeTracking,SettingUI,Dwell_Start,Button: Intro-Next-UI,Dwell_Started
17:29:48.223,EyeTracking,SettingUI,Dwell_Start,Button: Intro-Next-UI,Dwell_Started
17:29:48.235,EyeTracking,SettingUI,Dwell_Start,Button: Intro-Next-UI,Dwell_Started
17:29:48.245,EyeTracking,SettingUI,Dwell_Start,Button: Intro-Next-UI,Dwell_Started
17:29:48.255,EyeTracking,SettingUI,Dwell_Start,Button: Intro-Next-UI,Dwell_Started
17:29:48.266,EyeTracking,SettingUI,Dwell_Start,Button: Intro-Next-UI,Dwell_Started
17:29:48.278,EyeTracking,SettingUI,Dwell_Start,Button: Intro-Next-UI,Dwell_Started
17:29:48.290,EyeTracking,SettingUI,Dwell_Start,Button: Intro-Next-UI,Dwell_Started
17:29:48.300,EyeTracking,SettingUI,Dwell_Start,Button: Intro-Next-UI,Dwell_Started
17:29:48.311,EyeTracking,SettingUI,Dwell_Start,Button: Intro-Next-UI,Dwell_Started
17:29:48.323,EyeTracking,SettingUI,Dwell_Start,Button: Intro-Next-UI,Dwell_Started
17:29:48.334,EyeTracking,SettingUI,Dwell_Start,Button: Intro-Next-UI,Dwell_Started
17:29:48.345,EyeTracking,SettingUI,Dwell_Start,Button: Intro-Next-UI,Dwell_Started
17:29:48.357,EyeTracking,SettingUI,Dwell_Start,Button: Intro-Next-UI,Dwell_Started
17:29:48.367,EyeTracking,SettingUI,Dwell_Start,Button: Intro-Next-UI,Dwell_Started
17:29:48.378,EyeTracking,SettingUI,Dwell_Start,Button: Intro-Next-UI,Dwell_Started
17:29:48.389,EyeTracking,SettingUI,Dwell_Start,Button: Intro-Next-UI,Dwell_Started
17:29:48.400,EyeTracking,SettingUI,Dwell_Start,Button: Intro-Next-UI,Dwell_Started
17:29:48.412,EyeTracking,SettingUI,Dwell_Start,Button: Intro-Next-UI,Dwell_Started
17:29:48.422,EyeTracking,SettingUI,Dwell_Start,Button: Intro-Next-UI,Dwell_Started
17:29:48.434,EyeTracking,SettingUI,Dwell_Start,Button: Intro-Next-UI,Dwell_Started
17:29:48.445,EyeTracking,SettingUI,Dwell_Start,Button: Intro-Next-UI,Dwell_Started
17:29:48.455,EyeTracking,SettingUI,Dwell_Start,Button: Intro-Next-UI,Dwell_Started
17:29:48.465,EyeTracking,SettingUI,Dwell_Start,Button: Intro-Next-UI,Dwell_Started
17:29:48.477,EyeTracking,SettingUI,Dwell_Start,Button: Intro-Next-UI,Dwell_Started
17:29:48.489,EyeTracking,SettingUI,Dwell_Start,Button: Intro-Next-UI,Dwell_Started
17:29:48.500,EyeTracking,SettingUI,Dwell_Start,Button: Intro-Next-UI,Dwell_Started
17:29:48.511,EyeTracking,SettingUI,Dwell_Start,Button: Intro-Next-UI,Dwell_Started
17:29:48.522,EyeTracking,SettingUI,Dwell_Start,Button: Intro-Next-UI,Dwell_Started
17:29:48.533,EyeTracking,SettingUI,Dwell_Start,Button: Intro-Next-UI,Dwell_Started
17:29:48.545,EyeTracking,SettingUI,Dwell_Start,Button: Intro-Next-UI,Dwell_Started
17:29:48.555,EyeTracking,SettingUI,Dwell_Start,Button: Intro-Next-UI,Dwell_Started
17:29:48.567,EyeTracking,SettingUI,Dwell_Start,Button: Intro-Next-UI,Dwell_Started
17:29:48.578,EyeTracking,SettingUI,Dwell_Start,Button: Intro-Next-UI,Dwell_Started
17:29:48.588,EyeTracking,SettingUI,Dwell_Start,Button: Intro-Next-UI,Dwell_Started
17:29:48.600,EyeTracking,SettingUI,Dwell_Start,Button: Intro-Next-UI,Dwell_Started
17:29:48.611,EyeTracking,SettingUI,Dwell_Start,Button: Intro-Next-UI,Dwell_Started
17:29:48.622,EyeTracking,SettingUI,Dwell_Start,Button: Intro-Next-UI,Dwell_Started
17:29:48.634,EyeTracking,SettingUI,Dwell_Start,Button: Intro-Next-UI,Dwell_Started
17:29:48.644,EyeTracking,SettingUI,Dwell_Start,Button: Intro-Next-UI,Dwell_Started
17:29:48.655,EyeTracking,SettingUI,Dwell_Start,Button: Intro-Next-UI,Dwell_Started
17:29:48.667,EyeTracking,SettingUI,Dwell_Start,Button: Intro-Next-UI,Dwell_Started
17:29:48.677,EyeTracking,SettingUI,Dwell_Start,Button: Intro-Next-UI,Dwell_Started
17:29:48.690,EyeTracking,SettingUI,Dwell_Start,Button: Intro-Next-UI,Dwell_Started
17:29:48.700,EyeTracking,SettingUI,Dwell_Start,Button: Intro-Next-UI,Dwell_Started
17:29:48.712,EyeTracking,SettingUI,Dwell_Start,Button: Intro-Next-UI,Dwell_Started
17:29:48.722,EyeTracking,SettingUI,Dwell_Start,Button: Intro-Next-UI,Dwell_Started
17:29:48.734,EyeTracking,SettingUI,Dwell_Start,Button: Intro-Next-UI,Dwell_Started
17:29:48.745,EyeTracking,SettingUI,Dwell_Start,Button: Intro-Next-UI,Dwell_Started
17:29:48.756,EyeTracking,SettingUI,Dwell_Start,Button: Intro-Next-UI,Dwell_Started
17:29:48.767,EyeTracking,SettingUI,Dwell_Start,Button: Intro-Next-UI,Dwell_Started
17:29:48.777,EyeTracking,SettingUI,Dwell_Start,Button: Intro-Next-UI,Dwell_Started
17:29:48.789,EyeTracking,SettingUI,Dwell_Start,Button: Intro-Next-UI,Dwell_Started
17:29:48.789,EyeTracking,SettingUI,Dwell_Complete,Button: Intro-Next-UI,Dwelling_Completed
17:29:48.789,EyeTracking,SettingUI,Flicker_Start,Intro-Next-UI,Flicker_Start
17:29:50.799,EyeTracking,SettingUI,Flicker_End,Button: Intro-Next-UI,Flicker_End
17:29:50.799,EyeTracking,SettingUI,Action_Executed,Button: Intro-Next-UI; Action: ButtonAction,Execution_Proceeding
17:29:50.816,EyeTracking,SettingUI,Hover_Enter,Button: nextDwellSetting,Hovering
17:29:50.816,EyeTracking,SettingUI,Dwell_Start,Button: nextDwellSetting,Dwell_Started
17:29:50.825,EyeTracking,SettingUI,Dwell_Start,Button: nextDwellSetting,Dwell_Started
17:29:50.832,EyeTracking,SettingUI,Dwell_Start,Button: nextDwellSetting,Dwell_Started
17:29:50.840,EyeTracking,SettingUI,Dwell_Start,Button: nextDwellSetting,Dwell_Started
17:29:50.850,EyeTracking,SettingUI,Dwell_Start,Button: nextDwellSetting,Dwell_Started
17:29:50.862,EyeTracking,SettingUI,Dwell_Start,Button: nextDwellSetting,Dwell_Started
17:29:50.873,EyeTracking,SettingUI,Dwell_Start,Button: nextDwellSetting,Dwell_Started
17:29:50.884,EyeTracking,SettingUI,Dwell_Start,Button: nextDwellSetting,Dwell_Started
17:29:50.895,EyeTracking,SettingUI,Dwell_Start,Button: nextDwellSetting,Dwell_Started
17:29:50.907,EyeTracking,SettingUI,Dwell_Start,Button: nextDwellSetting,Dwell_Started
17:29:50.924,EyeTracking,SettingUI,Dwell_Start,Button: nextDwellSetting,Dwell_Started
17:29:50.935,EyeTracking,SettingUI,Dwell_Start,Button: nextDwellSetting,Dwell_Started
17:29:50.943,EyeTracking,SettingUI,Dwell_Start,Button: nextDwellSetting,Dwell_Started
17:29:50.951,EyeTracking,SettingUI,Dwell_Start,Button: nextDwellSetting,Dwell_Started
17:29:50.960,EyeTracking,SettingUI,Dwell_Start,Button: nextDwellSetting,Dwell_Started
17:29:50.972,EyeTracking,SettingUI,Dwell_Start,Button: nextDwellSetting,Dwell_Started
17:29:50.985,EyeTracking,SettingUI,Dwell_Start,Button: nextDwellSetting,Dwell_Started
17:29:50.995,EyeTracking,SettingUI,Dwell_Start,Button: nextDwellSetting,Dwell_Started
17:29:51.006,EyeTracking,SettingUI,Dwell_Start,Button: nextDwellSetting,Dwell_Started
17:29:51.017,EyeTracking,SettingUI,Dwell_Start,Button: nextDwellSetting,Dwell_Started
17:29:51.027,EyeTracking,SettingUI,Dwell_Start,Button: nextDwellSetting,Dwell_Started
17:29:51.039,EyeTracking,SettingUI,Dwell_Start,Button: nextDwellSetting,Dwell_Started
17:29:51.050,EyeTracking,SettingUI,Dwell_Start,Button: nextDwellSetting,Dwell_Started
17:29:51.061,EyeTracking,SettingUI,Dwell_Start,Button: nextDwellSetting,Dwell_Started
17:29:51.073,EyeTracking,SettingUI,Dwell_Start,Button: nextDwellSetting,Dwell_Started
17:29:51.083,EyeTracking,SettingUI,Dwell_Start,Button: nextDwellSetting,Dwell_Started
17:29:51.093,EyeTracking,SettingUI,Dwell_Start,Button: nextDwellSetting,Dwell_Started
17:29:51.106,EyeTracking,SettingUI,Dwell_Start,Button: nextDwellSetting,Dwell_Started
17:29:51.117,EyeTracking,SettingUI,Dwell_Start,Button: nextDwellSetting,Dwell_Started
17:29:51.128,EyeTracking,SettingUI,Dwell_Start,Button: nextDwellSetting,Dwell_Started
17:29:51.139,EyeTracking,SettingUI,Dwell_Start,Button: nextDwellSetting,Dwell_Started
17:29:51.149,EyeTracking,SettingUI,Dwell_Start,Button: nextDwellSetting,Dwell_Started
17:29:51.161,EyeTracking,SettingUI,Dwell_Start,Button: nextDwellSetting,Dwell_Started
17:29:51.172,EyeTracking,SettingUI,Dwell_Start,Button: nextDwellSetting,Dwell_Started
17:29:51.184,EyeTracking,SettingUI,Dwell_Start,Button: nextDwellSetting,Dwell_Started
17:29:51.194,EyeTracking,SettingUI,Dwell_Start,Button: nextDwellSetting,Dwell_Started
17:29:51.205,EyeTracking,SettingUI,Dwell_Start,Button: nextDwellSetting,Dwell_Started
17:29:51.217,EyeTracking,SettingUI,Dwell_Start,Button: nextDwellSetting,Dwell_Started
17:29:51.228,EyeTracking,SettingUI,Dwell_Start,Button: nextDwellSetting,Dwell_Started
17:29:51.238,EyeTracking,SettingUI,Dwell_Start,Button: nextDwellSetting,Dwell_Started
17:29:51.249,EyeTracking,SettingUI,Dwell_Start,Button: nextDwellSetting,Dwell_Started
17:29:51.260,EyeTracking,SettingUI,Dwell_Start,Button: nextDwellSetting,Dwell_Started
17:29:51.272,EyeTracking,SettingUI,Dwell_Start,Button: nextDwellSetting,Dwell_Started
17:29:51.282,EyeTracking,SettingUI,Dwell_Start,Button: nextDwellSetting,Dwell_Started
17:29:51.294,EyeTracking,SettingUI,Dwell_Start,Button: nextDwellSetting,Dwell_Started
17:29:51.306,EyeTracking,SettingUI,Dwell_Start,Button: nextDwellSetting,Dwell_Started
17:29:51.318,EyeTracking,SettingUI,Dwell_Start,Button: nextDwellSetting,Dwell_Started
17:29:51.329,EyeTracking,SettingUI,Dwell_Start,Button: nextDwellSetting,Dwell_Started
17:29:51.341,EyeTracking,SettingUI,Dwell_Start,Button: nextDwellSetting,Dwell_Started
17:29:51.352,EyeTracking,SettingUI,Dwell_Start,Button: nextDwellSetting,Dwell_Started
17:29:51.364,EyeTracking,SettingUI,Dwell_Start,Button: nextDwellSetting,Dwell_Started
17:29:51.373,EyeTracking,SettingUI,Dwell_Start,Button: nextDwellSetting,Dwell_Started
17:29:51.384,EyeTracking,SettingUI,Dwell_Start,Button: nextDwellSetting,Dwell_Started
17:29:51.398,EyeTracking,SettingUI,Dwell_Start,Button: nextDwellSetting,Dwell_Started
17:29:51.407,EyeTracking,SettingUI,Dwell_Start,Button: nextDwellSetting,Dwell_Started
17:29:51.419,EyeTracking,SettingUI,Dwell_Start,Button: nextDwellSetting,Dwell_Started
17:29:51.431,EyeTracking,SettingUI,Dwell_Start,Button: nextDwellSetting,Dwell_Started
17:29:51.441,EyeTracking,SettingUI,Dwell_Start,Button: nextDwellSetting,Dwell_Started
17:29:51.453,EyeTracking,SettingUI,Dwell_Start,Button: nextDwellSetting,Dwell_Started
17:29:51.465,EyeTracking,SettingUI,Dwell_Start,Button: nextDwellSetting,Dwell_Started
17:29:51.476,EyeTracking,SettingUI,Dwell_Start,Button: nextDwellSetting,Dwell_Started
17:29:51.487,EyeTracking,SettingUI,Dwell_Start,Button: nextDwellSetting,Dwell_Started
17:29:51.499,EyeTracking,SettingUI,Dwell_Start,Button: nextDwellSetting,Dwell_Started
17:29:51.510,EyeTracking,SettingUI,Dwell_Start,Button: nextDwellSetting,Dwell_Started
17:29:51.520,EyeTracking,SettingUI,Dwell_Start,Button: nextDwellSetting,Dwell_Started
17:29:51.531,EyeTracking,SettingUI,Dwell_Start,Button: nextDwellSetting,Dwell_Started
17:29:51.542,EyeTracking,SettingUI,Dwell_Start,Button: nextDwellSetting,Dwell_Started
17:29:51.555,EyeTracking,SettingUI,Hover_Exit,Button: nextDwellSetting,Hover_Exit
17:29:51.555,EyeTracking,SettingUI,Hover_Enter,Button: headingDwellSetting,Hovering
17:29:51.677,EyeTracking,SettingUI,Hover_Exit,Button: headingDwellSetting,Hover_Exit
17:29:52.065,EyeTracking,SettingUI,Hover_Enter,Button: subTimeDwell,Hovering
17:29:52.065,EyeTracking,SettingUI,Dwell_Start,Button: subTimeDwell,Dwell_Started
17:29:52.075,EyeTracking,SettingUI,Dwell_Start,Button: subTimeDwell,Dwell_Started
17:29:52.088,EyeTracking,SettingUI,Dwell_Start,Button: subTimeDwell,Dwell_Started
17:29:52.098,EyeTracking,SettingUI,Dwell_Start,Button: subTimeDwell,Dwell_Started
17:29:52.110,EyeTracking,SettingUI,Dwell_Start,Button: subTimeDwell,Dwell_Started
17:29:52.119,EyeTracking,SettingUI,Dwell_Start,Button: subTimeDwell,Dwell_Started
17:29:52.131,EyeTracking,SettingUI,Dwell_Start,Button: subTimeDwell,Dwell_Started
17:29:52.142,EyeTracking,SettingUI,Dwell_Start,Button: subTimeDwell,Dwell_Started
17:29:52.154,EyeTracking,SettingUI,Dwell_Start,Button: subTimeDwell,Dwell_Started
17:29:52.165,EyeTracking,SettingUI,Dwell_Start,Button: subTimeDwell,Dwell_Started
17:29:52.175,EyeTracking,SettingUI,Dwell_Start,Button: subTimeDwell,Dwell_Started
17:29:52.187,EyeTracking,SettingUI,Dwell_Start,Button: subTimeDwell,Dwell_Started
17:29:52.198,EyeTracking,SettingUI,Dwell_Start,Button: subTimeDwell,Dwell_Started
17:29:52.210,EyeTracking,SettingUI,Dwell_Start,Button: subTimeDwell,Dwell_Started
17:29:52.220,EyeTracking,SettingUI,Dwell_Start,Button: subTimeDwell,Dwell_Started
17:29:52.231,EyeTracking,SettingUI,Dwell_Start,Button: subTimeDwell,Dwell_Started
17:29:52.242,EyeTracking,SettingUI,Dwell_Start,Button: subTimeDwell,Dwell_Started
17:29:52.254,EyeTracking,SettingUI,Dwell_Start,Button: subTimeDwell,Dwell_Started
17:29:52.265,EyeTracking,SettingUI,Dwell_Start,Button: subTimeDwell,Dwell_Started
17:29:52.277,EyeTracking,SettingUI,Dwell_Start,Button: subTimeDwell,Dwell_Started
17:29:52.287,EyeTracking,SettingUI,Dwell_Start,Button: subTimeDwell,Dwell_Started
17:29:52.298,EyeTracking,SettingUI,Dwell_Start,Button: subTimeDwell,Dwell_Started
17:29:52.309,EyeTracking,SettingUI,Dwell_Start,Button: subTimeDwell,Dwell_Started
17:29:52.320,EyeTracking,SettingUI,Dwell_Start,Button: subTimeDwell,Dwell_Started
17:29:52.331,EyeTracking,SettingUI,Dwell_Start,Button: subTimeDwell,Dwell_Started
17:29:52.343,EyeTracking,SettingUI,Dwell_Start,Button: subTimeDwell,Dwell_Started
17:29:52.355,EyeTracking,SettingUI,Dwell_Start,Button: subTimeDwell,Dwell_Started
17:29:52.365,EyeTracking,SettingUI,Dwell_Start,Button: subTimeDwell,Dwell_Started
17:29:52.375,EyeTracking,SettingUI,Dwell_Start,Button: subTimeDwell,Dwell_Started
17:29:52.388,EyeTracking,SettingUI,Dwell_Start,Button: subTimeDwell,Dwell_Started
17:29:52.399,EyeTracking,SettingUI,Dwell_Start,Button: subTimeDwell,Dwell_Started
17:29:52.409,EyeTracking,SettingUI,Dwell_Start,Button: subTimeDwell,Dwell_Started
17:29:52.420,EyeTracking,SettingUI,Dwell_Start,Button: subTimeDwell,Dwell_Started
17:29:52.431,EyeTracking,SettingUI,Dwell_Start,Button: subTimeDwell,Dwell_Started
17:29:52.442,EyeTracking,SettingUI,Dwell_Start,Button: subTimeDwell,Dwell_Started
17:29:52.453,EyeTracking,SettingUI,Dwell_Start,Button: subTimeDwell,Dwell_Started
17:29:52.464,EyeTracking,SettingUI,Dwell_Start,Button: subTimeDwell,Dwell_Started
17:29:52.476,EyeTracking,SettingUI,Dwell_Start,Button: subTimeDwell,Dwell_Started
17:29:52.487,EyeTracking,SettingUI,Dwell_Start,Button: subTimeDwell,Dwell_Started
17:29:52.499,EyeTracking,SettingUI,Dwell_Start,Button: subTimeDwell,Dwell_Started
17:29:52.510,EyeTracking,SettingUI,Dwell_Start,Button: subTimeDwell,Dwell_Started
17:29:52.521,EyeTracking,SettingUI,Dwell_Start,Button: subTimeDwell,Dwell_Started
17:29:52.532,EyeTracking,SettingUI,Dwell_Start,Button: subTimeDwell,Dwell_Started
17:29:52.543,EyeTracking,SettingUI,Dwell_Start,Button: subTimeDwell,Dwell_Started
17:29:52.553,EyeTracking,SettingUI,Dwell_Start,Button: subTimeDwell,Dwell_Started
17:29:52.565,EyeTracking,SettingUI,Dwell_Start,Button: subTimeDwell,Dwell_Started
17:29:52.577,EyeTracking,SettingUI,Dwell_Start,Button: subTimeDwell,Dwell_Started
17:29:52.587,EyeTracking,SettingUI,Dwell_Start,Button: subTimeDwell,Dwell_Started
17:29:52.599,EyeTracking,SettingUI,Dwell_Start,Button: subTimeDwell,Dwell_Started
17:29:52.608,EyeTracking,SettingUI,Dwell_Start,Button: subTimeDwell,Dwell_Started
17:29:52.620,EyeTracking,SettingUI,Dwell_Start,Button: subTimeDwell,Dwell_Started
17:29:52.631,EyeTracking,SettingUI,Dwell_Start,Button: subTimeDwell,Dwell_Started
17:29:52.643,EyeTracking,SettingUI,Dwell_Start,Button: subTimeDwell,Dwell_Started
17:29:52.654,EyeTracking,SettingUI,Dwell_Start,Button: subTimeDwell,Dwell_Started
17:29:52.664,EyeTracking,SettingUI,Dwell_Start,Button: subTimeDwell,Dwell_Started
17:29:52.676,EyeTracking,SettingUI,Dwell_Start,Button: subTimeDwell,Dwell_Started
17:29:52.688,EyeTracking,SettingUI,Dwell_Start,Button: subTimeDwell,Dwell_Started
17:29:52.698,EyeTracking,SettingUI,Dwell_Start,Button: subTimeDwell,Dwell_Started
17:29:52.709,EyeTracking,SettingUI,Dwell_Start,Button: subTimeDwell,Dwell_Started
17:29:52.719,EyeTracking,SettingUI,Dwell_Start,Button: subTimeDwell,Dwell_Started
17:29:52.734,EyeTracking,SettingUI,Dwell_Start,Button: subTimeDwell,Dwell_Started
17:29:52.746,EyeTracking,SettingUI,Dwell_Start,Button: subTimeDwell,Dwell_Started
17:29:52.756,EyeTracking,SettingUI,Dwell_Start,Button: subTimeDwell,Dwell_Started
17:29:52.767,EyeTracking,SettingUI,Dwell_Start,Button: subTimeDwell,Dwell_Started
17:29:52.779,EyeTracking,SettingUI,Dwell_Start,Button: subTimeDwell,Dwell_Started
17:29:52.790,EyeTracking,SettingUI,Dwell_Start,Button: subTimeDwell,Dwell_Started
17:29:52.800,EyeTracking,SettingUI,Dwell_Start,Button: subTimeDwell,Dwell_Started
17:29:52.813,EyeTracking,SettingUI,Dwell_Start,Button: subTimeDwell,Dwell_Started
17:29:52.823,EyeTracking,SettingUI,Dwell_Start,Button: subTimeDwell,Dwell_Started
17:29:52.833,EyeTracking,SettingUI,Dwell_Start,Button: subTimeDwell,Dwell_Started
17:29:52.845,EyeTracking,SettingUI,Dwell_Start,Button: subTimeDwell,Dwell_Started
17:29:52.857,EyeTracking,SettingUI,Dwell_Start,Button: subTimeDwell,Dwell_Started
17:29:52.867,EyeTracking,SettingUI,Dwell_Start,Button: subTimeDwell,Dwell_Started
17:29:52.897,EyeTracking,SettingUI,Dwell_Start,Button: subTimeDwell,Dwell_Started
17:29:52.906,EyeTracking,SettingUI,Dwell_Start,Button: subTimeDwell,Dwell_Started
17:29:52.917,EyeTracking,SettingUI,Dwell_Start,Button: subTimeDwell,Dwell_Started
17:29:52.926,EyeTracking,SettingUI,Dwell_Start,Button: subTimeDwell,Dwell_Started
17:29:52.938,EyeTracking,SettingUI,Dwell_Start,Button: subTimeDwell,Dwell_Started
17:29:52.950,EyeTracking,SettingUI,Dwell_Start,Button: subTimeDwell,Dwell_Started
17:29:52.959,EyeTracking,SettingUI,Dwell_Start,Button: subTimeDwell,Dwell_Started
17:29:52.971,EyeTracking,SettingUI,Dwell_Start,Button: subTimeDwell,Dwell_Started
17:29:52.982,EyeTracking,SettingUI,Dwell_Start,Button: subTimeDwell,Dwell_Started
17:29:52.993,EyeTracking,SettingUI,Dwell_Start,Button: subTimeDwell,Dwell_Started
17:29:53.004,EyeTracking,SettingUI,Dwell_Start,Button: subTimeDwell,Dwell_Started
17:29:53.015,EyeTracking,SettingUI,Dwell_Start,Button: subTimeDwell,Dwell_Started
17:29:53.025,EyeTracking,SettingUI,Dwell_Start,Button: subTimeDwell,Dwell_Started
17:29:53.038,EyeTracking,SettingUI,Dwell_Start,Button: subTimeDwell,Dwell_Started
17:29:53.049,EyeTracking,SettingUI,Dwell_Start,Button: subTimeDwell,Dwell_Started
17:29:53.059,EyeTracking,SettingUI,Dwell_Start,Button: subTimeDwell,Dwell_Started
17:29:53.070,EyeTracking,SettingUI,Dwell_Start,Button: subTimeDwell,Dwell_Started
17:29:53.082,EyeTracking,SettingUI,Dwell_Start,Button: subTimeDwell,Dwell_Started
17:29:53.093,EyeTracking,SettingUI,Dwell_Start,Button: subTimeDwell,Dwell_Started
17:29:53.104,EyeTracking,SettingUI,Dwell_Start,Button: subTimeDwell,Dwell_Started
17:29:53.114,EyeTracking,SettingUI,Dwell_Start,Button: subTimeDwell,Dwell_Started
17:29:53.126,EyeTracking,SettingUI,Dwell_Start,Button: subTimeDwell,Dwell_Started
17:29:53.138,EyeTracking,SettingUI,Dwell_Start,Button: subTimeDwell,Dwell_Started
17:29:53.149,EyeTracking,SettingUI,Dwell_Start,Button: subTimeDwell,Dwell_Started
17:29:53.160,EyeTracking,SettingUI,Dwell_Start,Button: subTimeDwell,Dwell_Started
17:29:53.171,EyeTracking,SettingUI,Dwell_Start,Button: subTimeDwell,Dwell_Started
17:29:53.182,EyeTracking,SettingUI,Dwell_Start,Button: subTimeDwell,Dwell_Started
17:29:53.192,EyeTracking,SettingUI,Dwell_Start,Button: subTimeDwell,Dwell_Started
17:29:53.204,EyeTracking,SettingUI,Dwell_Start,Button: subTimeDwell,Dwell_Started
17:29:53.214,EyeTracking,SettingUI,Dwell_Start,Button: subTimeDwell,Dwell_Started
17:29:53.225,EyeTracking,SettingUI,Dwell_Start,Button: subTimeDwell,Dwell_Started
17:29:53.237,EyeTracking,SettingUI,Dwell_Start,Button: subTimeDwell,Dwell_Started
17:29:53.248,EyeTracking,SettingUI,Dwell_Start,Button: subTimeDwell,Dwell_Started
17:29:53.258,EyeTracking,SettingUI,Dwell_Start,Button: subTimeDwell,Dwell_Started
17:29:53.271,EyeTracking,SettingUI,Dwell_Start,Button: subTimeDwell,Dwell_Started
17:29:53.283,EyeTracking,SettingUI,Dwell_Start,Button: subTimeDwell,Dwell_Started
17:29:53.293,EyeTracking,SettingUI,Dwell_Start,Button: subTimeDwell,Dwell_Started
17:29:53.303,EyeTracking,SettingUI,Dwell_Start,Button: subTimeDwell,Dwell_Started
17:29:53.315,EyeTracking,SettingUI,Dwell_Start,Button: subTimeDwell,Dwell_Started
17:29:53.327,EyeTracking,SettingUI,Dwell_Start,Button: subTimeDwell,Dwell_Started
17:29:53.337,EyeTracking,SettingUI,Dwell_Start,Button: subTimeDwell,Dwell_Started
17:29:53.348,EyeTracking,SettingUI,Dwell_Start,Button: subTimeDwell,Dwell_Started
17:29:53.359,EyeTracking,SettingUI,Dwell_Start,Button: subTimeDwell,Dwell_Started
17:29:53.371,EyeTracking,SettingUI,Dwell_Start,Button: subTimeDwell,Dwell_Started
17:29:53.381,EyeTracking,SettingUI,Dwell_Start,Button: subTimeDwell,Dwell_Started
17:29:53.397,EyeTracking,SettingUI,Dwell_Start,Button: subTimeDwell,Dwell_Started
17:29:53.405,EyeTracking,SettingUI,Dwell_Start,Button: subTimeDwell,Dwell_Started
17:29:53.416,EyeTracking,SettingUI,Dwell_Start,Button: subTimeDwell,Dwell_Started
17:29:53.428,EyeTracking,SettingUI,Dwell_Start,Button: subTimeDwell,Dwell_Started
17:29:53.439,EyeTracking,SettingUI,Dwell_Start,Button: subTimeDwell,Dwell_Started
17:29:53.451,EyeTracking,SettingUI,Dwell_Start,Button: subTimeDwell,Dwell_Started
17:29:53.462,EyeTracking,SettingUI,Dwell_Start,Button: subTimeDwell,Dwell_Started
17:29:53.475,EyeTracking,SettingUI,Dwell_Start,Button: subTimeDwell,Dwell_Started
17:29:53.485,EyeTracking,SettingUI,Dwell_Start,Button: subTimeDwell,Dwell_Started
17:29:53.496,EyeTracking,SettingUI,Dwell_Start,Button: subTimeDwell,Dwell_Started
17:29:53.508,EyeTracking,SettingUI,Dwell_Start,Button: subTimeDwell,Dwell_Started
17:29:53.521,EyeTracking,SettingUI,Dwell_Start,Button: subTimeDwell,Dwell_Started
17:29:53.531,EyeTracking,SettingUI,Dwell_Start,Button: subTimeDwell,Dwell_Started
17:29:53.542,EyeTracking,SettingUI,Dwell_Start,Button: subTimeDwell,Dwell_Started
17:29:53.554,EyeTracking,SettingUI,Dwell_Start,Button: subTimeDwell,Dwell_Started
17:29:53.564,EyeTracking,SettingUI,Dwell_Start,Button: subTimeDwell,Dwell_Started
17:29:53.575,EyeTracking,SettingUI,Dwell_Start,Button: subTimeDwell,Dwell_Started
17:29:53.586,EyeTracking,SettingUI,Dwell_Start,Button: subTimeDwell,Dwell_Started
17:29:53.597,EyeTracking,SettingUI,Dwell_Start,Button: subTimeDwell,Dwell_Started
17:29:53.609,EyeTracking,SettingUI,Dwell_Start,Button: subTimeDwell,Dwell_Started
17:29:53.621,EyeTracking,SettingUI,Dwell_Start,Button: subTimeDwell,Dwell_Started
17:29:53.631,EyeTracking,SettingUI,Dwell_Start,Button: subTimeDwell,Dwell_Started
17:29:53.641,EyeTracking,SettingUI,Dwell_Start,Button: subTimeDwell,Dwell_Started
17:29:53.653,EyeTracking,SettingUI,Dwell_Start,Button: subTimeDwell,Dwell_Started
17:29:53.665,EyeTracking,SettingUI,Dwell_Start,Button: subTimeDwell,Dwell_Started
17:29:53.675,EyeTracking,SettingUI,Dwell_Start,Button: subTimeDwell,Dwell_Started
17:29:53.688,EyeTracking,SettingUI,Dwell_Start,Button: subTimeDwell,Dwell_Started
17:29:53.698,EyeTracking,SettingUI,Dwell_Start,Button: subTimeDwell,Dwell_Started
17:29:53.710,EyeTracking,SettingUI,Dwell_Start,Button: subTimeDwell,Dwell_Started
17:29:53.719,EyeTracking,SettingUI,Dwell_Start,Button: subTimeDwell,Dwell_Started
17:29:53.732,EyeTracking,SettingUI,Dwell_Start,Button: subTimeDwell,Dwell_Started
17:29:53.741,EyeTracking,SettingUI,Dwell_Start,Button: subTimeDwell,Dwell_Started
17:29:53.753,EyeTracking,SettingUI,Dwell_Start,Button: subTimeDwell,Dwell_Started
17:29:53.764,EyeTracking,SettingUI,Dwell_Start,Button: subTimeDwell,Dwell_Started
17:29:53.775,EyeTracking,SettingUI,Dwell_Start,Button: subTimeDwell,Dwell_Started
17:29:53.787,EyeTracking,SettingUI,Dwell_Start,Button: subTimeDwell,Dwell_Started
17:29:53.797,EyeTracking,SettingUI,Dwell_Start,Button: subTimeDwell,Dwell_Started
17:29:53.809,EyeTracking,SettingUI,Dwell_Start,Button: subTimeDwell,Dwell_Started
17:29:53.819,EyeTracking,SettingUI,Dwell_Start,Button: subTimeDwell,Dwell_Started
17:29:53.830,EyeTracking,SettingUI,Dwell_Start,Button: subTimeDwell,Dwell_Started
17:29:53.843,EyeTracking,SettingUI,Dwell_Start,Button: subTimeDwell,Dwell_Started
17:29:53.852,EyeTracking,SettingUI,Dwell_Start,Button: subTimeDwell,Dwell_Started
17:29:53.865,EyeTracking,SettingUI,Dwell_Start,Button: subTimeDwell,Dwell_Started
17:29:53.875,EyeTracking,SettingUI,Dwell_Start,Button: subTimeDwell,Dwell_Started
17:29:53.887,EyeTracking,SettingUI,Dwell_Start,Button: subTimeDwell,Dwell_Started
17:29:53.898,EyeTracking,SettingUI,Dwell_Start,Button: subTimeDwell,Dwell_Started
17:29:53.909,EyeTracking,SettingUI,Dwell_Start,Button: subTimeDwell,Dwell_Started
17:29:53.920,EyeTracking,SettingUI,Dwell_Start,Button: subTimeDwell,Dwell_Started
17:29:53.931,EyeTracking,SettingUI,Dwell_Start,Button: subTimeDwell,Dwell_Started
17:29:53.942,EyeTracking,SettingUI,Dwell_Start,Button: subTimeDwell,Dwell_Started
17:29:53.954,EyeTracking,SettingUI,Dwell_Start,Button: subTimeDwell,Dwell_Started
17:29:53.964,EyeTracking,SettingUI,Dwell_Start,Button: subTimeDwell,Dwell_Started
17:29:53.975,EyeTracking,SettingUI,Dwell_Start,Button: subTimeDwell,Dwell_Started
17:29:53.987,EyeTracking,SettingUI,Dwell_Start,Button: subTimeDwell,Dwell_Started
17:29:53.997,EyeTracking,SettingUI,Dwell_Start,Button: subTimeDwell,Dwell_Started
17:29:54.008,EyeTracking,SettingUI,Dwell_Start,Button: subTimeDwell,Dwell_Started
17:29:54.020,EyeTracking,SettingUI,Dwell_Start,Button: subTimeDwell,Dwell_Started
17:29:54.031,EyeTracking,SettingUI,Dwell_Start,Button: subTimeDwell,Dwell_Started
17:29:54.041,EyeTracking,SettingUI,Dwell_Start,Button: subTimeDwell,Dwell_Started
17:29:54.052,EyeTracking,SettingUI,Dwell_Start,Button: subTimeDwell,Dwell_Started
17:29:54.064,EyeTracking,SettingUI,Dwell_Start,Button: subTimeDwell,Dwell_Started
17:29:54.064,EyeTracking,SettingUI,Dwell_Complete,Button: subTimeDwell,Dwelling_Completed
17:29:54.064,EyeTracking,SettingUI,Flicker_Start,subTimeDwell,Flicker_Start
17:29:56.075,EyeTracking,SettingUI,Flicker_End,Button: subTimeDwell,Flicker_End
17:29:56.075,EyeTracking,SettingUI,Action_Executed,Button: subTimeDwell; Action: ButtonAction,Execution_Proceeding
17:29:56.087,EyeTracking,SettingUI,Dwell_Start,Button: subTimeDwell,Dwell_Started
17:29:56.098,EyeTracking,SettingUI,Dwell_Start,Button: subTimeDwell,Dwell_Started
17:29:56.107,EyeTracking,SettingUI,Dwell_Start,Button: subTimeDwell,Dwell_Started
17:29:56.118,EyeTracking,SettingUI,Dwell_Start,Button: subTimeDwell,Dwell_Started
17:29:56.130,EyeTracking,SettingUI,Dwell_Start,Button: subTimeDwell,Dwell_Started
17:29:56.141,EyeTracking,SettingUI,Dwell_Start,Button: subTimeDwell,Dwell_Started
17:29:56.152,EyeTracking,SettingUI,Dwell_Start,Button: subTimeDwell,Dwell_Started
17:29:56.163,EyeTracking,SettingUI,Dwell_Start,Button: subTimeDwell,Dwell_Started
17:29:56.175,EyeTracking,SettingUI,Dwell_Start,Button: subTimeDwell,Dwell_Started
17:29:56.185,EyeTracking,SettingUI,Dwell_Start,Button: subTimeDwell,Dwell_Started
17:29:56.196,EyeTracking,SettingUI,Dwell_Start,Button: subTimeDwell,Dwell_Started
17:29:56.208,EyeTracking,SettingUI,Dwell_Start,Button: subTimeDwell,Dwell_Started
17:29:56.218,EyeTracking,SettingUI,Dwell_Start,Button: subTimeDwell,Dwell_Started
17:29:56.230,EyeTracking,SettingUI,Dwell_Start,Button: subTimeDwell,Dwell_Started
17:29:56.239,EyeTracking,SettingUI,Dwell_Start,Button: subTimeDwell,Dwell_Started
17:29:56.252,EyeTracking,SettingUI,Dwell_Start,Button: subTimeDwell,Dwell_Started
17:29:56.263,EyeTracking,SettingUI,Dwell_Start,Button: subTimeDwell,Dwell_Started
17:29:56.274,EyeTracking,SettingUI,Dwell_Start,Button: subTimeDwell,Dwell_Started
17:29:56.285,EyeTracking,SettingUI,Dwell_Start,Button: subTimeDwell,Dwell_Started
17:29:56.297,EyeTracking,SettingUI,Dwell_Start,Button: subTimeDwell,Dwell_Started
17:29:56.307,EyeTracking,SettingUI,Dwell_Start,Button: subTimeDwell,Dwell_Started
17:29:56.318,EyeTracking,SettingUI,Dwell_Start,Button: subTimeDwell,Dwell_Started
17:29:56.332,EyeTracking,SettingUI,Dwell_Start,Button: subTimeDwell,Dwell_Started
17:29:56.341,EyeTracking,SettingUI,Dwell_Start,Button: subTimeDwell,Dwell_Started
17:29:56.352,EyeTracking,SettingUI,Dwell_Start,Button: subTimeDwell,Dwell_Started
17:29:56.364,EyeTracking,SettingUI,Dwell_Start,Button: subTimeDwell,Dwell_Started
17:29:56.375,EyeTracking,SettingUI,Dwell_Start,Button: subTimeDwell,Dwell_Started
17:29:56.384,EyeTracking,SettingUI,Hover_Exit,Button: subTimeDwell,Hover_Exit
17:29:56.773,EyeTracking,SettingUI,Hover_Enter,Button: subTimeDwell,Hovering
17:29:56.773,EyeTracking,SettingUI,Dwell_Start,Button: subTimeDwell,Dwell_Started
17:29:56.785,EyeTracking,SettingUI,Dwell_Start,Button: subTimeDwell,Dwell_Started
17:29:56.796,EyeTracking,SettingUI,Dwell_Start,Button: subTimeDwell,Dwell_Started
17:29:56.807,EyeTracking,SettingUI,Dwell_Start,Button: subTimeDwell,Dwell_Started
17:29:56.817,EyeTracking,SettingUI,Dwell_Start,Button: subTimeDwell,Dwell_Started
17:29:56.829,EyeTracking,SettingUI,Dwell_Start,Button: subTimeDwell,Dwell_Started
17:29:56.840,EyeTracking,SettingUI,Dwell_Start,Button: subTimeDwell,Dwell_Started
17:29:56.852,EyeTracking,SettingUI,Dwell_Start,Button: subTimeDwell,Dwell_Started
17:29:56.862,EyeTracking,SettingUI,Dwell_Start,Button: subTimeDwell,Dwell_Started
17:29:56.873,EyeTracking,SettingUI,Dwell_Start,Button: subTimeDwell,Dwell_Started
17:29:56.885,EyeTracking,SettingUI,Dwell_Start,Button: subTimeDwell,Dwell_Started
17:29:56.896,EyeTracking,SettingUI,Dwell_Start,Button: subTimeDwell,Dwell_Started
17:29:56.907,EyeTracking,SettingUI,Dwell_Start,Button: subTimeDwell,Dwell_Started
17:29:56.918,EyeTracking,SettingUI,Dwell_Start,Button: subTimeDwell,Dwell_Started
17:29:56.930,EyeTracking,SettingUI,Dwell_Start,Button: subTimeDwell,Dwell_Started
17:29:56.941,EyeTracking,SettingUI,Dwell_Start,Button: subTimeDwell,Dwell_Started
17:29:56.951,EyeTracking,SettingUI,Dwell_Start,Button: subTimeDwell,Dwell_Started
17:29:56.962,EyeTracking,SettingUI,Dwell_Start,Button: subTimeDwell,Dwell_Started
17:29:56.974,EyeTracking,SettingUI,Dwell_Start,Button: subTimeDwell,Dwell_Started
17:29:56.985,EyeTracking,SettingUI,Dwell_Start,Button: subTimeDwell,Dwell_Started
17:29:56.996,EyeTracking,SettingUI,Dwell_Start,Button: subTimeDwell,Dwell_Started
17:29:57.007,EyeTracking,SettingUI,Dwell_Start,Button: subTimeDwell,Dwell_Started
17:29:57.017,EyeTracking,SettingUI,Dwell_Start,Button: subTimeDwell,Dwell_Started
17:29:57.030,EyeTracking,SettingUI,Dwell_Start,Button: subTimeDwell,Dwell_Started
17:29:57.040,EyeTracking,SettingUI,Dwell_Start,Button: subTimeDwell,Dwell_Started
17:29:57.052,EyeTracking,SettingUI,Dwell_Start,Button: subTimeDwell,Dwell_Started
17:29:57.063,EyeTracking,SettingUI,Dwell_Start,Button: subTimeDwell,Dwell_Started
17:29:57.073,EyeTracking,SettingUI,Dwell_Start,Button: subTimeDwell,Dwell_Started
17:29:57.085,EyeTracking,SettingUI,Dwell_Start,Button: subTimeDwell,Dwell_Started
17:29:57.095,EyeTracking,SettingUI,Dwell_Start,Button: subTimeDwell,Dwell_Started
17:29:57.108,EyeTracking,SettingUI,Dwell_Start,Button: subTimeDwell,Dwell_Started
17:29:57.118,EyeTracking,SettingUI,Dwell_Start,Button: subTimeDwell,Dwell_Started
17:29:57.131,EyeTracking,SettingUI,Dwell_Start,Button: subTimeDwell,Dwell_Started
17:29:57.140,EyeTracking,SettingUI,Dwell_Start,Button: subTimeDwell,Dwell_Started
17:29:57.152,EyeTracking,SettingUI,Dwell_Start,Button: subTimeDwell,Dwell_Started
17:29:57.162,EyeTracking,SettingUI,Dwell_Start,Button: subTimeDwell,Dwell_Started
17:29:57.173,EyeTracking,SettingUI,Dwell_Start,Button: subTimeDwell,Dwell_Started
17:29:57.184,EyeTracking,SettingUI,Dwell_Start,Button: subTimeDwell,Dwell_Started
17:29:57.196,EyeTracking,SettingUI,Dwell_Start,Button: subTimeDwell,Dwell_Started
17:29:57.207,EyeTracking,SettingUI,Dwell_Start,Button: subTimeDwell,Dwell_Started
17:29:57.218,EyeTracking,SettingUI,Dwell_Start,Button: subTimeDwell,Dwell_Started
17:29:57.229,EyeTracking,SettingUI,Dwell_Start,Button: subTimeDwell,Dwell_Started
17:29:57.239,EyeTracking,SettingUI,Dwell_Start,Button: subTimeDwell,Dwell_Started
17:29:57.251,EyeTracking,SettingUI,Dwell_Start,Button: subTimeDwell,Dwell_Started
17:29:57.263,EyeTracking,SettingUI,Dwell_Start,Button: subTimeDwell,Dwell_Started
17:29:57.275,EyeTracking,SettingUI,Dwell_Start,Button: subTimeDwell,Dwell_Started
17:29:57.285,EyeTracking,SettingUI,Dwell_Start,Button: subTimeDwell,Dwell_Started
17:29:57.295,EyeTracking,SettingUI,Dwell_Start,Button: subTimeDwell,Dwell_Started
17:29:57.306,EyeTracking,SettingUI,Dwell_Start,Button: subTimeDwell,Dwell_Started
17:29:57.318,EyeTracking,SettingUI,Dwell_Start,Button: subTimeDwell,Dwell_Started
17:29:57.329,EyeTracking,SettingUI,Dwell_Start,Button: subTimeDwell,Dwell_Started
17:29:57.339,EyeTracking,SettingUI,Dwell_Start,Button: subTimeDwell,Dwell_Started
17:29:57.351,EyeTracking,SettingUI,Dwell_Start,Button: subTimeDwell,Dwell_Started
17:29:57.364,EyeTracking,SettingUI,Dwell_Start,Button: subTimeDwell,Dwell_Started
17:29:57.373,EyeTracking,SettingUI,Dwell_Start,Button: subTimeDwell,Dwell_Started
17:29:57.385,EyeTracking,SettingUI,Dwell_Start,Button: subTimeDwell,Dwell_Started
17:29:57.395,EyeTracking,SettingUI,Dwell_Start,Button: subTimeDwell,Dwell_Started
17:29:57.407,EyeTracking,SettingUI,Dwell_Start,Button: subTimeDwell,Dwell_Started
17:29:57.417,EyeTracking,SettingUI,Dwell_Start,Button: subTimeDwell,Dwell_Started
17:29:57.429,EyeTracking,SettingUI,Dwell_Start,Button: subTimeDwell,Dwell_Started
17:29:57.440,EyeTracking,SettingUI,Dwell_Start,Button: subTimeDwell,Dwell_Started
17:29:57.451,EyeTracking,SettingUI,Dwell_Start,Button: subTimeDwell,Dwell_Started
17:29:57.461,EyeTracking,SettingUI,Dwell_Start,Button: subTimeDwell,Dwell_Started
17:29:57.474,EyeTracking,SettingUI,Dwell_Start,Button: subTimeDwell,Dwell_Started
17:29:57.485,EyeTracking,SettingUI,Dwell_Start,Button: subTimeDwell,Dwell_Started
17:29:57.496,EyeTracking,SettingUI,Dwell_Start,Button: subTimeDwell,Dwell_Started
17:29:57.506,EyeTracking,SettingUI,Dwell_Start,Button: subTimeDwell,Dwell_Started
17:29:57.517,EyeTracking,SettingUI,Dwell_Start,Button: subTimeDwell,Dwell_Started
17:29:57.529,EyeTracking,SettingUI,Dwell_Start,Button: subTimeDwell,Dwell_Started
17:29:57.540,EyeTracking,SettingUI,Dwell_Start,Button: subTimeDwell,Dwell_Started
17:29:57.550,EyeTracking,SettingUI,Dwell_Start,Button: subTimeDwell,Dwell_Started
17:29:57.562,EyeTracking,SettingUI,Dwell_Start,Button: subTimeDwell,Dwell_Started
17:29:57.573,EyeTracking,SettingUI,Dwell_Start,Button: subTimeDwell,Dwell_Started
17:29:57.584,EyeTracking,SettingUI,Dwell_Start,Button: subTimeDwell,Dwell_Started
17:29:57.595,EyeTracking,SettingUI,Dwell_Start,Button: subTimeDwell,Dwell_Started
17:29:57.607,EyeTracking,SettingUI,Dwell_Start,Button: subTimeDwell,Dwell_Started
17:29:57.617,EyeTracking,SettingUI,Dwell_Start,Button: subTimeDwell,Dwell_Started
17:29:57.629,EyeTracking,SettingUI,Dwell_Start,Button: subTimeDwell,Dwell_Started
17:29:57.640,EyeTracking,SettingUI,Dwell_Start,Button: subTimeDwell,Dwell_Started
17:29:57.651,EyeTracking,SettingUI,Dwell_Start,Button: subTimeDwell,Dwell_Started
17:29:57.661,EyeTracking,SettingUI,Dwell_Start,Button: subTimeDwell,Dwell_Started
17:29:57.674,EyeTracking,SettingUI,Dwell_Start,Button: subTimeDwell,Dwell_Started
17:29:57.684,EyeTracking,SettingUI,Dwell_Start,Button: subTimeDwell,Dwell_Started
17:29:57.697,EyeTracking,SettingUI,Dwell_Start,Button: subTimeDwell,Dwell_Started
17:29:57.707,EyeTracking,SettingUI,Dwell_Start,Button: subTimeDwell,Dwell_Started
17:29:57.717,EyeTracking,SettingUI,Dwell_Start,Button: subTimeDwell,Dwell_Started
17:29:57.729,EyeTracking,SettingUI,Dwell_Start,Button: subTimeDwell,Dwell_Started
17:29:57.740,EyeTracking,SettingUI,Dwell_Start,Button: subTimeDwell,Dwell_Started
17:29:57.751,EyeTracking,SettingUI,Dwell_Start,Button: subTimeDwell,Dwell_Started
17:29:57.762,EyeTracking,SettingUI,Dwell_Start,Button: subTimeDwell,Dwell_Started
17:29:57.773,EyeTracking,SettingUI,Dwell_Start,Button: subTimeDwell,Dwell_Started
17:29:57.784,EyeTracking,SettingUI,Dwell_Start,Button: subTimeDwell,Dwell_Started
17:29:57.795,EyeTracking,SettingUI,Dwell_Start,Button: subTimeDwell,Dwell_Started
17:29:57.806,EyeTracking,SettingUI,Dwell_Start,Button: subTimeDwell,Dwell_Started
17:29:57.817,EyeTracking,SettingUI,Dwell_Start,Button: subTimeDwell,Dwell_Started
17:29:57.829,EyeTracking,SettingUI,Dwell_Start,Button: subTimeDwell,Dwell_Started
17:29:57.839,EyeTracking,SettingUI,Dwell_Start,Button: subTimeDwell,Dwell_Started
17:29:57.851,EyeTracking,SettingUI,Dwell_Start,Button: subTimeDwell,Dwell_Started
17:29:57.862,EyeTracking,SettingUI,Dwell_Start,Button: subTimeDwell,Dwell_Started
17:29:57.873,EyeTracking,SettingUI,Dwell_Start,Button: subTimeDwell,Dwell_Started
17:29:57.885,EyeTracking,SettingUI,Dwell_Start,Button: subTimeDwell,Dwell_Started
17:29:57.896,EyeTracking,SettingUI,Dwell_Start,Button: subTimeDwell,Dwell_Started
17:29:57.906,EyeTracking,SettingUI,Dwell_Start,Button: subTimeDwell,Dwell_Started
17:29:57.917,EyeTracking,SettingUI,Dwell_Start,Button: subTimeDwell,Dwell_Started
17:29:57.929,EyeTracking,SettingUI,Dwell_Start,Button: subTimeDwell,Dwell_Started
17:29:57.939,EyeTracking,SettingUI,Dwell_Start,Button: subTimeDwell,Dwell_Started
17:29:57.950,EyeTracking,SettingUI,Dwell_Start,Button: subTimeDwell,Dwell_Started
17:29:57.962,EyeTracking,SettingUI,Dwell_Start,Button: subTimeDwell,Dwell_Started
17:29:57.973,EyeTracking,SettingUI,Dwell_Start,Button: subTimeDwell,Dwell_Started
17:29:57.985,EyeTracking,SettingUI,Dwell_Start,Button: subTimeDwell,Dwell_Started
17:29:57.995,EyeTracking,SettingUI,Dwell_Start,Button: subTimeDwell,Dwell_Started
17:29:58.007,EyeTracking,SettingUI,Dwell_Start,Button: subTimeDwell,Dwell_Started
17:29:58.017,EyeTracking,SettingUI,Dwell_Start,Button: subTimeDwell,Dwell_Started
17:29:58.029,EyeTracking,SettingUI,Dwell_Start,Button: subTimeDwell,Dwell_Started
17:29:58.039,EyeTracking,SettingUI,Dwell_Start,Button: subTimeDwell,Dwell_Started
17:29:58.051,EyeTracking,SettingUI,Dwell_Start,Button: subTimeDwell,Dwell_Started
17:29:58.062,EyeTracking,SettingUI,Dwell_Start,Button: subTimeDwell,Dwell_Started
17:29:58.073,EyeTracking,SettingUI,Dwell_Start,Button: subTimeDwell,Dwell_Started
17:29:58.084,EyeTracking,SettingUI,Dwell_Start,Button: subTimeDwell,Dwell_Started
17:29:58.096,EyeTracking,SettingUI,Dwell_Start,Button: subTimeDwell,Dwell_Started
17:29:58.106,EyeTracking,SettingUI,Dwell_Start,Button: subTimeDwell,Dwell_Started
17:29:58.117,EyeTracking,SettingUI,Dwell_Start,Button: subTimeDwell,Dwell_Started
17:29:58.129,EyeTracking,SettingUI,Dwell_Start,Button: subTimeDwell,Dwell_Started
17:29:58.140,EyeTracking,SettingUI,Dwell_Start,Button: subTimeDwell,Dwell_Started
17:29:58.152,EyeTracking,SettingUI,Dwell_Start,Button: subTimeDwell,Dwell_Started
17:29:58.163,EyeTracking,SettingUI,Dwell_Start,Button: subTimeDwell,Dwell_Started
17:29:58.172,EyeTracking,SettingUI,Dwell_Start,Button: subTimeDwell,Dwell_Started
17:29:58.184,EyeTracking,SettingUI,Dwell_Start,Button: subTimeDwell,Dwell_Started
17:29:58.195,EyeTracking,SettingUI,Dwell_Start,Button: subTimeDwell,Dwell_Started
17:29:58.206,EyeTracking,SettingUI,Dwell_Start,Button: subTimeDwell,Dwell_Started
17:29:58.218,EyeTracking,SettingUI,Dwell_Start,Button: subTimeDwell,Dwell_Started
17:29:58.230,EyeTracking,SettingUI,Dwell_Start,Button: subTimeDwell,Dwell_Started
17:29:58.240,EyeTracking,SettingUI,Dwell_Start,Button: subTimeDwell,Dwell_Started
17:29:58.250,EyeTracking,SettingUI,Dwell_Start,Button: subTimeDwell,Dwell_Started
17:29:58.262,EyeTracking,SettingUI,Dwell_Start,Button: subTimeDwell,Dwell_Started
17:29:58.274,EyeTracking,SettingUI,Dwell_Start,Button: subTimeDwell,Dwell_Started
17:29:58.274,EyeTracking,SettingUI,Dwell_Complete,Button: subTimeDwell,Dwelling_Completed
17:29:58.274,EyeTracking,SettingUI,Flicker_Start,subTimeDwell,Flicker_Start
17:29:59.362,EyeTracking,SettingUI,Hover_Exit,Button: subTimeDwell,Hover_Exit
17:29:59.871,EyeTracking,SettingUI,Hover_Enter,Button: subTimeDwell,Hovering
17:29:59.871,EyeTracking,SettingUI,Dwell_Start,Button: subTimeDwell,Dwell_Started
17:29:59.882,EyeTracking,SettingUI,Dwell_Start,Button: subTimeDwell,Dwell_Started
17:29:59.894,EyeTracking,SettingUI,Dwell_Start,Button: subTimeDwell,Dwell_Started
17:29:59.905,EyeTracking,SettingUI,Dwell_Start,Button: subTimeDwell,Dwell_Started
17:29:59.915,EyeTracking,SettingUI,Dwell_Start,Button: subTimeDwell,Dwell_Started
17:29:59.927,EyeTracking,SettingUI,Dwell_Start,Button: subTimeDwell,Dwell_Started
17:29:59.938,EyeTracking,SettingUI,Dwell_Start,Button: subTimeDwell,Dwell_Started
17:29:59.949,EyeTracking,SettingUI,Dwell_Start,Button: subTimeDwell,Dwell_Started
17:29:59.960,EyeTracking,SettingUI,Dwell_Start,Button: subTimeDwell,Dwell_Started
17:29:59.971,EyeTracking,SettingUI,Dwell_Start,Button: subTimeDwell,Dwell_Started
17:29:59.983,EyeTracking,SettingUI,Dwell_Start,Button: subTimeDwell,Dwell_Started
17:29:59.994,EyeTracking,SettingUI,Dwell_Start,Button: subTimeDwell,Dwell_Started
17:30:00.006,EyeTracking,SettingUI,Dwell_Start,Button: subTimeDwell,Dwell_Started
17:30:00.017,EyeTracking,SettingUI,Dwell_Start,Button: subTimeDwell,Dwell_Started
17:30:00.029,EyeTracking,SettingUI,Dwell_Start,Button: subTimeDwell,Dwell_Started
17:30:00.039,EyeTracking,SettingUI,Dwell_Start,Button: subTimeDwell,Dwell_Started
17:30:00.050,EyeTracking,SettingUI,Dwell_Start,Button: subTimeDwell,Dwell_Started
17:30:00.060,EyeTracking,SettingUI,Dwell_Start,Button: subTimeDwell,Dwell_Started
17:30:00.072,EyeTracking,SettingUI,Dwell_Start,Button: subTimeDwell,Dwell_Started
17:30:00.083,EyeTracking,SettingUI,Dwell_Start,Button: subTimeDwell,Dwell_Started
17:30:00.094,EyeTracking,SettingUI,Dwell_Start,Button: subTimeDwell,Dwell_Started
17:30:00.106,EyeTracking,SettingUI,Dwell_Start,Button: subTimeDwell,Dwell_Started
17:30:00.116,EyeTracking,SettingUI,Dwell_Start,Button: subTimeDwell,Dwell_Started
17:30:00.127,EyeTracking,SettingUI,Dwell_Start,Button: subTimeDwell,Dwell_Started
17:30:00.139,EyeTracking,SettingUI,Dwell_Start,Button: subTimeDwell,Dwell_Started
17:30:00.151,EyeTracking,SettingUI,Dwell_Start,Button: subTimeDwell,Dwell_Started
17:30:00.162,EyeTracking,SettingUI,Dwell_Start,Button: subTimeDwell,Dwell_Started
17:30:00.173,EyeTracking,SettingUI,Dwell_Start,Button: subTimeDwell,Dwell_Started
17:30:00.183,EyeTracking,SettingUI,Dwell_Start,Button: subTimeDwell,Dwell_Started
17:30:00.194,EyeTracking,SettingUI,Dwell_Start,Button: subTimeDwell,Dwell_Started
17:30:00.206,EyeTracking,SettingUI,Dwell_Start,Button: subTimeDwell,Dwell_Started
17:30:00.217,EyeTracking,SettingUI,Dwell_Start,Button: subTimeDwell,Dwell_Started
17:30:00.227,EyeTracking,SettingUI,Dwell_Start,Button: subTimeDwell,Dwell_Started
17:30:00.239,EyeTracking,SettingUI,Dwell_Start,Button: subTimeDwell,Dwell_Started
17:30:00.251,EyeTracking,SettingUI,Dwell_Start,Button: subTimeDwell,Dwell_Started
17:30:00.260,EyeTracking,SettingUI,Dwell_Start,Button: subTimeDwell,Dwell_Started
17:30:00.272,EyeTracking,SettingUI,Dwell_Start,Button: subTimeDwell,Dwell_Started
17:30:00.283,EyeTracking,SettingUI,Dwell_Start,Button: subTimeDwell,Dwell_Started
17:30:00.283,EyeTracking,SettingUI,Flicker_End,Button: subTimeDwell,Flicker_End
17:30:00.283,EyeTracking,SettingUI,Action_Executed,Button: subTimeDwell; Action: ButtonAction,Execution_Proceeding
17:30:00.295,EyeTracking,SettingUI,Dwell_Start,Button: subTimeDwell,Dwell_Started
17:30:00.305,EyeTracking,SettingUI,Dwell_Start,Button: subTimeDwell,Dwell_Started
17:30:00.316,EyeTracking,SettingUI,Dwell_Start,Button: subTimeDwell,Dwell_Started
17:30:00.327,EyeTracking,SettingUI,Dwell_Start,Button: subTimeDwell,Dwell_Started
17:30:00.339,EyeTracking,SettingUI,Dwell_Start,Button: subTimeDwell,Dwell_Started
17:30:00.349,EyeTracking,SettingUI,Dwell_Start,Button: subTimeDwell,Dwell_Started
17:30:00.360,EyeTracking,SettingUI,Dwell_Start,Button: subTimeDwell,Dwell_Started
17:30:00.372,EyeTracking,SettingUI,Dwell_Start,Button: subTimeDwell,Dwell_Started
17:30:00.383,EyeTracking,SettingUI,Dwell_Start,Button: subTimeDwell,Dwell_Started
17:30:00.394,EyeTracking,SettingUI,Dwell_Start,Button: subTimeDwell,Dwell_Started
17:30:00.406,EyeTracking,SettingUI,Dwell_Start,Button: subTimeDwell,Dwell_Started
17:30:00.417,EyeTracking,SettingUI,Dwell_Start,Button: subTimeDwell,Dwell_Started
17:30:00.427,EyeTracking,SettingUI,Dwell_Start,Button: subTimeDwell,Dwell_Started
17:30:00.438,EyeTracking,SettingUI,Dwell_Start,Button: subTimeDwell,Dwell_Started
17:30:00.449,EyeTracking,SettingUI,Dwell_Start,Button: subTimeDwell,Dwell_Started
17:30:00.461,EyeTracking,SettingUI,Dwell_Start,Button: subTimeDwell,Dwell_Started
17:30:00.471,EyeTracking,SettingUI,Dwell_Start,Button: subTimeDwell,Dwell_Started
17:30:00.483,EyeTracking,SettingUI,Dwell_Start,Button: subTimeDwell,Dwell_Started
17:30:00.494,EyeTracking,SettingUI,Dwell_Start,Button: subTimeDwell,Dwell_Started
17:30:00.505,EyeTracking,SettingUI,Dwell_Start,Button: subTimeDwell,Dwell_Started
17:30:00.516,EyeTracking,SettingUI,Dwell_Start,Button: subTimeDwell,Dwell_Started
17:30:00.527,EyeTracking,SettingUI,Dwell_Start,Button: subTimeDwell,Dwell_Started
17:30:00.538,EyeTracking,SettingUI,Dwell_Start,Button: subTimeDwell,Dwell_Started
17:30:00.550,EyeTracking,SettingUI,Dwell_Start,Button: subTimeDwell,Dwell_Started
17:30:00.560,EyeTracking,SettingUI,Dwell_Start,Button: subTimeDwell,Dwell_Started
17:30:00.571,EyeTracking,SettingUI,Dwell_Start,Button: subTimeDwell,Dwell_Started
17:30:00.583,EyeTracking,SettingUI,Dwell_Start,Button: subTimeDwell,Dwell_Started
17:30:00.594,EyeTracking,SettingUI,Dwell_Start,Button: subTimeDwell,Dwell_Started
17:30:00.604,EyeTracking,SettingUI,Dwell_Start,Button: subTimeDwell,Dwell_Started
17:30:00.616,EyeTracking,SettingUI,Dwell_Start,Button: subTimeDwell,Dwell_Started
17:30:00.627,EyeTracking,SettingUI,Dwell_Start,Button: subTimeDwell,Dwell_Started
17:30:00.639,EyeTracking,SettingUI,Dwell_Start,Button: subTimeDwell,Dwell_Started
17:30:00.651,EyeTracking,SettingUI,Dwell_Start,Button: subTimeDwell,Dwell_Started
17:30:00.661,EyeTracking,SettingUI,Dwell_Start,Button: subTimeDwell,Dwell_Started
17:30:00.672,EyeTracking,SettingUI,Dwell_Start,Button: subTimeDwell,Dwell_Started
17:30:00.682,EyeTracking,SettingUI,Dwell_Start,Button: subTimeDwell,Dwell_Started
17:30:00.694,EyeTracking,SettingUI,Dwell_Start,Button: subTimeDwell,Dwell_Started
17:30:00.706,EyeTracking,SettingUI,Dwell_Start,Button: subTimeDwell,Dwell_Started
17:30:00.716,EyeTracking,SettingUI,Dwell_Start,Button: subTimeDwell,Dwell_Started
17:30:00.728,EyeTracking,SettingUI,Dwell_Start,Button: subTimeDwell,Dwell_Started
17:30:00.738,EyeTracking,SettingUI,Dwell_Start,Button: subTimeDwell,Dwell_Started
17:30:00.748,EyeTracking,SettingUI,Dwell_Start,Button: subTimeDwell,Dwell_Started
17:30:00.761,EyeTracking,SettingUI,Dwell_Start,Button: subTimeDwell,Dwell_Started
17:30:00.773,EyeTracking,SettingUI,Dwell_Start,Button: subTimeDwell,Dwell_Started
17:30:00.783,EyeTracking,SettingUI,Dwell_Start,Button: subTimeDwell,Dwell_Started
17:30:00.795,EyeTracking,SettingUI,Dwell_Start,Button: subTimeDwell,Dwell_Started
17:30:00.805,EyeTracking,SettingUI,Dwell_Start,Button: subTimeDwell,Dwell_Started
17:30:00.815,EyeTracking,SettingUI,Dwell_Start,Button: subTimeDwell,Dwell_Started
17:30:00.827,EyeTracking,SettingUI,Dwell_Start,Button: subTimeDwell,Dwell_Started
17:30:00.838,EyeTracking,SettingUI,Dwell_Start,Button: subTimeDwell,Dwell_Started
17:30:00.849,EyeTracking,SettingUI,Dwell_Start,Button: subTimeDwell,Dwell_Started
17:30:00.861,EyeTracking,SettingUI,Dwell_Start,Button: subTimeDwell,Dwell_Started
17:30:00.861,EyeTracking,SettingUI,Dwell_Complete,Button: subTimeDwell,Dwelling_Completed
17:30:00.861,EyeTracking,SettingUI,Flicker_Start,subTimeDwell,Flicker_Start
17:30:01.071,EyeTracking,SettingUI,Hover_Exit,Button: subTimeDwell,Hover_Exit
17:30:01.414,EyeTracking,SettingUI,Hover_Enter,Button: nextDwellSetting,Hovering
17:30:01.414,EyeTracking,SettingUI,Dwell_Start,Button: nextDwellSetting,Dwell_Started
17:30:01.427,EyeTracking,SettingUI,Dwell_Start,Button: nextDwellSetting,Dwell_Started
17:30:01.437,EyeTracking,SettingUI,Dwell_Start,Button: nextDwellSetting,Dwell_Started
17:30:01.448,EyeTracking,SettingUI,Dwell_Start,Button: nextDwellSetting,Dwell_Started
17:30:01.461,EyeTracking,SettingUI,Dwell_Start,Button: nextDwellSetting,Dwell_Started
17:30:01.471,EyeTracking,SettingUI,Dwell_Start,Button: nextDwellSetting,Dwell_Started
17:30:01.483,EyeTracking,SettingUI,Dwell_Start,Button: nextDwellSetting,Dwell_Started
17:30:01.497,EyeTracking,SettingUI,Dwell_Start,Button: nextDwellSetting,Dwell_Started
17:30:01.507,EyeTracking,SettingUI,Dwell_Start,Button: nextDwellSetting,Dwell_Started
17:30:01.513,EyeTracking,SettingUI,Dwell_Start,Button: nextDwellSetting,Dwell_Started
17:30:01.527,EyeTracking,SettingUI,Dwell_Start,Button: nextDwellSetting,Dwell_Started
17:30:01.536,EyeTracking,SettingUI,Dwell_Start,Button: nextDwellSetting,Dwell_Started
17:30:01.547,EyeTracking,SettingUI,Dwell_Start,Button: nextDwellSetting,Dwell_Started
17:30:01.558,EyeTracking,SettingUI,Dwell_Start,Button: nextDwellSetting,Dwell_Started
17:30:01.570,EyeTracking,SettingUI,Dwell_Start,Button: nextDwellSetting,Dwell_Started
17:30:01.580,EyeTracking,SettingUI,Dwell_Start,Button: nextDwellSetting,Dwell_Started
17:30:01.593,EyeTracking,SettingUI,Dwell_Start,Button: nextDwellSetting,Dwell_Started
17:30:01.603,EyeTracking,SettingUI,Dwell_Start,Button: nextDwellSetting,Dwell_Started
17:30:01.614,EyeTracking,SettingUI,Dwell_Start,Button: nextDwellSetting,Dwell_Started
17:30:01.625,EyeTracking,SettingUI,Dwell_Start,Button: nextDwellSetting,Dwell_Started
17:30:01.636,EyeTracking,SettingUI,Dwell_Start,Button: nextDwellSetting,Dwell_Started
17:30:01.647,EyeTracking,SettingUI,Dwell_Start,Button: nextDwellSetting,Dwell_Started
17:30:01.658,EyeTracking,SettingUI,Dwell_Start,Button: nextDwellSetting,Dwell_Started
17:30:01.670,EyeTracking,SettingUI,Dwell_Start,Button: nextDwellSetting,Dwell_Started
17:30:01.681,EyeTracking,SettingUI,Dwell_Start,Button: nextDwellSetting,Dwell_Started
17:30:01.692,EyeTracking,SettingUI,Dwell_Start,Button: nextDwellSetting,Dwell_Started
17:30:01.703,EyeTracking,SettingUI,Dwell_Start,Button: nextDwellSetting,Dwell_Started
17:30:01.714,EyeTracking,SettingUI,Dwell_Start,Button: nextDwellSetting,Dwell_Started
17:30:01.725,EyeTracking,SettingUI,Dwell_Start,Button: nextDwellSetting,Dwell_Started
17:30:01.736,EyeTracking,SettingUI,Dwell_Start,Button: nextDwellSetting,Dwell_Started
17:30:01.748,EyeTracking,SettingUI,Dwell_Start,Button: nextDwellSetting,Dwell_Started
17:30:01.758,EyeTracking,SettingUI,Dwell_Start,Button: nextDwellSetting,Dwell_Started
17:30:01.770,EyeTracking,SettingUI,Dwell_Start,Button: nextDwellSetting,Dwell_Started
17:30:01.780,EyeTracking,SettingUI,Dwell_Start,Button: nextDwellSetting,Dwell_Started
17:30:01.791,EyeTracking,SettingUI,Dwell_Start,Button: nextDwellSetting,Dwell_Started
17:30:01.802,EyeTracking,SettingUI,Dwell_Start,Button: nextDwellSetting,Dwell_Started
17:30:01.813,EyeTracking,SettingUI,Dwell_Start,Button: nextDwellSetting,Dwell_Started
17:30:01.825,EyeTracking,SettingUI,Dwell_Start,Button: nextDwellSetting,Dwell_Started
17:30:01.836,EyeTracking,SettingUI,Dwell_Start,Button: nextDwellSetting,Dwell_Started
17:30:01.847,EyeTracking,SettingUI,Dwell_Start,Button: nextDwellSetting,Dwell_Started
17:30:01.858,EyeTracking,SettingUI,Dwell_Start,Button: nextDwellSetting,Dwell_Started
17:30:01.869,EyeTracking,SettingUI,Dwell_Start,Button: nextDwellSetting,Dwell_Started
17:30:01.881,EyeTracking,SettingUI,Dwell_Start,Button: nextDwellSetting,Dwell_Started
17:30:01.892,EyeTracking,SettingUI,Dwell_Start,Button: nextDwellSetting,Dwell_Started
17:30:01.904,EyeTracking,SettingUI,Dwell_Start,Button: nextDwellSetting,Dwell_Started
17:30:01.914,EyeTracking,SettingUI,Dwell_Start,Button: nextDwellSetting,Dwell_Started
17:30:01.926,EyeTracking,SettingUI,Dwell_Start,Button: nextDwellSetting,Dwell_Started
17:30:01.937,EyeTracking,SettingUI,Dwell_Start,Button: nextDwellSetting,Dwell_Started
17:30:01.950,EyeTracking,SettingUI,Dwell_Start,Button: nextDwellSetting,Dwell_Started
17:30:01.959,EyeTracking,SettingUI,Dwell_Start,Button: nextDwellSetting,Dwell_Started
17:30:01.971,EyeTracking,SettingUI,Dwell_Start,Button: nextDwellSetting,Dwell_Started
17:30:01.982,EyeTracking,SettingUI,Dwell_Start,Button: nextDwellSetting,Dwell_Started
17:30:01.994,EyeTracking,SettingUI,Dwell_Start,Button: nextDwellSetting,Dwell_Started
17:30:02.004,EyeTracking,SettingUI,Dwell_Start,Button: nextDwellSetting,Dwell_Started
17:30:02.015,EyeTracking,SettingUI,Dwell_Start,Button: nextDwellSetting,Dwell_Started
17:30:02.027,EyeTracking,SettingUI,Dwell_Start,Button: nextDwellSetting,Dwell_Started
17:30:02.038,EyeTracking,SettingUI,Dwell_Start,Button: nextDwellSetting,Dwell_Started
17:30:02.048,EyeTracking,SettingUI,Dwell_Start,Button: nextDwellSetting,Dwell_Started
17:30:02.060,EyeTracking,SettingUI,Dwell_Start,Button: nextDwellSetting,Dwell_Started
17:30:02.071,EyeTracking,SettingUI,Dwell_Start,Button: nextDwellSetting,Dwell_Started
17:30:02.082,EyeTracking,SettingUI,Dwell_Start,Button: nextDwellSetting,Dwell_Started
17:30:02.094,EyeTracking,SettingUI,Dwell_Start,Button: nextDwellSetting,Dwell_Started
17:30:02.104,EyeTracking,SettingUI,Dwell_Start,Button: nextDwellSetting,Dwell_Started
17:30:02.115,EyeTracking,SettingUI,Dwell_Start,Button: nextDwellSetting,Dwell_Started
17:30:02.128,EyeTracking,SettingUI,Dwell_Start,Button: nextDwellSetting,Dwell_Started
17:30:02.137,EyeTracking,SettingUI,Dwell_Start,Button: nextDwellSetting,Dwell_Started
17:30:02.149,EyeTracking,SettingUI,Dwell_Start,Button: nextDwellSetting,Dwell_Started
17:30:02.160,EyeTracking,SettingUI,Dwell_Start,Button: nextDwellSetting,Dwell_Started
17:30:02.171,EyeTracking,SettingUI,Dwell_Start,Button: nextDwellSetting,Dwell_Started
17:30:02.182,EyeTracking,SettingUI,Dwell_Start,Button: nextDwellSetting,Dwell_Started
17:30:02.194,EyeTracking,SettingUI,Dwell_Start,Button: nextDwellSetting,Dwell_Started
17:30:02.203,EyeTracking,SettingUI,Dwell_Start,Button: nextDwellSetting,Dwell_Started
17:30:02.215,EyeTracking,SettingUI,Dwell_Start,Button: nextDwellSetting,Dwell_Started
17:30:02.227,EyeTracking,SettingUI,Dwell_Start,Button: nextDwellSetting,Dwell_Started
17:30:02.237,EyeTracking,SettingUI,Dwell_Start,Button: nextDwellSetting,Dwell_Started
17:30:02.249,EyeTracking,SettingUI,Dwell_Start,Button: nextDwellSetting,Dwell_Started
17:30:02.260,EyeTracking,SettingUI,Dwell_Start,Button: nextDwellSetting,Dwell_Started
17:30:02.271,EyeTracking,SettingUI,Dwell_Start,Button: nextDwellSetting,Dwell_Started
17:30:02.282,EyeTracking,SettingUI,Dwell_Start,Button: nextDwellSetting,Dwell_Started
17:30:02.293,EyeTracking,SettingUI,Dwell_Start,Button: nextDwellSetting,Dwell_Started
17:30:02.304,EyeTracking,SettingUI,Dwell_Start,Button: nextDwellSetting,Dwell_Started
17:30:02.316,EyeTracking,SettingUI,Dwell_Start,Button: nextDwellSetting,Dwell_Started
17:30:02.327,EyeTracking,SettingUI,Dwell_Start,Button: nextDwellSetting,Dwell_Started
17:30:02.338,EyeTracking,SettingUI,Dwell_Start,Button: nextDwellSetting,Dwell_Started
17:30:02.349,EyeTracking,SettingUI,Dwell_Start,Button: nextDwellSetting,Dwell_Started
17:30:02.360,EyeTracking,SettingUI,Dwell_Start,Button: nextDwellSetting,Dwell_Started
17:30:02.370,EyeTracking,SettingUI,Dwell_Start,Button: nextDwellSetting,Dwell_Started
17:30:02.382,EyeTracking,SettingUI,Dwell_Start,Button: nextDwellSetting,Dwell_Started
17:30:02.393,EyeTracking,SettingUI,Dwell_Start,Button: nextDwellSetting,Dwell_Started
17:30:02.404,EyeTracking,SettingUI,Dwell_Start,Button: nextDwellSetting,Dwell_Started
17:30:02.404,EyeTracking,SettingUI,Dwell_Complete,Button: nextDwellSetting,Dwelling_Completed
17:30:02.404,EyeTracking,SettingUI,Flicker_Start,nextDwellSetting,Flicker_Start
17:30:02.870,EyeTracking,SettingUI,Flicker_End,Button: subTimeDwell,Flicker_End
17:30:02.870,EyeTracking,SettingUI,Action_Executed,Button: subTimeDwell; Action: ButtonAction,Execution_Proceeding
17:30:04.414,EyeTracking,SettingUI,Flicker_End,Button: nextDwellSetting,Flicker_End
17:30:04.414,EyeTracking,SettingUI,Action_Executed,Button: nextDwellSetting; Action: ButtonAction,Execution_Proceeding
17:30:04.426,EyeTracking,SettingUI,Hover_Enter,Button: nextFlickerSetting,Hovering
17:30:04.426,EyeTracking,SettingUI,Dwell_Start,Button: nextFlickerSetting,Dwell_Started
17:30:04.437,EyeTracking,SettingUI,Dwell_Start,Button: nextFlickerSetting,Dwell_Started
17:30:04.447,EyeTracking,SettingUI,Dwell_Start,Button: nextFlickerSetting,Dwell_Started
17:30:04.459,EyeTracking,SettingUI,Dwell_Start,Button: nextFlickerSetting,Dwell_Started
17:30:04.470,EyeTracking,SettingUI,Dwell_Start,Button: nextFlickerSetting,Dwell_Started
17:30:04.481,EyeTracking,SettingUI,Dwell_Start,Button: nextFlickerSetting,Dwell_Started
17:30:04.492,EyeTracking,SettingUI,Dwell_Start,Button: nextFlickerSetting,Dwell_Started
17:30:04.503,EyeTracking,SettingUI,Dwell_Start,Button: nextFlickerSetting,Dwell_Started
17:30:04.514,EyeTracking,SettingUI,Dwell_Start,Button: nextFlickerSetting,Dwell_Started
17:30:04.527,EyeTracking,SettingUI,Dwell_Start,Button: nextFlickerSetting,Dwell_Started
17:30:04.537,EyeTracking,SettingUI,Dwell_Start,Button: nextFlickerSetting,Dwell_Started
17:30:04.548,EyeTracking,SettingUI,Dwell_Start,Button: nextFlickerSetting,Dwell_Started
17:30:04.559,EyeTracking,SettingUI,Dwell_Start,Button: nextFlickerSetting,Dwell_Started
17:30:04.570,EyeTracking,SettingUI,Dwell_Start,Button: nextFlickerSetting,Dwell_Started
17:30:04.580,EyeTracking,SettingUI,Dwell_Start,Button: nextFlickerSetting,Dwell_Started
17:30:04.592,EyeTracking,SettingUI,Dwell_Start,Button: nextFlickerSetting,Dwell_Started
17:30:04.603,EyeTracking,SettingUI,Dwell_Start,Button: nextFlickerSetting,Dwell_Started
17:30:04.614,EyeTracking,SettingUI,Dwell_Start,Button: nextFlickerSetting,Dwell_Started
17:30:04.625,EyeTracking,SettingUI,Dwell_Start,Button: nextFlickerSetting,Dwell_Started
17:30:04.637,EyeTracking,SettingUI,Dwell_Start,Button: nextFlickerSetting,Dwell_Started
17:30:04.647,EyeTracking,SettingUI,Dwell_Start,Button: nextFlickerSetting,Dwell_Started
17:30:04.658,EyeTracking,SettingUI,Dwell_Start,Button: nextFlickerSetting,Dwell_Started
17:30:04.669,EyeTracking,SettingUI,Dwell_Start,Button: nextFlickerSetting,Dwell_Started
17:30:04.680,EyeTracking,SettingUI,Dwell_Start,Button: nextFlickerSetting,Dwell_Started
17:30:04.692,EyeTracking,SettingUI,Dwell_Start,Button: nextFlickerSetting,Dwell_Started
17:30:04.703,EyeTracking,SettingUI,Dwell_Start,Button: nextFlickerSetting,Dwell_Started
17:30:04.714,EyeTracking,SettingUI,Dwell_Start,Button: nextFlickerSetting,Dwell_Started
17:30:04.726,EyeTracking,SettingUI,Dwell_Start,Button: nextFlickerSetting,Dwell_Started
17:30:04.736,EyeTracking,SettingUI,Dwell_Start,Button: nextFlickerSetting,Dwell_Started
17:30:04.747,EyeTracking,SettingUI,Dwell_Start,Button: nextFlickerSetting,Dwell_Started
17:30:04.758,EyeTracking,SettingUI,Hover_Exit,Button: nextFlickerSetting,Hover_Exit
17:30:05.326,EyeTracking,SettingUI,Hover_Enter,Button: nextFlickerSetting,Hovering
17:30:05.326,EyeTracking,SettingUI,Dwell_Start,Button: nextFlickerSetting,Dwell_Started
17:30:05.336,EyeTracking,SettingUI,Dwell_Start,Button: nextFlickerSetting,Dwell_Started
17:30:05.347,EyeTracking,SettingUI,Dwell_Start,Button: nextFlickerSetting,Dwell_Started
17:30:05.358,EyeTracking,SettingUI,Dwell_Start,Button: nextFlickerSetting,Dwell_Started
17:30:05.370,EyeTracking,SettingUI,Dwell_Start,Button: nextFlickerSetting,Dwell_Started
17:30:05.380,EyeTracking,SettingUI,Dwell_Start,Button: nextFlickerSetting,Dwell_Started
17:30:05.392,EyeTracking,SettingUI,Dwell_Start,Button: nextFlickerSetting,Dwell_Started
17:30:05.403,EyeTracking,SettingUI,Dwell_Start,Button: nextFlickerSetting,Dwell_Started
17:30:05.413,EyeTracking,SettingUI,Dwell_Start,Button: nextFlickerSetting,Dwell_Started
17:30:05.424,EyeTracking,SettingUI,Dwell_Start,Button: nextFlickerSetting,Dwell_Started
17:30:05.436,EyeTracking,SettingUI,Dwell_Start,Button: nextFlickerSetting,Dwell_Started
17:30:05.447,EyeTracking,SettingUI,Dwell_Start,Button: nextFlickerSetting,Dwell_Started
17:30:05.457,EyeTracking,SettingUI,Dwell_Start,Button: nextFlickerSetting,Dwell_Started
17:30:05.469,EyeTracking,SettingUI,Dwell_Start,Button: nextFlickerSetting,Dwell_Started
17:30:05.480,EyeTracking,SettingUI,Dwell_Start,Button: nextFlickerSetting,Dwell_Started
17:30:05.492,EyeTracking,SettingUI,Dwell_Start,Button: nextFlickerSetting,Dwell_Started
17:30:05.503,EyeTracking,SettingUI,Dwell_Start,Button: nextFlickerSetting,Dwell_Started
17:30:05.514,EyeTracking,SettingUI,Dwell_Start,Button: nextFlickerSetting,Dwell_Started
17:30:05.525,EyeTracking,SettingUI,Dwell_Start,Button: nextFlickerSetting,Dwell_Started
17:30:05.535,EyeTracking,SettingUI,Dwell_Start,Button: nextFlickerSetting,Dwell_Started
17:30:05.546,EyeTracking,SettingUI,Dwell_Start,Button: nextFlickerSetting,Dwell_Started
17:30:05.558,EyeTracking,SettingUI,Dwell_Start,Button: nextFlickerSetting,Dwell_Started
17:30:05.569,EyeTracking,SettingUI,Dwell_Start,Button: nextFlickerSetting,Dwell_Started
17:30:05.581,EyeTracking,SettingUI,Dwell_Start,Button: nextFlickerSetting,Dwell_Started
17:30:05.590,EyeTracking,SettingUI,Dwell_Start,Button: nextFlickerSetting,Dwell_Started
17:30:05.602,EyeTracking,SettingUI,Dwell_Start,Button: nextFlickerSetting,Dwell_Started
17:30:05.613,EyeTracking,SettingUI,Dwell_Start,Button: nextFlickerSetting,Dwell_Started
17:30:05.624,EyeTracking,SettingUI,Dwell_Start,Button: nextFlickerSetting,Dwell_Started
17:30:05.635,EyeTracking,SettingUI,Dwell_Start,Button: nextFlickerSetting,Dwell_Started
17:30:05.646,EyeTracking,SettingUI,Dwell_Start,Button: nextFlickerSetting,Dwell_Started
17:30:05.659,EyeTracking,SettingUI,Dwell_Start,Button: nextFlickerSetting,Dwell_Started
17:30:05.669,EyeTracking,SettingUI,Dwell_Start,Button: nextFlickerSetting,Dwell_Started
17:30:05.679,EyeTracking,SettingUI,Dwell_Start,Button: nextFlickerSetting,Dwell_Started
17:30:05.692,EyeTracking,SettingUI,Dwell_Start,Button: nextFlickerSetting,Dwell_Started
17:30:05.702,EyeTracking,SettingUI,Dwell_Start,Button: nextFlickerSetting,Dwell_Started
17:30:05.714,EyeTracking,SettingUI,Dwell_Start,Button: nextFlickerSetting,Dwell_Started
17:30:05.724,EyeTracking,SettingUI,Dwell_Start,Button: nextFlickerSetting,Dwell_Started
17:30:05.735,EyeTracking,SettingUI,Dwell_Start,Button: nextFlickerSetting,Dwell_Started
17:30:05.747,EyeTracking,SettingUI,Dwell_Start,Button: nextFlickerSetting,Dwell_Started
17:30:05.759,EyeTracking,SettingUI,Dwell_Start,Button: nextFlickerSetting,Dwell_Started
17:30:05.769,EyeTracking,SettingUI,Dwell_Start,Button: nextFlickerSetting,Dwell_Started
17:30:05.780,EyeTracking,SettingUI,Dwell_Start,Button: nextFlickerSetting,Dwell_Started
17:30:05.791,EyeTracking,SettingUI,Dwell_Start,Button: nextFlickerSetting,Dwell_Started
17:30:05.802,EyeTracking,SettingUI,Dwell_Start,Button: nextFlickerSetting,Dwell_Started
17:30:05.813,EyeTracking,SettingUI,Dwell_Start,Button: nextFlickerSetting,Dwell_Started
17:30:05.825,EyeTracking,SettingUI,Dwell_Start,Button: nextFlickerSetting,Dwell_Started
17:30:05.835,EyeTracking,SettingUI,Dwell_Start,Button: nextFlickerSetting,Dwell_Started
17:30:05.846,EyeTracking,SettingUI,Dwell_Start,Button: nextFlickerSetting,Dwell_Started
17:30:05.857,EyeTracking,SettingUI,Dwell_Start,Button: nextFlickerSetting,Dwell_Started
17:30:05.869,EyeTracking,SettingUI,Dwell_Start,Button: nextFlickerSetting,Dwell_Started
17:30:05.880,EyeTracking,SettingUI,Dwell_Start,Button: nextFlickerSetting,Dwell_Started
17:30:05.891,EyeTracking,SettingUI,Dwell_Start,Button: nextFlickerSetting,Dwell_Started
17:30:05.902,EyeTracking,SettingUI,Dwell_Start,Button: nextFlickerSetting,Dwell_Started
17:30:05.914,EyeTracking,SettingUI,Dwell_Start,Button: nextFlickerSetting,Dwell_Started
17:30:05.924,EyeTracking,SettingUI,Dwell_Start,Button: nextFlickerSetting,Dwell_Started
17:30:05.935,EyeTracking,SettingUI,Dwell_Start,Button: nextFlickerSetting,Dwell_Started
17:30:05.946,EyeTracking,SettingUI,Dwell_Start,Button: nextFlickerSetting,Dwell_Started
17:30:05.957,EyeTracking,SettingUI,Dwell_Start,Button: nextFlickerSetting,Dwell_Started
17:30:05.968,EyeTracking,SettingUI,Dwell_Start,Button: nextFlickerSetting,Dwell_Started
17:30:05.981,EyeTracking,SettingUI,Dwell_Start,Button: nextFlickerSetting,Dwell_Started
17:30:05.991,EyeTracking,SettingUI,Dwell_Start,Button: nextFlickerSetting,Dwell_Started
17:30:06.002,EyeTracking,SettingUI,Dwell_Start,Button: nextFlickerSetting,Dwell_Started
17:30:06.014,EyeTracking,SettingUI,Dwell_Start,Button: nextFlickerSetting,Dwell_Started
17:30:06.025,EyeTracking,SettingUI,Dwell_Start,Button: nextFlickerSetting,Dwell_Started
17:30:06.036,EyeTracking,SettingUI,Dwell_Start,Button: nextFlickerSetting,Dwell_Started
17:30:06.046,EyeTracking,SettingUI,Dwell_Start,Button: nextFlickerSetting,Dwell_Started
17:30:06.058,EyeTracking,SettingUI,Dwell_Start,Button: nextFlickerSetting,Dwell_Started
17:30:06.069,EyeTracking,SettingUI,Dwell_Start,Button: nextFlickerSetting,Dwell_Started
17:30:06.080,EyeTracking,SettingUI,Dwell_Start,Button: nextFlickerSetting,Dwell_Started
17:30:06.091,EyeTracking,SettingUI,Dwell_Start,Button: nextFlickerSetting,Dwell_Started
17:30:06.102,EyeTracking,SettingUI,Dwell_Start,Button: nextFlickerSetting,Dwell_Started
17:30:06.114,EyeTracking,SettingUI,Dwell_Start,Button: nextFlickerSetting,Dwell_Started
17:30:06.124,EyeTracking,SettingUI,Dwell_Start,Button: nextFlickerSetting,Dwell_Started
17:30:06.135,EyeTracking,SettingUI,Dwell_Start,Button: nextFlickerSetting,Dwell_Started
17:30:06.146,EyeTracking,SettingUI,Dwell_Start,Button: nextFlickerSetting,Dwell_Started
17:30:06.157,EyeTracking,SettingUI,Dwell_Start,Button: nextFlickerSetting,Dwell_Started
17:30:06.168,EyeTracking,SettingUI,Dwell_Start,Button: nextFlickerSetting,Dwell_Started
17:30:06.180,EyeTracking,SettingUI,Dwell_Start,Button: nextFlickerSetting,Dwell_Started
17:30:06.192,EyeTracking,SettingUI,Dwell_Start,Button: nextFlickerSetting,Dwell_Started
17:30:06.202,EyeTracking,SettingUI,Dwell_Start,Button: nextFlickerSetting,Dwell_Started
17:30:06.214,EyeTracking,SettingUI,Dwell_Start,Button: nextFlickerSetting,Dwell_Started
17:30:06.223,EyeTracking,SettingUI,Dwell_Start,Button: nextFlickerSetting,Dwell_Started
17:30:06.236,EyeTracking,SettingUI,Dwell_Start,Button: nextFlickerSetting,Dwell_Started
17:30:06.246,EyeTracking,SettingUI,Dwell_Start,Button: nextFlickerSetting,Dwell_Started
17:30:06.257,EyeTracking,SettingUI,Dwell_Start,Button: nextFlickerSetting,Dwell_Started
17:30:06.270,EyeTracking,SettingUI,Dwell_Start,Button: nextFlickerSetting,Dwell_Started
17:30:06.279,EyeTracking,SettingUI,Dwell_Start,Button: nextFlickerSetting,Dwell_Started
17:30:06.292,EyeTracking,SettingUI,Dwell_Start,Button: nextFlickerSetting,Dwell_Started
17:30:06.303,EyeTracking,SettingUI,Dwell_Start,Button: nextFlickerSetting,Dwell_Started
17:30:06.313,EyeTracking,SettingUI,Dwell_Start,Button: nextFlickerSetting,Dwell_Started
17:30:06.324,EyeTracking,SettingUI,Dwell_Start,Button: nextFlickerSetting,Dwell_Started
17:30:06.324,EyeTracking,SettingUI,Dwell_Complete,Button: nextFlickerSetting,Dwelling_Completed
17:30:06.324,EyeTracking,SettingUI,Flicker_Start,nextFlickerSetting,Flicker_Start
17:30:08.334,EyeTracking,SettingUI,Flicker_End,Button: nextFlickerSetting,Flicker_End
17:30:08.334,EyeTracking,SettingUI,Action_Executed,Button: nextFlickerSetting; Action: ButtonAction,Execution_Proceeding
17:30:08.335,EyeTracking,TestUI,Phase_Start,TestUI,
17:30:08.556,EyeTracking,TestUI,Hover_Enter,Button: NextHybrid,Hovering
17:30:08.556,EyeTracking,TestUI,Dwell_Start,Button: NextHybrid,Dwell_Started
17:30:08.567,EyeTracking,TestUI,Dwell_Start,Button: NextHybrid,Dwell_Started
17:30:08.578,EyeTracking,TestUI,Dwell_Start,Button: NextHybrid,Dwell_Started
17:30:08.590,EyeTracking,TestUI,Dwell_Start,Button: NextHybrid,Dwell_Started
17:30:08.600,EyeTracking,TestUI,Dwell_Start,Button: NextHybrid,Dwell_Started
17:30:08.611,EyeTracking,TestUI,Dwell_Start,Button: NextHybrid,Dwell_Started
17:30:08.622,EyeTracking,TestUI,Dwell_Start,Button: NextHybrid,Dwell_Started
17:30:08.634,EyeTracking,TestUI,Dwell_Start,Button: NextHybrid,Dwell_Started
17:30:08.646,EyeTracking,TestUI,Dwell_Start,Button: NextHybrid,Dwell_Started
17:30:08.657,EyeTracking,TestUI,Dwell_Start,Button: NextHybrid,Dwell_Started
17:30:08.668,EyeTracking,TestUI,Dwell_Start,Button: NextHybrid,Dwell_Started
17:30:08.679,EyeTracking,TestUI,Dwell_Start,Button: NextHybrid,Dwell_Started
17:30:08.689,EyeTracking,TestUI,Dwell_Start,Button: NextHybrid,Dwell_Started
17:30:08.701,EyeTracking,TestUI,Dwell_Start,Button: NextHybrid,Dwell_Started
17:30:08.712,EyeTracking,TestUI,Dwell_Start,Button: NextHybrid,Dwell_Started
17:30:08.723,EyeTracking,TestUI,Dwell_Start,Button: NextHybrid,Dwell_Started
17:30:08.734,EyeTracking,TestUI,Dwell_Start,Button: NextHybrid,Dwell_Started
17:30:08.746,EyeTracking,TestUI,Dwell_Start,Button: NextHybrid,Dwell_Started
17:30:08.755,EyeTracking,TestUI,Dwell_Start,Button: NextHybrid,Dwell_Started
17:30:08.768,EyeTracking,TestUI,Dwell_Start,Button: NextHybrid,Dwell_Started
17:30:08.778,EyeTracking,TestUI,Dwell_Start,Button: NextHybrid,Dwell_Started
17:30:08.789,EyeTracking,TestUI,Dwell_Start,Button: NextHybrid,Dwell_Started
17:30:08.802,EyeTracking,TestUI,Dwell_Start,Button: NextHybrid,Dwell_Started
17:30:08.812,EyeTracking,TestUI,Dwell_Start,Button: NextHybrid,Dwell_Started
17:30:08.824,EyeTracking,TestUI,Dwell_Start,Button: NextHybrid,Dwell_Started
17:30:08.835,EyeTracking,TestUI,Dwell_Start,Button: NextHybrid,Dwell_Started
17:30:08.845,EyeTracking,TestUI,Dwell_Start,Button: NextHybrid,Dwell_Started
17:30:08.856,EyeTracking,TestUI,Dwell_Start,Button: NextHybrid,Dwell_Started
17:30:08.868,EyeTracking,TestUI,Dwell_Start,Button: NextHybrid,Dwell_Started
17:30:08.877,EyeTracking,TestUI,Dwell_Start,Button: NextHybrid,Dwell_Started
17:30:08.889,EyeTracking,TestUI,Dwell_Start,Button: NextHybrid,Dwell_Started
17:30:08.902,EyeTracking,TestUI,Hover_Exit,Button: NextHybrid,Hover_Exit
17:30:09.200,EyeTracking,TestUI,Hover_Enter,Button: NextHybrid,Hovering
17:30:09.200,EyeTracking,TestUI,Dwell_Start,Button: NextHybrid,Dwell_Started
17:30:09.211,EyeTracking,TestUI,Dwell_Start,Button: NextHybrid,Dwell_Started
17:30:09.221,EyeTracking,TestUI,Dwell_Start,Button: NextHybrid,Dwell_Started
17:30:09.231,EyeTracking,TestUI,Dwell_Start,Button: NextHybrid,Dwell_Started
17:30:09.244,EyeTracking,TestUI,Dwell_Start,Button: NextHybrid,Dwell_Started
17:30:09.256,EyeTracking,TestUI,Dwell_Start,Button: NextHybrid,Dwell_Started
17:30:09.265,EyeTracking,TestUI,Dwell_Start,Button: NextHybrid,Dwell_Started
17:30:09.277,EyeTracking,TestUI,Dwell_Start,Button: NextHybrid,Dwell_Started
17:30:09.287,EyeTracking,TestUI,Dwell_Start,Button: NextHybrid,Dwell_Started
17:30:09.298,EyeTracking,TestUI,Dwell_Start,Button: NextHybrid,Dwell_Started
17:30:09.310,EyeTracking,TestUI,Dwell_Start,Button: NextHybrid,Dwell_Started
17:30:09.321,EyeTracking,TestUI,Dwell_Start,Button: NextHybrid,Dwell_Started
17:30:09.333,EyeTracking,TestUI,Dwell_Start,Button: NextHybrid,Dwell_Started
17:30:09.344,EyeTracking,TestUI,Dwell_Start,Button: NextHybrid,Dwell_Started
17:30:09.355,EyeTracking,TestUI,Dwell_Start,Button: NextHybrid,Dwell_Started
17:30:09.366,EyeTracking,TestUI,Dwell_Start,Button: NextHybrid,Dwell_Started
17:30:09.377,EyeTracking,TestUI,Dwell_Start,Button: NextHybrid,Dwell_Started
17:30:09.389,EyeTracking,TestUI,Dwell_Start,Button: NextHybrid,Dwell_Started
17:30:09.401,EyeTracking,TestUI,Dwell_Start,Button: NextHybrid,Dwell_Started
17:30:09.411,EyeTracking,TestUI,Dwell_Start,Button: NextHybrid,Dwell_Started
17:30:09.423,EyeTracking,TestUI,Dwell_Start,Button: NextHybrid,Dwell_Started
17:30:09.434,EyeTracking,TestUI,Dwell_Start,Button: NextHybrid,Dwell_Started
17:30:09.446,EyeTracking,TestUI,Dwell_Start,Button: NextHybrid,Dwell_Started
17:30:09.456,EyeTracking,TestUI,Dwell_Start,Button: NextHybrid,Dwell_Started
17:30:09.467,EyeTracking,TestUI,Dwell_Start,Button: NextHybrid,Dwell_Started
17:30:09.477,EyeTracking,TestUI,Dwell_Start,Button: NextHybrid,Dwell_Started
17:30:09.489,EyeTracking,TestUI,Dwell_Start,Button: NextHybrid,Dwell_Started
17:30:09.500,EyeTracking,TestUI,Dwell_Start,Button: NextHybrid,Dwell_Started
17:30:09.511,EyeTracking,TestUI,Dwell_Start,Button: NextHybrid,Dwell_Started
17:30:09.521,EyeTracking,TestUI,Dwell_Start,Button: NextHybrid,Dwell_Started
17:30:09.534,EyeTracking,TestUI,Dwell_Start,Button: NextHybrid,Dwell_Started
17:30:09.545,EyeTracking,TestUI,Dwell_Start,Button: NextHybrid,Dwell_Started
17:30:09.555,EyeTracking,TestUI,Dwell_Start,Button: NextHybrid,Dwell_Started
17:30:09.568,EyeTracking,TestUI,Dwell_Start,Button: NextHybrid,Dwell_Started
17:30:09.578,EyeTracking,TestUI,Dwell_Start,Button: NextHybrid,Dwell_Started
17:30:09.589,EyeTracking,TestUI,Dwell_Start,Button: NextHybrid,Dwell_Started
17:30:09.599,EyeTracking,TestUI,Dwell_Start,Button: NextHybrid,Dwell_Started
17:30:09.611,EyeTracking,TestUI,Dwell_Start,Button: NextHybrid,Dwell_Started
17:30:09.622,EyeTracking,TestUI,Dwell_Start,Button: NextHybrid,Dwell_Started
17:30:09.634,EyeTracking,TestUI,Dwell_Start,Button: NextHybrid,Dwell_Started
17:30:09.645,EyeTracking,TestUI,Dwell_Start,Button: NextHybrid,Dwell_Started
17:30:09.655,EyeTracking,TestUI,Dwell_Start,Button: NextHybrid,Dwell_Started
17:30:09.668,EyeTracking,TestUI,Dwell_Start,Button: NextHybrid,Dwell_Started
17:30:09.678,EyeTracking,TestUI,Dwell_Start,Button: NextHybrid,Dwell_Started
17:30:09.689,EyeTracking,TestUI,Dwell_Start,Button: NextHybrid,Dwell_Started
17:30:09.701,EyeTracking,TestUI,Dwell_Start,Button: NextHybrid,Dwell_Started
17:30:09.712,EyeTracking,TestUI,Dwell_Start,Button: NextHybrid,Dwell_Started
17:30:09.723,EyeTracking,TestUI,Dwell_Start,Button: NextHybrid,Dwell_Started
17:30:09.734,EyeTracking,TestUI,Dwell_Start,Button: NextHybrid,Dwell_Started
17:30:09.744,EyeTracking,TestUI,Dwell_Start,Button: NextHybrid,Dwell_Started
17:30:09.756,EyeTracking,TestUI,Dwell_Start,Button: NextHybrid,Dwell_Started
17:30:09.767,EyeTracking,TestUI,Dwell_Start,Button: NextHybrid,Dwell_Started
17:30:09.777,EyeTracking,TestUI,Dwell_Start,Button: NextHybrid,Dwell_Started
17:30:09.788,EyeTracking,TestUI,Dwell_Start,Button: NextHybrid,Dwell_Started
17:30:09.800,EyeTracking,TestUI,Dwell_Start,Button: NextHybrid,Dwell_Started
17:30:09.812,EyeTracking,TestUI,Dwell_Start,Button: NextHybrid,Dwell_Started
17:30:09.822,EyeTracking,TestUI,Dwell_Start,Button: NextHybrid,Dwell_Started
17:30:09.834,EyeTracking,TestUI,Dwell_Start,Button: NextHybrid,Dwell_Started
17:30:09.844,EyeTracking,TestUI,Dwell_Start,Button: NextHybrid,Dwell_Started
17:30:09.856,EyeTracking,TestUI,Dwell_Start,Button: NextHybrid,Dwell_Started
17:30:09.866,EyeTracking,TestUI,Dwell_Start,Button: NextHybrid,Dwell_Started
17:30:09.879,EyeTracking,TestUI,Dwell_Start,Button: NextHybrid,Dwell_Started
17:30:09.889,EyeTracking,TestUI,Dwell_Start,Button: NextHybrid,Dwell_Started
17:30:09.900,EyeTracking,TestUI,Dwell_Start,Button: NextHybrid,Dwell_Started
17:30:09.910,EyeTracking,TestUI,Dwell_Start,Button: NextHybrid,Dwell_Started
17:30:09.922,EyeTracking,TestUI,Dwell_Start,Button: NextHybrid,Dwell_Started
17:30:09.934,EyeTracking,TestUI,Dwell_Start,Button: NextHybrid,Dwell_Started
17:30:09.944,EyeTracking,TestUI,Dwell_Start,Button: NextHybrid,Dwell_Started
17:30:09.955,EyeTracking,TestUI,Dwell_Start,Button: NextHybrid,Dwell_Started
17:30:09.967,EyeTracking,TestUI,Dwell_Start,Button: NextHybrid,Dwell_Started
17:30:09.978,EyeTracking,TestUI,Dwell_Start,Button: NextHybrid,Dwell_Started
17:30:09.989,EyeTracking,TestUI,Dwell_Start,Button: NextHybrid,Dwell_Started
17:30:10.000,EyeTracking,TestUI,Dwell_Start,Button: NextHybrid,Dwell_Started
17:30:10.011,EyeTracking,TestUI,Dwell_Start,Button: NextHybrid,Dwell_Started
17:30:10.022,EyeTracking,TestUI,Dwell_Start,Button: NextHybrid,Dwell_Started
17:30:10.033,EyeTracking,TestUI,Dwell_Start,Button: NextHybrid,Dwell_Started
17:30:10.045,EyeTracking,TestUI,Dwell_Start,Button: NextHybrid,Dwell_Started
17:30:10.055,EyeTracking,TestUI,Dwell_Start,Button: NextHybrid,Dwell_Started
17:30:10.067,EyeTracking,TestUI,Dwell_Start,Button: NextHybrid,Dwell_Started
17:30:10.078,EyeTracking,TestUI,Dwell_Start,Button: NextHybrid,Dwell_Started
17:30:10.088,EyeTracking,TestUI,Dwell_Start,Button: NextHybrid,Dwell_Started
17:30:10.099,EyeTracking,TestUI,Dwell_Start,Button: NextHybrid,Dwell_Started
17:30:10.112,EyeTracking,TestUI,Dwell_Start,Button: NextHybrid,Dwell_Started
17:30:10.122,EyeTracking,TestUI,Dwell_Start,Button: NextHybrid,Dwell_Started
17:30:10.133,EyeTracking,TestUI,Dwell_Start,Button: NextHybrid,Dwell_Started
17:30:10.145,EyeTracking,TestUI,Dwell_Start,Button: NextHybrid,Dwell_Started
17:30:10.155,EyeTracking,TestUI,Dwell_Start,Button: NextHybrid,Dwell_Started
17:30:10.166,EyeTracking,TestUI,Dwell_Start,Button: NextHybrid,Dwell_Started
17:30:10.178,EyeTracking,TestUI,Dwell_Start,Button: NextHybrid,Dwell_Started
17:30:10.190,EyeTracking,TestUI,Dwell_Start,Button: NextHybrid,Dwell_Started
17:30:10.190,EyeTracking,TestUI,Dwell_Complete,Button: NextHybrid,Dwelling_Completed
17:30:10.190,EyeTracking,TestUI,Flicker_Start,NextHybrid,Flicker_Start
17:30:10.534,EyeTracking,TestUI,Hover_Exit,Button: NextHybrid,Hover_Exit
17:30:10.888,EyeTracking,TestUI,Hover_Enter,Button: NextHybrid,Hovering
17:30:10.888,EyeTracking,TestUI,Dwell_Start,Button: NextHybrid,Dwell_Started
17:30:10.901,EyeTracking,TestUI,Dwell_Start,Button: NextHybrid,Dwell_Started
17:30:10.911,EyeTracking,TestUI,Dwell_Start,Button: NextHybrid,Dwell_Started
17:30:10.922,EyeTracking,TestUI,Dwell_Start,Button: NextHybrid,Dwell_Started
17:30:10.934,EyeTracking,TestUI,Dwell_Start,Button: NextHybrid,Dwell_Started
17:30:10.944,EyeTracking,TestUI,Dwell_Start,Button: NextHybrid,Dwell_Started
17:30:10.954,EyeTracking,TestUI,Dwell_Start,Button: NextHybrid,Dwell_Started
17:30:10.968,EyeTracking,TestUI,Dwell_Start,Button: NextHybrid,Dwell_Started
17:30:10.978,EyeTracking,TestUI,Dwell_Start,Button: NextHybrid,Dwell_Started
17:30:10.989,EyeTracking,TestUI,Dwell_Start,Button: NextHybrid,Dwell_Started
17:30:11.000,EyeTracking,TestUI,Dwell_Start,Button: NextHybrid,Dwell_Started
17:30:11.011,EyeTracking,TestUI,Dwell_Start,Button: NextHybrid,Dwell_Started
17:30:11.021,EyeTracking,TestUI,Dwell_Start,Button: NextHybrid,Dwell_Started
17:30:11.033,EyeTracking,TestUI,Dwell_Start,Button: NextHybrid,Dwell_Started
17:30:11.044,EyeTracking,TestUI,Dwell_Start,Button: NextHybrid,Dwell_Started
17:30:11.056,EyeTracking,TestUI,Dwell_Start,Button: NextHybrid,Dwell_Started
17:30:11.066,EyeTracking,TestUI,Dwell_Start,Button: NextHybrid,Dwell_Started
17:30:11.078,EyeTracking,TestUI,Dwell_Start,Button: NextHybrid,Dwell_Started
17:30:11.088,EyeTracking,TestUI,Dwell_Start,Button: NextHybrid,Dwell_Started
17:30:11.100,EyeTracking,TestUI,Dwell_Start,Button: NextHybrid,Dwell_Started
17:30:11.111,EyeTracking,TestUI,Dwell_Start,Button: NextHybrid,Dwell_Started
17:30:11.121,EyeTracking,TestUI,Dwell_Start,Button: NextHybrid,Dwell_Started
17:30:11.134,EyeTracking,TestUI,Dwell_Start,Button: NextHybrid,Dwell_Started
17:30:11.144,EyeTracking,TestUI,Dwell_Start,Button: NextHybrid,Dwell_Started
17:30:11.155,EyeTracking,TestUI,Dwell_Start,Button: NextHybrid,Dwell_Started
17:30:11.166,EyeTracking,TestUI,Dwell_Start,Button: NextHybrid,Dwell_Started
17:30:11.177,EyeTracking,TestUI,Dwell_Start,Button: NextHybrid,Dwell_Started
17:30:11.188,EyeTracking,TestUI,Dwell_Start,Button: NextHybrid,Dwell_Started
17:30:11.200,EyeTracking,TestUI,Dwell_Start,Button: NextHybrid,Dwell_Started
17:30:11.210,EyeTracking,TestUI,Dwell_Start,Button: NextHybrid,Dwell_Started
17:30:11.221,EyeTracking,TestUI,Dwell_Start,Button: NextHybrid,Dwell_Started
17:30:11.234,EyeTracking,TestUI,Dwell_Start,Button: NextHybrid,Dwell_Started
17:30:11.244,EyeTracking,TestUI,Dwell_Start,Button: NextHybrid,Dwell_Started
17:30:11.254,EyeTracking,TestUI,Dwell_Start,Button: NextHybrid,Dwell_Started
17:30:11.267,EyeTracking,TestUI,Dwell_Start,Button: NextHybrid,Dwell_Started
17:30:11.277,EyeTracking,TestUI,Dwell_Start,Button: NextHybrid,Dwell_Started
17:30:11.287,EyeTracking,TestUI,Dwell_Start,Button: NextHybrid,Dwell_Started
17:30:11.299,EyeTracking,TestUI,Dwell_Start,Button: NextHybrid,Dwell_Started
17:30:11.310,EyeTracking,TestUI,Dwell_Start,Button: NextHybrid,Dwell_Started
17:30:11.322,EyeTracking,TestUI,Dwell_Start,Button: NextHybrid,Dwell_Started
17:30:11.332,EyeTracking,TestUI,Dwell_Start,Button: NextHybrid,Dwell_Started
17:30:11.344,EyeTracking,TestUI,Dwell_Start,Button: NextHybrid,Dwell_Started
17:30:11.354,EyeTracking,TestUI,Dwell_Start,Button: NextHybrid,Dwell_Started
17:30:11.366,EyeTracking,TestUI,Dwell_Start,Button: NextHybrid,Dwell_Started
17:30:11.376,EyeTracking,TestUI,Dwell_Start,Button: NextHybrid,Dwell_Started
17:30:11.389,EyeTracking,TestUI,Dwell_Start,Button: NextHybrid,Dwell_Started
17:30:11.400,EyeTracking,TestUI,Dwell_Start,Button: NextHybrid,Dwell_Started
17:30:11.411,EyeTracking,TestUI,Dwell_Start,Button: NextHybrid,Dwell_Started
17:30:11.421,EyeTracking,TestUI,Dwell_Start,Button: NextHybrid,Dwell_Started
17:30:11.433,EyeTracking,TestUI,Dwell_Start,Button: NextHybrid,Dwell_Started
17:30:11.444,EyeTracking,TestUI,Dwell_Start,Button: NextHybrid,Dwell_Started
17:30:11.454,EyeTracking,TestUI,Dwell_Start,Button: NextHybrid,Dwell_Started
17:30:11.466,EyeTracking,TestUI,Dwell_Start,Button: NextHybrid,Dwell_Started
17:30:11.477,EyeTracking,TestUI,Dwell_Start,Button: NextHybrid,Dwell_Started
17:30:11.489,EyeTracking,TestUI,Dwell_Start,Button: NextHybrid,Dwell_Started
17:30:11.499,EyeTracking,TestUI,Dwell_Start,Button: NextHybrid,Dwell_Started
17:30:11.511,EyeTracking,TestUI,Dwell_Start,Button: NextHybrid,Dwell_Started
17:30:11.522,EyeTracking,TestUI,Dwell_Start,Button: NextHybrid,Dwell_Started
17:30:11.534,EyeTracking,TestUI,Dwell_Start,Button: NextHybrid,Dwell_Started
17:30:11.544,EyeTracking,TestUI,Dwell_Start,Button: NextHybrid,Dwell_Started
17:30:11.555,EyeTracking,TestUI,Dwell_Start,Button: NextHybrid,Dwell_Started
17:30:11.566,EyeTracking,TestUI,Dwell_Start,Button: NextHybrid,Dwell_Started
17:30:11.576,EyeTracking,TestUI,Dwell_Start,Button: NextHybrid,Dwell_Started
17:30:11.589,EyeTracking,TestUI,Dwell_Start,Button: NextHybrid,Dwell_Started
17:30:11.599,EyeTracking,TestUI,Dwell_Start,Button: NextHybrid,Dwell_Started
17:30:11.609,EyeTracking,TestUI,Dwell_Start,Button: NextHybrid,Dwell_Started
17:30:11.621,EyeTracking,TestUI,Dwell_Start,Button: NextHybrid,Dwell_Started
17:30:11.634,EyeTracking,TestUI,Dwell_Start,Button: NextHybrid,Dwell_Started
17:30:11.644,EyeTracking,TestUI,Dwell_Start,Button: NextHybrid,Dwell_Started
17:30:11.655,EyeTracking,TestUI,Dwell_Start,Button: NextHybrid,Dwell_Started
17:30:11.666,EyeTracking,TestUI,Dwell_Start,Button: NextHybrid,Dwell_Started
17:30:11.678,EyeTracking,TestUI,Dwell_Start,Button: NextHybrid,Dwell_Started
17:30:11.689,EyeTracking,TestUI,Dwell_Start,Button: NextHybrid,Dwell_Started
17:30:11.699,EyeTracking,TestUI,Dwell_Start,Button: NextHybrid,Dwell_Started
17:30:11.710,EyeTracking,TestUI,Dwell_Start,Button: NextHybrid,Dwell_Started
17:30:11.720,EyeTracking,TestUI,Dwell_Start,Button: NextHybrid,Dwell_Started
17:30:11.734,EyeTracking,TestUI,Dwell_Start,Button: NextHybrid,Dwell_Started
17:30:11.745,EyeTracking,TestUI,Dwell_Start,Button: NextHybrid,Dwell_Started
17:30:11.754,EyeTracking,TestUI,Dwell_Start,Button: NextHybrid,Dwell_Started
17:30:11.766,EyeTracking,TestUI,Dwell_Start,Button: NextHybrid,Dwell_Started
17:30:11.777,EyeTracking,TestUI,Dwell_Start,Button: NextHybrid,Dwell_Started
17:30:11.788,EyeTracking,TestUI,Dwell_Start,Button: NextHybrid,Dwell_Started
17:30:11.799,EyeTracking,TestUI,Dwell_Start,Button: NextHybrid,Dwell_Started
17:30:11.811,EyeTracking,TestUI,Dwell_Start,Button: NextHybrid,Dwell_Started
17:30:11.821,EyeTracking,TestUI,Dwell_Start,Button: NextHybrid,Dwell_Started
17:30:11.832,EyeTracking,TestUI,Dwell_Start,Button: NextHybrid,Dwell_Started
17:30:11.844,EyeTracking,TestUI,Dwell_Start,Button: NextHybrid,Dwell_Started
17:30:11.855,EyeTracking,TestUI,Dwell_Start,Button: NextHybrid,Dwell_Started
17:30:11.866,EyeTracking,TestUI,Dwell_Start,Button: NextHybrid,Dwell_Started
17:30:11.877,EyeTracking,TestUI,Dwell_Start,Button: NextHybrid,Dwell_Started
17:30:11.888,EyeTracking,TestUI,Dwell_Start,Button: NextHybrid,Dwell_Started
17:30:11.888,EyeTracking,TestUI,Dwell_Complete,Button: NextHybrid,Dwelling_Completed
17:30:11.888,EyeTracking,TestUI,Flicker_Start,NextHybrid,Flicker_Start
17:30:12.199,EyeTracking,TestUI,Flicker_End,Button: NextHybrid,Flicker_End
17:30:12.199,EyeTracking,TestUI,Action_Executed,Button: NextHybrid; Action: ButtonAction,Execution_Proceeding
17:30:12.565,EyeTracking,TestUI,Hover_Enter,Button: nextTestUI,Hovering
17:30:12.565,EyeTracking,TestUI,Dwell_Start,Button: nextTestUI,Dwell_Started
17:30:12.576,EyeTracking,TestUI,Dwell_Start,Button: nextTestUI,Dwell_Started
17:30:12.587,EyeTracking,TestUI,Dwell_Start,Button: nextTestUI,Dwell_Started
17:30:12.598,EyeTracking,TestUI,Dwell_Start,Button: nextTestUI,Dwell_Started
17:30:12.609,EyeTracking,TestUI,Dwell_Start,Button: nextTestUI,Dwell_Started
17:30:12.620,EyeTracking,TestUI,Dwell_Start,Button: nextTestUI,Dwell_Started
17:30:12.633,EyeTracking,TestUI,Dwell_Start,Button: nextTestUI,Dwell_Started
17:30:12.643,EyeTracking,TestUI,Dwell_Start,Button: nextTestUI,Dwell_Started
17:30:12.655,EyeTracking,TestUI,Dwell_Start,Button: nextTestUI,Dwell_Started
17:30:12.666,EyeTracking,TestUI,Dwell_Start,Button: nextTestUI,Dwell_Started
17:30:12.676,EyeTracking,TestUI,Dwell_Start,Button: nextTestUI,Dwell_Started
17:30:12.688,EyeTracking,TestUI,Dwell_Start,Button: nextTestUI,Dwell_Started
17:30:12.703,EyeTracking,TestUI,Dwell_Start,Button: nextTestUI,Dwell_Started
17:30:12.710,EyeTracking,TestUI,Dwell_Start,Button: nextTestUI,Dwell_Started
17:30:12.719,EyeTracking,TestUI,Dwell_Start,Button: nextTestUI,Dwell_Started
17:30:12.730,EyeTracking,TestUI,Dwell_Start,Button: nextTestUI,Dwell_Started
17:30:12.742,EyeTracking,TestUI,Dwell_Start,Button: nextTestUI,Dwell_Started
17:30:12.754,EyeTracking,TestUI,Dwell_Start,Button: nextTestUI,Dwell_Started
17:30:12.765,EyeTracking,TestUI,Dwell_Start,Button: nextTestUI,Dwell_Started
17:30:12.775,EyeTracking,TestUI,Dwell_Start,Button: nextTestUI,Dwell_Started
17:30:12.786,EyeTracking,TestUI,Hover_Exit,Button: nextTestUI,Hover_Exit
17:30:12.798,EyeTracking,TestUI,Hover_Enter,Button: 8,Hovering
17:30:12.798,EyeTracking,TestUI,Dwell_Start,Button: 8,Dwell_Started
17:30:12.808,EyeTracking,TestUI,Dwell_Start,Button: 8,Dwell_Started
17:30:12.819,EyeTracking,TestUI,Hover_Exit,Button: 8,Hover_Exit
17:30:12.830,EyeTracking,TestUI,Hover_Enter,Button: 3,Hovering
17:30:12.830,EyeTracking,TestUI,Dwell_Start,Button: 3,Dwell_Started
17:30:12.842,EyeTracking,TestUI,Dwell_Start,Button: 3,Dwell_Started
17:30:12.854,EyeTracking,TestUI,Dwell_Start,Button: 3,Dwell_Started
17:30:12.864,EyeTracking,TestUI,Dwell_Start,Button: 3,Dwell_Started
17:30:12.876,EyeTracking,TestUI,Dwell_Start,Button: 3,Dwell_Started
17:30:12.886,EyeTracking,TestUI,Dwell_Start,Button: 3,Dwell_Started
17:30:12.897,EyeTracking,TestUI,Dwell_Start,Button: 3,Dwell_Started
17:30:12.908,EyeTracking,TestUI,Dwell_Start,Button: 3,Dwell_Started
17:30:12.919,EyeTracking,TestUI,Dwell_Start,Button: 3,Dwell_Started
17:30:12.930,EyeTracking,TestUI,Dwell_Start,Button: 3,Dwell_Started
17:30:12.942,EyeTracking,TestUI,Dwell_Start,Button: 3,Dwell_Started
17:30:12.954,EyeTracking,TestUI,Dwell_Start,Button: 3,Dwell_Started
17:30:12.965,EyeTracking,TestUI,Dwell_Start,Button: 3,Dwell_Started
17:30:12.975,EyeTracking,TestUI,Dwell_Start,Button: 3,Dwell_Started
17:30:12.986,EyeTracking,TestUI,Dwell_Start,Button: 3,Dwell_Started
17:30:12.997,EyeTracking,TestUI,Dwell_Start,Button: 3,Dwell_Started
17:30:13.009,EyeTracking,TestUI,Dwell_Start,Button: 3,Dwell_Started
17:30:13.020,EyeTracking,TestUI,Dwell_Start,Button: 3,Dwell_Started
17:30:13.032,EyeTracking,TestUI,Dwell_Start,Button: 3,Dwell_Started
17:30:13.041,EyeTracking,TestUI,Dwell_Start,Button: 3,Dwell_Started
17:30:13.053,EyeTracking,TestUI,Dwell_Start,Button: 3,Dwell_Started
17:30:13.064,EyeTracking,TestUI,Dwell_Start,Button: 3,Dwell_Started
17:30:13.076,EyeTracking,TestUI,Dwell_Start,Button: 3,Dwell_Started
17:30:13.086,EyeTracking,TestUI,Dwell_Start,Button: 3,Dwell_Started
17:30:13.099,EyeTracking,TestUI,Dwell_Start,Button: 3,Dwell_Started
17:30:13.109,EyeTracking,TestUI,Dwell_Start,Button: 3,Dwell_Started
17:30:13.120,EyeTracking,TestUI,Dwell_Start,Button: 3,Dwell_Started
17:30:13.132,EyeTracking,TestUI,Hover_Exit,Button: 3,Hover_Exit
17:30:13.143,EyeTracking,TestUI,Hover_Enter,Button: 3,Hovering
17:30:13.143,EyeTracking,TestUI,Dwell_Start,Button: 3,Dwell_Started
17:30:13.154,EyeTracking,TestUI,Dwell_Start,Button: 3,Dwell_Started
17:30:13.166,EyeTracking,TestUI,Dwell_Start,Button: 3,Dwell_Started
17:30:13.177,EyeTracking,TestUI,Dwell_Start,Button: 3,Dwell_Started
17:30:13.188,EyeTracking,TestUI,Dwell_Start,Button: 3,Dwell_Started
17:30:13.198,EyeTracking,TestUI,Dwell_Start,Button: 3,Dwell_Started
17:30:13.210,EyeTracking,TestUI,Dwell_Start,Button: 3,Dwell_Started
17:30:13.221,EyeTracking,TestUI,Dwell_Start,Button: 3,Dwell_Started
17:30:13.233,EyeTracking,TestUI,Dwell_Start,Button: 3,Dwell_Started
17:30:13.244,EyeTracking,TestUI,Dwell_Start,Button: 3,Dwell_Started
17:30:13.254,EyeTracking,TestUI,Dwell_Start,Button: 3,Dwell_Started
17:30:13.266,EyeTracking,TestUI,Dwell_Start,Button: 3,Dwell_Started
17:30:13.276,EyeTracking,TestUI,Dwell_Start,Button: 3,Dwell_Started
17:30:13.287,EyeTracking,TestUI,Dwell_Start,Button: 3,Dwell_Started
17:30:13.300,EyeTracking,TestUI,Dwell_Start,Button: 3,Dwell_Started
17:30:13.313,EyeTracking,TestUI,Dwell_Start,Button: 3,Dwell_Started
17:30:13.325,EyeTracking,TestUI,Dwell_Start,Button: 3,Dwell_Started
17:30:13.332,EyeTracking,TestUI,Dwell_Start,Button: 3,Dwell_Started
17:30:13.341,EyeTracking,TestUI,Dwell_Start,Button: 3,Dwell_Started
17:30:13.352,EyeTracking,TestUI,Dwell_Start,Button: 3,Dwell_Started
17:30:13.362,EyeTracking,TestUI,Dwell_Start,Button: 3,Dwell_Started
17:30:13.374,EyeTracking,TestUI,Dwell_Start,Button: 3,Dwell_Started
17:30:13.386,EyeTracking,TestUI,Dwell_Start,Button: 3,Dwell_Started
17:30:13.396,EyeTracking,TestUI,Dwell_Start,Button: 3,Dwell_Started
17:30:13.407,EyeTracking,TestUI,Dwell_Start,Button: 3,Dwell_Started
17:30:13.418,EyeTracking,TestUI,Dwell_Start,Button: 3,Dwell_Started
17:30:13.429,EyeTracking,TestUI,Dwell_Start,Button: 3,Dwell_Started
17:30:13.440,EyeTracking,TestUI,Dwell_Start,Button: 3,Dwell_Started
17:30:13.451,EyeTracking,TestUI,Dwell_Start,Button: 3,Dwell_Started
17:30:13.463,EyeTracking,TestUI,Dwell_Start,Button: 3,Dwell_Started
17:30:13.474,EyeTracking,TestUI,Dwell_Start,Button: 3,Dwell_Started
17:30:13.486,EyeTracking,TestUI,Dwell_Start,Button: 3,Dwell_Started
17:30:13.495,EyeTracking,TestUI,Dwell_Start,Button: 3,Dwell_Started
17:30:13.508,EyeTracking,TestUI,Dwell_Start,Button: 3,Dwell_Started
17:30:13.518,EyeTracking,TestUI,Dwell_Start,Button: 3,Dwell_Started
17:30:13.530,EyeTracking,TestUI,Dwell_Start,Button: 3,Dwell_Started
17:30:13.541,EyeTracking,TestUI,Dwell_Start,Button: 3,Dwell_Started
17:30:13.552,EyeTracking,TestUI,Dwell_Start,Button: 3,Dwell_Started
17:30:13.563,EyeTracking,TestUI,Dwell_Start,Button: 3,Dwell_Started
17:30:13.573,EyeTracking,TestUI,Dwell_Start,Button: 3,Dwell_Started
17:30:13.585,EyeTracking,TestUI,Dwell_Start,Button: 3,Dwell_Started
17:30:13.596,EyeTracking,TestUI,Dwell_Start,Button: 3,Dwell_Started
17:30:13.607,EyeTracking,TestUI,Dwell_Start,Button: 3,Dwell_Started
17:30:13.617,EyeTracking,TestUI,Dwell_Start,Button: 3,Dwell_Started
17:30:13.630,EyeTracking,TestUI,Dwell_Start,Button: 3,Dwell_Started
17:30:13.641,EyeTracking,TestUI,Dwell_Start,Button: 3,Dwell_Started
17:30:13.652,EyeTracking,TestUI,Dwell_Start,Button: 3,Dwell_Started
17:30:13.663,EyeTracking,TestUI,Dwell_Start,Button: 3,Dwell_Started
17:30:13.674,EyeTracking,TestUI,Dwell_Start,Button: 3,Dwell_Started
17:30:13.686,EyeTracking,TestUI,Dwell_Start,Button: 3,Dwell_Started
17:30:13.696,EyeTracking,TestUI,Dwell_Start,Button: 3,Dwell_Started
17:30:13.709,EyeTracking,TestUI,Dwell_Start,Button: 3,Dwell_Started
17:30:13.719,EyeTracking,TestUI,Dwell_Start,Button: 3,Dwell_Started
17:30:13.730,EyeTracking,TestUI,Dwell_Start,Button: 3,Dwell_Started
17:30:13.741,EyeTracking,TestUI,Dwell_Start,Button: 3,Dwell_Started
17:30:13.753,EyeTracking,TestUI,Dwell_Start,Button: 3,Dwell_Started
17:30:13.764,EyeTracking,TestUI,Dwell_Start,Button: 3,Dwell_Started
17:30:13.775,EyeTracking,TestUI,Dwell_Start,Button: 3,Dwell_Started
17:30:13.785,EyeTracking,TestUI,Dwell_Start,Button: 3,Dwell_Started
17:30:13.797,EyeTracking,TestUI,Dwell_Start,Button: 3,Dwell_Started
17:30:13.809,EyeTracking,TestUI,Dwell_Start,Button: 3,Dwell_Started
17:30:13.819,EyeTracking,TestUI,Dwell_Start,Button: 3,Dwell_Started
17:30:13.833,EyeTracking,TestUI,Dwell_Start,Button: 3,Dwell_Started
17:30:13.842,EyeTracking,TestUI,Dwell_Start,Button: 3,Dwell_Started
17:30:13.854,EyeTracking,TestUI,Dwell_Start,Button: 3,Dwell_Started
17:30:13.865,EyeTracking,TestUI,Dwell_Start,Button: 3,Dwell_Started
17:30:13.876,EyeTracking,TestUI,Dwell_Start,Button: 3,Dwell_Started
17:30:13.886,EyeTracking,TestUI,Dwell_Start,Button: 3,Dwell_Started
17:30:13.898,EyeTracking,TestUI,Dwell_Start,Button: 3,Dwell_Started
17:30:13.910,EyeTracking,TestUI,Dwell_Start,Button: 3,Dwell_Started
17:30:13.920,EyeTracking,TestUI,Dwell_Start,Button: 3,Dwell_Started
17:30:13.933,EyeTracking,TestUI,Dwell_Start,Button: 3,Dwell_Started
17:30:13.942,EyeTracking,TestUI,Dwell_Start,Button: 3,Dwell_Started
17:30:13.953,EyeTracking,TestUI,Dwell_Start,Button: 3,Dwell_Started
17:30:13.965,EyeTracking,TestUI,Dwell_Start,Button: 3,Dwell_Started
17:30:13.976,EyeTracking,TestUI,Dwell_Start,Button: 3,Dwell_Started
17:30:13.986,EyeTracking,TestUI,Dwell_Start,Button: 3,Dwell_Started
17:30:13.998,EyeTracking,TestUI,Dwell_Start,Button: 3,Dwell_Started
17:30:14.010,EyeTracking,TestUI,Dwell_Start,Button: 3,Dwell_Started
17:30:14.020,EyeTracking,TestUI,Dwell_Start,Button: 3,Dwell_Started
17:30:14.031,EyeTracking,TestUI,Dwell_Start,Button: 3,Dwell_Started
17:30:14.042,EyeTracking,TestUI,Dwell_Start,Button: 3,Dwell_Started
17:30:14.054,EyeTracking,TestUI,Dwell_Start,Button: 3,Dwell_Started
17:30:14.064,EyeTracking,TestUI,Dwell_Start,Button: 3,Dwell_Started
17:30:14.075,EyeTracking,TestUI,Dwell_Start,Button: 3,Dwell_Started
17:30:14.088,EyeTracking,TestUI,Dwell_Start,Button: 3,Dwell_Started
17:30:14.099,EyeTracking,TestUI,Dwell_Start,Button: 3,Dwell_Started
17:30:14.110,EyeTracking,TestUI,Dwell_Start,Button: 3,Dwell_Started
17:30:14.120,EyeTracking,TestUI,Dwell_Start,Button: 3,Dwell_Started
17:30:14.133,EyeTracking,TestUI,Dwell_Start,Button: 3,Dwell_Started
17:30:14.142,EyeTracking,TestUI,Dwell_Start,Button: 3,Dwell_Started
17:30:14.142,EyeTracking,TestUI,Dwell_Complete,Button: 3,Dwelling_Completed
17:30:14.142,EyeTracking,TestUI,Flicker_Start,3,Flicker_Start
17:30:16.152,EyeTracking,TestUI,Flicker_End,Button: 3,Flicker_End
17:30:16.152,EyeTracking,TestUI,Action_Executed,Button: 3; Action: TestUI,Execution_Proceeding
17:30:16.164,EyeTracking,TestUI,Dwell_Start,Button: 3,Dwell_Started
17:30:16.175,EyeTracking,TestUI,Dwell_Start,Button: 3,Dwell_Started
17:30:16.186,EyeTracking,TestUI,Dwell_Start,Button: 3,Dwell_Started
17:30:16.199,EyeTracking,TestUI,Dwell_Start,Button: 3,Dwell_Started
17:30:16.208,EyeTracking,TestUI,Dwell_Start,Button: 3,Dwell_Started
17:30:16.218,EyeTracking,TestUI,Dwell_Start,Button: 3,Dwell_Started
17:30:16.231,EyeTracking,TestUI,Dwell_Start,Button: 3,Dwell_Started
17:30:16.242,EyeTracking,TestUI,Dwell_Start,Button: 3,Dwell_Started
17:30:16.252,EyeTracking,TestUI,Dwell_Start,Button: 3,Dwell_Started
17:30:16.263,EyeTracking,TestUI,Dwell_Start,Button: 3,Dwell_Started
17:30:16.274,EyeTracking,TestUI,Dwell_Start,Button: 3,Dwell_Started
17:30:16.286,EyeTracking,TestUI,Dwell_Start,Button: 3,Dwell_Started
17:30:16.297,EyeTracking,TestUI,Dwell_Start,Button: 3,Dwell_Started
17:30:16.307,EyeTracking,TestUI,Dwell_Start,Button: 3,Dwell_Started
17:30:16.320,EyeTracking,TestUI,Dwell_Start,Button: 3,Dwell_Started
17:30:16.331,EyeTracking,TestUI,Dwell_Start,Button: 3,Dwell_Started
17:30:16.341,EyeTracking,TestUI,Dwell_Start,Button: 3,Dwell_Started
17:30:16.352,EyeTracking,TestUI,Dwell_Start,Button: 3,Dwell_Started
17:30:16.364,EyeTracking,TestUI,Dwell_Start,Button: 3,Dwell_Started
17:30:16.375,EyeTracking,TestUI,Dwell_Start,Button: 3,Dwell_Started
17:30:16.385,EyeTracking,TestUI,Dwell_Start,Button: 3,Dwell_Started
17:30:16.397,EyeTracking,TestUI,Dwell_Start,Button: 3,Dwell_Started
17:30:16.408,EyeTracking,TestUI,Dwell_Start,Button: 3,Dwell_Started
17:30:16.419,EyeTracking,TestUI,Hover_Exit,Button: 3,Hover_Exit
17:30:16.429,EyeTracking,TestUI,Hover_Enter,Button: 8,Hovering
17:30:16.429,EyeTracking,TestUI,Dwell_Start,Button: 8,Dwell_Started
17:30:16.441,EyeTracking,TestUI,Dwell_Start,Button: 8,Dwell_Started
17:30:16.453,EyeTracking,TestUI,Dwell_Start,Button: 8,Dwell_Started
17:30:16.465,EyeTracking,TestUI,Dwell_Start,Button: 8,Dwell_Started
17:30:16.474,EyeTracking,TestUI,Dwell_Start,Button: 8,Dwell_Started
17:30:16.485,EyeTracking,TestUI,Dwell_Start,Button: 8,Dwell_Started
17:30:16.496,EyeTracking,TestUI,Dwell_Start,Button: 8,Dwell_Started
17:30:16.507,EyeTracking,TestUI,Dwell_Start,Button: 8,Dwell_Started
17:30:16.519,EyeTracking,TestUI,Dwell_Start,Button: 8,Dwell_Started
17:30:16.531,EyeTracking,TestUI,Dwell_Start,Button: 8,Dwell_Started
17:30:16.541,EyeTracking,TestUI,Dwell_Start,Button: 8,Dwell_Started
17:30:16.553,EyeTracking,TestUI,Dwell_Start,Button: 8,Dwell_Started
17:30:16.564,EyeTracking,TestUI,Dwell_Start,Button: 8,Dwell_Started
17:30:16.574,EyeTracking,TestUI,Dwell_Start,Button: 8,Dwell_Started
17:30:16.586,EyeTracking,TestUI,Dwell_Start,Button: 8,Dwell_Started
17:30:16.596,EyeTracking,TestUI,Dwell_Start,Button: 8,Dwell_Started
17:30:16.608,EyeTracking,TestUI,Dwell_Start,Button: 8,Dwell_Started
17:30:16.620,EyeTracking,TestUI,Dwell_Start,Button: 8,Dwell_Started
17:30:16.630,EyeTracking,TestUI,Dwell_Start,Button: 8,Dwell_Started
17:30:16.640,EyeTracking,TestUI,Dwell_Start,Button: 8,Dwell_Started
17:30:16.652,EyeTracking,TestUI,Dwell_Start,Button: 8,Dwell_Started
17:30:16.664,EyeTracking,TestUI,Dwell_Start,Button: 8,Dwell_Started
17:30:16.676,EyeTracking,TestUI,Dwell_Start,Button: 8,Dwell_Started
17:30:16.686,EyeTracking,TestUI,Dwell_Start,Button: 8,Dwell_Started
17:30:16.696,EyeTracking,TestUI,Dwell_Start,Button: 8,Dwell_Started
17:30:16.708,EyeTracking,TestUI,Dwell_Start,Button: 8,Dwell_Started
17:30:16.719,EyeTracking,TestUI,Dwell_Start,Button: 8,Dwell_Started
17:30:16.729,EyeTracking,TestUI,Dwell_Start,Button: 8,Dwell_Started
17:30:16.741,EyeTracking,TestUI,Dwell_Start,Button: 8,Dwell_Started
17:30:16.751,EyeTracking,TestUI,Dwell_Start,Button: 8,Dwell_Started
17:30:16.764,EyeTracking,TestUI,Dwell_Start,Button: 8,Dwell_Started
17:30:16.774,EyeTracking,TestUI,Dwell_Start,Button: 8,Dwell_Started
17:30:16.785,EyeTracking,TestUI,Dwell_Start,Button: 8,Dwell_Started
17:30:16.797,EyeTracking,TestUI,Dwell_Start,Button: 8,Dwell_Started
17:30:16.807,EyeTracking,TestUI,Dwell_Start,Button: 8,Dwell_Started
17:30:16.818,EyeTracking,TestUI,Dwell_Start,Button: 8,Dwell_Started
17:30:16.830,EyeTracking,TestUI,Dwell_Start,Button: 8,Dwell_Started
17:30:16.841,EyeTracking,TestUI,Dwell_Start,Button: 8,Dwell_Started
17:30:16.852,EyeTracking,TestUI,Dwell_Start,Button: 8,Dwell_Started
17:30:16.864,EyeTracking,TestUI,Dwell_Start,Button: 8,Dwell_Started
17:30:16.874,EyeTracking,TestUI,Dwell_Start,Button: 8,Dwell_Started
17:30:16.886,EyeTracking,TestUI,Dwell_Start,Button: 8,Dwell_Started
17:30:16.896,EyeTracking,TestUI,Dwell_Start,Button: 8,Dwell_Started
17:30:16.907,EyeTracking,TestUI,Dwell_Start,Button: 8,Dwell_Started
17:30:16.918,EyeTracking,TestUI,Dwell_Start,Button: 8,Dwell_Started
17:30:16.929,EyeTracking,TestUI,Dwell_Start,Button: 8,Dwell_Started
17:30:16.941,EyeTracking,TestUI,Dwell_Start,Button: 8,Dwell_Started
17:30:16.952,EyeTracking,TestUI,Dwell_Start,Button: 8,Dwell_Started
17:30:16.964,EyeTracking,TestUI,Dwell_Start,Button: 8,Dwell_Started
17:30:16.974,EyeTracking,TestUI,Dwell_Start,Button: 8,Dwell_Started
17:30:16.986,EyeTracking,TestUI,Dwell_Start,Button: 8,Dwell_Started
17:30:16.996,EyeTracking,TestUI,Dwell_Start,Button: 8,Dwell_Started
17:30:17.007,EyeTracking,TestUI,Dwell_Start,Button: 8,Dwell_Started
17:30:17.018,EyeTracking,TestUI,Dwell_Start,Button: 8,Dwell_Started
17:30:17.030,EyeTracking,TestUI,Dwell_Start,Button: 8,Dwell_Started
17:30:17.041,EyeTracking,TestUI,Dwell_Start,Button: 8,Dwell_Started
17:30:17.052,EyeTracking,TestUI,Hover_Exit,Button: 8,Hover_Exit
17:30:17.064,EyeTracking,TestUI,Hover_Enter,Button: 8,Hovering
17:30:17.064,EyeTracking,TestUI,Dwell_Start,Button: 8,Dwell_Started
17:30:17.073,EyeTracking,TestUI,Dwell_Start,Button: 8,Dwell_Started
17:30:17.086,EyeTracking,TestUI,Dwell_Start,Button: 8,Dwell_Started
17:30:17.096,EyeTracking,TestUI,Dwell_Start,Button: 8,Dwell_Started
17:30:17.107,EyeTracking,TestUI,Dwell_Start,Button: 8,Dwell_Started
17:30:17.119,EyeTracking,TestUI,Dwell_Start,Button: 8,Dwell_Started
17:30:17.130,EyeTracking,TestUI,Dwell_Start,Button: 8,Dwell_Started
17:30:17.140,EyeTracking,TestUI,Dwell_Start,Button: 8,Dwell_Started
17:30:17.153,EyeTracking,TestUI,Dwell_Start,Button: 8,Dwell_Started
17:30:17.163,EyeTracking,TestUI,Hover_Exit,Button: 8,Hover_Exit
17:30:17.230,EyeTracking,TestUI,Hover_Enter,Button: 8,Hovering
17:30:17.230,EyeTracking,TestUI,Dwell_Start,Button: 8,Dwell_Started
17:30:17.241,EyeTracking,TestUI,Dwell_Start,Button: 8,Dwell_Started
17:30:17.252,EyeTracking,TestUI,Dwell_Start,Button: 8,Dwell_Started
17:30:17.265,EyeTracking,TestUI,Dwell_Start,Button: 8,Dwell_Started
17:30:17.274,EyeTracking,TestUI,Dwell_Start,Button: 8,Dwell_Started
17:30:17.286,EyeTracking,TestUI,Dwell_Start,Button: 8,Dwell_Started
17:30:17.296,EyeTracking,TestUI,Dwell_Start,Button: 8,Dwell_Started
17:30:17.307,EyeTracking,TestUI,Dwell_Start,Button: 8,Dwell_Started
17:30:17.319,EyeTracking,TestUI,Dwell_Start,Button: 8,Dwell_Started
17:30:17.329,EyeTracking,TestUI,Dwell_Start,Button: 8,Dwell_Started
17:30:17.340,EyeTracking,TestUI,Dwell_Start,Button: 8,Dwell_Started
17:30:17.352,EyeTracking,TestUI,Hover_Exit,Button: 8,Hover_Exit
17:30:17.718,EyeTracking,TestUI,Hover_Enter,Button: 8,Hovering
17:30:17.718,EyeTracking,TestUI,Dwell_Start,Button: 8,Dwell_Started
17:30:17.730,EyeTracking,TestUI,Dwell_Start,Button: 8,Dwell_Started
17:30:17.739,EyeTracking,TestUI,Dwell_Start,Button: 8,Dwell_Started
17:30:17.751,EyeTracking,TestUI,Dwell_Start,Button: 8,Dwell_Started
17:30:17.762,EyeTracking,TestUI,Dwell_Start,Button: 8,Dwell_Started
17:30:17.773,EyeTracking,TestUI,Dwell_Start,Button: 8,Dwell_Started
17:30:17.785,EyeTracking,TestUI,Dwell_Start,Button: 8,Dwell_Started
17:30:17.795,EyeTracking,TestUI,Dwell_Start,Button: 8,Dwell_Started
17:30:17.807,EyeTracking,TestUI,Dwell_Start,Button: 8,Dwell_Started
17:30:17.817,EyeTracking,TestUI,Dwell_Start,Button: 8,Dwell_Started
17:30:17.829,EyeTracking,TestUI,Dwell_Start,Button: 8,Dwell_Started
17:30:17.839,EyeTracking,TestUI,Dwell_Start,Button: 8,Dwell_Started
17:30:17.850,EyeTracking,TestUI,Dwell_Start,Button: 8,Dwell_Started
17:30:17.861,EyeTracking,TestUI,Dwell_Start,Button: 8,Dwell_Started
17:30:17.873,EyeTracking,TestUI,Dwell_Start,Button: 8,Dwell_Started
17:30:17.883,EyeTracking,TestUI,Dwell_Start,Button: 8,Dwell_Started
17:30:17.895,EyeTracking,TestUI,Dwell_Start,Button: 8,Dwell_Started
17:30:17.906,EyeTracking,TestUI,Dwell_Start,Button: 8,Dwell_Started
17:30:17.918,EyeTracking,TestUI,Hover_Exit,Button: 8,Hover_Exit
17:30:17.929,EyeTracking,TestUI,Hover_Enter,Button: 7,Hovering
17:30:17.929,EyeTracking,TestUI,Dwell_Start,Button: 7,Dwell_Started
17:30:17.941,EyeTracking,TestUI,Dwell_Start,Button: 7,Dwell_Started
17:30:17.952,EyeTracking,TestUI,Dwell_Start,Button: 7,Dwell_Started
17:30:17.963,EyeTracking,TestUI,Dwell_Start,Button: 7,Dwell_Started
17:30:17.975,EyeTracking,TestUI,Dwell_Start,Button: 7,Dwell_Started
17:30:17.985,EyeTracking,TestUI,Dwell_Start,Button: 7,Dwell_Started
17:30:17.998,EyeTracking,TestUI,Dwell_Start,Button: 7,Dwell_Started
17:30:18.007,EyeTracking,TestUI,Dwell_Start,Button: 7,Dwell_Started
17:30:18.018,EyeTracking,TestUI,Dwell_Start,Button: 7,Dwell_Started
17:30:18.028,EyeTracking,TestUI,Dwell_Start,Button: 7,Dwell_Started
17:30:18.040,EyeTracking,TestUI,Dwell_Start,Button: 7,Dwell_Started
17:30:18.051,EyeTracking,TestUI,Dwell_Start,Button: 7,Dwell_Started
17:30:18.062,EyeTracking,TestUI,Dwell_Start,Button: 7,Dwell_Started
17:30:18.074,EyeTracking,TestUI,Dwell_Start,Button: 7,Dwell_Started
17:30:18.085,EyeTracking,TestUI,Dwell_Start,Button: 7,Dwell_Started
17:30:18.096,EyeTracking,TestUI,Dwell_Start,Button: 7,Dwell_Started
17:30:18.107,EyeTracking,TestUI,Dwell_Start,Button: 7,Dwell_Started
17:30:18.117,EyeTracking,TestUI,Dwell_Start,Button: 7,Dwell_Started
17:30:18.130,EyeTracking,TestUI,Dwell_Start,Button: 7,Dwell_Started
17:30:18.141,EyeTracking,TestUI,Dwell_Start,Button: 7,Dwell_Started
17:30:18.152,EyeTracking,TestUI,Dwell_Start,Button: 7,Dwell_Started
17:30:18.162,EyeTracking,TestUI,Dwell_Start,Button: 7,Dwell_Started
17:30:18.173,EyeTracking,TestUI,Dwell_Start,Button: 7,Dwell_Started
17:30:18.185,EyeTracking,TestUI,Dwell_Start,Button: 7,Dwell_Started
17:30:18.196,EyeTracking,TestUI,Dwell_Start,Button: 7,Dwell_Started
17:30:18.207,EyeTracking,TestUI,Dwell_Start,Button: 7,Dwell_Started
17:30:18.218,EyeTracking,TestUI,Dwell_Start,Button: 7,Dwell_Started
17:30:18.230,EyeTracking,TestUI,Dwell_Start,Button: 7,Dwell_Started
17:30:18.240,EyeTracking,TestUI,Dwell_Start,Button: 7,Dwell_Started
17:30:18.250,EyeTracking,TestUI,Dwell_Start,Button: 7,Dwell_Started
17:30:18.263,EyeTracking,TestUI,Dwell_Start,Button: 7,Dwell_Started
17:30:18.273,EyeTracking,TestUI,Dwell_Start,Button: 7,Dwell_Started
17:30:18.286,EyeTracking,TestUI,Dwell_Start,Button: 7,Dwell_Started
17:30:18.295,EyeTracking,TestUI,Dwell_Start,Button: 7,Dwell_Started
17:30:18.307,EyeTracking,TestUI,Dwell_Start,Button: 7,Dwell_Started
17:30:18.318,EyeTracking,TestUI,Dwell_Start,Button: 7,Dwell_Started
17:30:18.330,EyeTracking,TestUI,Dwell_Start,Button: 7,Dwell_Started
17:30:18.341,EyeTracking,TestUI,Dwell_Start,Button: 7,Dwell_Started
17:30:18.351,EyeTracking,TestUI,Dwell_Start,Button: 7,Dwell_Started
17:30:18.362,EyeTracking,TestUI,Dwell_Start,Button: 7,Dwell_Started
17:30:18.374,EyeTracking,TestUI,Dwell_Start,Button: 7,Dwell_Started
17:30:18.385,EyeTracking,TestUI,Dwell_Start,Button: 7,Dwell_Started
17:30:18.395,EyeTracking,TestUI,Dwell_Start,Button: 7,Dwell_Started
17:30:18.407,EyeTracking,TestUI,Dwell_Start,Button: 7,Dwell_Started
17:30:18.417,EyeTracking,TestUI,Dwell_Start,Button: 7,Dwell_Started
17:30:18.429,EyeTracking,TestUI,Dwell_Start,Button: 7,Dwell_Started
17:30:18.440,EyeTracking,TestUI,Dwell_Start,Button: 7,Dwell_Started
17:30:18.451,EyeTracking,TestUI,Dwell_Start,Button: 7,Dwell_Started
17:30:18.463,EyeTracking,TestUI,Dwell_Start,Button: 7,Dwell_Started
17:30:18.473,EyeTracking,TestUI,Dwell_Start,Button: 7,Dwell_Started
17:30:18.484,EyeTracking,TestUI,Dwell_Start,Button: 7,Dwell_Started
17:30:18.496,EyeTracking,TestUI,Dwell_Start,Button: 7,Dwell_Started
17:30:18.507,EyeTracking,TestUI,Dwell_Start,Button: 7,Dwell_Started
17:30:18.517,EyeTracking,TestUI,Dwell_Start,Button: 7,Dwell_Started
17:30:18.529,EyeTracking,TestUI,Dwell_Start,Button: 7,Dwell_Started
17:30:18.540,EyeTracking,TestUI,Dwell_Start,Button: 7,Dwell_Started
17:30:18.551,EyeTracking,TestUI,Dwell_Start,Button: 7,Dwell_Started
17:30:18.562,EyeTracking,TestUI,Dwell_Start,Button: 7,Dwell_Started
17:30:18.573,EyeTracking,TestUI,Dwell_Start,Button: 7,Dwell_Started
17:30:18.585,EyeTracking,TestUI,Dwell_Start,Button: 7,Dwell_Started
17:30:18.595,EyeTracking,TestUI,Dwell_Start,Button: 7,Dwell_Started
17:30:18.607,EyeTracking,TestUI,Dwell_Start,Button: 7,Dwell_Started
17:30:18.618,EyeTracking,TestUI,Dwell_Start,Button: 7,Dwell_Started
17:30:18.629,EyeTracking,TestUI,Dwell_Start,Button: 7,Dwell_Started
17:30:18.641,EyeTracking,TestUI,Dwell_Start,Button: 7,Dwell_Started
17:30:18.651,EyeTracking,TestUI,Dwell_Start,Button: 7,Dwell_Started
17:30:18.663,EyeTracking,TestUI,Dwell_Start,Button: 7,Dwell_Started
17:30:18.674,EyeTracking,TestUI,Dwell_Start,Button: 7,Dwell_Started
17:30:18.685,EyeTracking,TestUI,Dwell_Start,Button: 7,Dwell_Started
17:30:18.694,EyeTracking,TestUI,Dwell_Start,Button: 7,Dwell_Started
17:30:18.707,EyeTracking,TestUI,Dwell_Start,Button: 7,Dwell_Started
17:30:18.718,EyeTracking,TestUI,Dwell_Start,Button: 7,Dwell_Started
17:30:18.730,EyeTracking,TestUI,Dwell_Start,Button: 7,Dwell_Started
17:30:18.740,EyeTracking,TestUI,Dwell_Start,Button: 7,Dwell_Started
17:30:18.751,EyeTracking,TestUI,Dwell_Start,Button: 7,Dwell_Started
17:30:18.763,EyeTracking,TestUI,Dwell_Start,Button: 7,Dwell_Started
17:30:18.773,EyeTracking,TestUI,Dwell_Start,Button: 7,Dwell_Started
17:30:18.784,EyeTracking,TestUI,Dwell_Start,Button: 7,Dwell_Started
17:30:18.795,EyeTracking,TestUI,Dwell_Start,Button: 7,Dwell_Started
17:30:18.807,EyeTracking,TestUI,Dwell_Start,Button: 7,Dwell_Started
17:30:18.818,EyeTracking,TestUI,Dwell_Start,Button: 7,Dwell_Started
17:30:18.830,EyeTracking,TestUI,Dwell_Start,Button: 7,Dwell_Started
17:30:18.840,EyeTracking,TestUI,Dwell_Start,Button: 7,Dwell_Started
17:30:18.851,EyeTracking,TestUI,Dwell_Start,Button: 7,Dwell_Started
17:30:18.862,EyeTracking,TestUI,Dwell_Start,Button: 7,Dwell_Started
17:30:18.873,EyeTracking,TestUI,Dwell_Start,Button: 7,Dwell_Started
17:30:18.883,EyeTracking,TestUI,Dwell_Start,Button: 7,Dwell_Started
17:30:18.896,EyeTracking,TestUI,Dwell_Start,Button: 7,Dwell_Started
17:30:18.907,EyeTracking,TestUI,Dwell_Start,Button: 7,Dwell_Started
17:30:18.918,EyeTracking,TestUI,Dwell_Start,Button: 7,Dwell_Started
17:30:18.929,EyeTracking,TestUI,Dwell_Start,Button: 7,Dwell_Started
17:30:18.929,EyeTracking,TestUI,Dwell_Complete,Button: 7,Dwelling_Completed
17:30:18.929,EyeTracking,TestUI,Flicker_Start,7,Flicker_Start
17:30:20.939,EyeTracking,TestUI,Flicker_End,Button: 7,Flicker_End
17:30:20.939,EyeTracking,TestUI,Action_Executed,Button: 7; Action: TestUI,Execution_Proceeding
17:30:20.950,EyeTracking,TestUI,Dwell_Start,Button: 7,Dwell_Started
17:30:20.960,EyeTracking,TestUI,Dwell_Start,Button: 7,Dwell_Started
17:30:20.972,EyeTracking,TestUI,Dwell_Start,Button: 7,Dwell_Started
17:30:20.983,EyeTracking,TestUI,Dwell_Start,Button: 7,Dwell_Started
17:30:20.994,EyeTracking,TestUI,Dwell_Start,Button: 7,Dwell_Started
17:30:21.006,EyeTracking,TestUI,Dwell_Start,Button: 7,Dwell_Started
17:30:21.016,EyeTracking,TestUI,Dwell_Start,Button: 7,Dwell_Started
17:30:21.028,EyeTracking,TestUI,Dwell_Start,Button: 7,Dwell_Started
17:30:21.040,EyeTracking,TestUI,Dwell_Start,Button: 7,Dwell_Started
17:30:21.051,EyeTracking,TestUI,Dwell_Start,Button: 7,Dwell_Started
17:30:21.060,EyeTracking,TestUI,Dwell_Start,Button: 7,Dwell_Started
17:30:21.073,EyeTracking,TestUI,Dwell_Start,Button: 7,Dwell_Started
17:30:21.083,EyeTracking,TestUI,Dwell_Start,Button: 7,Dwell_Started
17:30:21.094,EyeTracking,TestUI,Dwell_Start,Button: 7,Dwell_Started
17:30:21.105,EyeTracking,TestUI,Dwell_Start,Button: 7,Dwell_Started
17:30:21.117,EyeTracking,TestUI,Dwell_Start,Button: 7,Dwell_Started
17:30:21.128,EyeTracking,TestUI,Dwell_Start,Button: 7,Dwell_Started
17:30:21.138,EyeTracking,TestUI,Dwell_Start,Button: 7,Dwell_Started
17:30:21.150,EyeTracking,TestUI,Dwell_Start,Button: 7,Dwell_Started
17:30:21.161,EyeTracking,TestUI,Dwell_Start,Button: 7,Dwell_Started
17:30:21.173,EyeTracking,TestUI,Dwell_Start,Button: 7,Dwell_Started
17:30:21.183,EyeTracking,TestUI,Dwell_Start,Button: 7,Dwell_Started
17:30:21.196,EyeTracking,TestUI,Dwell_Start,Button: 7,Dwell_Started
17:30:21.206,EyeTracking,TestUI,Dwell_Start,Button: 7,Dwell_Started
17:30:21.217,EyeTracking,TestUI,Dwell_Start,Button: 7,Dwell_Started
17:30:21.227,EyeTracking,TestUI,Hover_Exit,Button: 7,Hover_Exit
17:30:21.283,EyeTracking,TestUI,Hover_Enter,Button: nextTestUI,Hovering
17:30:21.283,EyeTracking,TestUI,Dwell_Start,Button: nextTestUI,Dwell_Started
17:30:21.293,EyeTracking,TestUI,Dwell_Start,Button: nextTestUI,Dwell_Started
17:30:21.306,EyeTracking,TestUI,Dwell_Start,Button: nextTestUI,Dwell_Started
17:30:21.316,EyeTracking,TestUI,Dwell_Start,Button: nextTestUI,Dwell_Started
17:30:21.327,EyeTracking,TestUI,Dwell_Start,Button: nextTestUI,Dwell_Started
17:30:21.340,EyeTracking,TestUI,Dwell_Start,Button: nextTestUI,Dwell_Started
17:30:21.350,EyeTracking,TestUI,Dwell_Start,Button: nextTestUI,Dwell_Started
17:30:21.360,EyeTracking,TestUI,Dwell_Start,Button: nextTestUI,Dwell_Started
17:30:21.373,EyeTracking,TestUI,Dwell_Start,Button: nextTestUI,Dwell_Started
17:30:21.383,EyeTracking,TestUI,Dwell_Start,Button: nextTestUI,Dwell_Started
17:30:21.394,EyeTracking,TestUI,Dwell_Start,Button: nextTestUI,Dwell_Started
17:30:21.406,EyeTracking,TestUI,Dwell_Start,Button: nextTestUI,Dwell_Started
17:30:21.415,EyeTracking,TestUI,Dwell_Start,Button: nextTestUI,Dwell_Started
17:30:21.427,EyeTracking,TestUI,Dwell_Start,Button: nextTestUI,Dwell_Started
17:30:21.439,EyeTracking,TestUI,Dwell_Start,Button: nextTestUI,Dwell_Started
17:30:21.450,EyeTracking,TestUI,Dwell_Start,Button: nextTestUI,Dwell_Started
17:30:21.461,EyeTracking,TestUI,Dwell_Start,Button: nextTestUI,Dwell_Started
17:30:21.473,EyeTracking,TestUI,Dwell_Start,Button: nextTestUI,Dwell_Started
17:30:21.483,EyeTracking,TestUI,Dwell_Start,Button: nextTestUI,Dwell_Started
17:30:21.493,EyeTracking,TestUI,Dwell_Start,Button: nextTestUI,Dwell_Started
17:30:21.506,EyeTracking,TestUI,Dwell_Start,Button: nextTestUI,Dwell_Started
17:30:21.516,EyeTracking,TestUI,Dwell_Start,Button: nextTestUI,Dwell_Started
17:30:21.527,EyeTracking,TestUI,Dwell_Start,Button: nextTestUI,Dwell_Started
17:30:21.538,EyeTracking,TestUI,Dwell_Start,Button: nextTestUI,Dwell_Started
17:30:21.549,EyeTracking,TestUI,Dwell_Start,Button: nextTestUI,Dwell_Started
17:30:21.561,EyeTracking,TestUI,Dwell_Start,Button: nextTestUI,Dwell_Started
17:30:21.572,EyeTracking,TestUI,Dwell_Start,Button: nextTestUI,Dwell_Started
17:30:21.582,EyeTracking,TestUI,Dwell_Start,Button: nextTestUI,Dwell_Started
17:30:21.595,EyeTracking,TestUI,Dwell_Start,Button: nextTestUI,Dwell_Started
17:30:21.605,EyeTracking,TestUI,Dwell_Start,Button: nextTestUI,Dwell_Started
17:30:21.617,EyeTracking,TestUI,Dwell_Start,Button: nextTestUI,Dwell_Started
17:30:21.628,EyeTracking,TestUI,Dwell_Start,Button: nextTestUI,Dwell_Started
17:30:21.639,EyeTracking,TestUI,Dwell_Start,Button: nextTestUI,Dwell_Started
17:30:21.649,EyeTracking,TestUI,Dwell_Start,Button: nextTestUI,Dwell_Started
17:30:21.660,EyeTracking,TestUI,Dwell_Start,Button: nextTestUI,Dwell_Started
17:30:21.672,EyeTracking,TestUI,Dwell_Start,Button: nextTestUI,Dwell_Started
17:30:21.683,EyeTracking,TestUI,Dwell_Start,Button: nextTestUI,Dwell_Started
17:30:21.694,EyeTracking,TestUI,Dwell_Start,Button: nextTestUI,Dwell_Started
17:30:21.704,EyeTracking,TestUI,Dwell_Start,Button: nextTestUI,Dwell_Started
17:30:21.716,EyeTracking,TestUI,Dwell_Start,Button: nextTestUI,Dwell_Started
17:30:21.727,EyeTracking,TestUI,Dwell_Start,Button: nextTestUI,Dwell_Started
17:30:21.739,EyeTracking,TestUI,Dwell_Start,Button: nextTestUI,Dwell_Started
17:30:21.749,EyeTracking,TestUI,Dwell_Start,Button: nextTestUI,Dwell_Started
17:30:21.760,EyeTracking,TestUI,Dwell_Start,Button: nextTestUI,Dwell_Started
17:30:21.773,EyeTracking,TestUI,Dwell_Start,Button: nextTestUI,Dwell_Started
17:30:21.782,EyeTracking,TestUI,Dwell_Start,Button: nextTestUI,Dwell_Started
17:30:21.794,EyeTracking,TestUI,Dwell_Start,Button: nextTestUI,Dwell_Started
17:30:21.805,EyeTracking,TestUI,Dwell_Start,Button: nextTestUI,Dwell_Started
17:30:21.817,EyeTracking,TestUI,Dwell_Start,Button: nextTestUI,Dwell_Started
17:30:21.828,EyeTracking,TestUI,Dwell_Start,Button: nextTestUI,Dwell_Started
17:30:21.839,EyeTracking,TestUI,Dwell_Start,Button: nextTestUI,Dwell_Started
17:30:21.850,EyeTracking,TestUI,Dwell_Start,Button: nextTestUI,Dwell_Started
17:30:21.860,EyeTracking,TestUI,Dwell_Start,Button: nextTestUI,Dwell_Started
17:30:21.871,EyeTracking,TestUI,Dwell_Start,Button: nextTestUI,Dwell_Started
17:30:21.882,EyeTracking,TestUI,Dwell_Start,Button: nextTestUI,Dwell_Started
17:30:21.894,EyeTracking,TestUI,Dwell_Start,Button: nextTestUI,Dwell_Started
17:30:21.906,EyeTracking,TestUI,Dwell_Start,Button: nextTestUI,Dwell_Started
17:30:21.916,EyeTracking,TestUI,Dwell_Start,Button: nextTestUI,Dwell_Started
17:30:21.927,EyeTracking,TestUI,Dwell_Start,Button: nextTestUI,Dwell_Started
17:30:21.939,EyeTracking,TestUI,Dwell_Start,Button: nextTestUI,Dwell_Started
17:30:21.948,EyeTracking,TestUI,Dwell_Start,Button: nextTestUI,Dwell_Started
17:30:21.960,EyeTracking,TestUI,Dwell_Start,Button: nextTestUI,Dwell_Started
17:30:21.972,EyeTracking,TestUI,Dwell_Start,Button: nextTestUI,Dwell_Started
17:30:21.983,EyeTracking,TestUI,Dwell_Start,Button: nextTestUI,Dwell_Started
17:30:21.994,EyeTracking,TestUI,Dwell_Start,Button: nextTestUI,Dwell_Started
17:30:22.005,EyeTracking,TestUI,Dwell_Start,Button: nextTestUI,Dwell_Started
17:30:22.016,EyeTracking,TestUI,Dwell_Start,Button: nextTestUI,Dwell_Started
17:30:22.027,EyeTracking,TestUI,Dwell_Start,Button: nextTestUI,Dwell_Started
17:30:22.039,EyeTracking,TestUI,Dwell_Start,Button: nextTestUI,Dwell_Started
17:30:22.049,EyeTracking,TestUI,Dwell_Start,Button: nextTestUI,Dwell_Started
17:30:22.061,EyeTracking,TestUI,Dwell_Start,Button: nextTestUI,Dwell_Started
17:30:22.071,EyeTracking,TestUI,Dwell_Start,Button: nextTestUI,Dwell_Started
17:30:22.083,EyeTracking,TestUI,Dwell_Start,Button: nextTestUI,Dwell_Started
17:30:22.093,EyeTracking,TestUI,Dwell_Start,Button: nextTestUI,Dwell_Started
17:30:22.106,EyeTracking,TestUI,Dwell_Start,Button: nextTestUI,Dwell_Started
17:30:22.115,EyeTracking,TestUI,Dwell_Start,Button: nextTestUI,Dwell_Started
17:30:22.127,EyeTracking,TestUI,Dwell_Start,Button: nextTestUI,Dwell_Started
17:30:22.138,EyeTracking,TestUI,Dwell_Start,Button: nextTestUI,Dwell_Started
17:30:22.150,EyeTracking,TestUI,Dwell_Start,Button: nextTestUI,Dwell_Started
17:30:22.160,EyeTracking,TestUI,Dwell_Start,Button: nextTestUI,Dwell_Started
17:30:22.171,EyeTracking,TestUI,Dwell_Start,Button: nextTestUI,Dwell_Started
17:30:22.183,EyeTracking,TestUI,Dwell_Start,Button: nextTestUI,Dwell_Started
17:30:22.193,EyeTracking,TestUI,Dwell_Start,Button: nextTestUI,Dwell_Started
17:30:22.205,EyeTracking,TestUI,Dwell_Start,Button: nextTestUI,Dwell_Started
17:30:22.215,EyeTracking,TestUI,Dwell_Start,Button: nextTestUI,Dwell_Started
17:30:22.226,EyeTracking,TestUI,Dwell_Start,Button: nextTestUI,Dwell_Started
17:30:22.238,EyeTracking,TestUI,Dwell_Start,Button: nextTestUI,Dwell_Started
17:30:22.248,EyeTracking,TestUI,Dwell_Start,Button: nextTestUI,Dwell_Started
17:30:22.260,EyeTracking,TestUI,Dwell_Start,Button: nextTestUI,Dwell_Started
17:30:22.272,EyeTracking,TestUI,Dwell_Start,Button: nextTestUI,Dwell_Started
17:30:22.282,EyeTracking,TestUI,Dwell_Start,Button: nextTestUI,Dwell_Started
17:30:22.282,EyeTracking,TestUI,Dwell_Complete,Button: nextTestUI,Dwelling_Completed
17:30:22.282,EyeTracking,TestUI,Flicker_Start,nextTestUI,Flicker_Start
17:30:24.293,EyeTracking,TestUI,Flicker_End,Button: nextTestUI,Flicker_End
17:30:24.293,EyeTracking,TestUI,Action_Executed,Button: nextTestUI; Action: TestUI,Execution_Proceeding
17:30:24.293,EyeTracking,Demo3D,Phase_Start,Demo3D,
17:30:24.304,EyeTracking,Demo3D,Hover_Enter,Button: StartDemo,Hovering
17:30:24.304,EyeTracking,Demo3D,Dwell_Start,Button: StartDemo,Dwell_Started
17:30:24.315,EyeTracking,Demo3D,Dwell_Start,Button: StartDemo,Dwell_Started
17:30:24.325,EyeTracking,Demo3D,Dwell_Start,Button: StartDemo,Dwell_Started
17:30:24.337,EyeTracking,Demo3D,Dwell_Start,Button: StartDemo,Dwell_Started
17:30:24.349,EyeTracking,Demo3D,Dwell_Start,Button: StartDemo,Dwell_Started
17:30:24.358,EyeTracking,Demo3D,Dwell_Start,Button: StartDemo,Dwell_Started
17:30:24.371,EyeTracking,Demo3D,Dwell_Start,Button: StartDemo,Dwell_Started
17:30:24.381,EyeTracking,Demo3D,Dwell_Start,Button: StartDemo,Dwell_Started
17:30:24.393,EyeTracking,Demo3D,Dwell_Start,Button: StartDemo,Dwell_Started
17:30:24.404,EyeTracking,Demo3D,Dwell_Start,Button: StartDemo,Dwell_Started
17:30:24.415,EyeTracking,Demo3D,Dwell_Start,Button: StartDemo,Dwell_Started
17:30:24.425,EyeTracking,Demo3D,Dwell_Start,Button: StartDemo,Dwell_Started
17:30:24.438,EyeTracking,Demo3D,Dwell_Start,Button: StartDemo,Dwell_Started
17:30:24.449,EyeTracking,Demo3D,Dwell_Start,Button: StartDemo,Dwell_Started
17:30:24.460,EyeTracking,Demo3D,Dwell_Start,Button: StartDemo,Dwell_Started
17:30:24.470,EyeTracking,Demo3D,Dwell_Start,Button: StartDemo,Dwell_Started
17:30:24.481,EyeTracking,Demo3D,Dwell_Start,Button: StartDemo,Dwell_Started
17:30:24.491,EyeTracking,Demo3D,Dwell_Start,Button: StartDemo,Dwell_Started
17:30:24.503,EyeTracking,Demo3D,Dwell_Start,Button: StartDemo,Dwell_Started
17:30:24.514,EyeTracking,Demo3D,Dwell_Start,Button: StartDemo,Dwell_Started
17:30:24.527,EyeTracking,Demo3D,Dwell_Start,Button: StartDemo,Dwell_Started
17:30:24.537,EyeTracking,Demo3D,Dwell_Start,Button: StartDemo,Dwell_Started
17:30:24.548,EyeTracking,Demo3D,Dwell_Start,Button: StartDemo,Dwell_Started
17:30:24.559,EyeTracking,Demo3D,Dwell_Start,Button: StartDemo,Dwell_Started
17:30:24.570,EyeTracking,Demo3D,Dwell_Start,Button: StartDemo,Dwell_Started
17:30:24.586,EyeTracking,Demo3D,Dwell_Start,Button: StartDemo,Dwell_Started
17:30:24.593,EyeTracking,Demo3D,Dwell_Start,Button: StartDemo,Dwell_Started
17:30:24.601,EyeTracking,Demo3D,Dwell_Start,Button: StartDemo,Dwell_Started
17:30:24.613,EyeTracking,Demo3D,Dwell_Start,Button: StartDemo,Dwell_Started
17:30:24.623,EyeTracking,Demo3D,Dwell_Start,Button: StartDemo,Dwell_Started
17:30:24.636,EyeTracking,Demo3D,Dwell_Start,Button: StartDemo,Dwell_Started
17:30:24.645,EyeTracking,Demo3D,Dwell_Start,Button: StartDemo,Dwell_Started
17:30:24.657,EyeTracking,Demo3D,Dwell_Start,Button: StartDemo,Dwell_Started
17:30:24.668,EyeTracking,Demo3D,Dwell_Start,Button: StartDemo,Dwell_Started
17:30:24.679,EyeTracking,Demo3D,Dwell_Start,Button: StartDemo,Dwell_Started
17:30:24.691,EyeTracking,Demo3D,Dwell_Start,Button: StartDemo,Dwell_Started
17:30:24.701,EyeTracking,Demo3D,Dwell_Start,Button: StartDemo,Dwell_Started
17:30:24.713,EyeTracking,Demo3D,Dwell_Start,Button: StartDemo,Dwell_Started
17:30:24.724,EyeTracking,Demo3D,Dwell_Start,Button: StartDemo,Dwell_Started
17:30:24.734,EyeTracking,Demo3D,Dwell_Start,Button: StartDemo,Dwell_Started
17:30:24.745,EyeTracking,Demo3D,Dwell_Start,Button: StartDemo,Dwell_Started
17:30:24.757,EyeTracking,Demo3D,Dwell_Start,Button: StartDemo,Dwell_Started
17:30:24.767,EyeTracking,Demo3D,Dwell_Start,Button: StartDemo,Dwell_Started
17:30:24.779,EyeTracking,Demo3D,Dwell_Start,Button: StartDemo,Dwell_Started
17:30:24.791,EyeTracking,Demo3D,Dwell_Start,Button: StartDemo,Dwell_Started
17:30:24.802,EyeTracking,Demo3D,Dwell_Start,Button: StartDemo,Dwell_Started
17:30:24.813,EyeTracking,Demo3D,Dwell_Start,Button: StartDemo,Dwell_Started
17:30:24.823,EyeTracking,Demo3D,Dwell_Start,Button: StartDemo,Dwell_Started
17:30:24.834,EyeTracking,Demo3D,Dwell_Start,Button: StartDemo,Dwell_Started
17:30:24.845,EyeTracking,Demo3D,Dwell_Start,Button: StartDemo,Dwell_Started
17:30:24.858,EyeTracking,Demo3D,Dwell_Start,Button: StartDemo,Dwell_Started
17:30:24.868,EyeTracking,Demo3D,Dwell_Start,Button: StartDemo,Dwell_Started
17:30:24.881,EyeTracking,Demo3D,Hover_Exit,Button: StartDemo,Hover_Exit
17:30:25.980,EyeTracking,Demo3D,Hover_Enter,Button: StartDemo,Hovering
17:30:25.980,EyeTracking,Demo3D,Dwell_Start,Button: StartDemo,Dwell_Started
17:30:25.992,EyeTracking,Demo3D,Dwell_Start,Button: StartDemo,Dwell_Started
17:30:26.003,EyeTracking,Demo3D,Dwell_Start,Button: StartDemo,Dwell_Started
17:30:26.013,EyeTracking,Demo3D,Dwell_Start,Button: StartDemo,Dwell_Started
17:30:26.024,EyeTracking,Demo3D,Dwell_Start,Button: StartDemo,Dwell_Started
17:30:26.035,EyeTracking,Demo3D,Dwell_Start,Button: StartDemo,Dwell_Started
17:30:26.048,EyeTracking,Demo3D,Dwell_Start,Button: StartDemo,Dwell_Started
17:30:26.057,EyeTracking,Demo3D,Dwell_Start,Button: StartDemo,Dwell_Started
17:30:26.071,EyeTracking,Demo3D,Dwell_Start,Button: StartDemo,Dwell_Started
17:30:26.080,EyeTracking,Demo3D,Dwell_Start,Button: StartDemo,Dwell_Started
17:30:26.091,EyeTracking,Demo3D,Dwell_Start,Button: StartDemo,Dwell_Started
17:30:26.103,EyeTracking,Demo3D,Dwell_Start,Button: StartDemo,Dwell_Started
17:30:26.114,EyeTracking,Demo3D,Dwell_Start,Button: StartDemo,Dwell_Started
17:30:26.125,EyeTracking,Demo3D,Dwell_Start,Button: StartDemo,Dwell_Started
17:30:26.135,EyeTracking,Demo3D,Dwell_Start,Button: StartDemo,Dwell_Started
17:30:26.148,EyeTracking,Demo3D,Dwell_Start,Button: StartDemo,Dwell_Started
17:30:26.158,EyeTracking,Demo3D,Dwell_Start,Button: StartDemo,Dwell_Started
17:30:26.168,EyeTracking,Demo3D,Dwell_Start,Button: StartDemo,Dwell_Started
17:30:26.181,EyeTracking,Demo3D,Dwell_Start,Button: StartDemo,Dwell_Started
17:30:26.191,EyeTracking,Demo3D,Dwell_Start,Button: StartDemo,Dwell_Started
17:30:26.202,EyeTracking,Demo3D,Dwell_Start,Button: StartDemo,Dwell_Started
17:30:26.213,EyeTracking,Demo3D,Dwell_Start,Button: StartDemo,Dwell_Started
17:30:26.225,EyeTracking,Demo3D,Dwell_Start,Button: StartDemo,Dwell_Started
17:30:26.236,EyeTracking,Demo3D,Dwell_Start,Button: StartDemo,Dwell_Started
17:30:26.249,EyeTracking,Demo3D,Dwell_Start,Button: StartDemo,Dwell_Started
17:30:26.258,EyeTracking,Demo3D,Dwell_Start,Button: StartDemo,Dwell_Started
17:30:26.270,EyeTracking,Demo3D,Dwell_Start,Button: StartDemo,Dwell_Started
17:30:26.281,EyeTracking,Demo3D,Dwell_Start,Button: StartDemo,Dwell_Started
17:30:26.293,EyeTracking,Demo3D,Dwell_Start,Button: StartDemo,Dwell_Started
17:30:26.303,EyeTracking,Demo3D,Dwell_Start,Button: StartDemo,Dwell_Started
17:30:26.313,EyeTracking,Demo3D,Dwell_Start,Button: StartDemo,Dwell_Started
17:30:26.324,EyeTracking,Demo3D,Dwell_Start,Button: StartDemo,Dwell_Started
17:30:26.336,EyeTracking,Demo3D,Dwell_Start,Button: StartDemo,Dwell_Started
17:30:26.347,EyeTracking,Demo3D,Dwell_Start,Button: StartDemo,Dwell_Started
17:30:26.358,EyeTracking,Demo3D,Dwell_Start,Button: StartDemo,Dwell_Started
17:30:26.371,EyeTracking,Demo3D,Dwell_Start,Button: StartDemo,Dwell_Started
17:30:26.381,EyeTracking,Demo3D,Dwell_Start,Button: StartDemo,Dwell_Started
17:30:26.392,EyeTracking,Demo3D,Dwell_Start,Button: StartDemo,Dwell_Started
17:30:26.405,EyeTracking,Demo3D,Dwell_Start,Button: StartDemo,Dwell_Started
17:30:26.414,EyeTracking,Demo3D,Dwell_Start,Button: StartDemo,Dwell_Started
17:30:26.425,EyeTracking,Demo3D,Dwell_Start,Button: StartDemo,Dwell_Started
17:30:26.437,EyeTracking,Demo3D,Dwell_Start,Button: StartDemo,Dwell_Started
17:30:26.446,EyeTracking,Demo3D,Dwell_Start,Button: StartDemo,Dwell_Started
17:30:26.457,EyeTracking,Demo3D,Dwell_Start,Button: StartDemo,Dwell_Started
17:30:26.470,EyeTracking,Demo3D,Dwell_Start,Button: StartDemo,Dwell_Started
17:30:26.481,EyeTracking,Demo3D,Dwell_Start,Button: StartDemo,Dwell_Started
17:30:26.490,EyeTracking,Demo3D,Dwell_Start,Button: StartDemo,Dwell_Started
17:30:26.503,EyeTracking,Demo3D,Dwell_Start,Button: StartDemo,Dwell_Started
17:30:26.515,EyeTracking,Demo3D,Dwell_Start,Button: StartDemo,Dwell_Started
17:30:26.525,EyeTracking,Demo3D,Dwell_Start,Button: StartDemo,Dwell_Started
17:30:26.536,EyeTracking,Demo3D,Dwell_Start,Button: StartDemo,Dwell_Started
17:30:26.546,EyeTracking,Demo3D,Dwell_Start,Button: StartDemo,Dwell_Started
17:30:26.559,EyeTracking,Demo3D,Dwell_Start,Button: StartDemo,Dwell_Started
17:30:26.569,EyeTracking,Demo3D,Dwell_Start,Button: StartDemo,Dwell_Started
17:30:26.580,EyeTracking,Demo3D,Dwell_Start,Button: StartDemo,Dwell_Started
17:30:26.591,EyeTracking,Demo3D,Dwell_Start,Button: StartDemo,Dwell_Started
17:30:26.603,EyeTracking,Demo3D,Dwell_Start,Button: StartDemo,Dwell_Started
17:30:26.614,EyeTracking,Demo3D,Dwell_Start,Button: StartDemo,Dwell_Started
17:30:26.625,EyeTracking,Demo3D,Dwell_Start,Button: StartDemo,Dwell_Started
17:30:26.637,EyeTracking,Demo3D,Dwell_Start,Button: StartDemo,Dwell_Started
17:30:26.646,EyeTracking,Demo3D,Dwell_Start,Button: StartDemo,Dwell_Started
17:30:26.658,EyeTracking,Demo3D,Dwell_Start,Button: StartDemo,Dwell_Started
17:30:26.670,EyeTracking,Demo3D,Dwell_Start,Button: StartDemo,Dwell_Started
17:30:26.680,EyeTracking,Demo3D,Dwell_Start,Button: StartDemo,Dwell_Started
17:30:26.691,EyeTracking,Demo3D,Dwell_Start,Button: StartDemo,Dwell_Started
17:30:26.703,EyeTracking,Demo3D,Dwell_Start,Button: StartDemo,Dwell_Started
17:30:26.713,EyeTracking,Demo3D,Dwell_Start,Button: StartDemo,Dwell_Started
17:30:26.725,EyeTracking,Demo3D,Dwell_Start,Button: StartDemo,Dwell_Started
17:30:26.737,EyeTracking,Demo3D,Dwell_Start,Button: StartDemo,Dwell_Started
17:30:26.747,EyeTracking,Demo3D,Dwell_Start,Button: StartDemo,Dwell_Started
17:30:26.757,EyeTracking,Demo3D,Dwell_Start,Button: StartDemo,Dwell_Started
17:30:26.770,EyeTracking,Demo3D,Dwell_Start,Button: StartDemo,Dwell_Started
17:30:26.781,EyeTracking,Demo3D,Dwell_Start,Button: StartDemo,Dwell_Started
17:30:26.792,EyeTracking,Demo3D,Dwell_Start,Button: StartDemo,Dwell_Started
17:30:26.803,EyeTracking,Demo3D,Dwell_Start,Button: StartDemo,Dwell_Started
17:30:26.813,EyeTracking,Demo3D,Dwell_Start,Button: StartDemo,Dwell_Started
17:30:26.825,EyeTracking,Demo3D,Dwell_Start,Button: StartDemo,Dwell_Started
17:30:26.835,EyeTracking,Demo3D,Dwell_Start,Button: StartDemo,Dwell_Started
17:30:26.847,EyeTracking,Demo3D,Dwell_Start,Button: StartDemo,Dwell_Started
17:30:26.858,EyeTracking,Demo3D,Dwell_Start,Button: StartDemo,Dwell_Started
17:30:26.870,EyeTracking,Demo3D,Dwell_Start,Button: StartDemo,Dwell_Started
17:30:26.879,EyeTracking,Demo3D,Dwell_Start,Button: StartDemo,Dwell_Started
17:30:26.891,EyeTracking,Demo3D,Dwell_Start,Button: StartDemo,Dwell_Started
17:30:26.902,EyeTracking,Demo3D,Dwell_Start,Button: StartDemo,Dwell_Started
17:30:26.914,EyeTracking,Demo3D,Dwell_Start,Button: StartDemo,Dwell_Started
17:30:26.925,EyeTracking,Demo3D,Dwell_Start,Button: StartDemo,Dwell_Started
17:30:26.934,EyeTracking,Demo3D,Dwell_Start,Button: StartDemo,Dwell_Started
17:30:26.946,EyeTracking,Demo3D,Dwell_Start,Button: StartDemo,Dwell_Started
17:30:26.957,EyeTracking,Demo3D,Dwell_Start,Button: StartDemo,Dwell_Started
17:30:26.969,EyeTracking,Demo3D,Dwell_Start,Button: StartDemo,Dwell_Started
17:30:26.981,EyeTracking,Demo3D,Dwell_Start,Button: StartDemo,Dwell_Started
17:30:26.981,EyeTracking,Demo3D,Dwell_Complete,Button: StartDemo,Dwelling_Completed
17:30:26.981,EyeTracking,Demo3D,Flicker_Start,StartDemo,Flicker_Start
17:30:28.991,EyeTracking,Demo3D,Flicker_End,Button: StartDemo,Flicker_End
17:30:28.991,EyeTracking,Demo3D,Action_Executed,Button: StartDemo; Action: ButtonAction,Execution_Proceeding
17:30:29.019,EyeTracking,Demo3D,Dwell_Start,Object: Door_Single,Dwell_Started
17:30:30.000,EyeTracking,Demo3D,Dwell_Complete,Object: Door_Single,Dwelling_Completed
17:30:30.000,EyeTracking,Demo3D,Flicker_Start,Object: Door_Single; Hz: 15,Flickering_Start
17:30:30.055,EyeTracking,Demo3D,Gaze_Stop,Object: Door_Single,Hover_Exit
17:30:30.201,EyeTracking,Demo3D,Dwell_Start,Object: Door_Single,Dwell_Started
17:30:30.234,EyeTracking,Demo3D,Gaze_Stop,Object: Door_Single,Hover_Exit
17:30:30.245,EyeTracking,Demo3D,Dwell_Start,Object: Door_Single,Dwell_Started
17:30:30.312,EyeTracking,Demo3D,Gaze_Stop,Object: Door_Single,Hover_Exit
17:30:30.334,EyeTracking,Demo3D,Dwell_Start,Object: Door_Single,Dwell_Started
17:30:32.012,EyeTracking,Demo3D,Flicker_End,Object: Door_Single,Flickering_Completed
17:30:32.012,EyeTracking,Demo3D,Action_Executed,Object: Door_Single; Action: DoorSwitch,Execution_Proceeding
17:30:32.022,EyeTracking,Demo3D,Dwell_Start,Object: Door_Double,Dwell_Started
17:30:33.021,EyeTracking,Demo3D,Dwell_Complete,Object: Door_Double,Dwelling_Completed
17:30:33.021,EyeTracking,Demo3D,Flicker_Start,Object: Door_Double; Hz: 15,Flickering_Start
17:30:35.032,EyeTracking,Demo3D,Flicker_End,Object: Door_Double,Flickering_Completed
17:30:35.032,EyeTracking,Demo3D,Action_Executed,Object: Door_Double; Action: NextScene,Execution_Proceeding
17:30:35.032,EyeTracking,TrainBCI,Phase_Start,TrainBCI,
17:30:39.151,EyeTracking,TrainBCI,Hover_Enter,Button: StartTrainBCI,Hovering
17:30:39.151,EyeTracking,TrainBCI,Dwell_Start,Button: StartTrainBCI,Dwell_Started
17:30:39.162,EyeTracking,TrainBCI,Dwell_Start,Button: StartTrainBCI,Dwell_Started
17:30:39.174,EyeTracking,TrainBCI,Dwell_Start,Button: StartTrainBCI,Dwell_Started
17:30:39.184,EyeTracking,TrainBCI,Dwell_Start,Button: StartTrainBCI,Dwell_Started
17:30:39.196,EyeTracking,TrainBCI,Dwell_Start,Button: StartTrainBCI,Dwell_Started
17:30:39.207,EyeTracking,TrainBCI,Dwell_Start,Button: StartTrainBCI,Dwell_Started
17:30:39.218,EyeTracking,TrainBCI,Dwell_Start,Button: StartTrainBCI,Dwell_Started
17:30:39.229,EyeTracking,TrainBCI,Dwell_Start,Button: StartTrainBCI,Dwell_Started
17:30:39.241,EyeTracking,TrainBCI,Dwell_Start,Button: StartTrainBCI,Dwell_Started
17:30:39.252,EyeTracking,TrainBCI,Dwell_Start,Button: StartTrainBCI,Dwell_Started
17:30:39.263,EyeTracking,TrainBCI,Dwell_Start,Button: StartTrainBCI,Dwell_Started
17:30:39.274,EyeTracking,TrainBCI,Dwell_Start,Button: StartTrainBCI,Dwell_Started
17:30:39.285,EyeTracking,TrainBCI,Dwell_Start,Button: StartTrainBCI,Dwell_Started
17:30:39.299,EyeTracking,TrainBCI,Dwell_Start,Button: StartTrainBCI,Dwell_Started
17:30:39.308,EyeTracking,TrainBCI,Dwell_Start,Button: StartTrainBCI,Dwell_Started
17:30:39.317,EyeTracking,TrainBCI,Dwell_Start,Button: StartTrainBCI,Dwell_Started
17:30:39.328,EyeTracking,TrainBCI,Dwell_Start,Button: StartTrainBCI,Dwell_Started
17:30:39.339,EyeTracking,TrainBCI,Dwell_Start,Button: StartTrainBCI,Dwell_Started
17:30:39.351,EyeTracking,TrainBCI,Dwell_Start,Button: StartTrainBCI,Dwell_Started
17:30:39.362,EyeTracking,TrainBCI,Dwell_Start,Button: StartTrainBCI,Dwell_Started
17:30:39.373,EyeTracking,TrainBCI,Dwell_Start,Button: StartTrainBCI,Dwell_Started
17:30:39.384,EyeTracking,TrainBCI,Dwell_Start,Button: StartTrainBCI,Dwell_Started
17:30:39.394,EyeTracking,TrainBCI,Dwell_Start,Button: StartTrainBCI,Dwell_Started
17:30:39.406,EyeTracking,TrainBCI,Dwell_Start,Button: StartTrainBCI,Dwell_Started
17:30:39.417,EyeTracking,TrainBCI,Dwell_Start,Button: StartTrainBCI,Dwell_Started
17:30:39.429,EyeTracking,TrainBCI,Dwell_Start,Button: StartTrainBCI,Dwell_Started
17:30:39.439,EyeTracking,TrainBCI,Dwell_Start,Button: StartTrainBCI,Dwell_Started
17:30:39.451,EyeTracking,TrainBCI,Dwell_Start,Button: StartTrainBCI,Dwell_Started
17:30:39.461,EyeTracking,TrainBCI,Dwell_Start,Button: StartTrainBCI,Dwell_Started
17:30:39.472,EyeTracking,TrainBCI,Dwell_Start,Button: StartTrainBCI,Dwell_Started
17:30:39.484,EyeTracking,TrainBCI,Dwell_Start,Button: StartTrainBCI,Dwell_Started
17:30:39.494,EyeTracking,TrainBCI,Dwell_Start,Button: StartTrainBCI,Dwell_Started
17:30:39.505,EyeTracking,TrainBCI,Dwell_Start,Button: StartTrainBCI,Dwell_Started
17:30:39.519,EyeTracking,TrainBCI,Dwell_Start,Button: StartTrainBCI,Dwell_Started
17:30:39.529,EyeTracking,TrainBCI,Dwell_Start,Button: StartTrainBCI,Dwell_Started
17:30:39.539,EyeTracking,TrainBCI,Dwell_Start,Button: StartTrainBCI,Dwell_Started
17:30:39.551,EyeTracking,TrainBCI,Dwell_Start,Button: StartTrainBCI,Dwell_Started
17:30:39.562,EyeTracking,TrainBCI,Dwell_Start,Button: StartTrainBCI,Dwell_Started
17:30:39.572,EyeTracking,TrainBCI,Dwell_Start,Button: StartTrainBCI,Dwell_Started
17:30:39.584,EyeTracking,TrainBCI,Dwell_Start,Button: StartTrainBCI,Dwell_Started
17:30:39.594,EyeTracking,TrainBCI,Dwell_Start,Button: StartTrainBCI,Dwell_Started
17:30:39.606,EyeTracking,TrainBCI,Dwell_Start,Button: StartTrainBCI,Dwell_Started
17:30:39.617,EyeTracking,TrainBCI,Dwell_Start,Button: StartTrainBCI,Dwell_Started
17:30:39.627,EyeTracking,TrainBCI,Dwell_Start,Button: StartTrainBCI,Dwell_Started
17:30:39.639,EyeTracking,TrainBCI,Dwell_Start,Button: StartTrainBCI,Dwell_Started
17:30:39.650,EyeTracking,TrainBCI,Dwell_Start,Button: StartTrainBCI,Dwell_Started
17:30:39.662,EyeTracking,TrainBCI,Dwell_Start,Button: StartTrainBCI,Dwell_Started
17:30:39.672,EyeTracking,TrainBCI,Dwell_Start,Button: StartTrainBCI,Dwell_Started
17:30:39.683,EyeTracking,TrainBCI,Dwell_Start,Button: StartTrainBCI,Dwell_Started
17:30:39.695,EyeTracking,TrainBCI,Dwell_Start,Button: StartTrainBCI,Dwell_Started
17:30:39.708,EyeTracking,TrainBCI,Dwell_Start,Button: StartTrainBCI,Dwell_Started
17:30:39.718,EyeTracking,TrainBCI,Dwell_Start,Button: StartTrainBCI,Dwell_Started
17:30:39.729,EyeTracking,TrainBCI,Dwell_Start,Button: StartTrainBCI,Dwell_Started
17:30:39.739,EyeTracking,TrainBCI,Dwell_Start,Button: StartTrainBCI,Dwell_Started
17:30:39.751,EyeTracking,TrainBCI,Dwell_Start,Button: StartTrainBCI,Dwell_Started
17:30:39.764,EyeTracking,TrainBCI,Dwell_Start,Button: StartTrainBCI,Dwell_Started
17:30:39.773,EyeTracking,TrainBCI,Dwell_Start,Button: StartTrainBCI,Dwell_Started
17:30:39.785,EyeTracking,TrainBCI,Dwell_Start,Button: StartTrainBCI,Dwell_Started
17:30:39.796,EyeTracking,TrainBCI,Dwell_Start,Button: StartTrainBCI,Dwell_Started
17:30:39.807,EyeTracking,TrainBCI,Dwell_Start,Button: StartTrainBCI,Dwell_Started
17:30:39.817,EyeTracking,TrainBCI,Dwell_Start,Button: StartTrainBCI,Dwell_Started
17:30:39.829,EyeTracking,TrainBCI,Dwell_Start,Button: StartTrainBCI,Dwell_Started
17:30:39.839,EyeTracking,TrainBCI,Dwell_Start,Button: StartTrainBCI,Dwell_Started
17:30:39.851,EyeTracking,TrainBCI,Dwell_Start,Button: StartTrainBCI,Dwell_Started
17:30:39.862,EyeTracking,TrainBCI,Dwell_Start,Button: StartTrainBCI,Dwell_Started
17:30:39.873,EyeTracking,TrainBCI,Dwell_Start,Button: StartTrainBCI,Dwell_Started
17:30:39.884,EyeTracking,TrainBCI,Dwell_Start,Button: StartTrainBCI,Dwell_Started
17:30:39.896,EyeTracking,TrainBCI,Dwell_Start,Button: StartTrainBCI,Dwell_Started
17:30:39.906,EyeTracking,TrainBCI,Dwell_Start,Button: StartTrainBCI,Dwell_Started
17:30:39.918,EyeTracking,TrainBCI,Dwell_Start,Button: StartTrainBCI,Dwell_Started
17:30:39.930,EyeTracking,TrainBCI,Dwell_Start,Button: StartTrainBCI,Dwell_Started
17:30:39.941,EyeTracking,TrainBCI,Dwell_Start,Button: StartTrainBCI,Dwell_Started
17:30:39.952,EyeTracking,TrainBCI,Dwell_Start,Button: StartTrainBCI,Dwell_Started
17:30:39.962,EyeTracking,TrainBCI,Dwell_Start,Button: StartTrainBCI,Dwell_Started
17:30:39.972,EyeTracking,TrainBCI,Dwell_Start,Button: StartTrainBCI,Dwell_Started
17:30:39.984,EyeTracking,TrainBCI,Dwell_Start,Button: StartTrainBCI,Dwell_Started
17:30:39.995,EyeTracking,TrainBCI,Dwell_Start,Button: StartTrainBCI,Dwell_Started
17:30:40.006,EyeTracking,TrainBCI,Dwell_Start,Button: StartTrainBCI,Dwell_Started
17:30:40.018,EyeTracking,TrainBCI,Dwell_Start,Button: StartTrainBCI,Dwell_Started
17:30:40.029,EyeTracking,TrainBCI,Dwell_Start,Button: StartTrainBCI,Dwell_Started
17:30:40.039,EyeTracking,TrainBCI,Dwell_Start,Button: StartTrainBCI,Dwell_Started
17:30:40.051,EyeTracking,TrainBCI,Dwell_Start,Button: StartTrainBCI,Dwell_Started
17:30:40.063,EyeTracking,TrainBCI,Dwell_Start,Button: StartTrainBCI,Dwell_Started
17:30:40.073,EyeTracking,TrainBCI,Dwell_Start,Button: StartTrainBCI,Dwell_Started
17:30:40.084,EyeTracking,TrainBCI,Dwell_Start,Button: StartTrainBCI,Dwell_Started
17:30:40.096,EyeTracking,TrainBCI,Dwell_Start,Button: StartTrainBCI,Dwell_Started
17:30:40.108,EyeTracking,TrainBCI,Dwell_Start,Button: StartTrainBCI,Dwell_Started
17:30:40.117,EyeTracking,TrainBCI,Dwell_Start,Button: StartTrainBCI,Dwell_Started
17:30:40.129,EyeTracking,TrainBCI,Dwell_Start,Button: StartTrainBCI,Dwell_Started
17:30:40.140,EyeTracking,TrainBCI,Dwell_Start,Button: StartTrainBCI,Dwell_Started
17:30:40.152,EyeTracking,TrainBCI,Dwell_Start,Button: StartTrainBCI,Dwell_Started
17:30:40.152,EyeTracking,TrainBCI,Dwell_Complete,Button: StartTrainBCI,Dwelling_Completed
17:30:40.152,EyeTracking,TrainBCI,Flicker_Start,StartTrainBCI,Flicker_Start
17:30:40.407,EyeTracking,TrainBCI,Hover_Exit,Button: StartTrainBCI,Hover_Exit
17:30:40.462,EyeTracking,TrainBCI,Hover_Enter,Button: StartTrainBCI,Hovering
17:30:40.462,EyeTracking,TrainBCI,Dwell_Start,Button: StartTrainBCI,Dwell_Started
17:30:40.473,EyeTracking,TrainBCI,Dwell_Start,Button: StartTrainBCI,Dwell_Started
17:30:40.484,EyeTracking,TrainBCI,Dwell_Start,Button: StartTrainBCI,Dwell_Started
17:30:40.495,EyeTracking,TrainBCI,Dwell_Start,Button: StartTrainBCI,Dwell_Started
17:30:40.506,EyeTracking,TrainBCI,Dwell_Start,Button: StartTrainBCI,Dwell_Started
17:30:40.518,EyeTracking,TrainBCI,Dwell_Start,Button: StartTrainBCI,Dwell_Started
17:30:40.528,EyeTracking,TrainBCI,Dwell_Start,Button: StartTrainBCI,Dwell_Started
17:30:40.540,EyeTracking,TrainBCI,Dwell_Start,Button: StartTrainBCI,Dwell_Started
17:30:40.551,EyeTracking,TrainBCI,Dwell_Start,Button: StartTrainBCI,Dwell_Started
17:30:40.562,EyeTracking,TrainBCI,Dwell_Start,Button: StartTrainBCI,Dwell_Started
17:30:40.573,EyeTracking,TrainBCI,Hover_Exit,Button: StartTrainBCI,Hover_Exit
17:30:40.950,EyeTracking,TrainBCI,Hover_Enter,Button: StartTrainBCI,Hovering
17:30:40.950,EyeTracking,TrainBCI,Dwell_Start,Button: StartTrainBCI,Dwell_Started
17:30:40.962,EyeTracking,TrainBCI,Dwell_Start,Button: StartTrainBCI,Dwell_Started
17:30:40.972,EyeTracking,TrainBCI,Dwell_Start,Button: StartTrainBCI,Dwell_Started
17:30:40.984,EyeTracking,TrainBCI,Dwell_Start,Button: StartTrainBCI,Dwell_Started
17:30:40.995,EyeTracking,TrainBCI,Dwell_Start,Button: StartTrainBCI,Dwell_Started
17:30:41.006,EyeTracking,TrainBCI,Dwell_Start,Button: StartTrainBCI,Dwell_Started
17:30:41.018,EyeTracking,TrainBCI,Dwell_Start,Button: StartTrainBCI,Dwell_Started
17:30:41.028,EyeTracking,TrainBCI,Dwell_Start,Button: StartTrainBCI,Dwell_Started
17:30:41.039,EyeTracking,TrainBCI,Dwell_Start,Button: StartTrainBCI,Dwell_Started
17:30:41.051,EyeTracking,TrainBCI,Dwell_Start,Button: StartTrainBCI,Dwell_Started
17:30:41.062,EyeTracking,TrainBCI,Dwell_Start,Button: StartTrainBCI,Dwell_Started
17:30:41.072,EyeTracking,TrainBCI,Dwell_Start,Button: StartTrainBCI,Dwell_Started
17:30:41.084,EyeTracking,TrainBCI,Dwell_Start,Button: StartTrainBCI,Dwell_Started
17:30:41.094,EyeTracking,TrainBCI,Dwell_Start,Button: StartTrainBCI,Dwell_Started
17:30:41.105,EyeTracking,TrainBCI,Dwell_Start,Button: StartTrainBCI,Dwell_Started
17:30:41.117,EyeTracking,TrainBCI,Dwell_Start,Button: StartTrainBCI,Dwell_Started
17:30:41.128,EyeTracking,TrainBCI,Dwell_Start,Button: StartTrainBCI,Dwell_Started
17:30:41.139,EyeTracking,TrainBCI,Dwell_Start,Button: StartTrainBCI,Dwell_Started
17:30:41.150,EyeTracking,TrainBCI,Dwell_Start,Button: StartTrainBCI,Dwell_Started
17:30:41.162,EyeTracking,TrainBCI,Dwell_Start,Button: StartTrainBCI,Dwell_Started
17:30:41.174,EyeTracking,TrainBCI,Dwell_Start,Button: StartTrainBCI,Dwell_Started
17:30:41.184,EyeTracking,TrainBCI,Dwell_Start,Button: StartTrainBCI,Dwell_Started
17:30:41.194,EyeTracking,TrainBCI,Dwell_Start,Button: StartTrainBCI,Dwell_Started
17:30:41.207,EyeTracking,TrainBCI,Dwell_Start,Button: StartTrainBCI,Dwell_Started
17:30:41.218,EyeTracking,TrainBCI,Dwell_Start,Button: StartTrainBCI,Dwell_Started
17:30:41.229,EyeTracking,TrainBCI,Dwell_Start,Button: StartTrainBCI,Dwell_Started
17:30:41.239,EyeTracking,TrainBCI,Dwell_Start,Button: StartTrainBCI,Dwell_Started
17:30:41.250,EyeTracking,TrainBCI,Dwell_Start,Button: StartTrainBCI,Dwell_Started
17:30:41.262,EyeTracking,TrainBCI,Dwell_Start,Button: StartTrainBCI,Dwell_Started
17:30:41.272,EyeTracking,TrainBCI,Dwell_Start,Button: StartTrainBCI,Dwell_Started
17:30:41.283,EyeTracking,TrainBCI,Dwell_Start,Button: StartTrainBCI,Dwell_Started
17:30:41.294,EyeTracking,TrainBCI,Dwell_Start,Button: StartTrainBCI,Dwell_Started
17:30:41.306,EyeTracking,TrainBCI,Dwell_Start,Button: StartTrainBCI,Dwell_Started
17:30:41.317,EyeTracking,TrainBCI,Dwell_Start,Button: StartTrainBCI,Dwell_Started
17:30:41.328,EyeTracking,TrainBCI,Dwell_Start,Button: StartTrainBCI,Dwell_Started
17:30:41.340,EyeTracking,TrainBCI,Dwell_Start,Button: StartTrainBCI,Dwell_Started
17:30:41.350,EyeTracking,TrainBCI,Dwell_Start,Button: StartTrainBCI,Dwell_Started
17:30:41.361,EyeTracking,TrainBCI,Dwell_Start,Button: StartTrainBCI,Dwell_Started
17:30:41.373,EyeTracking,TrainBCI,Dwell_Start,Button: StartTrainBCI,Dwell_Started
17:30:41.384,EyeTracking,TrainBCI,Dwell_Start,Button: StartTrainBCI,Dwell_Started
17:30:41.396,EyeTracking,TrainBCI,Dwell_Start,Button: StartTrainBCI,Dwell_Started
17:30:41.406,EyeTracking,TrainBCI,Dwell_Start,Button: StartTrainBCI,Dwell_Started
17:30:41.417,EyeTracking,TrainBCI,Dwell_Start,Button: StartTrainBCI,Dwell_Started
17:30:41.429,EyeTracking,TrainBCI,Dwell_Start,Button: StartTrainBCI,Dwell_Started
17:30:41.440,EyeTracking,TrainBCI,Dwell_Start,Button: StartTrainBCI,Dwell_Started
17:30:41.450,EyeTracking,TrainBCI,Dwell_Start,Button: StartTrainBCI,Dwell_Started
17:30:41.461,EyeTracking,TrainBCI,Dwell_Start,Button: StartTrainBCI,Dwell_Started
17:30:41.473,EyeTracking,TrainBCI,Dwell_Start,Button: StartTrainBCI,Dwell_Started
17:30:41.484,EyeTracking,TrainBCI,Dwell_Start,Button: StartTrainBCI,Dwell_Started
17:30:41.494,EyeTracking,TrainBCI,Dwell_Start,Button: StartTrainBCI,Dwell_Started
17:30:41.506,EyeTracking,TrainBCI,Dwell_Start,Button: StartTrainBCI,Dwell_Started
17:30:41.517,EyeTracking,TrainBCI,Dwell_Start,Button: StartTrainBCI,Dwell_Started
17:30:41.529,EyeTracking,TrainBCI,Dwell_Start,Button: StartTrainBCI,Dwell_Started
17:30:41.539,EyeTracking,TrainBCI,Dwell_Start,Button: StartTrainBCI,Dwell_Started
17:30:41.550,EyeTracking,TrainBCI,Dwell_Start,Button: StartTrainBCI,Dwell_Started
17:30:41.561,EyeTracking,TrainBCI,Dwell_Start,Button: StartTrainBCI,Dwell_Started
17:30:41.573,EyeTracking,TrainBCI,Dwell_Start,Button: StartTrainBCI,Dwell_Started
17:30:41.583,EyeTracking,TrainBCI,Dwell_Start,Button: StartTrainBCI,Dwell_Started
17:30:41.594,EyeTracking,TrainBCI,Dwell_Start,Button: StartTrainBCI,Dwell_Started
17:30:41.606,EyeTracking,TrainBCI,Dwell_Start,Button: StartTrainBCI,Dwell_Started
17:30:41.616,EyeTracking,TrainBCI,Dwell_Start,Button: StartTrainBCI,Dwell_Started
17:30:41.628,EyeTracking,TrainBCI,Dwell_Start,Button: StartTrainBCI,Dwell_Started
17:30:41.640,EyeTracking,TrainBCI,Dwell_Start,Button: StartTrainBCI,Dwell_Started
17:30:41.650,EyeTracking,TrainBCI,Dwell_Start,Button: StartTrainBCI,Dwell_Started
17:30:41.662,EyeTracking,TrainBCI,Dwell_Start,Button: StartTrainBCI,Dwell_Started
17:30:41.673,EyeTracking,TrainBCI,Dwell_Start,Button: StartTrainBCI,Dwell_Started
17:30:41.684,EyeTracking,TrainBCI,Dwell_Start,Button: StartTrainBCI,Dwell_Started
17:30:41.694,EyeTracking,TrainBCI,Dwell_Start,Button: StartTrainBCI,Dwell_Started
17:30:41.705,EyeTracking,TrainBCI,Dwell_Start,Button: StartTrainBCI,Dwell_Started
17:30:41.718,EyeTracking,TrainBCI,Dwell_Start,Button: StartTrainBCI,Dwell_Started
17:30:41.728,EyeTracking,TrainBCI,Dwell_Start,Button: StartTrainBCI,Dwell_Started
17:30:41.739,EyeTracking,TrainBCI,Dwell_Start,Button: StartTrainBCI,Dwell_Started
17:30:41.752,EyeTracking,TrainBCI,Dwell_Start,Button: StartTrainBCI,Dwell_Started
17:30:41.761,EyeTracking,TrainBCI,Dwell_Start,Button: StartTrainBCI,Dwell_Started
17:30:41.773,EyeTracking,TrainBCI,Dwell_Start,Button: StartTrainBCI,Dwell_Started
17:30:41.784,EyeTracking,TrainBCI,Dwell_Start,Button: StartTrainBCI,Dwell_Started
17:30:41.795,EyeTracking,TrainBCI,Dwell_Start,Button: StartTrainBCI,Dwell_Started
17:30:41.805,EyeTracking,TrainBCI,Dwell_Start,Button: StartTrainBCI,Dwell_Started
17:30:41.817,EyeTracking,TrainBCI,Dwell_Start,Button: StartTrainBCI,Dwell_Started
17:30:41.827,EyeTracking,TrainBCI,Dwell_Start,Button: StartTrainBCI,Dwell_Started
17:30:41.841,EyeTracking,TrainBCI,Dwell_Start,Button: StartTrainBCI,Dwell_Started
17:30:41.850,EyeTracking,TrainBCI,Dwell_Start,Button: StartTrainBCI,Dwell_Started
17:30:41.860,EyeTracking,TrainBCI,Dwell_Start,Button: StartTrainBCI,Dwell_Started
17:30:41.872,EyeTracking,TrainBCI,Dwell_Start,Button: StartTrainBCI,Dwell_Started
17:30:41.883,EyeTracking,TrainBCI,Dwell_Start,Button: StartTrainBCI,Dwell_Started
17:30:41.894,EyeTracking,TrainBCI,Dwell_Start,Button: StartTrainBCI,Dwell_Started
17:30:41.905,EyeTracking,TrainBCI,Dwell_Start,Button: StartTrainBCI,Dwell_Started
17:30:41.917,EyeTracking,TrainBCI,Dwell_Start,Button: StartTrainBCI,Dwell_Started
17:30:41.927,EyeTracking,TrainBCI,Dwell_Start,Button: StartTrainBCI,Dwell_Started
17:30:41.940,EyeTracking,TrainBCI,Dwell_Start,Button: StartTrainBCI,Dwell_Started
17:30:41.950,EyeTracking,TrainBCI,Dwell_Start,Button: StartTrainBCI,Dwell_Started
17:30:41.950,EyeTracking,TrainBCI,Dwell_Complete,Button: StartTrainBCI,Dwelling_Completed
17:30:41.950,EyeTracking,TrainBCI,Flicker_Start,StartTrainBCI,Flicker_Start
17:30:42.160,EyeTracking,TrainBCI,Flicker_End,Button: StartTrainBCI,Flicker_End
17:30:42.160,EyeTracking,TrainBCI,Action_Executed,Button: StartTrainBCI; Action: ButtonAction,Execution_Proceeding
17:30:42.161,EyeTracking,TrainBCI,Training_Active_Door1_Start,Door_Single,Training_Active_Door1_Start
17:30:42.172,EyeTracking,TrainBCI,Dwell_Start,Object: Door_Single,Dwell_Started
17:30:43.171,EyeTracking,TrainBCI,Dwell_Complete,Object: Door_Single,Dwelling_Completed
17:30:43.171,EyeTracking,TrainBCI,Flicker_Start,Object: Door_Single; Hz: 15,Flickering_Start
17:30:43.504,EyeTracking,TrainBCI,Gaze_Stop,Object: Door_Single,Hover_Exit
17:30:44.116,EyeTracking,TrainBCI,Dwell_Start,Object: Door_Single,Dwell_Started
17:30:45.182,EyeTracking,TrainBCI,Flicker_End,Object: Door_Single,Flickering_Completed
17:30:45.182,EyeTracking,TrainBCI,Action_Executed,Object: Door_Single; Action: DoorSwitch,Execution_Proceeding
17:30:46.171,EyeTracking,TrainBCI,Training_Active_Door1_End,Door_Single,Training_Active_Door1_End
17:30:46.681,EyeTracking,TrainBCI,Training_Imagery_Door1_Start,Door_Single,Training_Imagery_Door1_Start
17:30:50.689,EyeTracking,TrainBCI,Training_Imagery_Door1_End,Door_Single,Training_Imagery_Door1_End
17:30:50.689,EyeTracking,TrainBCI,Training_Active_Door1_Start,Door_Single,Training_Active_Door1_Start
17:30:50.701,EyeTracking,TrainBCI,Dwell_Start,Object: Door_Single,Dwell_Started
17:30:51.700,EyeTracking,TrainBCI,Dwell_Complete,Object: Door_Single,Dwelling_Completed
17:30:51.700,EyeTracking,TrainBCI,Flicker_Start,Object: Door_Single; Hz: 15,Flickering_Start
17:30:53.711,EyeTracking,TrainBCI,Flicker_End,Object: Door_Single,Flickering_Completed
17:30:53.711,EyeTracking,TrainBCI,Action_Executed,Object: Door_Single; Action: DoorSwitch,Execution_Proceeding
17:30:54.700,EyeTracking,TrainBCI,Training_Active_Door1_End,Door_Single,Training_Active_Door1_End
17:30:55.210,EyeTracking,TrainBCI,Training_Imagery_Door1_Start,Door_Single,Training_Imagery_Door1_Start
17:30:59.220,EyeTracking,TrainBCI,Training_Imagery_Door1_End,Door_Single,Training_Imagery_Door1_End
17:30:59.220,EyeTracking,TrainBCI,Training_Active_Door1_Start,Door_Single,Training_Active_Door1_Start
17:30:59.230,EyeTracking,TrainBCI,Dwell_Start,Object: Door_Single,Dwell_Started
17:31:00.229,EyeTracking,TrainBCI,Dwell_Complete,Object: Door_Single,Dwelling_Completed
17:31:00.229,EyeTracking,TrainBCI,Flicker_Start,Object: Door_Single; Hz: 15,Flickering_Start
17:31:02.239,EyeTracking,TrainBCI,Flicker_End,Object: Door_Single,Flickering_Completed
17:31:02.239,EyeTracking,TrainBCI,Action_Executed,Object: Door_Single; Action: DoorSwitch,Execution_Proceeding
17:31:03.228,EyeTracking,TrainBCI,Training_Active_Door1_End,Door_Single,Training_Active_Door1_End
17:31:03.736,EyeTracking,TrainBCI,Training_Imagery_Door1_Start,Door_Single,Training_Imagery_Door1_Start
17:31:07.736,EyeTracking,TrainBCI,Training_Imagery_Door1_End,Door_Single,Training_Imagery_Door1_End
17:31:07.736,EyeTracking,TrainBCI,Training_Active_Door1_Start,Door_Single,Training_Active_Door1_Start
17:31:07.747,EyeTracking,TrainBCI,Dwell_Start,Object: Door_Single,Dwell_Started
17:31:08.746,EyeTracking,TrainBCI,Dwell_Complete,Object: Door_Single,Dwelling_Completed
17:31:08.746,EyeTracking,TrainBCI,Flicker_Start,Object: Door_Single; Hz: 15,Flickering_Start
17:31:10.757,EyeTracking,TrainBCI,Flicker_End,Object: Door_Single,Flickering_Completed
17:31:10.757,EyeTracking,TrainBCI,Action_Executed,Object: Door_Single; Action: DoorSwitch,Execution_Proceeding
17:31:11.745,EyeTracking,TrainBCI,Training_Active_Door1_End,Door_Single,Training_Active_Door1_End
17:31:12.256,EyeTracking,TrainBCI,Training_Imagery_Door1_Start,Door_Single,Training_Imagery_Door1_Start
17:31:16.265,EyeTracking,TrainBCI,Training_Imagery_Door1_End,Door_Single,Training_Imagery_Door1_End
17:31:16.265,EyeTracking,TrainBCI,Training_Active_Door1_Start,Door_Single,Training_Active_Door1_Start
17:31:16.276,EyeTracking,TrainBCI,Dwell_Start,Object: Door_Single,Dwell_Started
17:31:17.275,EyeTracking,TrainBCI,Dwell_Complete,Object: Door_Single,Dwelling_Completed
17:31:17.275,EyeTracking,TrainBCI,Flicker_Start,Object: Door_Single; Hz: 15,Flickering_Start
17:31:19.288,EyeTracking,TrainBCI,Flicker_End,Object: Door_Single,Flickering_Completed
17:31:19.288,EyeTracking,TrainBCI,Action_Executed,Object: Door_Single; Action: DoorSwitch,Execution_Proceeding
17:31:20.274,EyeTracking,TrainBCI,Training_Active_Door1_End,Door_Single,Training_Active_Door1_End
17:31:20.786,EyeTracking,TrainBCI,Training_Imagery_Door1_Start,Door_Single,Training_Imagery_Door1_Start
17:31:24.794,EyeTracking,TrainBCI,Training_Imagery_Door1_End,Door_Single,Training_Imagery_Door1_End
17:31:24.794,EyeTracking,TrainBCI,Training_Active_Door1_Start,Door_Single,Training_Active_Door1_Start
17:31:24.805,EyeTracking,TrainBCI,Dwell_Start,Object: Door_Single,Dwell_Started
17:31:25.805,EyeTracking,TrainBCI,Dwell_Complete,Object: Door_Single,Dwelling_Completed
17:31:25.805,EyeTracking,TrainBCI,Flicker_Start,Object: Door_Single; Hz: 15,Flickering_Start
17:31:27.815,EyeTracking,TrainBCI,Flicker_End,Object: Door_Single,Flickering_Completed
17:31:27.815,EyeTracking,TrainBCI,Action_Executed,Object: Door_Single; Action: DoorSwitch,Execution_Proceeding
17:31:28.804,EyeTracking,TrainBCI,Training_Active_Door1_End,Door_Single,Training_Active_Door1_End
17:31:29.314,EyeTracking,TrainBCI,Training_Imagery_Door1_Start,Door_Single,Training_Imagery_Door1_Start
17:31:33.322,EyeTracking,TrainBCI,Training_Imagery_Door1_End,Door_Single,Training_Imagery_Door1_End
17:31:33.322,EyeTracking,TrainBCI,Training_Active_Door1_Start,Door_Single,Training_Active_Door1_Start
17:31:33.336,EyeTracking,TrainBCI,Dwell_Start,Object: Door_Single,Dwell_Started
17:31:34.335,EyeTracking,TrainBCI,Dwell_Complete,Object: Door_Single,Dwelling_Completed
17:31:34.335,EyeTracking,TrainBCI,Flicker_Start,Object: Door_Single; Hz: 15,Flickering_Start
17:31:36.344,EyeTracking,TrainBCI,Flicker_End,Object: Door_Single,Flickering_Completed
17:31:36.344,EyeTracking,TrainBCI,Action_Executed,Object: Door_Single; Action: DoorSwitch,Execution_Proceeding
17:31:37.333,EyeTracking,TrainBCI,Training_Active_Door1_End,Door_Single,Training_Active_Door1_End
17:31:37.842,EyeTracking,TrainBCI,Training_Imagery_Door1_Start,Door_Single,Training_Imagery_Door1_Start
17:31:41.851,EyeTracking,TrainBCI,Training_Imagery_Door1_End,Door_Single,Training_Imagery_Door1_End
17:31:41.851,EyeTracking,TrainBCI,Training_Active_Door1_Start,Door_Single,Training_Active_Door1_Start
17:31:41.864,EyeTracking,TrainBCI,Dwell_Start,Object: Door_Single,Dwell_Started
17:31:42.863,EyeTracking,TrainBCI,Dwell_Complete,Object: Door_Single,Dwelling_Completed
17:31:42.863,EyeTracking,TrainBCI,Flicker_Start,Object: Door_Single; Hz: 15,Flickering_Start
17:31:44.871,EyeTracking,TrainBCI,Flicker_End,Object: Door_Single,Flickering_Completed
17:31:44.871,EyeTracking,TrainBCI,Action_Executed,Object: Door_Single; Action: DoorSwitch,Execution_Proceeding
17:31:45.861,EyeTracking,TrainBCI,Training_Active_Door1_End,Door_Single,Training_Active_Door1_End
17:31:46.372,EyeTracking,TrainBCI,Training_Imagery_Door1_Start,Door_Single,Training_Imagery_Door1_Start
17:31:50.381,EyeTracking,TrainBCI,Training_Imagery_Door1_End,Door_Single,Training_Imagery_Door1_End
17:31:50.381,EyeTracking,TrainBCI,Training_Active_Door1_Start,Door_Single,Training_Active_Door1_Start
17:31:50.392,EyeTracking,TrainBCI,Dwell_Start,Object: Door_Single,Dwell_Started
17:31:51.392,EyeTracking,TrainBCI,Dwell_Complete,Object: Door_Single,Dwelling_Completed
17:31:51.392,EyeTracking,TrainBCI,Flicker_Start,Object: Door_Single; Hz: 15,Flickering_Start
17:31:53.401,EyeTracking,TrainBCI,Flicker_End,Object: Door_Single,Flickering_Completed
17:31:53.401,EyeTracking,TrainBCI,Action_Executed,Object: Door_Single; Action: DoorSwitch,Execution_Proceeding
17:31:54.390,EyeTracking,TrainBCI,Training_Active_Door1_End,Door_Single,Training_Active_Door1_End
17:31:54.902,EyeTracking,TrainBCI,Training_Imagery_Door1_Start,Door_Single,Training_Imagery_Door1_Start
17:31:58.910,EyeTracking,TrainBCI,Training_Imagery_Door1_End,Door_Single,Training_Imagery_Door1_End
17:31:58.910,EyeTracking,TrainBCI,Training_Active_Door1_Start,Door_Single,Training_Active_Door1_Start
17:31:59.044,EyeTracking,TrainBCI,Dwell_Start,Object: Door_Single,Dwell_Started
17:32:00.042,EyeTracking,TrainBCI,Dwell_Complete,Object: Door_Single,Dwelling_Completed
17:32:00.042,EyeTracking,TrainBCI,Flicker_Start,Object: Door_Single; Hz: 15,Flickering_Start
17:32:02.053,EyeTracking,TrainBCI,Flicker_End,Object: Door_Single,Flickering_Completed
17:32:02.053,EyeTracking,TrainBCI,Action_Executed,Object: Door_Single; Action: DoorSwitch,Execution_Proceeding
17:32:02.919,EyeTracking,TrainBCI,Training_Active_Door1_End,Door_Single,Training_Active_Door1_End
17:32:03.429,EyeTracking,TrainBCI,Training_Imagery_Door1_Start,Door_Single,Training_Imagery_Door1_Start
17:32:07.438,EyeTracking,TrainBCI,Training_Imagery_Door1_End,Door_Single,Training_Imagery_Door1_End
17:32:07.438,EyeTracking,TrainBCI,Active_Training_Door2_Start,Door_Double,Active_Training_Door2_Start
17:32:07.451,EyeTracking,TrainBCI,Dwell_Start,Object: Door_Double,Dwell_Started
17:32:08.439,EyeTracking,TrainBCI,Dwell_Complete,Object: Door_Double,Dwelling_Completed
17:32:08.439,EyeTracking,TrainBCI,Flicker_Start,Object: Door_Double; Hz: 15,Flickering_Start
17:32:10.448,EyeTracking,TrainBCI,Flicker_End,Object: Door_Double,Flickering_Completed
17:32:10.448,EyeTracking,TrainBCI,Action_Executed,Object: Door_Double; Action: DoorSwitch,Execution_Proceeding
17:32:11.448,EyeTracking,TrainBCI,Active_Training_Door2_End,Door_Double,Active_Training_Door2_End
17:32:11.958,EyeTracking,TrainBCI,Image_Training_Door2_Start,Door_Double,Image_Training_Door2_Start
17:32:15.969,EyeTracking,TrainBCI,Image_Training_Door2_End,Door_Double,Image_Training_Door2_End
17:32:15.969,EyeTracking,TrainBCI,Active_Training_Door2_Start,Door_Double,Active_Training_Door2_Start
17:32:15.980,EyeTracking,TrainBCI,Dwell_Start,Object: Door_Double,Dwell_Started
17:32:16.967,EyeTracking,TrainBCI,Dwell_Complete,Object: Door_Double,Dwelling_Completed
17:32:16.967,EyeTracking,TrainBCI,Flicker_Start,Object: Door_Double; Hz: 15,Flickering_Start
17:32:18.977,EyeTracking,TrainBCI,Flicker_End,Object: Door_Double,Flickering_Completed
17:32:18.977,EyeTracking,TrainBCI,Action_Executed,Object: Door_Double; Action: DoorSwitch,Execution_Proceeding
17:32:19.976,EyeTracking,TrainBCI,Active_Training_Door2_End,Door_Double,Active_Training_Door2_End
17:32:20.487,EyeTracking,TrainBCI,Image_Training_Door2_Start,Door_Double,Image_Training_Door2_Start
17:32:24.496,EyeTracking,TrainBCI,Image_Training_Door2_End,Door_Double,Image_Training_Door2_End
17:32:24.496,EyeTracking,TrainBCI,Active_Training_Door2_Start,Door_Double,Active_Training_Door2_Start
17:32:24.507,EyeTracking,TrainBCI,Dwell_Start,Object: Door_Double,Dwell_Started
17:32:25.505,EyeTracking,TrainBCI,Dwell_Complete,Object: Door_Double,Dwelling_Completed
17:32:25.505,EyeTracking,TrainBCI,Flicker_Start,Object: Door_Double; Hz: 15,Flickering_Start
17:32:26.096,EyeTracking,TrainBCI,Gaze_Stop,Object: Door_Double,Hover_Exit
17:32:26.129,EyeTracking,TrainBCI,Dwell_Start,Object: Door_Double,Dwell_Started
17:32:27.507,EyeTracking,TrainBCI,Flicker_End,Object: Door_Double,Flickering_Completed
17:32:27.507,EyeTracking,TrainBCI,Action_Executed,Object: Door_Double; Action: DoorSwitch,Execution_Proceeding
17:32:28.506,EyeTracking,TrainBCI,Active_Training_Door2_End,Door_Double,Active_Training_Door2_End
17:32:29.016,EyeTracking,TrainBCI,Image_Training_Door2_Start,Door_Double,Image_Training_Door2_Start
17:32:33.026,EyeTracking,TrainBCI,Image_Training_Door2_End,Door_Double,Image_Training_Door2_End
17:32:33.026,EyeTracking,TrainBCI,Active_Training_Door2_Start,Door_Double,Active_Training_Door2_Start
17:32:33.126,EyeTracking,TrainBCI,Dwell_Start,Object: Door_Double,Dwell_Started
17:32:34.125,EyeTracking,TrainBCI,Dwell_Complete,Object: Door_Double,Dwelling_Completed
17:32:34.125,EyeTracking,TrainBCI,Flicker_Start,Object: Door_Double; Hz: 15,Flickering_Start
17:32:36.135,EyeTracking,TrainBCI,Flicker_End,Object: Door_Double,Flickering_Completed
17:32:36.135,EyeTracking,TrainBCI,Action_Executed,Object: Door_Double; Action: DoorSwitch,Execution_Proceeding
17:32:37.035,EyeTracking,TrainBCI,Active_Training_Door2_End,Door_Double,Active_Training_Door2_End
17:32:37.545,EyeTracking,TrainBCI,Image_Training_Door2_Start,Door_Double,Image_Training_Door2_Start
17:32:41.554,EyeTracking,TrainBCI,Image_Training_Door2_End,Door_Double,Image_Training_Door2_End
17:32:41.554,EyeTracking,TrainBCI,Active_Training_Door2_Start,Door_Double,Active_Training_Door2_Start
17:32:41.566,EyeTracking,TrainBCI,Dwell_Start,Object: Door_Double,Dwell_Started
17:32:42.566,EyeTracking,TrainBCI,Dwell_Complete,Object: Door_Double,Dwelling_Completed
17:32:42.566,EyeTracking,TrainBCI,Flicker_Start,Object: Door_Double; Hz: 15,Flickering_Start
17:32:44.575,EyeTracking,TrainBCI,Flicker_End,Object: Door_Double,Flickering_Completed
17:32:44.575,EyeTracking,TrainBCI,Action_Executed,Object: Door_Double; Action: DoorSwitch,Execution_Proceeding
17:32:45.563,EyeTracking,TrainBCI,Active_Training_Door2_End,Door_Double,Active_Training_Door2_End
17:32:46.073,EyeTracking,TrainBCI,Image_Training_Door2_Start,Door_Double,Image_Training_Door2_Start
17:32:50.083,EyeTracking,TrainBCI,Image_Training_Door2_End,Door_Double,Image_Training_Door2_End
17:32:50.083,EyeTracking,TrainBCI,Active_Training_Door2_Start,Door_Double,Active_Training_Door2_Start
17:32:50.094,EyeTracking,TrainBCI,Dwell_Start,Object: Door_Double,Dwell_Started
17:32:51.093,EyeTracking,TrainBCI,Dwell_Complete,Object: Door_Double,Dwelling_Completed
17:32:51.093,EyeTracking,TrainBCI,Flicker_Start,Object: Door_Double; Hz: 15,Flickering_Start
17:32:53.094,EyeTracking,TrainBCI,Flicker_End,Object: Door_Double,Flickering_Completed
17:32:53.094,EyeTracking,TrainBCI,Action_Executed,Object: Door_Double; Action: DoorSwitch,Execution_Proceeding
17:32:54.093,EyeTracking,TrainBCI,Active_Training_Door2_End,Door_Double,Active_Training_Door2_End
17:32:54.604,EyeTracking,TrainBCI,Image_Training_Door2_Start,Door_Double,Image_Training_Door2_Start
17:32:58.611,EyeTracking,TrainBCI,Image_Training_Door2_End,Door_Double,Image_Training_Door2_End
17:32:58.611,EyeTracking,TrainBCI,Active_Training_Door2_Start,Door_Double,Active_Training_Door2_Start
17:32:58.624,EyeTracking,TrainBCI,Dwell_Start,Object: Door_Double,Dwell_Started
17:32:59.623,EyeTracking,TrainBCI,Dwell_Complete,Object: Door_Double,Dwelling_Completed
17:32:59.623,EyeTracking,TrainBCI,Flicker_Start,Object: Door_Double; Hz: 15,Flickering_Start
17:33:01.632,EyeTracking,TrainBCI,Flicker_End,Object: Door_Double,Flickering_Completed
17:33:01.632,EyeTracking,TrainBCI,Action_Executed,Object: Door_Double; Action: DoorSwitch,Execution_Proceeding
17:33:02.620,EyeTracking,TrainBCI,Active_Training_Door2_End,Door_Double,Active_Training_Door2_End
17:33:03.133,EyeTracking,TrainBCI,Image_Training_Door2_Start,Door_Double,Image_Training_Door2_Start
17:33:07.141,EyeTracking,TrainBCI,Image_Training_Door2_End,Door_Double,Image_Training_Door2_End
17:33:07.141,EyeTracking,TrainBCI,Active_Training_Door2_Start,Door_Double,Active_Training_Door2_Start
17:33:07.152,EyeTracking,TrainBCI,Dwell_Start,Object: Door_Double,Dwell_Started
17:33:08.152,EyeTracking,TrainBCI,Dwell_Complete,Object: Door_Double,Dwelling_Completed
17:33:08.152,EyeTracking,TrainBCI,Flicker_Start,Object: Door_Double; Hz: 15,Flickering_Start
17:33:10.161,EyeTracking,TrainBCI,Flicker_End,Object: Door_Double,Flickering_Completed
17:33:10.161,EyeTracking,TrainBCI,Action_Executed,Object: Door_Double; Action: DoorSwitch,Execution_Proceeding
17:33:11.151,EyeTracking,TrainBCI,Active_Training_Door2_End,Door_Double,Active_Training_Door2_End
17:33:11.660,EyeTracking,TrainBCI,Image_Training_Door2_Start,Door_Double,Image_Training_Door2_Start
17:33:15.669,EyeTracking,TrainBCI,Image_Training_Door2_End,Door_Double,Image_Training_Door2_End
17:33:15.669,EyeTracking,TrainBCI,Active_Training_Door2_Start,Door_Double,Active_Training_Door2_Start
17:33:15.681,EyeTracking,TrainBCI,Dwell_Start,Object: Door_Double,Dwell_Started
17:33:16.680,EyeTracking,TrainBCI,Dwell_Complete,Object: Door_Double,Dwelling_Completed
17:33:16.680,EyeTracking,TrainBCI,Flicker_Start,Object: Door_Double; Hz: 15,Flickering_Start
17:33:18.690,EyeTracking,TrainBCI,Flicker_End,Object: Door_Double,Flickering_Completed
17:33:18.690,EyeTracking,TrainBCI,Action_Executed,Object: Door_Double; Action: DoorSwitch,Execution_Proceeding
17:33:19.679,EyeTracking,TrainBCI,Active_Training_Door2_End,Door_Double,Active_Training_Door2_End
17:33:20.189,EyeTracking,TrainBCI,Image_Training_Door2_Start,Door_Double,Image_Training_Door2_Start
17:33:24.199,EyeTracking,TrainBCI,Image_Training_Door2_End,Door_Double,Image_Training_Door2_End
17:33:24.199,EyeTracking,TrainBCI,Active_Training_Door2_Start,Door_Double,Active_Training_Door2_Start
17:33:24.210,EyeTracking,TrainBCI,Dwell_Start,Object: Door_Double,Dwell_Started
17:33:25.209,EyeTracking,TrainBCI,Dwell_Complete,Object: Door_Double,Dwelling_Completed
17:33:25.209,EyeTracking,TrainBCI,Flicker_Start,Object: Door_Double; Hz: 15,Flickering_Start
17:33:27.220,EyeTracking,TrainBCI,Flicker_End,Object: Door_Double,Flickering_Completed
17:33:27.220,EyeTracking,TrainBCI,Action_Executed,Object: Door_Double; Action: DoorSwitch,Execution_Proceeding
17:33:28.209,EyeTracking,TrainBCI,Active_Training_Door2_End,Door_Double,Active_Training_Door2_End
17:33:28.719,EyeTracking,TrainBCI,Image_Training_Door2_Start,Door_Double,Image_Training_Door2_Start
17:33:32.727,EyeTracking,TrainBCI,Image_Training_Door2_End,Door_Double,Image_Training_Door2_End
17:33:32.727,EyeTracking,TrainBCI,Train_End,Training Complete,Train_End
17:33:33.660,EyeTracking,TrainBCI,Hover_Enter,Button: NextTrainBCI,Hovering
17:33:33.660,EyeTracking,TrainBCI,Dwell_Start,Button: NextTrainBCI,Dwell_Started
17:33:33.672,EyeTracking,TrainBCI,Dwell_Start,Button: NextTrainBCI,Dwell_Started
17:33:33.682,EyeTracking,TrainBCI,Dwell_Start,Button: NextTrainBCI,Dwell_Started
17:33:33.693,EyeTracking,TrainBCI,Dwell_Start,Button: NextTrainBCI,Dwell_Started
17:33:33.705,EyeTracking,TrainBCI,Dwell_Start,Button: NextTrainBCI,Dwell_Started
17:33:33.716,EyeTracking,TrainBCI,Dwell_Start,Button: NextTrainBCI,Dwell_Started
17:33:33.727,EyeTracking,TrainBCI,Dwell_Start,Button: NextTrainBCI,Dwell_Started
17:33:33.745,EyeTracking,TrainBCI,Dwell_Start,Button: NextTrainBCI,Dwell_Started
17:33:33.752,EyeTracking,TrainBCI,Dwell_Start,Button: NextTrainBCI,Dwell_Started
17:33:33.759,EyeTracking,TrainBCI,Dwell_Start,Button: NextTrainBCI,Dwell_Started
17:33:33.767,EyeTracking,TrainBCI,Dwell_Start,Button: NextTrainBCI,Dwell_Started
17:33:33.778,EyeTracking,TrainBCI,Dwell_Start,Button: NextTrainBCI,Dwell_Started
17:33:33.789,EyeTracking,TrainBCI,Dwell_Start,Button: NextTrainBCI,Dwell_Started
17:33:33.800,EyeTracking,TrainBCI,Dwell_Start,Button: NextTrainBCI,Dwell_Started
17:33:33.812,EyeTracking,TrainBCI,Dwell_Start,Button: NextTrainBCI,Dwell_Started
17:33:33.823,EyeTracking,TrainBCI,Dwell_Start,Button: NextTrainBCI,Dwell_Started
17:33:33.834,EyeTracking,TrainBCI,Dwell_Start,Button: NextTrainBCI,Dwell_Started
17:33:33.844,EyeTracking,TrainBCI,Dwell_Start,Button: NextTrainBCI,Dwell_Started
17:33:33.856,EyeTracking,TrainBCI,Dwell_Start,Button: NextTrainBCI,Dwell_Started
17:33:33.867,EyeTracking,TrainBCI,Dwell_Start,Button: NextTrainBCI,Dwell_Started
17:33:33.879,EyeTracking,TrainBCI,Dwell_Start,Button: NextTrainBCI,Dwell_Started
17:33:33.889,EyeTracking,TrainBCI,Dwell_Start,Button: NextTrainBCI,Dwell_Started
17:33:33.900,EyeTracking,TrainBCI,Dwell_Start,Button: NextTrainBCI,Dwell_Started
17:33:33.912,EyeTracking,TrainBCI,Dwell_Start,Button: NextTrainBCI,Dwell_Started
17:33:33.923,EyeTracking,TrainBCI,Dwell_Start,Button: NextTrainBCI,Dwell_Started
17:33:33.934,EyeTracking,TrainBCI,Dwell_Start,Button: NextTrainBCI,Dwell_Started
17:33:33.946,EyeTracking,TrainBCI,Dwell_Start,Button: NextTrainBCI,Dwell_Started
17:33:33.956,EyeTracking,TrainBCI,Dwell_Start,Button: NextTrainBCI,Dwell_Started
17:33:33.967,EyeTracking,TrainBCI,Dwell_Start,Button: NextTrainBCI,Dwell_Started
17:33:33.979,EyeTracking,TrainBCI,Dwell_Start,Button: NextTrainBCI,Dwell_Started
17:33:33.988,EyeTracking,TrainBCI,Dwell_Start,Button: NextTrainBCI,Dwell_Started
17:33:34.001,EyeTracking,TrainBCI,Dwell_Start,Button: NextTrainBCI,Dwell_Started
17:33:34.011,EyeTracking,TrainBCI,Dwell_Start,Button: NextTrainBCI,Dwell_Started
17:33:34.023,EyeTracking,TrainBCI,Dwell_Start,Button: NextTrainBCI,Dwell_Started
17:33:34.034,EyeTracking,TrainBCI,Dwell_Start,Button: NextTrainBCI,Dwell_Started
17:33:34.045,EyeTracking,TrainBCI,Dwell_Start,Button: NextTrainBCI,Dwell_Started
17:33:34.055,EyeTracking,TrainBCI,Dwell_Start,Button: NextTrainBCI,Dwell_Started
17:33:34.067,EyeTracking,TrainBCI,Dwell_Start,Button: NextTrainBCI,Dwell_Started
17:33:34.078,EyeTracking,TrainBCI,Dwell_Start,Button: NextTrainBCI,Dwell_Started
17:33:34.089,EyeTracking,TrainBCI,Dwell_Start,Button: NextTrainBCI,Dwell_Started
17:33:34.102,EyeTracking,TrainBCI,Dwell_Start,Button: NextTrainBCI,Dwell_Started
17:33:34.112,EyeTracking,TrainBCI,Dwell_Start,Button: NextTrainBCI,Dwell_Started
17:33:34.123,EyeTracking,TrainBCI,Dwell_Start,Button: NextTrainBCI,Dwell_Started
17:33:34.134,EyeTracking,TrainBCI,Dwell_Start,Button: NextTrainBCI,Dwell_Started
17:33:34.146,EyeTracking,TrainBCI,Dwell_Start,Button: NextTrainBCI,Dwell_Started
17:33:34.156,EyeTracking,TrainBCI,Dwell_Start,Button: NextTrainBCI,Dwell_Started
17:33:34.168,EyeTracking,TrainBCI,Dwell_Start,Button: NextTrainBCI,Dwell_Started
17:33:34.180,EyeTracking,TrainBCI,Dwell_Start,Button: NextTrainBCI,Dwell_Started
17:33:34.191,EyeTracking,TrainBCI,Dwell_Start,Button: NextTrainBCI,Dwell_Started
17:33:34.203,EyeTracking,TrainBCI,Dwell_Start,Button: NextTrainBCI,Dwell_Started
17:33:34.214,EyeTracking,TrainBCI,Dwell_Start,Button: NextTrainBCI,Dwell_Started
17:33:34.226,EyeTracking,TrainBCI,Dwell_Start,Button: NextTrainBCI,Dwell_Started
17:33:34.236,EyeTracking,TrainBCI,Dwell_Start,Button: NextTrainBCI,Dwell_Started
17:33:34.248,EyeTracking,TrainBCI,Dwell_Start,Button: NextTrainBCI,Dwell_Started
17:33:34.259,EyeTracking,TrainBCI,Dwell_Start,Button: NextTrainBCI,Dwell_Started
17:33:34.270,EyeTracking,TrainBCI,Dwell_Start,Button: NextTrainBCI,Dwell_Started
17:33:34.281,EyeTracking,TrainBCI,Dwell_Start,Button: NextTrainBCI,Dwell_Started
17:33:34.292,EyeTracking,TrainBCI,Dwell_Start,Button: NextTrainBCI,Dwell_Started
17:33:34.304,EyeTracking,TrainBCI,Dwell_Start,Button: NextTrainBCI,Dwell_Started
17:33:34.316,EyeTracking,TrainBCI,Dwell_Start,Button: NextTrainBCI,Dwell_Started
17:33:34.326,EyeTracking,TrainBCI,Dwell_Start,Button: NextTrainBCI,Dwell_Started
17:33:34.338,EyeTracking,TrainBCI,Dwell_Start,Button: NextTrainBCI,Dwell_Started
17:33:34.349,EyeTracking,TrainBCI,Dwell_Start,Button: NextTrainBCI,Dwell_Started
17:33:34.360,EyeTracking,TrainBCI,Dwell_Start,Button: NextTrainBCI,Dwell_Started
17:33:34.371,EyeTracking,TrainBCI,Dwell_Start,Button: NextTrainBCI,Dwell_Started
17:33:34.382,EyeTracking,TrainBCI,Dwell_Start,Button: NextTrainBCI,Dwell_Started
17:33:34.393,EyeTracking,TrainBCI,Dwell_Start,Button: NextTrainBCI,Dwell_Started
17:33:34.404,EyeTracking,TrainBCI,Dwell_Start,Button: NextTrainBCI,Dwell_Started
17:33:34.417,EyeTracking,TrainBCI,Dwell_Start,Button: NextTrainBCI,Dwell_Started
17:33:34.426,EyeTracking,TrainBCI,Dwell_Start,Button: NextTrainBCI,Dwell_Started
17:33:34.437,EyeTracking,TrainBCI,Dwell_Start,Button: NextTrainBCI,Dwell_Started
17:33:34.449,EyeTracking,TrainBCI,Dwell_Start,Button: NextTrainBCI,Dwell_Started
17:33:34.460,EyeTracking,TrainBCI,Dwell_Start,Button: NextTrainBCI,Dwell_Started
17:33:34.471,EyeTracking,TrainBCI,Dwell_Start,Button: NextTrainBCI,Dwell_Started
17:33:34.482,EyeTracking,TrainBCI,Dwell_Start,Button: NextTrainBCI,Dwell_Started
17:33:34.494,EyeTracking,TrainBCI,Dwell_Start,Button: NextTrainBCI,Dwell_Started
17:33:34.505,EyeTracking,TrainBCI,Dwell_Start,Button: NextTrainBCI,Dwell_Started
17:33:34.515,EyeTracking,TrainBCI,Dwell_Start,Button: NextTrainBCI,Dwell_Started
17:33:34.527,EyeTracking,TrainBCI,Dwell_Start,Button: NextTrainBCI,Dwell_Started
17:33:34.537,EyeTracking,TrainBCI,Dwell_Start,Button: NextTrainBCI,Dwell_Started
17:33:34.549,EyeTracking,TrainBCI,Dwell_Start,Button: NextTrainBCI,Dwell_Started
17:33:34.560,EyeTracking,TrainBCI,Dwell_Start,Button: NextTrainBCI,Dwell_Started
17:33:34.571,EyeTracking,TrainBCI,Dwell_Start,Button: NextTrainBCI,Dwell_Started
17:33:34.582,EyeTracking,TrainBCI,Dwell_Start,Button: NextTrainBCI,Dwell_Started
17:33:34.593,EyeTracking,TrainBCI,Dwell_Start,Button: NextTrainBCI,Dwell_Started
17:33:34.605,EyeTracking,TrainBCI,Dwell_Start,Button: NextTrainBCI,Dwell_Started
17:33:34.616,EyeTracking,TrainBCI,Dwell_Start,Button: NextTrainBCI,Dwell_Started
17:33:34.627,EyeTracking,TrainBCI,Dwell_Start,Button: NextTrainBCI,Dwell_Started
17:33:34.638,EyeTracking,TrainBCI,Dwell_Start,Button: NextTrainBCI,Dwell_Started
17:33:34.650,EyeTracking,TrainBCI,Dwell_Start,Button: NextTrainBCI,Dwell_Started
17:33:34.660,EyeTracking,TrainBCI,Dwell_Start,Button: NextTrainBCI,Dwell_Started
17:33:34.660,EyeTracking,TrainBCI,Dwell_Complete,Button: NextTrainBCI,Dwelling_Completed
17:33:34.660,EyeTracking,TrainBCI,Flicker_Start,NextTrainBCI,Flicker_Start
17:33:35.360,EyeTracking,TrainBCI,Hover_Exit,Button: NextTrainBCI,Hover_Exit
17:33:35.692,EyeTracking,TrainBCI,Hover_Enter,Button: NextTrainBCI,Hovering
17:33:35.692,EyeTracking,TrainBCI,Dwell_Start,Button: NextTrainBCI,Dwell_Started
17:33:35.703,EyeTracking,TrainBCI,Dwell_Start,Button: NextTrainBCI,Dwell_Started
17:33:35.715,EyeTracking,TrainBCI,Dwell_Start,Button: NextTrainBCI,Dwell_Started
17:33:35.726,EyeTracking,TrainBCI,Dwell_Start,Button: NextTrainBCI,Dwell_Started
17:33:35.736,EyeTracking,TrainBCI,Dwell_Start,Button: NextTrainBCI,Dwell_Started
17:33:35.749,EyeTracking,TrainBCI,Dwell_Start,Button: NextTrainBCI,Dwell_Started
17:33:35.760,EyeTracking,TrainBCI,Dwell_Start,Button: NextTrainBCI,Dwell_Started
17:33:35.770,EyeTracking,TrainBCI,Dwell_Start,Button: NextTrainBCI,Dwell_Started
17:33:35.781,EyeTracking,TrainBCI,Dwell_Start,Button: NextTrainBCI,Dwell_Started
17:33:35.792,EyeTracking,TrainBCI,Dwell_Start,Button: NextTrainBCI,Dwell_Started
17:33:35.804,EyeTracking,TrainBCI,Dwell_Start,Button: NextTrainBCI,Dwell_Started
17:33:35.815,EyeTracking,TrainBCI,Dwell_Start,Button: NextTrainBCI,Dwell_Started
17:33:35.826,EyeTracking,TrainBCI,Dwell_Start,Button: NextTrainBCI,Dwell_Started
17:33:35.837,EyeTracking,TrainBCI,Dwell_Start,Button: NextTrainBCI,Dwell_Started
17:33:35.849,EyeTracking,TrainBCI,Dwell_Start,Button: NextTrainBCI,Dwell_Started
17:33:35.859,EyeTracking,TrainBCI,Dwell_Start,Button: NextTrainBCI,Dwell_Started
17:33:35.870,EyeTracking,TrainBCI,Dwell_Start,Button: NextTrainBCI,Dwell_Started
17:33:35.882,EyeTracking,TrainBCI,Dwell_Start,Button: NextTrainBCI,Dwell_Started
17:33:35.892,EyeTracking,TrainBCI,Dwell_Start,Button: NextTrainBCI,Dwell_Started
17:33:35.903,EyeTracking,TrainBCI,Hover_Exit,Button: NextTrainBCI,Hover_Exit
17:33:35.948,EyeTracking,TrainBCI,Hover_Enter,Button: NextTrainBCI,Hovering
17:33:35.948,EyeTracking,TrainBCI,Dwell_Start,Button: NextTrainBCI,Dwell_Started
17:33:35.960,EyeTracking,TrainBCI,Dwell_Start,Button: NextTrainBCI,Dwell_Started
17:33:35.970,EyeTracking,TrainBCI,Hover_Exit,Button: NextTrainBCI,Hover_Exit
17:33:35.981,EyeTracking,TrainBCI,Hover_Enter,Button: NextTrainBCI,Hovering
17:33:35.981,EyeTracking,TrainBCI,Dwell_Start,Button: NextTrainBCI,Dwell_Started
17:33:35.992,EyeTracking,TrainBCI,Dwell_Start,Button: NextTrainBCI,Dwell_Started
17:33:36.004,EyeTracking,TrainBCI,Dwell_Start,Button: NextTrainBCI,Dwell_Started
17:33:36.015,EyeTracking,TrainBCI,Dwell_Start,Button: NextTrainBCI,Dwell_Started
17:33:36.025,EyeTracking,TrainBCI,Dwell_Start,Button: NextTrainBCI,Dwell_Started
17:33:36.038,EyeTracking,TrainBCI,Dwell_Start,Button: NextTrainBCI,Dwell_Started
17:33:36.048,EyeTracking,TrainBCI,Dwell_Start,Button: NextTrainBCI,Dwell_Started
17:33:36.060,EyeTracking,TrainBCI,Dwell_Start,Button: NextTrainBCI,Dwell_Started
17:33:36.070,EyeTracking,TrainBCI,Dwell_Start,Button: NextTrainBCI,Dwell_Started
17:33:36.082,EyeTracking,TrainBCI,Dwell_Start,Button: NextTrainBCI,Dwell_Started
17:33:36.093,EyeTracking,TrainBCI,Dwell_Start,Button: NextTrainBCI,Dwell_Started
17:33:36.104,EyeTracking,TrainBCI,Dwell_Start,Button: NextTrainBCI,Dwell_Started
17:33:36.115,EyeTracking,TrainBCI,Dwell_Start,Button: NextTrainBCI,Dwell_Started
17:33:36.126,EyeTracking,TrainBCI,Dwell_Start,Button: NextTrainBCI,Dwell_Started
17:33:36.137,EyeTracking,TrainBCI,Dwell_Start,Button: NextTrainBCI,Dwell_Started
17:33:36.148,EyeTracking,TrainBCI,Dwell_Start,Button: NextTrainBCI,Dwell_Started
17:33:36.160,EyeTracking,TrainBCI,Dwell_Start,Button: NextTrainBCI,Dwell_Started
17:33:36.171,EyeTracking,TrainBCI,Dwell_Start,Button: NextTrainBCI,Dwell_Started
17:33:36.182,EyeTracking,TrainBCI,Dwell_Start,Button: NextTrainBCI,Dwell_Started
17:33:36.192,EyeTracking,TrainBCI,Dwell_Start,Button: NextTrainBCI,Dwell_Started
17:33:36.204,EyeTracking,TrainBCI,Dwell_Start,Button: NextTrainBCI,Dwell_Started
17:33:36.215,EyeTracking,TrainBCI,Dwell_Start,Button: NextTrainBCI,Dwell_Started
17:33:36.226,EyeTracking,TrainBCI,Dwell_Start,Button: NextTrainBCI,Dwell_Started
17:33:36.236,EyeTracking,TrainBCI,Dwell_Start,Button: NextTrainBCI,Dwell_Started
17:33:36.250,EyeTracking,TrainBCI,Dwell_Start,Button: NextTrainBCI,Dwell_Started
17:33:36.259,EyeTracking,TrainBCI,Dwell_Start,Button: NextTrainBCI,Dwell_Started
17:33:36.270,EyeTracking,TrainBCI,Dwell_Start,Button: NextTrainBCI,Dwell_Started
17:33:36.281,EyeTracking,TrainBCI,Dwell_Start,Button: NextTrainBCI,Dwell_Started
17:33:36.292,EyeTracking,TrainBCI,Dwell_Start,Button: NextTrainBCI,Dwell_Started
17:33:36.304,EyeTracking,TrainBCI,Dwell_Start,Button: NextTrainBCI,Dwell_Started
17:33:36.315,EyeTracking,TrainBCI,Dwell_Start,Button: NextTrainBCI,Dwell_Started
17:33:36.326,EyeTracking,TrainBCI,Dwell_Start,Button: NextTrainBCI,Dwell_Started
17:33:36.336,EyeTracking,TrainBCI,Dwell_Start,Button: NextTrainBCI,Dwell_Started
17:33:36.348,EyeTracking,TrainBCI,Dwell_Start,Button: NextTrainBCI,Dwell_Started
17:33:36.360,EyeTracking,TrainBCI,Dwell_Start,Button: NextTrainBCI,Dwell_Started
17:33:36.370,EyeTracking,TrainBCI,Dwell_Start,Button: NextTrainBCI,Dwell_Started
17:33:36.381,EyeTracking,TrainBCI,Dwell_Start,Button: NextTrainBCI,Dwell_Started
17:33:36.393,EyeTracking,TrainBCI,Dwell_Start,Button: NextTrainBCI,Dwell_Started
17:33:36.404,EyeTracking,TrainBCI,Dwell_Start,Button: NextTrainBCI,Dwell_Started
17:33:36.414,EyeTracking,TrainBCI,Dwell_Start,Button: NextTrainBCI,Dwell_Started
17:33:36.425,EyeTracking,TrainBCI,Dwell_Start,Button: NextTrainBCI,Dwell_Started
17:33:36.437,EyeTracking,TrainBCI,Dwell_Start,Button: NextTrainBCI,Dwell_Started
17:33:36.448,EyeTracking,TrainBCI,Dwell_Start,Button: NextTrainBCI,Dwell_Started
17:33:36.459,EyeTracking,TrainBCI,Dwell_Start,Button: NextTrainBCI,Dwell_Started
17:33:36.470,EyeTracking,TrainBCI,Dwell_Start,Button: NextTrainBCI,Dwell_Started
17:33:36.482,EyeTracking,TrainBCI,Dwell_Start,Button: NextTrainBCI,Dwell_Started
17:33:36.493,EyeTracking,TrainBCI,Dwell_Start,Button: NextTrainBCI,Dwell_Started
17:33:36.503,EyeTracking,TrainBCI,Dwell_Start,Button: NextTrainBCI,Dwell_Started
17:33:36.515,EyeTracking,TrainBCI,Dwell_Start,Button: NextTrainBCI,Dwell_Started
17:33:36.526,EyeTracking,TrainBCI,Dwell_Start,Button: NextTrainBCI,Dwell_Started
17:33:36.537,EyeTracking,TrainBCI,Dwell_Start,Button: NextTrainBCI,Dwell_Started
17:33:36.547,EyeTracking,TrainBCI,Dwell_Start,Button: NextTrainBCI,Dwell_Started
17:33:36.558,EyeTracking,TrainBCI,Dwell_Start,Button: NextTrainBCI,Dwell_Started
17:33:36.570,EyeTracking,TrainBCI,Dwell_Start,Button: NextTrainBCI,Dwell_Started
17:33:36.582,EyeTracking,TrainBCI,Dwell_Start,Button: NextTrainBCI,Dwell_Started
17:33:36.592,EyeTracking,TrainBCI,Dwell_Start,Button: NextTrainBCI,Dwell_Started
17:33:36.603,EyeTracking,TrainBCI,Dwell_Start,Button: NextTrainBCI,Dwell_Started
17:33:36.615,EyeTracking,TrainBCI,Dwell_Start,Button: NextTrainBCI,Dwell_Started
17:33:36.626,EyeTracking,TrainBCI,Dwell_Start,Button: NextTrainBCI,Dwell_Started
17:33:36.637,EyeTracking,TrainBCI,Dwell_Start,Button: NextTrainBCI,Dwell_Started
17:33:36.648,EyeTracking,TrainBCI,Dwell_Start,Button: NextTrainBCI,Dwell_Started
17:33:36.658,EyeTracking,TrainBCI,Dwell_Start,Button: NextTrainBCI,Dwell_Started
17:33:36.670,EyeTracking,TrainBCI,Dwell_Start,Button: NextTrainBCI,Dwell_Started
17:33:36.670,EyeTracking,TrainBCI,Flicker_End,Button: NextTrainBCI,Flicker_End
17:33:36.670,EyeTracking,TrainBCI,Action_Executed,Button: NextTrainBCI; Action: ButtonAction,Execution_Proceeding
17:33:36.670,EyeTracking,Test3D,Phase_Start,Test3D,
17:33:38.724,EyeTracking,Test3D,Hover_Enter,Button: StartTestBCI,Hovering
17:33:38.724,EyeTracking,Test3D,Dwell_Start,Button: StartTestBCI,Dwell_Started
17:33:38.735,EyeTracking,Test3D,Dwell_Start,Button: StartTestBCI,Dwell_Started
17:33:38.748,EyeTracking,Test3D,Dwell_Start,Button: StartTestBCI,Dwell_Started
17:33:38.758,EyeTracking,Test3D,Dwell_Start,Button: StartTestBCI,Dwell_Started
17:33:38.769,EyeTracking,Test3D,Dwell_Start,Button: StartTestBCI,Dwell_Started
17:33:38.780,EyeTracking,Test3D,Dwell_Start,Button: StartTestBCI,Dwell_Started
17:33:38.791,EyeTracking,Test3D,Dwell_Start,Button: StartTestBCI,Dwell_Started
17:33:38.804,EyeTracking,Test3D,Dwell_Start,Button: StartTestBCI,Dwell_Started
17:33:38.813,EyeTracking,Test3D,Dwell_Start,Button: StartTestBCI,Dwell_Started
17:33:38.824,EyeTracking,Test3D,Dwell_Start,Button: StartTestBCI,Dwell_Started
17:33:38.836,EyeTracking,Test3D,Dwell_Start,Button: StartTestBCI,Dwell_Started
17:33:38.847,EyeTracking,Test3D,Dwell_Start,Button: StartTestBCI,Dwell_Started
17:33:38.859,EyeTracking,Test3D,Dwell_Start,Button: StartTestBCI,Dwell_Started
17:33:38.870,EyeTracking,Test3D,Dwell_Start,Button: StartTestBCI,Dwell_Started
17:33:38.880,EyeTracking,Test3D,Dwell_Start,Button: StartTestBCI,Dwell_Started
17:33:38.890,EyeTracking,Test3D,Dwell_Start,Button: StartTestBCI,Dwell_Started
17:33:38.902,EyeTracking,Test3D,Dwell_Start,Button: StartTestBCI,Dwell_Started
17:33:38.913,EyeTracking,Test3D,Dwell_Start,Button: StartTestBCI,Dwell_Started
17:33:38.925,EyeTracking,Test3D,Dwell_Start,Button: StartTestBCI,Dwell_Started
17:33:38.935,EyeTracking,Test3D,Dwell_Start,Button: StartTestBCI,Dwell_Started
17:33:38.946,EyeTracking,Test3D,Dwell_Start,Button: StartTestBCI,Dwell_Started
17:33:38.958,EyeTracking,Test3D,Dwell_Start,Button: StartTestBCI,Dwell_Started
17:33:38.968,EyeTracking,Test3D,Dwell_Start,Button: StartTestBCI,Dwell_Started
17:33:38.980,EyeTracking,Test3D,Dwell_Start,Button: StartTestBCI,Dwell_Started
17:33:38.991,EyeTracking,Test3D,Dwell_Start,Button: StartTestBCI,Dwell_Started
17:33:39.002,EyeTracking,Test3D,Dwell_Start,Button: StartTestBCI,Dwell_Started
17:33:39.013,EyeTracking,Test3D,Dwell_Start,Button: StartTestBCI,Dwell_Started
17:33:39.024,EyeTracking,Test3D,Dwell_Start,Button: StartTestBCI,Dwell_Started
17:33:39.035,EyeTracking,Test3D,Dwell_Start,Button: StartTestBCI,Dwell_Started
17:33:39.046,EyeTracking,Test3D,Dwell_Start,Button: StartTestBCI,Dwell_Started
17:33:39.057,EyeTracking,Test3D,Dwell_Start,Button: StartTestBCI,Dwell_Started
17:33:39.068,EyeTracking,Test3D,Dwell_Start,Button: StartTestBCI,Dwell_Started
17:33:39.081,EyeTracking,Test3D,Dwell_Start,Button: StartTestBCI,Dwell_Started
17:33:39.090,EyeTracking,Test3D,Dwell_Start,Button: StartTestBCI,Dwell_Started
17:33:39.102,EyeTracking,Test3D,Dwell_Start,Button: StartTestBCI,Dwell_Started
17:33:39.113,EyeTracking,Test3D,Dwell_Start,Button: StartTestBCI,Dwell_Started
17:33:39.125,EyeTracking,Test3D,Dwell_Start,Button: StartTestBCI,Dwell_Started
17:33:39.135,EyeTracking,Test3D,Dwell_Start,Button: StartTestBCI,Dwell_Started
17:33:39.146,EyeTracking,Test3D,Dwell_Start,Button: StartTestBCI,Dwell_Started
17:33:39.158,EyeTracking,Test3D,Dwell_Start,Button: StartTestBCI,Dwell_Started
17:33:39.168,EyeTracking,Test3D,Dwell_Start,Button: StartTestBCI,Dwell_Started
17:33:39.179,EyeTracking,Test3D,Dwell_Start,Button: StartTestBCI,Dwell_Started
17:33:39.191,EyeTracking,Test3D,Dwell_Start,Button: StartTestBCI,Dwell_Started
17:33:39.202,EyeTracking,Test3D,Dwell_Start,Button: StartTestBCI,Dwell_Started
17:33:39.213,EyeTracking,Test3D,Dwell_Start,Button: StartTestBCI,Dwell_Started
17:33:39.225,EyeTracking,Test3D,Dwell_Start,Button: StartTestBCI,Dwell_Started
17:33:39.235,EyeTracking,Test3D,Dwell_Start,Button: StartTestBCI,Dwell_Started
17:33:39.246,EyeTracking,Test3D,Dwell_Start,Button: StartTestBCI,Dwell_Started
17:33:39.257,EyeTracking,Test3D,Dwell_Start,Button: StartTestBCI,Dwell_Started
17:33:39.268,EyeTracking,Test3D,Dwell_Start,Button: StartTestBCI,Dwell_Started
17:33:39.280,EyeTracking,Test3D,Dwell_Start,Button: StartTestBCI,Dwell_Started
17:33:39.291,EyeTracking,Test3D,Dwell_Start,Button: StartTestBCI,Dwell_Started
17:33:39.302,EyeTracking,Test3D,Dwell_Start,Button: StartTestBCI,Dwell_Started
17:33:39.313,EyeTracking,Test3D,Dwell_Start,Button: StartTestBCI,Dwell_Started
17:33:39.324,EyeTracking,Test3D,Dwell_Start,Button: StartTestBCI,Dwell_Started
17:33:39.335,EyeTracking,Test3D,Dwell_Start,Button: StartTestBCI,Dwell_Started
17:33:39.347,EyeTracking,Test3D,Dwell_Start,Button: StartTestBCI,Dwell_Started
17:33:39.358,EyeTracking,Test3D,Dwell_Start,Button: StartTestBCI,Dwell_Started
17:33:39.368,EyeTracking,Test3D,Dwell_Start,Button: StartTestBCI,Dwell_Started
17:33:39.379,EyeTracking,Test3D,Dwell_Start,Button: StartTestBCI,Dwell_Started
17:33:39.391,EyeTracking,Test3D,Dwell_Start,Button: StartTestBCI,Dwell_Started
17:33:39.402,EyeTracking,Test3D,Dwell_Start,Button: StartTestBCI,Dwell_Started
17:33:39.412,EyeTracking,Test3D,Dwell_Start,Button: StartTestBCI,Dwell_Started
17:33:39.425,EyeTracking,Test3D,Dwell_Start,Button: StartTestBCI,Dwell_Started
17:33:39.435,EyeTracking,Test3D,Dwell_Start,Button: StartTestBCI,Dwell_Started
17:33:39.446,EyeTracking,Test3D,Dwell_Start,Button: StartTestBCI,Dwell_Started
17:33:39.457,EyeTracking,Test3D,Dwell_Start,Button: StartTestBCI,Dwell_Started
17:33:39.468,EyeTracking,Test3D,Dwell_Start,Button: StartTestBCI,Dwell_Started
17:33:39.479,EyeTracking,Test3D,Dwell_Start,Button: StartTestBCI,Dwell_Started
17:33:39.490,EyeTracking,Test3D,Dwell_Start,Button: StartTestBCI,Dwell_Started
17:33:39.502,EyeTracking,Test3D,Dwell_Start,Button: StartTestBCI,Dwell_Started
17:33:39.513,EyeTracking,Test3D,Dwell_Start,Button: StartTestBCI,Dwell_Started
17:33:39.524,EyeTracking,Test3D,Dwell_Start,Button: StartTestBCI,Dwell_Started
17:33:39.535,EyeTracking,Test3D,Dwell_Start,Button: StartTestBCI,Dwell_Started
17:33:39.547,EyeTracking,Test3D,Dwell_Start,Button: StartTestBCI,Dwell_Started
17:33:39.558,EyeTracking,Test3D,Dwell_Start,Button: StartTestBCI,Dwell_Started
17:33:39.568,EyeTracking,Test3D,Dwell_Start,Button: StartTestBCI,Dwell_Started
17:33:39.579,EyeTracking,Test3D,Dwell_Start,Button: StartTestBCI,Dwell_Started
17:33:39.591,EyeTracking,Test3D,Dwell_Start,Button: StartTestBCI,Dwell_Started
17:33:39.602,EyeTracking,Test3D,Dwell_Start,Button: StartTestBCI,Dwell_Started
17:33:39.612,EyeTracking,Test3D,Dwell_Start,Button: StartTestBCI,Dwell_Started
17:33:39.624,EyeTracking,Test3D,Dwell_Start,Button: StartTestBCI,Dwell_Started
17:33:39.635,EyeTracking,Test3D,Dwell_Start,Button: StartTestBCI,Dwell_Started
17:33:39.646,EyeTracking,Test3D,Dwell_Start,Button: StartTestBCI,Dwell_Started
17:33:39.658,EyeTracking,Test3D,Dwell_Start,Button: StartTestBCI,Dwell_Started
17:33:39.668,EyeTracking,Test3D,Dwell_Start,Button: StartTestBCI,Dwell_Started
17:33:39.680,EyeTracking,Test3D,Dwell_Start,Button: StartTestBCI,Dwell_Started
17:33:39.690,EyeTracking,Test3D,Dwell_Start,Button: StartTestBCI,Dwell_Started
17:33:39.702,EyeTracking,Test3D,Dwell_Start,Button: StartTestBCI,Dwell_Started
17:33:39.713,EyeTracking,Test3D,Dwell_Start,Button: StartTestBCI,Dwell_Started
17:33:39.723,EyeTracking,Test3D,Dwell_Start,Button: StartTestBCI,Dwell_Started
17:33:39.723,EyeTracking,Test3D,Dwell_Complete,Button: StartTestBCI,Dwelling_Completed
17:33:39.723,EyeTracking,Test3D,Flicker_Start,StartTestBCI,Flicker_Start
17:33:41.733,EyeTracking,Test3D,Flicker_End,Button: StartTestBCI,Flicker_End
17:33:41.733,EyeTracking,Test3D,Action_Executed,Button: StartTestBCI; Action: ButtonAction,Execution_Proceeding
17:33:42.032,EyeTracking,Test3D,Dwell_Start,Object: Door_Single,Dwell_Started
17:33:43.023,EyeTracking,Test3D,Dwell_Complete,Object: Door_Single,Dwelling_Completed
17:33:43.023,EyeTracking,Test3D,Flicker_Start,Object: Door_Single; Hz: 15,Flickering_Start
17:33:43.079,EyeTracking,Test3D,Gaze_Stop,Object: Door_Single,Hover_Exit
17:33:43.955,EyeTracking,Test3D,Dwell_Start,Object: Door_Single,Dwell_Started
17:33:45.033,EyeTracking,Test3D,Flicker_End,Object: Door_Single,Flickering_Completed
17:33:45.033,EyeTracking,Test3D,Action_Executed,Object: Door_Single; Action: TestFinalUI,Execution_Proceeding
17:33:45.277,EyeTracking,Test3D,Hover_Enter,Button: NextTrainBCI,Hovering
17:33:45.277,EyeTracking,Test3D,Dwell_Start,Button: NextTrainBCI,Dwell_Started
17:33:45.287,EyeTracking,Test3D,Dwell_Start,Button: NextTrainBCI,Dwell_Started
17:33:45.299,EyeTracking,Test3D,Dwell_Start,Button: NextTrainBCI,Dwell_Started
17:33:45.310,EyeTracking,Test3D,Dwell_Start,Button: NextTrainBCI,Dwell_Started
17:33:45.321,EyeTracking,Test3D,Dwell_Start,Button: NextTrainBCI,Dwell_Started
17:33:45.331,EyeTracking,Test3D,Dwell_Start,Button: NextTrainBCI,Dwell_Started
17:33:45.344,EyeTracking,Test3D,Dwell_Start,Button: NextTrainBCI,Dwell_Started
17:33:45.354,EyeTracking,Test3D,Dwell_Start,Button: NextTrainBCI,Dwell_Started
17:33:45.366,EyeTracking,Test3D,Dwell_Start,Button: NextTrainBCI,Dwell_Started
17:33:45.376,EyeTracking,Test3D,Dwell_Start,Button: NextTrainBCI,Dwell_Started
17:33:45.389,EyeTracking,Test3D,Dwell_Start,Button: NextTrainBCI,Dwell_Started
17:33:45.399,EyeTracking,Test3D,Dwell_Start,Button: NextTrainBCI,Dwell_Started
17:33:45.410,EyeTracking,Test3D,Dwell_Start,Button: NextTrainBCI,Dwell_Started
17:33:45.420,EyeTracking,Test3D,Dwell_Start,Button: NextTrainBCI,Dwell_Started
17:33:45.432,EyeTracking,Test3D,Dwell_Start,Button: NextTrainBCI,Dwell_Started
17:33:45.443,EyeTracking,Test3D,Dwell_Start,Button: NextTrainBCI,Dwell_Started
17:33:45.454,EyeTracking,Test3D,Dwell_Start,Button: NextTrainBCI,Dwell_Started
17:33:45.466,EyeTracking,Test3D,Dwell_Start,Button: NextTrainBCI,Dwell_Started
17:33:45.476,EyeTracking,Test3D,Dwell_Start,Button: NextTrainBCI,Dwell_Started
17:33:45.487,EyeTracking,Test3D,Dwell_Start,Button: NextTrainBCI,Dwell_Started
17:33:45.499,EyeTracking,Test3D,Dwell_Start,Button: NextTrainBCI,Dwell_Started
17:33:45.510,EyeTracking,Test3D,Dwell_Start,Button: NextTrainBCI,Dwell_Started
17:33:45.522,EyeTracking,Test3D,Dwell_Start,Button: NextTrainBCI,Dwell_Started
17:33:45.532,EyeTracking,Test3D,Dwell_Start,Button: NextTrainBCI,Dwell_Started
17:33:45.543,EyeTracking,Test3D,Dwell_Start,Button: NextTrainBCI,Dwell_Started
17:33:45.555,EyeTracking,Test3D,Dwell_Start,Button: NextTrainBCI,Dwell_Started
17:33:45.565,EyeTracking,Test3D,Dwell_Start,Button: NextTrainBCI,Dwell_Started
17:33:45.577,EyeTracking,Test3D,Dwell_Start,Button: NextTrainBCI,Dwell_Started
17:33:45.588,EyeTracking,Test3D,Dwell_Start,Button: NextTrainBCI,Dwell_Started
17:33:45.599,EyeTracking,Test3D,Dwell_Start,Button: NextTrainBCI,Dwell_Started
17:33:45.609,EyeTracking,Test3D,Dwell_Start,Button: NextTrainBCI,Dwell_Started
17:33:45.622,EyeTracking,Test3D,Dwell_Start,Button: NextTrainBCI,Dwell_Started
17:33:45.632,EyeTracking,Test3D,Dwell_Start,Button: NextTrainBCI,Dwell_Started
17:33:45.642,EyeTracking,Test3D,Dwell_Start,Button: NextTrainBCI,Dwell_Started
17:33:45.654,EyeTracking,Test3D,Dwell_Start,Button: NextTrainBCI,Dwell_Started
17:33:45.665,EyeTracking,Test3D,Dwell_Start,Button: NextTrainBCI,Dwell_Started
17:33:45.677,EyeTracking,Test3D,Dwell_Start,Button: NextTrainBCI,Dwell_Started
17:33:45.688,EyeTracking,Test3D,Dwell_Start,Button: NextTrainBCI,Dwell_Started
17:33:45.699,EyeTracking,Test3D,Dwell_Start,Button: NextTrainBCI,Dwell_Started
17:33:45.709,EyeTracking,Test3D,Dwell_Start,Button: NextTrainBCI,Dwell_Started
17:33:45.722,EyeTracking,Test3D,Dwell_Start,Button: NextTrainBCI,Dwell_Started
17:33:45.733,EyeTracking,Test3D,Dwell_Start,Button: NextTrainBCI,Dwell_Started
17:33:45.742,EyeTracking,Test3D,Dwell_Start,Button: NextTrainBCI,Dwell_Started
17:33:45.755,EyeTracking,Test3D,Dwell_Start,Button: NextTrainBCI,Dwell_Started
17:33:45.765,EyeTracking,Test3D,Dwell_Start,Button: NextTrainBCI,Dwell_Started
17:33:45.776,EyeTracking,Test3D,Dwell_Start,Button: NextTrainBCI,Dwell_Started
17:33:45.788,EyeTracking,Test3D,Dwell_Start,Button: NextTrainBCI,Dwell_Started
17:33:45.799,EyeTracking,Test3D,Dwell_Start,Button: NextTrainBCI,Dwell_Started
17:33:45.809,EyeTracking,Test3D,Dwell_Start,Button: NextTrainBCI,Dwell_Started
17:33:45.821,EyeTracking,Test3D,Dwell_Start,Button: NextTrainBCI,Dwell_Started
17:33:45.831,EyeTracking,Test3D,Dwell_Start,Button: NextTrainBCI,Dwell_Started
17:33:45.843,EyeTracking,Test3D,Dwell_Start,Button: NextTrainBCI,Dwell_Started
17:33:45.855,EyeTracking,Test3D,Dwell_Start,Button: NextTrainBCI,Dwell_Started
17:33:45.865,EyeTracking,Test3D,Dwell_Start,Button: NextTrainBCI,Dwell_Started
17:33:45.877,EyeTracking,Test3D,Dwell_Start,Button: NextTrainBCI,Dwell_Started
17:33:45.889,EyeTracking,Test3D,Hover_Exit,Button: NextTrainBCI,Hover_Exit
17:33:46.021,EyeTracking,Test3D,Hover_Enter,Button: NextTrainBCI,Hovering
17:33:46.021,EyeTracking,Test3D,Dwell_Start,Button: NextTrainBCI,Dwell_Started
17:33:46.032,EyeTracking,Test3D,Dwell_Start,Button: NextTrainBCI,Dwell_Started
17:33:46.042,EyeTracking,Test3D,Hover_Exit,Button: NextTrainBCI,Hover_Exit
17:33:46.132,EyeTracking,Test3D,Hover_Enter,Button: NextTrainBCI,Hovering
17:33:46.132,EyeTracking,Test3D,Dwell_Start,Button: NextTrainBCI,Dwell_Started
17:33:46.143,EyeTracking,Test3D,Dwell_Start,Button: NextTrainBCI,Dwell_Started
17:33:46.154,EyeTracking,Test3D,Dwell_Start,Button: NextTrainBCI,Dwell_Started
17:33:46.165,EyeTracking,Test3D,Dwell_Start,Button: NextTrainBCI,Dwell_Started
17:33:46.181,EyeTracking,Test3D,Dwell_Start,Button: NextTrainBCI,Dwell_Started
17:33:46.191,EyeTracking,Test3D,Dwell_Start,Button: NextTrainBCI,Dwell_Started
17:33:46.198,EyeTracking,Test3D,Dwell_Start,Button: NextTrainBCI,Dwell_Started
17:33:46.207,EyeTracking,Test3D,Dwell_Start,Button: NextTrainBCI,Dwell_Started
17:33:46.219,EyeTracking,Test3D,Dwell_Start,Button: NextTrainBCI,Dwell_Started
17:33:46.231,EyeTracking,Test3D,Dwell_Start,Button: NextTrainBCI,Dwell_Started
17:33:46.240,EyeTracking,Test3D,Dwell_Start,Button: NextTrainBCI,Dwell_Started
17:33:46.252,EyeTracking,Test3D,Dwell_Start,Button: NextTrainBCI,Dwell_Started
17:33:46.264,EyeTracking,Test3D,Dwell_Start,Button: NextTrainBCI,Dwell_Started
17:33:46.274,EyeTracking,Test3D,Dwell_Start,Button: NextTrainBCI,Dwell_Started
17:33:46.285,EyeTracking,Test3D,Dwell_Start,Button: NextTrainBCI,Dwell_Started
17:33:46.298,EyeTracking,Test3D,Dwell_Start,Button: NextTrainBCI,Dwell_Started
17:33:46.307,EyeTracking,Test3D,Dwell_Start,Button: NextTrainBCI,Dwell_Started
17:33:46.319,EyeTracking,Test3D,Dwell_Start,Button: NextTrainBCI,Dwell_Started
17:33:46.330,EyeTracking,Test3D,Dwell_Start,Button: NextTrainBCI,Dwell_Started
17:33:46.341,EyeTracking,Test3D,Dwell_Start,Button: NextTrainBCI,Dwell_Started
17:33:46.351,EyeTracking,Test3D,Dwell_Start,Button: NextTrainBCI,Dwell_Started
17:33:46.364,EyeTracking,Test3D,Dwell_Start,Button: NextTrainBCI,Dwell_Started
17:33:46.374,EyeTracking,Test3D,Dwell_Start,Button: NextTrainBCI,Dwell_Started
17:33:46.385,EyeTracking,Test3D,Dwell_Start,Button: NextTrainBCI,Dwell_Started
17:33:46.398,EyeTracking,Test3D,Dwell_Start,Button: NextTrainBCI,Dwell_Started
17:33:46.408,EyeTracking,Test3D,Dwell_Start,Button: NextTrainBCI,Dwell_Started
17:33:46.419,EyeTracking,Test3D,Dwell_Start,Button: NextTrainBCI,Dwell_Started
17:33:46.430,EyeTracking,Test3D,Dwell_Start,Button: NextTrainBCI,Dwell_Started
17:33:46.441,EyeTracking,Test3D,Dwell_Start,Button: NextTrainBCI,Dwell_Started
17:33:46.451,EyeTracking,Test3D,Dwell_Start,Button: NextTrainBCI,Dwell_Started
17:33:46.463,EyeTracking,Test3D,Dwell_Start,Button: NextTrainBCI,Dwell_Started
17:33:46.473,EyeTracking,Test3D,Dwell_Start,Button: NextTrainBCI,Dwell_Started
17:33:46.485,EyeTracking,Test3D,Dwell_Start,Button: NextTrainBCI,Dwell_Started
17:33:46.497,EyeTracking,Test3D,Dwell_Start,Button: NextTrainBCI,Dwell_Started
17:33:46.509,EyeTracking,Test3D,Dwell_Start,Button: NextTrainBCI,Dwell_Started
17:33:46.519,EyeTracking,Test3D,Dwell_Start,Button: NextTrainBCI,Dwell_Started
17:33:46.530,EyeTracking,Test3D,Dwell_Start,Button: NextTrainBCI,Dwell_Started
17:33:46.540,EyeTracking,Test3D,Dwell_Start,Button: NextTrainBCI,Dwell_Started
17:33:46.551,EyeTracking,Test3D,Dwell_Start,Button: NextTrainBCI,Dwell_Started
17:33:46.564,EyeTracking,Test3D,Dwell_Start,Button: NextTrainBCI,Dwell_Started
17:33:46.574,EyeTracking,Test3D,Dwell_Start,Button: NextTrainBCI,Dwell_Started
17:33:46.587,EyeTracking,Test3D,Dwell_Start,Button: NextTrainBCI,Dwell_Started
17:33:46.598,EyeTracking,Test3D,Dwell_Start,Button: NextTrainBCI,Dwell_Started
17:33:46.608,EyeTracking,Test3D,Dwell_Start,Button: NextTrainBCI,Dwell_Started
17:33:46.620,EyeTracking,Test3D,Dwell_Start,Button: NextTrainBCI,Dwell_Started
17:33:46.631,EyeTracking,Test3D,Dwell_Start,Button: NextTrainBCI,Dwell_Started
17:33:46.642,EyeTracking,Test3D,Dwell_Start,Button: NextTrainBCI,Dwell_Started
17:33:46.653,EyeTracking,Test3D,Dwell_Start,Button: NextTrainBCI,Dwell_Started
17:33:46.666,EyeTracking,Test3D,Dwell_Start,Button: NextTrainBCI,Dwell_Started
17:33:46.675,EyeTracking,Test3D,Dwell_Start,Button: NextTrainBCI,Dwell_Started
17:33:46.687,EyeTracking,Test3D,Dwell_Start,Button: NextTrainBCI,Dwell_Started
17:33:46.698,EyeTracking,Test3D,Dwell_Start,Button: NextTrainBCI,Dwell_Started
17:33:46.709,EyeTracking,Test3D,Dwell_Start,Button: NextTrainBCI,Dwell_Started
17:33:46.721,EyeTracking,Test3D,Dwell_Start,Button: NextTrainBCI,Dwell_Started
17:33:46.732,EyeTracking,Test3D,Dwell_Start,Button: NextTrainBCI,Dwell_Started
17:33:46.742,EyeTracking,Test3D,Dwell_Start,Button: NextTrainBCI,Dwell_Started
17:33:46.752,EyeTracking,Test3D,Dwell_Start,Button: NextTrainBCI,Dwell_Started
17:33:46.765,EyeTracking,Test3D,Dwell_Start,Button: NextTrainBCI,Dwell_Started
17:33:46.776,EyeTracking,Test3D,Dwell_Start,Button: NextTrainBCI,Dwell_Started
17:33:46.787,EyeTracking,Test3D,Dwell_Start,Button: NextTrainBCI,Dwell_Started
17:33:46.797,EyeTracking,Test3D,Dwell_Start,Button: NextTrainBCI,Dwell_Started
17:33:46.809,EyeTracking,Test3D,Dwell_Start,Button: NextTrainBCI,Dwell_Started
17:33:46.820,EyeTracking,Test3D,Dwell_Start,Button: NextTrainBCI,Dwell_Started
17:33:46.831,EyeTracking,Test3D,Dwell_Start,Button: NextTrainBCI,Dwell_Started
17:33:46.842,EyeTracking,Test3D,Dwell_Start,Button: NextTrainBCI,Dwell_Started
17:33:46.854,EyeTracking,Test3D,Dwell_Start,Button: NextTrainBCI,Dwell_Started
17:33:46.866,EyeTracking,Test3D,Dwell_Start,Button: NextTrainBCI,Dwell_Started
17:33:46.874,EyeTracking,Test3D,Dwell_Start,Button: NextTrainBCI,Dwell_Started
17:33:46.888,EyeTracking,Test3D,Dwell_Start,Button: NextTrainBCI,Dwell_Started
17:33:46.898,EyeTracking,Test3D,Dwell_Start,Button: NextTrainBCI,Dwell_Started
17:33:46.908,EyeTracking,Test3D,Dwell_Start,Button: NextTrainBCI,Dwell_Started
17:33:46.920,EyeTracking,Test3D,Dwell_Start,Button: NextTrainBCI,Dwell_Started
17:33:46.931,EyeTracking,Test3D,Dwell_Start,Button: NextTrainBCI,Dwell_Started
17:33:46.944,EyeTracking,Test3D,Dwell_Start,Button: NextTrainBCI,Dwell_Started
17:33:46.954,EyeTracking,Test3D,Dwell_Start,Button: NextTrainBCI,Dwell_Started
17:33:46.965,EyeTracking,Test3D,Dwell_Start,Button: NextTrainBCI,Dwell_Started
17:33:46.975,EyeTracking,Test3D,Dwell_Start,Button: NextTrainBCI,Dwell_Started
17:33:46.986,EyeTracking,Test3D,Dwell_Start,Button: NextTrainBCI,Dwell_Started
17:33:46.998,EyeTracking,Test3D,Dwell_Start,Button: NextTrainBCI,Dwell_Started
17:33:47.009,EyeTracking,Test3D,Dwell_Start,Button: NextTrainBCI,Dwell_Started
17:33:47.019,EyeTracking,Test3D,Dwell_Start,Button: NextTrainBCI,Dwell_Started
17:33:47.032,EyeTracking,Test3D,Dwell_Start,Button: NextTrainBCI,Dwell_Started
17:33:47.042,EyeTracking,Test3D,Dwell_Start,Button: NextTrainBCI,Dwell_Started
17:33:47.054,EyeTracking,Test3D,Dwell_Start,Button: NextTrainBCI,Dwell_Started
17:33:47.065,EyeTracking,Test3D,Dwell_Start,Button: NextTrainBCI,Dwell_Started
17:33:47.075,EyeTracking,Test3D,Dwell_Start,Button: NextTrainBCI,Dwell_Started
17:33:47.086,EyeTracking,Test3D,Dwell_Start,Button: NextTrainBCI,Dwell_Started
17:33:47.098,EyeTracking,Test3D,Dwell_Start,Button: NextTrainBCI,Dwell_Started
17:33:47.109,EyeTracking,Test3D,Dwell_Start,Button: NextTrainBCI,Dwell_Started
17:33:47.120,EyeTracking,Test3D,Dwell_Start,Button: NextTrainBCI,Dwell_Started
17:33:47.131,EyeTracking,Test3D,Dwell_Start,Button: NextTrainBCI,Dwell_Started
17:33:47.131,EyeTracking,Test3D,Dwell_Complete,Button: NextTrainBCI,Dwelling_Completed
17:33:47.131,EyeTracking,Test3D,Flicker_Start,NextTrainBCI,Flicker_Start
17:33:49.141,EyeTracking,Test3D,Flicker_End,Button: NextTrainBCI,Flicker_End
17:33:49.141,EyeTracking,Test3D,Action_Executed,Button: NextTrainBCI; Action: ButtonAction,Execution_Proceeding
17:33:49.141,EyeTracking,Test3D,Experiment_Ended,EyeTracking,
17:33:49.141,Hybrid,Test3D,Experiment_Start,Hybrid,
17:33:49.141,Hybrid,TestUI,Phase_Start,TestUI,
17:33:49.152,Hybrid,TestUI,Dwell_Start,Button: NextHybrid,Dwell_Started
17:33:49.164,Hybrid,TestUI,Dwell_Start,Button: NextHybrid,Dwell_Started
17:33:49.174,Hybrid,TestUI,Dwell_Start,Button: NextHybrid,Dwell_Started
17:33:49.185,Hybrid,TestUI,Dwell_Start,Button: NextHybrid,Dwell_Started
17:33:49.196,Hybrid,TestUI,Dwell_Start,Button: NextHybrid,Dwell_Started
17:33:49.207,Hybrid,TestUI,Dwell_Start,Button: NextHybrid,Dwell_Started
17:33:49.220,Hybrid,TestUI,Dwell_Start,Button: NextHybrid,Dwell_Started
17:33:49.231,Hybrid,TestUI,Dwell_Start,Button: NextHybrid,Dwell_Started
17:33:49.241,Hybrid,TestUI,Dwell_Start,Button: NextHybrid,Dwell_Started
17:33:49.252,Hybrid,TestUI,Dwell_Start,Button: NextHybrid,Dwell_Started
17:33:49.263,Hybrid,TestUI,Dwell_Start,Button: NextHybrid,Dwell_Started
17:33:49.275,Hybrid,TestUI,Dwell_Start,Button: NextHybrid,Dwell_Started
17:33:49.285,Hybrid,TestUI,Dwell_Start,Button: NextHybrid,Dwell_Started
17:33:49.302,Hybrid,TestUI,Dwell_Start,Button: NextHybrid,Dwell_Started
17:33:49.309,Hybrid,TestUI,Dwell_Start,Button: NextHybrid,Dwell_Started
17:33:49.316,Hybrid,TestUI,Dwell_Start,Button: NextHybrid,Dwell_Started
17:33:49.326,Hybrid,TestUI,Dwell_Start,Button: NextHybrid,Dwell_Started
17:33:49.337,Hybrid,TestUI,Dwell_Start,Button: NextHybrid,Dwell_Started
17:33:49.349,Hybrid,TestUI,Dwell_Start,Button: NextHybrid,Dwell_Started
17:33:49.360,Hybrid,TestUI,Dwell_Start,Button: NextHybrid,Dwell_Started
17:33:49.371,Hybrid,TestUI,Dwell_Start,Button: NextHybrid,Dwell_Started
17:33:49.381,Hybrid,TestUI,Dwell_Start,Button: NextHybrid,Dwell_Started
17:33:49.393,Hybrid,TestUI,Dwell_Start,Button: NextHybrid,Dwell_Started
17:33:49.404,Hybrid,TestUI,Dwell_Start,Button: NextHybrid,Dwell_Started
17:33:49.415,Hybrid,TestUI,Dwell_Start,Button: NextHybrid,Dwell_Started
17:33:49.426,Hybrid,TestUI,Dwell_Start,Button: NextHybrid,Dwell_Started
17:33:49.438,Hybrid,TestUI,Dwell_Start,Button: NextHybrid,Dwell_Started
17:33:49.449,Hybrid,TestUI,Dwell_Start,Button: NextHybrid,Dwell_Started
17:33:49.460,Hybrid,TestUI,Dwell_Start,Button: NextHybrid,Dwell_Started
17:33:49.470,Hybrid,TestUI,Dwell_Start,Button: NextHybrid,Dwell_Started
17:33:49.481,Hybrid,TestUI,Dwell_Start,Button: NextHybrid,Dwell_Started
17:33:49.494,Hybrid,TestUI,Dwell_Start,Button: NextHybrid,Dwell_Started
17:33:49.504,Hybrid,TestUI,Dwell_Start,Button: NextHybrid,Dwell_Started
17:33:49.516,Hybrid,TestUI,Dwell_Start,Button: NextHybrid,Dwell_Started
17:33:49.525,Hybrid,TestUI,Dwell_Start,Button: NextHybrid,Dwell_Started
17:33:49.537,Hybrid,TestUI,Dwell_Start,Button: NextHybrid,Dwell_Started
17:33:49.549,Hybrid,TestUI,Dwell_Start,Button: NextHybrid,Dwell_Started
17:33:49.559,Hybrid,TestUI,Dwell_Start,Button: NextHybrid,Dwell_Started
17:33:49.571,Hybrid,TestUI,Dwell_Start,Button: NextHybrid,Dwell_Started
17:33:49.582,Hybrid,TestUI,Dwell_Start,Button: NextHybrid,Dwell_Started
17:33:49.592,Hybrid,TestUI,Dwell_Start,Button: NextHybrid,Dwell_Started
17:33:49.604,Hybrid,TestUI,Dwell_Start,Button: NextHybrid,Dwell_Started
17:33:49.615,Hybrid,TestUI,Dwell_Start,Button: NextHybrid,Dwell_Started
17:33:49.626,Hybrid,TestUI,Dwell_Start,Button: NextHybrid,Dwell_Started
17:33:49.637,Hybrid,TestUI,Dwell_Start,Button: NextHybrid,Dwell_Started
17:33:49.649,Hybrid,TestUI,Dwell_Start,Button: NextHybrid,Dwell_Started
17:33:49.659,Hybrid,TestUI,Dwell_Start,Button: NextHybrid,Dwell_Started
17:33:49.672,Hybrid,TestUI,Dwell_Start,Button: NextHybrid,Dwell_Started
17:33:49.682,Hybrid,TestUI,Dwell_Start,Button: NextHybrid,Dwell_Started
17:33:49.694,Hybrid,TestUI,Dwell_Start,Button: NextHybrid,Dwell_Started
17:33:49.704,Hybrid,TestUI,Dwell_Start,Button: NextHybrid,Dwell_Started
17:33:49.715,Hybrid,TestUI,Dwell_Start,Button: NextHybrid,Dwell_Started
17:33:49.728,Hybrid,TestUI,Dwell_Start,Button: NextHybrid,Dwell_Started
17:33:49.739,Hybrid,TestUI,Dwell_Start,Button: NextHybrid,Dwell_Started
17:33:49.749,Hybrid,TestUI,Dwell_Start,Button: NextHybrid,Dwell_Started
17:33:49.761,Hybrid,TestUI,Dwell_Start,Button: NextHybrid,Dwell_Started
17:33:49.772,Hybrid,TestUI,Dwell_Start,Button: NextHybrid,Dwell_Started
17:33:49.783,Hybrid,TestUI,Dwell_Start,Button: NextHybrid,Dwell_Started
17:33:49.795,Hybrid,TestUI,Dwell_Start,Button: NextHybrid,Dwell_Started
17:33:49.806,Hybrid,TestUI,Dwell_Start,Button: NextHybrid,Dwell_Started
17:33:49.818,Hybrid,TestUI,Dwell_Start,Button: NextHybrid,Dwell_Started
17:33:49.830,Hybrid,TestUI,Dwell_Start,Button: NextHybrid,Dwell_Started
17:33:49.840,Hybrid,TestUI,Dwell_Start,Button: NextHybrid,Dwell_Started
17:33:49.851,Hybrid,TestUI,Dwell_Start,Button: NextHybrid,Dwell_Started
17:33:49.864,Hybrid,TestUI,Dwell_Start,Button: NextHybrid,Dwell_Started
17:33:49.875,Hybrid,TestUI,Dwell_Start,Button: NextHybrid,Dwell_Started
17:33:49.885,Hybrid,TestUI,Dwell_Start,Button: NextHybrid,Dwell_Started
17:33:49.897,Hybrid,TestUI,Dwell_Start,Button: NextHybrid,Dwell_Started
17:33:49.908,Hybrid,TestUI,Dwell_Start,Button: NextHybrid,Dwell_Started
17:33:49.918,Hybrid,TestUI,Dwell_Start,Button: NextHybrid,Dwell_Started
17:33:49.930,Hybrid,TestUI,Dwell_Start,Button: NextHybrid,Dwell_Started
17:33:49.940,Hybrid,TestUI,Dwell_Start,Button: NextHybrid,Dwell_Started
17:33:49.953,Hybrid,TestUI,Dwell_Start,Button: NextHybrid,Dwell_Started
17:33:49.963,Hybrid,TestUI,Dwell_Start,Button: NextHybrid,Dwell_Started
17:33:49.974,Hybrid,TestUI,Dwell_Start,Button: NextHybrid,Dwell_Started
17:33:49.985,Hybrid,TestUI,Dwell_Start,Button: NextHybrid,Dwell_Started
17:33:49.996,Hybrid,TestUI,Dwell_Start,Button: NextHybrid,Dwell_Started
17:33:50.007,Hybrid,TestUI,Dwell_Start,Button: NextHybrid,Dwell_Started
17:33:50.019,Hybrid,TestUI,Dwell_Start,Button: NextHybrid,Dwell_Started
17:33:50.029,Hybrid,TestUI,Dwell_Start,Button: NextHybrid,Dwell_Started
17:33:50.041,Hybrid,TestUI,Dwell_Start,Button: NextHybrid,Dwell_Started
17:33:50.052,Hybrid,TestUI,Dwell_Start,Button: NextHybrid,Dwell_Started
17:33:50.063,Hybrid,TestUI,Dwell_Start,Button: NextHybrid,Dwell_Started
17:33:50.073,Hybrid,TestUI,Dwell_Start,Button: NextHybrid,Dwell_Started
17:33:50.086,Hybrid,TestUI,Dwell_Start,Button: NextHybrid,Dwell_Started
17:33:50.096,Hybrid,TestUI,Dwell_Start,Button: NextHybrid,Dwell_Started
17:33:50.107,Hybrid,TestUI,Dwell_Start,Button: NextHybrid,Dwell_Started
17:33:50.118,Hybrid,TestUI,Dwell_Start,Button: NextHybrid,Dwell_Started
17:33:50.129,Hybrid,TestUI,Dwell_Start,Button: NextHybrid,Dwell_Started
17:33:50.142,Hybrid,TestUI,Dwell_Start,Button: NextHybrid,Dwell_Started
17:33:50.151,Hybrid,TestUI,Dwell_Start,Button: NextHybrid,Dwell_Started
17:33:50.151,Hybrid,TestUI,Dwell_Complete,Button: NextHybrid,Dwelling_Completed
17:33:50.151,Hybrid,TestUI,Flicker_Start,NextHybrid,Flicker_Start
17:33:52.161,Hybrid,TestUI,Flicker_End,Button: NextHybrid,Flicker_End
17:33:52.174,Hybrid,TestUI,Dwell_Start,Button: NextHybrid,Dwell_Started
17:33:52.184,Hybrid,TestUI,Dwell_Start,Button: NextHybrid,Dwell_Started
17:33:52.196,Hybrid,TestUI,Dwell_Start,Button: NextHybrid,Dwell_Started
17:33:52.206,Hybrid,TestUI,Dwell_Start,Button: NextHybrid,Dwell_Started
17:33:52.218,Hybrid,TestUI,Dwell_Start,Button: NextHybrid,Dwell_Started
17:33:52.229,Hybrid,TestUI,Dwell_Start,Button: NextHybrid,Dwell_Started
17:33:52.240,Hybrid,TestUI,Dwell_Start,Button: NextHybrid,Dwell_Started
17:33:52.251,Hybrid,TestUI,Dwell_Start,Button: NextHybrid,Dwell_Started
17:33:52.262,Hybrid,TestUI,Dwell_Start,Button: NextHybrid,Dwell_Started
17:33:52.273,Hybrid,TestUI,Dwell_Start,Button: NextHybrid,Dwell_Started
17:33:52.283,Hybrid,TestUI,Dwell_Start,Button: NextHybrid,Dwell_Started
17:33:52.294,Hybrid,TestUI,Dwell_Start,Button: NextHybrid,Dwell_Started
17:33:52.307,Hybrid,TestUI,Dwell_Start,Button: NextHybrid,Dwell_Started
17:33:52.317,Hybrid,TestUI,Dwell_Start,Button: NextHybrid,Dwell_Started
17:33:52.329,Hybrid,TestUI,Dwell_Start,Button: NextHybrid,Dwell_Started
17:33:52.339,Hybrid,TestUI,Dwell_Start,Button: NextHybrid,Dwell_Started
17:33:52.351,Hybrid,TestUI,Dwell_Start,Button: NextHybrid,Dwell_Started
17:33:52.361,Hybrid,TestUI,Dwell_Start,Button: NextHybrid,Dwell_Started
17:33:52.372,Hybrid,TestUI,Dwell_Start,Button: NextHybrid,Dwell_Started
17:33:52.384,Hybrid,TestUI,Dwell_Start,Button: NextHybrid,Dwell_Started
17:33:52.395,Hybrid,TestUI,Dwell_Start,Button: NextHybrid,Dwell_Started
17:33:52.405,Hybrid,TestUI,Dwell_Start,Button: NextHybrid,Dwell_Started
17:33:52.418,Hybrid,TestUI,Dwell_Start,Button: NextHybrid,Dwell_Started
17:33:52.428,Hybrid,TestUI,Dwell_Start,Button: NextHybrid,Dwell_Started
17:33:52.440,Hybrid,TestUI,Dwell_Start,Button: NextHybrid,Dwell_Started
17:33:52.451,Hybrid,TestUI,Dwell_Start,Button: NextHybrid,Dwell_Started
17:33:52.461,Hybrid,TestUI,Dwell_Start,Button: NextHybrid,Dwell_Started
17:33:52.472,Hybrid,TestUI,Dwell_Start,Button: NextHybrid,Dwell_Started
17:33:52.485,Hybrid,TestUI,Dwell_Start,Button: NextHybrid,Dwell_Started
17:33:52.495,Hybrid,TestUI,Dwell_Start,Button: NextHybrid,Dwell_Started
17:33:52.507,Hybrid,TestUI,Dwell_Start,Button: NextHybrid,Dwell_Started
17:33:52.516,Hybrid,TestUI,Dwell_Start,Button: NextHybrid,Dwell_Started
17:33:52.527,Hybrid,TestUI,Dwell_Start,Button: NextHybrid,Dwell_Started
17:33:52.539,Hybrid,TestUI,Dwell_Start,Button: NextHybrid,Dwell_Started
17:33:52.550,Hybrid,TestUI,Dwell_Start,Button: NextHybrid,Dwell_Started
17:33:52.561,Hybrid,TestUI,Dwell_Start,Button: NextHybrid,Dwell_Started
17:33:52.573,Hybrid,TestUI,Dwell_Start,Button: NextHybrid,Dwell_Started
17:33:52.584,Hybrid,TestUI,Dwell_Start,Button: NextHybrid,Dwell_Started
17:33:52.595,Hybrid,TestUI,Dwell_Start,Button: NextHybrid,Dwell_Started
17:33:52.606,Hybrid,TestUI,Dwell_Start,Button: NextHybrid,Dwell_Started
17:33:52.618,Hybrid,TestUI,Dwell_Start,Button: NextHybrid,Dwell_Started
17:33:52.629,Hybrid,TestUI,Dwell_Start,Button: NextHybrid,Dwell_Started
17:33:52.639,Hybrid,TestUI,Dwell_Start,Button: NextHybrid,Dwell_Started
17:33:52.652,Hybrid,TestUI,Dwell_Start,Button: NextHybrid,Dwell_Started
17:33:52.662,Hybrid,TestUI,Dwell_Start,Button: NextHybrid,Dwell_Started
17:33:52.672,Hybrid,TestUI,Dwell_Start,Button: NextHybrid,Dwell_Started
17:33:52.683,Hybrid,TestUI,Dwell_Start,Button: NextHybrid,Dwell_Started
17:33:52.696,Hybrid,TestUI,Dwell_Start,Button: NextHybrid,Dwell_Started
17:33:52.705,Hybrid,TestUI,Dwell_Start,Button: NextHybrid,Dwell_Started
17:33:52.716,Hybrid,TestUI,Dwell_Start,Button: NextHybrid,Dwell_Started
17:33:52.728,Hybrid,TestUI,Dwell_Start,Button: NextHybrid,Dwell_Started
17:33:52.739,Hybrid,TestUI,Dwell_Start,Button: NextHybrid,Dwell_Started
17:33:52.750,Hybrid,TestUI,Dwell_Start,Button: NextHybrid,Dwell_Started
17:33:52.762,Hybrid,TestUI,Dwell_Start,Button: NextHybrid,Dwell_Started
17:33:52.774,Hybrid,TestUI,Dwell_Start,Button: NextHybrid,Dwell_Started
17:33:52.783,Hybrid,TestUI,Dwell_Start,Button: NextHybrid,Dwell_Started
17:33:52.795,Hybrid,TestUI,Dwell_Start,Button: NextHybrid,Dwell_Started
17:33:52.806,Hybrid,TestUI,Dwell_Start,Button: NextHybrid,Dwell_Started
17:33:52.817,Hybrid,TestUI,Dwell_Start,Button: NextHybrid,Dwell_Started
17:33:52.828,Hybrid,TestUI,Dwell_Start,Button: NextHybrid,Dwell_Started
17:33:52.840,Hybrid,TestUI,Dwell_Start,Button: NextHybrid,Dwell_Started
17:33:52.850,Hybrid,TestUI,Dwell_Start,Button: NextHybrid,Dwell_Started
17:33:52.862,Hybrid,TestUI,Dwell_Start,Button: NextHybrid,Dwell_Started
17:33:52.872,Hybrid,TestUI,Dwell_Start,Button: NextHybrid,Dwell_Started
17:33:52.884,Hybrid,TestUI,Dwell_Start,Button: NextHybrid,Dwell_Started
17:33:52.894,Hybrid,TestUI,Dwell_Start,Button: NextHybrid,Dwell_Started
17:33:52.906,Hybrid,TestUI,Dwell_Start,Button: NextHybrid,Dwell_Started
17:33:52.917,Hybrid,TestUI,Dwell_Start,Button: NextHybrid,Dwell_Started
17:33:52.929,Hybrid,TestUI,Dwell_Start,Button: NextHybrid,Dwell_Started
17:33:52.941,Hybrid,TestUI,Dwell_Start,Button: NextHybrid,Dwell_Started
17:33:52.950,Hybrid,TestUI,Dwell_Start,Button: NextHybrid,Dwell_Started
17:33:52.961,Hybrid,TestUI,Dwell_Start,Button: NextHybrid,Dwell_Started
17:33:52.973,Hybrid,TestUI,Dwell_Start,Button: NextHybrid,Dwell_Started
17:33:52.983,Hybrid,TestUI,Dwell_Start,Button: NextHybrid,Dwell_Started
17:33:52.995,Hybrid,TestUI,Dwell_Start,Button: NextHybrid,Dwell_Started
17:33:53.006,Hybrid,TestUI,Dwell_Start,Button: NextHybrid,Dwell_Started
17:33:53.018,Hybrid,TestUI,Dwell_Start,Button: NextHybrid,Dwell_Started
17:33:53.028,Hybrid,TestUI,Dwell_Start,Button: NextHybrid,Dwell_Started
17:33:53.039,Hybrid,TestUI,Dwell_Start,Button: NextHybrid,Dwell_Started
17:33:53.050,Hybrid,TestUI,Dwell_Start,Button: NextHybrid,Dwell_Started
17:33:53.062,Hybrid,TestUI,Dwell_Start,Button: NextHybrid,Dwell_Started
17:33:53.074,Hybrid,TestUI,Dwell_Start,Button: NextHybrid,Dwell_Started
17:33:53.083,Hybrid,TestUI,Dwell_Start,Button: NextHybrid,Dwell_Started
17:33:53.094,Hybrid,TestUI,Dwell_Start,Button: NextHybrid,Dwell_Started
17:33:53.106,Hybrid,TestUI,Dwell_Start,Button: NextHybrid,Dwell_Started
17:33:53.119,Hybrid,TestUI,Dwell_Start,Button: NextHybrid,Dwell_Started
17:33:53.127,Hybrid,TestUI,Dwell_Start,Button: NextHybrid,Dwell_Started
17:33:53.138,Hybrid,TestUI,Dwell_Start,Button: NextHybrid,Dwell_Started
17:33:53.150,Hybrid,TestUI,Dwell_Start,Button: NextHybrid,Dwell_Started
17:33:53.162,Hybrid,TestUI,Dwell_Start,Button: NextHybrid,Dwell_Started
17:33:53.172,Hybrid,TestUI,Dwell_Start,Button: NextHybrid,Dwell_Started
17:33:53.183,Hybrid,TestUI,Dwell_Start,Button: NextHybrid,Dwell_Started
17:33:53.194,Hybrid,TestUI,Dwell_Start,Button: NextHybrid,Dwell_Started
17:33:53.205,Hybrid,TestUI,Dwell_Start,Button: NextHybrid,Dwell_Started
17:33:53.217,Hybrid,TestUI,Dwell_Start,Button: NextHybrid,Dwell_Started
17:33:53.228,Hybrid,TestUI,Dwell_Start,Button: NextHybrid,Dwell_Started
17:33:53.239,Hybrid,TestUI,Dwell_Start,Button: NextHybrid,Dwell_Started
17:33:53.251,Hybrid,TestUI,Dwell_Start,Button: NextHybrid,Dwell_Started
17:33:53.262,Hybrid,TestUI,Dwell_Start,Button: NextHybrid,Dwell_Started
17:33:53.272,Hybrid,TestUI,Dwell_Start,Button: NextHybrid,Dwell_Started
17:33:53.283,Hybrid,TestUI,Dwell_Start,Button: NextHybrid,Dwell_Started
17:33:53.295,Hybrid,TestUI,Dwell_Start,Button: NextHybrid,Dwell_Started
17:33:53.306,Hybrid,TestUI,Dwell_Start,Button: NextHybrid,Dwell_Started
17:33:53.316,Hybrid,TestUI,Dwell_Start,Button: NextHybrid,Dwell_Started
17:33:53.328,Hybrid,TestUI,Dwell_Start,Button: NextHybrid,Dwell_Started
17:33:53.339,Hybrid,TestUI,Dwell_Start,Button: NextHybrid,Dwell_Started
17:33:53.351,Hybrid,TestUI,Dwell_Start,Button: NextHybrid,Dwell_Started
17:33:53.362,Hybrid,TestUI,Dwell_Start,Button: NextHybrid,Dwell_Started
17:33:53.372,Hybrid,TestUI,Dwell_Start,Button: NextHybrid,Dwell_Started
17:33:53.383,Hybrid,TestUI,Dwell_Start,Button: NextHybrid,Dwell_Started
17:33:53.395,Hybrid,TestUI,Dwell_Start,Button: NextHybrid,Dwell_Started
17:33:53.406,Hybrid,TestUI,Dwell_Start,Button: NextHybrid,Dwell_Started
17:33:53.417,Hybrid,TestUI,Dwell_Start,Button: NextHybrid,Dwell_Started
17:33:53.428,Hybrid,TestUI,Dwell_Start,Button: NextHybrid,Dwell_Started
17:33:53.439,Hybrid,TestUI,Dwell_Start,Button: NextHybrid,Dwell_Started
17:33:53.450,Hybrid,TestUI,Dwell_Start,Button: NextHybrid,Dwell_Started
17:33:53.461,Hybrid,TestUI,Dwell_Start,Button: NextHybrid,Dwell_Started
17:33:53.472,Hybrid,TestUI,Dwell_Start,Button: NextHybrid,Dwell_Started
17:33:53.483,Hybrid,TestUI,Dwell_Start,Button: NextHybrid,Dwell_Started
17:33:53.494,Hybrid,TestUI,Dwell_Start,Button: NextHybrid,Dwell_Started
17:33:53.506,Hybrid,TestUI,Dwell_Start,Button: NextHybrid,Dwell_Started
17:33:53.517,Hybrid,TestUI,Dwell_Start,Button: NextHybrid,Dwell_Started
17:33:53.527,Hybrid,TestUI,Dwell_Start,Button: NextHybrid,Dwell_Started
17:33:53.539,Hybrid,TestUI,Dwell_Start,Button: NextHybrid,Dwell_Started
17:33:53.551,Hybrid,TestUI,Dwell_Start,Button: NextHybrid,Dwell_Started
17:33:53.561,Hybrid,TestUI,Dwell_Start,Button: NextHybrid,Dwell_Started
17:33:53.572,Hybrid,TestUI,Dwell_Start,Button: NextHybrid,Dwell_Started
17:33:53.585,Hybrid,TestUI,Dwell_Start,Button: NextHybrid,Dwell_Started
17:33:53.595,Hybrid,TestUI,Dwell_Start,Button: NextHybrid,Dwell_Started
17:33:53.606,Hybrid,TestUI,Dwell_Start,Button: NextHybrid,Dwell_Started
17:33:53.616,Hybrid,TestUI,Dwell_Start,Button: NextHybrid,Dwell_Started
17:33:53.628,Hybrid,TestUI,Dwell_Start,Button: NextHybrid,Dwell_Started
17:33:53.639,Hybrid,TestUI,Dwell_Start,Button: NextHybrid,Dwell_Started
17:33:53.651,Hybrid,TestUI,Dwell_Start,Button: NextHybrid,Dwell_Started
17:33:53.662,Hybrid,TestUI,Dwell_Start,Button: NextHybrid,Dwell_Started
17:33:53.672,Hybrid,TestUI,Dwell_Start,Button: NextHybrid,Dwell_Started
17:33:53.685,Hybrid,TestUI,Dwell_Start,Button: NextHybrid,Dwell_Started
17:33:53.694,Hybrid,TestUI,Dwell_Start,Button: NextHybrid,Dwell_Started
17:33:53.706,Hybrid,TestUI,Dwell_Start,Button: NextHybrid,Dwell_Started
17:33:53.717,Hybrid,TestUI,Dwell_Start,Button: NextHybrid,Dwell_Started
17:33:53.728,Hybrid,TestUI,Dwell_Start,Button: NextHybrid,Dwell_Started
17:33:53.738,Hybrid,TestUI,Dwell_Start,Button: NextHybrid,Dwell_Started
17:33:53.750,Hybrid,TestUI,Dwell_Start,Button: NextHybrid,Dwell_Started
17:33:53.761,Hybrid,TestUI,Dwell_Start,Button: NextHybrid,Dwell_Started
17:33:53.772,Hybrid,TestUI,Dwell_Start,Button: NextHybrid,Dwell_Started
17:33:53.782,Hybrid,TestUI,Dwell_Start,Button: NextHybrid,Dwell_Started
17:33:53.794,Hybrid,TestUI,Dwell_Start,Button: NextHybrid,Dwell_Started
17:33:53.806,Hybrid,TestUI,Dwell_Start,Button: NextHybrid,Dwell_Started
17:33:53.815,Hybrid,TestUI,Dwell_Start,Button: NextHybrid,Dwell_Started
17:33:53.828,Hybrid,TestUI,Dwell_Start,Button: NextHybrid,Dwell_Started
17:33:53.839,Hybrid,TestUI,Dwell_Start,Button: NextHybrid,Dwell_Started
17:33:53.850,Hybrid,TestUI,Dwell_Start,Button: NextHybrid,Dwell_Started
17:33:53.861,Hybrid,TestUI,Dwell_Start,Button: NextHybrid,Dwell_Started
17:33:53.871,Hybrid,TestUI,Dwell_Start,Button: NextHybrid,Dwell_Started
17:33:53.883,Hybrid,TestUI,Dwell_Start,Button: NextHybrid,Dwell_Started
17:33:53.893,Hybrid,TestUI,Dwell_Start,Button: NextHybrid,Dwell_Started
17:33:53.906,Hybrid,TestUI,Dwell_Start,Button: NextHybrid,Dwell_Started
17:33:53.917,Hybrid,TestUI,Dwell_Start,Button: NextHybrid,Dwell_Started
17:33:53.928,Hybrid,TestUI,Dwell_Start,Button: NextHybrid,Dwell_Started
17:33:53.937,Hybrid,TestUI,Dwell_Start,Button: NextHybrid,Dwell_Started
17:33:53.949,Hybrid,TestUI,Dwell_Start,Button: NextHybrid,Dwell_Started
17:33:53.962,Hybrid,TestUI,Dwell_Start,Button: NextHybrid,Dwell_Started
17:33:53.972,Hybrid,TestUI,Dwell_Start,Button: NextHybrid,Dwell_Started
17:33:53.983,Hybrid,TestUI,Dwell_Start,Button: NextHybrid,Dwell_Started
17:33:53.995,Hybrid,TestUI,Dwell_Start,Button: NextHybrid,Dwell_Started
17:33:54.006,Hybrid,TestUI,Dwell_Start,Button: NextHybrid,Dwell_Started
17:33:54.017,Hybrid,TestUI,Dwell_Start,Button: NextHybrid,Dwell_Started
17:33:54.028,Hybrid,TestUI,Dwell_Start,Button: NextHybrid,Dwell_Started
17:33:54.038,Hybrid,TestUI,Dwell_Start,Button: NextHybrid,Dwell_Started
17:33:54.050,Hybrid,TestUI,Dwell_Start,Button: NextHybrid,Dwell_Started
17:33:54.061,Hybrid,TestUI,Dwell_Start,Button: NextHybrid,Dwell_Started
17:33:54.071,Hybrid,TestUI,Dwell_Start,Button: NextHybrid,Dwell_Started
17:33:54.082,Hybrid,TestUI,Dwell_Start,Button: NextHybrid,Dwell_Started
17:33:54.094,Hybrid,TestUI,Dwell_Start,Button: NextHybrid,Dwell_Started
17:33:54.105,Hybrid,TestUI,Dwell_Start,Button: NextHybrid,Dwell_Started
17:33:54.115,Hybrid,TestUI,Dwell_Start,Button: NextHybrid,Dwell_Started
17:33:54.127,Hybrid,TestUI,Dwell_Start,Button: NextHybrid,Dwell_Started
17:33:54.138,Hybrid,TestUI,Dwell_Start,Button: NextHybrid,Dwell_Started
17:33:54.150,Hybrid,TestUI,Dwell_Start,Button: NextHybrid,Dwell_Started
17:33:54.161,Hybrid,TestUI,Dwell_Start,Button: NextHybrid,Dwell_Started
17:33:54.172,Hybrid,TestUI,Dwell_Start,Button: NextHybrid,Dwell_Started
17:33:54.184,Hybrid,TestUI,Dwell_Start,Button: NextHybrid,Dwell_Started
17:33:54.193,Hybrid,TestUI,Dwell_Start,Button: NextHybrid,Dwell_Started
17:33:54.205,Hybrid,TestUI,Dwell_Start,Button: NextHybrid,Dwell_Started
17:33:54.216,Hybrid,TestUI,Dwell_Start,Button: NextHybrid,Dwell_Started
17:33:54.227,Hybrid,TestUI,Dwell_Start,Button: NextHybrid,Dwell_Started
17:33:54.237,Hybrid,TestUI,Dwell_Start,Button: NextHybrid,Dwell_Started
17:33:54.250,Hybrid,TestUI,Dwell_Start,Button: NextHybrid,Dwell_Started
17:33:54.260,Hybrid,TestUI,Dwell_Start,Button: NextHybrid,Dwell_Started
17:33:54.271,Hybrid,TestUI,Dwell_Start,Button: NextHybrid,Dwell_Started
17:33:54.284,Hybrid,TestUI,Dwell_Start,Button: NextHybrid,Dwell_Started
17:33:54.300,Hybrid,TestUI,Dwell_Start,Button: NextHybrid,Dwell_Started
17:33:54.311,Hybrid,TestUI,Dwell_Start,Button: NextHybrid,Dwell_Started
17:33:54.322,Hybrid,TestUI,Dwell_Start,Button: NextHybrid,Dwell_Started
17:33:54.333,Hybrid,TestUI,Dwell_Start,Button: NextHybrid,Dwell_Started
17:33:54.344,Hybrid,TestUI,Dwell_Start,Button: NextHybrid,Dwell_Started
17:33:54.355,Hybrid,TestUI,Dwell_Start,Button: NextHybrid,Dwell_Started
17:33:54.366,Hybrid,TestUI,Dwell_Start,Button: NextHybrid,Dwell_Started
17:33:54.377,Hybrid,TestUI,Dwell_Start,Button: NextHybrid,Dwell_Started
17:33:54.389,Hybrid,TestUI,Dwell_Start,Button: NextHybrid,Dwell_Started
17:33:54.400,Hybrid,TestUI,Dwell_Start,Button: NextHybrid,Dwell_Started
17:33:54.411,Hybrid,TestUI,Dwell_Start,Button: NextHybrid,Dwell_Started
17:33:54.421,Hybrid,TestUI,Dwell_Start,Button: NextHybrid,Dwell_Started
17:33:54.433,Hybrid,TestUI,Dwell_Start,Button: NextHybrid,Dwell_Started
17:33:54.445,Hybrid,TestUI,Dwell_Start,Button: NextHybrid,Dwell_Started
17:33:54.456,Hybrid,TestUI,Dwell_Start,Button: NextHybrid,Dwell_Started
17:33:54.466,Hybrid,TestUI,Dwell_Start,Button: NextHybrid,Dwell_Started
17:33:54.476,Hybrid,TestUI,Dwell_Start,Button: NextHybrid,Dwell_Started
17:33:54.488,Hybrid,TestUI,Dwell_Start,Button: NextHybrid,Dwell_Started
17:33:54.499,Hybrid,TestUI,Dwell_Start,Button: NextHybrid,Dwell_Started
17:33:54.511,Hybrid,TestUI,Dwell_Start,Button: NextHybrid,Dwell_Started
17:33:54.522,Hybrid,TestUI,Dwell_Start,Button: NextHybrid,Dwell_Started
17:33:54.534,Hybrid,TestUI,Dwell_Start,Button: NextHybrid,Dwell_Started
17:33:54.545,Hybrid,TestUI,Dwell_Start,Button: NextHybrid,Dwell_Started
17:33:54.556,Hybrid,TestUI,Dwell_Start,Button: NextHybrid,Dwell_Started
17:33:54.567,Hybrid,TestUI,Dwell_Start,Button: NextHybrid,Dwell_Started
17:33:54.577,Hybrid,TestUI,Dwell_Start,Button: NextHybrid,Dwell_Started
17:33:54.589,Hybrid,TestUI,Dwell_Start,Button: NextHybrid,Dwell_Started
17:33:54.600,Hybrid,TestUI,Dwell_Start,Button: NextHybrid,Dwell_Started
17:33:54.610,Hybrid,TestUI,Dwell_Start,Button: NextHybrid,Dwell_Started
17:33:54.621,Hybrid,TestUI,Dwell_Start,Button: NextHybrid,Dwell_Started
17:33:54.632,Hybrid,TestUI,Dwell_Start,Button: NextHybrid,Dwell_Started
17:33:54.644,Hybrid,TestUI,Dwell_Start,Button: NextHybrid,Dwell_Started
17:33:54.654,Hybrid,TestUI,Dwell_Start,Button: NextHybrid,Dwell_Started
17:33:54.668,Hybrid,TestUI,Dwell_Start,Button: NextHybrid,Dwell_Started
17:33:54.678,Hybrid,TestUI,Dwell_Start,Button: NextHybrid,Dwell_Started
17:33:54.689,Hybrid,TestUI,Dwell_Start,Button: NextHybrid,Dwell_Started
17:33:54.700,Hybrid,TestUI,Dwell_Start,Button: NextHybrid,Dwell_Started
17:33:54.712,Hybrid,TestUI,Dwell_Start,Button: NextHybrid,Dwell_Started
17:33:54.722,Hybrid,TestUI,Dwell_Start,Button: NextHybrid,Dwell_Started
17:33:54.735,Hybrid,TestUI,Dwell_Start,Button: NextHybrid,Dwell_Started
17:33:54.746,Hybrid,TestUI,Dwell_Start,Button: NextHybrid,Dwell_Started
17:33:54.757,Hybrid,TestUI,Dwell_Start,Button: NextHybrid,Dwell_Started
17:33:54.769,Hybrid,TestUI,Dwell_Start,Button: NextHybrid,Dwell_Started
17:33:54.779,Hybrid,TestUI,Dwell_Start,Button: NextHybrid,Dwell_Started
17:33:54.791,Hybrid,TestUI,Dwell_Start,Button: NextHybrid,Dwell_Started
17:33:54.803,Hybrid,TestUI,Dwell_Start,Button: NextHybrid,Dwell_Started
17:33:54.814,Hybrid,TestUI,Dwell_Start,Button: NextHybrid,Dwell_Started
17:33:54.825,Hybrid,TestUI,Dwell_Start,Button: NextHybrid,Dwell_Started
17:33:54.837,Hybrid,TestUI,Dwell_Start,Button: NextHybrid,Dwell_Started
17:33:54.849,Hybrid,TestUI,Dwell_Start,Button: NextHybrid,Dwell_Started
17:33:54.860,Hybrid,TestUI,Dwell_Start,Button: NextHybrid,Dwell_Started
17:33:54.871,Hybrid,TestUI,Dwell_Start,Button: NextHybrid,Dwell_Started
17:33:54.882,Hybrid,TestUI,Dwell_Start,Button: NextHybrid,Dwell_Started
17:33:54.893,Hybrid,TestUI,Dwell_Start,Button: NextHybrid,Dwell_Started
17:33:54.904,Hybrid,TestUI,Dwell_Start,Button: NextHybrid,Dwell_Started
17:33:54.916,Hybrid,TestUI,Dwell_Start,Button: NextHybrid,Dwell_Started
17:33:54.927,Hybrid,TestUI,Dwell_Start,Button: NextHybrid,Dwell_Started
17:33:54.937,Hybrid,TestUI,Dwell_Start,Button: NextHybrid,Dwell_Started
17:33:54.950,Hybrid,TestUI,Dwell_Start,Button: NextHybrid,Dwell_Started
17:33:54.961,Hybrid,TestUI,Dwell_Start,Button: NextHybrid,Dwell_Started
17:33:54.971,Hybrid,TestUI,Dwell_Start,Button: NextHybrid,Dwell_Started
17:33:54.982,Hybrid,TestUI,Dwell_Start,Button: NextHybrid,Dwell_Started
17:33:54.993,Hybrid,TestUI,Dwell_Start,Button: NextHybrid,Dwell_Started
17:33:55.004,Hybrid,TestUI,Dwell_Start,Button: NextHybrid,Dwell_Started
17:33:55.015,Hybrid,TestUI,Dwell_Start,Button: NextHybrid,Dwell_Started
17:33:55.027,Hybrid,TestUI,Dwell_Start,Button: NextHybrid,Dwell_Started
17:33:55.037,Hybrid,TestUI,Dwell_Start,Button: NextHybrid,Dwell_Started
17:33:55.049,Hybrid,TestUI,Dwell_Start,Button: NextHybrid,Dwell_Started
17:33:55.061,Hybrid,TestUI,Dwell_Start,Button: NextHybrid,Dwell_Started
17:33:55.071,Hybrid,TestUI,Dwell_Start,Button: NextHybrid,Dwell_Started
17:33:55.082,Hybrid,TestUI,Dwell_Start,Button: NextHybrid,Dwell_Started
17:33:55.093,Hybrid,TestUI,Dwell_Start,Button: NextHybrid,Dwell_Started
17:33:55.104,Hybrid,TestUI,Dwell_Start,Button: NextHybrid,Dwell_Started
17:33:55.115,Hybrid,TestUI,Dwell_Start,Button: NextHybrid,Dwell_Started
17:33:55.126,Hybrid,TestUI,Dwell_Start,Button: NextHybrid,Dwell_Started
17:33:55.137,Hybrid,TestUI,Dwell_Start,Button: NextHybrid,Dwell_Started
17:33:55.150,Hybrid,TestUI,Dwell_Start,Button: NextHybrid,Dwell_Started
17:33:55.161,Hybrid,TestUI,Dwell_Start,Button: NextHybrid,Dwell_Started
17:33:55.170,Hybrid,TestUI,Dwell_Start,Button: NextHybrid,Dwell_Started
17:33:55.182,Hybrid,TestUI,Dwell_Start,Button: NextHybrid,Dwell_Started
17:33:55.194,Hybrid,TestUI,Dwell_Start,Button: NextHybrid,Dwell_Started
17:33:55.204,Hybrid,TestUI,Dwell_Start,Button: NextHybrid,Dwell_Started
17:33:55.215,Hybrid,TestUI,Dwell_Start,Button: NextHybrid,Dwell_Started
17:33:55.227,Hybrid,TestUI,Dwell_Start,Button: NextHybrid,Dwell_Started
17:33:55.238,Hybrid,TestUI,Dwell_Start,Button: NextHybrid,Dwell_Started
17:33:55.248,Hybrid,TestUI,Dwell_Start,Button: NextHybrid,Dwell_Started
17:33:55.261,Hybrid,TestUI,Dwell_Start,Button: NextHybrid,Dwell_Started
17:33:55.271,Hybrid,TestUI,Dwell_Start,Button: NextHybrid,Dwell_Started
17:33:55.283,Hybrid,TestUI,Dwell_Start,Button: NextHybrid,Dwell_Started
17:33:55.294,Hybrid,TestUI,Dwell_Start,Button: NextHybrid,Dwell_Started
17:33:55.311,Hybrid,TestUI,Dwell_Start,Button: NextHybrid,Dwell_Started
17:33:55.323,Hybrid,TestUI,Dwell_Start,Button: NextHybrid,Dwell_Started
17:33:55.335,Hybrid,TestUI,Dwell_Start,Button: NextHybrid,Dwell_Started
17:33:55.346,Hybrid,TestUI,Dwell_Start,Button: NextHybrid,Dwell_Started
17:33:55.357,Hybrid,TestUI,Dwell_Start,Button: NextHybrid,Dwell_Started
17:33:55.369,Hybrid,TestUI,Dwell_Start,Button: NextHybrid,Dwell_Started
17:33:55.379,Hybrid,TestUI,Dwell_Start,Button: NextHybrid,Dwell_Started
17:33:55.390,Hybrid,TestUI,Dwell_Start,Button: NextHybrid,Dwell_Started
17:33:55.402,Hybrid,TestUI,Dwell_Start,Button: NextHybrid,Dwell_Started
17:33:55.412,Hybrid,TestUI,Dwell_Start,Button: NextHybrid,Dwell_Started
17:33:55.424,Hybrid,TestUI,Dwell_Start,Button: NextHybrid,Dwell_Started
17:33:55.434,Hybrid,TestUI,Dwell_Start,Button: NextHybrid,Dwell_Started
17:33:55.445,Hybrid,TestUI,Dwell_Start,Button: NextHybrid,Dwell_Started
17:33:55.457,Hybrid,TestUI,Dwell_Start,Button: NextHybrid,Dwell_Started
17:33:55.468,Hybrid,TestUI,Dwell_Start,Button: NextHybrid,Dwell_Started
17:33:55.481,Hybrid,TestUI,Dwell_Start,Button: NextHybrid,Dwell_Started
17:33:55.491,Hybrid,TestUI,Dwell_Start,Button: NextHybrid,Dwell_Started
17:33:55.502,Hybrid,TestUI,Dwell_Start,Button: NextHybrid,Dwell_Started
17:33:55.513,Hybrid,TestUI,Dwell_Start,Button: NextHybrid,Dwell_Started
17:33:55.523,Hybrid,TestUI,Dwell_Start,Button: NextHybrid,Dwell_Started
17:33:55.535,Hybrid,TestUI,Dwell_Start,Button: NextHybrid,Dwell_Started
17:33:55.545,Hybrid,TestUI,Dwell_Start,Button: NextHybrid,Dwell_Started
17:33:55.557,Hybrid,TestUI,Dwell_Start,Button: NextHybrid,Dwell_Started
17:33:55.569,Hybrid,TestUI,Dwell_Start,Button: NextHybrid,Dwell_Started
17:33:55.579,Hybrid,TestUI,Dwell_Start,Button: NextHybrid,Dwell_Started
17:33:55.591,Hybrid,TestUI,Dwell_Start,Button: NextHybrid,Dwell_Started
17:33:55.601,Hybrid,TestUI,Dwell_Start,Button: NextHybrid,Dwell_Started
17:33:55.614,Hybrid,TestUI,Dwell_Start,Button: NextHybrid,Dwell_Started
17:33:55.624,Hybrid,TestUI,Dwell_Start,Button: NextHybrid,Dwell_Started
17:33:55.634,Hybrid,TestUI,Dwell_Start,Button: NextHybrid,Dwell_Started
17:33:55.646,Hybrid,TestUI,Dwell_Start,Button: NextHybrid,Dwell_Started
17:33:55.657,Hybrid,TestUI,Dwell_Start,Button: NextHybrid,Dwell_Started
17:33:55.669,Hybrid,TestUI,Dwell_Start,Button: NextHybrid,Dwell_Started
17:33:55.680,Hybrid,TestUI,Dwell_Start,Button: NextHybrid,Dwell_Started
17:33:55.692,Hybrid,TestUI,Dwell_Start,Button: NextHybrid,Dwell_Started
17:33:55.702,Hybrid,TestUI,Dwell_Start,Button: NextHybrid,Dwell_Started
17:33:55.713,Hybrid,TestUI,Dwell_Start,Button: NextHybrid,Dwell_Started
17:33:55.725,Hybrid,TestUI,Dwell_Start,Button: NextHybrid,Dwell_Started
17:33:55.735,Hybrid,TestUI,Dwell_Start,Button: NextHybrid,Dwell_Started
17:33:55.748,Hybrid,TestUI,Dwell_Start,Button: NextHybrid,Dwell_Started
17:33:55.758,Hybrid,TestUI,Dwell_Start,Button: NextHybrid,Dwell_Started
17:33:55.769,Hybrid,TestUI,Dwell_Start,Button: NextHybrid,Dwell_Started
17:33:55.780,Hybrid,TestUI,Dwell_Start,Button: NextHybrid,Dwell_Started
17:33:55.792,Hybrid,TestUI,Dwell_Start,Button: NextHybrid,Dwell_Started
17:33:55.803,Hybrid,TestUI,Dwell_Start,Button: NextHybrid,Dwell_Started
17:33:55.815,Hybrid,TestUI,Dwell_Start,Button: NextHybrid,Dwell_Started
17:33:55.826,Hybrid,TestUI,Dwell_Start,Button: NextHybrid,Dwell_Started
17:33:55.838,Hybrid,TestUI,Dwell_Start,Button: NextHybrid,Dwell_Started
17:33:55.848,Hybrid,TestUI,Dwell_Start,Button: NextHybrid,Dwell_Started
17:33:55.859,Hybrid,TestUI,Dwell_Start,Button: NextHybrid,Dwell_Started
17:33:55.873,Hybrid,TestUI,Dwell_Start,Button: NextHybrid,Dwell_Started
17:33:55.881,Hybrid,TestUI,Dwell_Start,Button: NextHybrid,Dwell_Started
17:33:55.895,Hybrid,TestUI,Dwell_Start,Button: NextHybrid,Dwell_Started
17:33:55.903,Hybrid,TestUI,Dwell_Start,Button: NextHybrid,Dwell_Started
17:33:55.916,Hybrid,TestUI,Dwell_Start,Button: NextHybrid,Dwell_Started
17:33:55.927,Hybrid,TestUI,Dwell_Start,Button: NextHybrid,Dwell_Started
17:33:55.937,Hybrid,TestUI,Dwell_Start,Button: NextHybrid,Dwell_Started
17:33:55.948,Hybrid,TestUI,Dwell_Start,Button: NextHybrid,Dwell_Started
17:33:55.961,Hybrid,TestUI,Dwell_Start,Button: NextHybrid,Dwell_Started
17:33:55.971,Hybrid,TestUI,Dwell_Start,Button: NextHybrid,Dwell_Started
17:33:55.983,Hybrid,TestUI,Dwell_Start,Button: NextHybrid,Dwell_Started
17:33:55.995,Hybrid,TestUI,Dwell_Start,Button: NextHybrid,Dwell_Started
17:33:56.003,Hybrid,TestUI,Dwell_Start,Button: NextHybrid,Dwell_Started
17:33:56.015,Hybrid,TestUI,Dwell_Start,Button: NextHybrid,Dwell_Started
17:33:56.028,Hybrid,TestUI,Dwell_Start,Button: NextHybrid,Dwell_Started
17:33:56.038,Hybrid,TestUI,Dwell_Start,Button: NextHybrid,Dwell_Started
17:33:56.048,Hybrid,TestUI,Dwell_Start,Button: NextHybrid,Dwell_Started
17:33:56.059,Hybrid,TestUI,Dwell_Start,Button: NextHybrid,Dwell_Started
17:33:56.071,Hybrid,TestUI,Dwell_Start,Button: NextHybrid,Dwell_Started
17:33:56.083,Hybrid,TestUI,Dwell_Start,Button: NextHybrid,Dwell_Started
17:33:56.093,Hybrid,TestUI,Dwell_Start,Button: NextHybrid,Dwell_Started
17:33:56.103,Hybrid,TestUI,Dwell_Start,Button: NextHybrid,Dwell_Started
17:33:56.115,Hybrid,TestUI,Dwell_Start,Button: NextHybrid,Dwell_Started
17:33:56.126,Hybrid,TestUI,Dwell_Start,Button: NextHybrid,Dwell_Started
17:33:56.137,Hybrid,TestUI,Dwell_Start,Button: NextHybrid,Dwell_Started
17:33:56.148,Hybrid,TestUI,Dwell_Start,Button: NextHybrid,Dwell_Started
17:33:56.159,Hybrid,TestUI,Dwell_Start,Button: NextHybrid,Dwell_Started
17:33:56.171,Hybrid,TestUI,Dwell_Start,Button: NextHybrid,Dwell_Started
17:33:56.183,Hybrid,TestUI,Dwell_Start,Button: NextHybrid,Dwell_Started
17:33:56.192,Hybrid,TestUI,Dwell_Start,Button: NextHybrid,Dwell_Started
17:33:56.204,Hybrid,TestUI,Dwell_Start,Button: NextHybrid,Dwell_Started
17:33:56.215,Hybrid,TestUI,Dwell_Start,Button: NextHybrid,Dwell_Started
17:33:56.228,Hybrid,TestUI,Dwell_Start,Button: NextHybrid,Dwell_Started
17:33:56.238,Hybrid,TestUI,Dwell_Start,Button: NextHybrid,Dwell_Started
17:33:56.249,Hybrid,TestUI,Dwell_Start,Button: NextHybrid,Dwell_Started
17:33:56.259,Hybrid,TestUI,Dwell_Start,Button: NextHybrid,Dwell_Started
17:33:56.271,Hybrid,TestUI,Dwell_Start,Button: NextHybrid,Dwell_Started
17:33:56.281,Hybrid,TestUI,Dwell_Start,Button: NextHybrid,Dwell_Started
17:33:56.293,Hybrid,TestUI,Dwell_Start,Button: NextHybrid,Dwell_Started
17:33:56.304,Hybrid,TestUI,Dwell_Start,Button: NextHybrid,Dwell_Started
17:33:56.316,Hybrid,TestUI,Dwell_Start,Button: NextHybrid,Dwell_Started
17:33:56.327,Hybrid,TestUI,Dwell_Start,Button: NextHybrid,Dwell_Started
17:33:56.337,Hybrid,TestUI,Dwell_Start,Button: NextHybrid,Dwell_Started
17:33:56.348,Hybrid,TestUI,Dwell_Start,Button: NextHybrid,Dwell_Started
17:33:56.360,Hybrid,TestUI,Dwell_Start,Button: NextHybrid,Dwell_Started
17:33:56.370,Hybrid,TestUI,Dwell_Start,Button: NextHybrid,Dwell_Started
17:33:56.383,Hybrid,TestUI,Dwell_Start,Button: NextHybrid,Dwell_Started
17:33:56.392,Hybrid,TestUI,Dwell_Start,Button: NextHybrid,Dwell_Started
17:33:56.403,Hybrid,TestUI,Dwell_Start,Button: NextHybrid,Dwell_Started
17:33:56.415,Hybrid,TestUI,Dwell_Start,Button: NextHybrid,Dwell_Started
17:33:56.427,Hybrid,TestUI,Dwell_Start,Button: NextHybrid,Dwell_Started
17:33:56.437,Hybrid,TestUI,Dwell_Start,Button: NextHybrid,Dwell_Started
17:33:56.449,Hybrid,TestUI,Dwell_Start,Button: NextHybrid,Dwell_Started
17:33:56.459,Hybrid,TestUI,Dwell_Start,Button: NextHybrid,Dwell_Started
17:33:56.471,Hybrid,TestUI,Dwell_Start,Button: NextHybrid,Dwell_Started
17:33:56.481,Hybrid,TestUI,Dwell_Start,Button: NextHybrid,Dwell_Started
17:33:56.493,Hybrid,TestUI,Dwell_Start,Button: NextHybrid,Dwell_Started
17:33:56.505,Hybrid,TestUI,Dwell_Start,Button: NextHybrid,Dwell_Started
17:33:56.515,Hybrid,TestUI,Dwell_Start,Button: NextHybrid,Dwell_Started
17:33:56.527,Hybrid,TestUI,Dwell_Start,Button: NextHybrid,Dwell_Started
17:33:56.538,Hybrid,TestUI,Dwell_Start,Button: NextHybrid,Dwell_Started
17:33:56.549,Hybrid,TestUI,Dwell_Start,Button: NextHybrid,Dwell_Started
17:33:56.560,Hybrid,TestUI,Dwell_Start,Button: NextHybrid,Dwell_Started
17:33:56.571,Hybrid,TestUI,Dwell_Start,Button: NextHybrid,Dwell_Started
17:33:56.581,Hybrid,TestUI,Dwell_Start,Button: NextHybrid,Dwell_Started
17:33:56.592,Hybrid,TestUI,Dwell_Start,Button: NextHybrid,Dwell_Started
17:33:56.603,Hybrid,TestUI,Dwell_Start,Button: NextHybrid,Dwell_Started
17:33:56.614,Hybrid,TestUI,Dwell_Start,Button: NextHybrid,Dwell_Started
17:33:56.627,Hybrid,TestUI,Dwell_Start,Button: NextHybrid,Dwell_Started
17:33:56.637,Hybrid,TestUI,Dwell_Start,Button: NextHybrid,Dwell_Started
17:33:56.648,Hybrid,TestUI,Dwell_Start,Button: NextHybrid,Dwell_Started
17:33:56.659,Hybrid,TestUI,Dwell_Start,Button: NextHybrid,Dwell_Started
17:33:56.670,Hybrid,TestUI,Dwell_Start,Button: NextHybrid,Dwell_Started
17:33:56.680,Hybrid,TestUI,Dwell_Start,Button: NextHybrid,Dwell_Started
17:33:56.693,Hybrid,TestUI,Dwell_Start,Button: NextHybrid,Dwell_Started
17:33:56.704,Hybrid,TestUI,Dwell_Start,Button: NextHybrid,Dwell_Started
17:33:56.715,Hybrid,TestUI,Dwell_Start,Button: NextHybrid,Dwell_Started
17:33:56.726,Hybrid,TestUI,Dwell_Start,Button: NextHybrid,Dwell_Started
17:33:56.736,Hybrid,TestUI,Dwell_Start,Button: NextHybrid,Dwell_Started
17:33:56.748,Hybrid,TestUI,Dwell_Start,Button: NextHybrid,Dwell_Started
17:33:56.761,Hybrid,TestUI,Dwell_Start,Button: NextHybrid,Dwell_Started
17:33:56.771,Hybrid,TestUI,Dwell_Start,Button: NextHybrid,Dwell_Started
17:33:56.782,Hybrid,TestUI,Dwell_Start,Button: NextHybrid,Dwell_Started
17:33:56.793,Hybrid,TestUI,Dwell_Start,Button: NextHybrid,Dwell_Started
17:33:56.804,Hybrid,TestUI,Dwell_Start,Button: NextHybrid,Dwell_Started
17:33:56.815,Hybrid,TestUI,Dwell_Start,Button: NextHybrid,Dwell_Started
17:33:56.828,Hybrid,TestUI,Dwell_Start,Button: NextHybrid,Dwell_Started
17:33:56.837,Hybrid,TestUI,Dwell_Start,Button: NextHybrid,Dwell_Started
17:33:56.848,Hybrid,TestUI,Dwell_Start,Button: NextHybrid,Dwell_Started
17:33:56.860,Hybrid,TestUI,Dwell_Start,Button: NextHybrid,Dwell_Started
17:33:56.870,Hybrid,TestUI,Dwell_Start,Button: NextHybrid,Dwell_Started
17:33:56.881,Hybrid,TestUI,Dwell_Start,Button: NextHybrid,Dwell_Started
17:33:56.893,Hybrid,TestUI,Dwell_Start,Button: NextHybrid,Dwell_Started
17:33:56.903,Hybrid,TestUI,Dwell_Start,Button: NextHybrid,Dwell_Started
17:33:56.914,Hybrid,TestUI,Dwell_Start,Button: NextHybrid,Dwell_Started
17:33:56.927,Hybrid,TestUI,Dwell_Start,Button: NextHybrid,Dwell_Started
17:33:56.937,Hybrid,TestUI,Dwell_Start,Button: NextHybrid,Dwell_Started
17:33:56.949,Hybrid,TestUI,Dwell_Start,Button: NextHybrid,Dwell_Started
17:33:56.959,Hybrid,TestUI,Dwell_Start,Button: NextHybrid,Dwell_Started
17:33:56.971,Hybrid,TestUI,Dwell_Start,Button: NextHybrid,Dwell_Started
17:33:56.981,Hybrid,TestUI,Dwell_Start,Button: NextHybrid,Dwell_Started
17:33:56.993,Hybrid,TestUI,Dwell_Start,Button: NextHybrid,Dwell_Started
17:33:57.004,Hybrid,TestUI,Dwell_Start,Button: NextHybrid,Dwell_Started
17:33:57.016,Hybrid,TestUI,Dwell_Start,Button: NextHybrid,Dwell_Started
17:33:57.026,Hybrid,TestUI,Dwell_Start,Button: NextHybrid,Dwell_Started
17:33:57.037,Hybrid,TestUI,Dwell_Start,Button: NextHybrid,Dwell_Started
17:33:57.048,Hybrid,TestUI,Dwell_Start,Button: NextHybrid,Dwell_Started
17:33:57.060,Hybrid,TestUI,Dwell_Start,Button: NextHybrid,Dwell_Started
17:33:57.071,Hybrid,TestUI,Dwell_Start,Button: NextHybrid,Dwell_Started
17:33:57.081,Hybrid,TestUI,Dwell_Start,Button: NextHybrid,Dwell_Started
17:33:57.092,Hybrid,TestUI,Dwell_Start,Button: NextHybrid,Dwell_Started
17:33:57.104,Hybrid,TestUI,Dwell_Start,Button: NextHybrid,Dwell_Started
17:33:57.116,Hybrid,TestUI,Dwell_Start,Button: NextHybrid,Dwell_Started
17:33:57.126,Hybrid,TestUI,Dwell_Start,Button: NextHybrid,Dwell_Started
17:33:57.137,Hybrid,TestUI,Dwell_Start,Button: NextHybrid,Dwell_Started
17:33:57.148,Hybrid,TestUI,Dwell_Start,Button: NextHybrid,Dwell_Started
17:33:57.159,Hybrid,TestUI,Dwell_Start,Button: NextHybrid,Dwell_Started
17:33:57.170,Hybrid,TestUI,Dwell_Start,Button: NextHybrid,Dwell_Started
17:33:57.181,Hybrid,TestUI,Dwell_Start,Button: NextHybrid,Dwell_Started
17:33:57.194,Hybrid,TestUI,Dwell_Start,Button: NextHybrid,Dwell_Started
17:33:57.204,Hybrid,TestUI,Dwell_Start,Button: NextHybrid,Dwell_Started
17:33:57.215,Hybrid,TestUI,Dwell_Start,Button: NextHybrid,Dwell_Started
17:33:57.226,Hybrid,TestUI,Dwell_Start,Button: NextHybrid,Dwell_Started
17:33:57.237,Hybrid,TestUI,Dwell_Start,Button: NextHybrid,Dwell_Started
17:33:57.248,Hybrid,TestUI,Dwell_Start,Button: NextHybrid,Dwell_Started
17:33:57.259,Hybrid,TestUI,Dwell_Start,Button: NextHybrid,Dwell_Started
17:33:57.270,Hybrid,TestUI,Dwell_Start,Button: NextHybrid,Dwell_Started
17:33:57.281,Hybrid,TestUI,Dwell_Start,Button: NextHybrid,Dwell_Started
17:33:57.292,Hybrid,TestUI,Dwell_Start,Button: NextHybrid,Dwell_Started
17:33:57.304,Hybrid,TestUI,Dwell_Start,Button: NextHybrid,Dwell_Started
17:33:57.314,Hybrid,TestUI,Dwell_Start,Button: NextHybrid,Dwell_Started
17:33:57.326,Hybrid,TestUI,Dwell_Start,Button: NextHybrid,Dwell_Started
17:33:57.336,Hybrid,TestUI,Dwell_Start,Button: NextHybrid,Dwell_Started
17:33:57.349,Hybrid,TestUI,Dwell_Start,Button: NextHybrid,Dwell_Started
17:33:57.359,Hybrid,TestUI,Dwell_Start,Button: NextHybrid,Dwell_Started
17:33:57.371,Hybrid,TestUI,Dwell_Start,Button: NextHybrid,Dwell_Started
17:33:57.381,Hybrid,TestUI,Dwell_Start,Button: NextHybrid,Dwell_Started
17:33:57.392,Hybrid,TestUI,Dwell_Start,Button: NextHybrid,Dwell_Started
17:33:57.403,Hybrid,TestUI,Dwell_Start,Button: NextHybrid,Dwell_Started
17:33:57.417,Hybrid,TestUI,Dwell_Start,Button: NextHybrid,Dwell_Started
17:33:57.428,Hybrid,TestUI,Dwell_Start,Button: NextHybrid,Dwell_Started
17:33:57.441,Hybrid,TestUI,Dwell_Start,Button: NextHybrid,Dwell_Started
17:33:57.451,Hybrid,TestUI,Dwell_Start,Button: NextHybrid,Dwell_Started
17:33:57.462,Hybrid,TestUI,Dwell_Start,Button: NextHybrid,Dwell_Started
17:33:57.473,Hybrid,TestUI,Dwell_Start,Button: NextHybrid,Dwell_Started
17:33:57.484,Hybrid,TestUI,Dwell_Start,Button: NextHybrid,Dwell_Started
17:33:57.495,Hybrid,TestUI,Dwell_Start,Button: NextHybrid,Dwell_Started
17:33:57.507,Hybrid,TestUI,Dwell_Start,Button: NextHybrid,Dwell_Started
17:33:57.518,Hybrid,TestUI,Dwell_Start,Button: NextHybrid,Dwell_Started
17:33:57.529,Hybrid,TestUI,Dwell_Start,Button: NextHybrid,Dwell_Started
17:33:57.540,Hybrid,TestUI,Dwell_Start,Button: NextHybrid,Dwell_Started
17:33:57.551,Hybrid,TestUI,Dwell_Start,Button: NextHybrid,Dwell_Started
17:33:57.588,Hybrid,TestUI,Dwell_Start,Button: NextHybrid,Dwell_Started
17:33:57.598,Hybrid,TestUI,Dwell_Start,Button: NextHybrid,Dwell_Started
17:33:57.606,Hybrid,TestUI,Dwell_Start,Button: NextHybrid,Dwell_Started
17:33:57.613,Hybrid,TestUI,Dwell_Start,Button: NextHybrid,Dwell_Started
17:33:57.622,Hybrid,TestUI,Dwell_Start,Button: NextHybrid,Dwell_Started
17:33:57.634,Hybrid,TestUI,Dwell_Start,Button: NextHybrid,Dwell_Started
17:33:57.645,Hybrid,TestUI,Dwell_Start,Button: NextHybrid,Dwell_Started
17:33:57.655,Hybrid,TestUI,Dwell_Start,Button: NextHybrid,Dwell_Started
17:33:57.667,Hybrid,TestUI,Dwell_Start,Button: NextHybrid,Dwell_Started
17:33:57.678,Hybrid,TestUI,Dwell_Start,Button: NextHybrid,Dwell_Started
17:33:57.689,Hybrid,TestUI,Dwell_Start,Button: NextHybrid,Dwell_Started
17:33:57.701,Hybrid,TestUI,Dwell_Start,Button: NextHybrid,Dwell_Started
17:33:57.711,Hybrid,TestUI,Dwell_Start,Button: NextHybrid,Dwell_Started
17:33:57.722,Hybrid,TestUI,Dwell_Start,Button: NextHybrid,Dwell_Started
17:33:57.734,Hybrid,TestUI,Dwell_Start,Button: NextHybrid,Dwell_Started
17:33:57.745,Hybrid,TestUI,Dwell_Start,Button: NextHybrid,Dwell_Started
17:33:57.755,Hybrid,TestUI,Dwell_Start,Button: NextHybrid,Dwell_Started
17:33:57.767,Hybrid,TestUI,Dwell_Start,Button: NextHybrid,Dwell_Started
17:33:57.779,Hybrid,TestUI,Dwell_Start,Button: NextHybrid,Dwell_Started
17:33:57.788,Hybrid,TestUI,Dwell_Start,Button: NextHybrid,Dwell_Started
17:33:57.799,Hybrid,TestUI,Dwell_Start,Button: NextHybrid,Dwell_Started
17:33:57.811,Hybrid,TestUI,Dwell_Start,Button: NextHybrid,Dwell_Started
17:33:57.823,Hybrid,TestUI,Dwell_Start,Button: NextHybrid,Dwell_Started
17:33:57.835,Hybrid,TestUI,Dwell_Start,Button: NextHybrid,Dwell_Started
17:33:57.846,Hybrid,TestUI,Dwell_Start,Button: NextHybrid,Dwell_Started
17:33:57.855,Hybrid,TestUI,Dwell_Start,Button: NextHybrid,Dwell_Started
17:33:57.867,Hybrid,TestUI,Dwell_Start,Button: NextHybrid,Dwell_Started
17:33:57.878,Hybrid,TestUI,Dwell_Start,Button: NextHybrid,Dwell_Started
17:33:57.890,Hybrid,TestUI,Dwell_Start,Button: NextHybrid,Dwell_Started
17:33:57.901,Hybrid,TestUI,Dwell_Start,Button: NextHybrid,Dwell_Started
17:33:57.911,Hybrid,TestUI,Dwell_Start,Button: NextHybrid,Dwell_Started
17:33:57.922,Hybrid,TestUI,Dwell_Start,Button: NextHybrid,Dwell_Started
17:33:57.935,Hybrid,TestUI,Dwell_Start,Button: NextHybrid,Dwell_Started
17:33:57.944,Hybrid,TestUI,Dwell_Start,Button: NextHybrid,Dwell_Started
17:33:57.955,Hybrid,TestUI,Dwell_Start,Button: NextHybrid,Dwell_Started
17:33:57.968,Hybrid,TestUI,Dwell_Start,Button: NextHybrid,Dwell_Started
17:33:57.978,Hybrid,TestUI,Dwell_Start,Button: NextHybrid,Dwell_Started
17:33:57.989,Hybrid,TestUI,Dwell_Start,Button: NextHybrid,Dwell_Started
17:33:58.001,Hybrid,TestUI,Dwell_Start,Button: NextHybrid,Dwell_Started
17:33:58.012,Hybrid,TestUI,Dwell_Start,Button: NextHybrid,Dwell_Started
17:33:58.024,Hybrid,TestUI,Dwell_Start,Button: NextHybrid,Dwell_Started
17:33:58.035,Hybrid,TestUI,Dwell_Start,Button: NextHybrid,Dwell_Started
17:33:58.046,Hybrid,TestUI,Dwell_Start,Button: NextHybrid,Dwell_Started
17:33:58.058,Hybrid,TestUI,Dwell_Start,Button: NextHybrid,Dwell_Started
17:33:58.068,Hybrid,TestUI,Dwell_Start,Button: NextHybrid,Dwell_Started
17:33:58.080,Hybrid,TestUI,Dwell_Start,Button: NextHybrid,Dwell_Started
17:33:58.091,Hybrid,TestUI,Dwell_Start,Button: NextHybrid,Dwell_Started
17:33:58.104,Hybrid,TestUI,Dwell_Start,Button: NextHybrid,Dwell_Started
17:33:58.114,Hybrid,TestUI,Dwell_Start,Button: NextHybrid,Dwell_Started
17:33:58.126,Hybrid,TestUI,Dwell_Start,Button: NextHybrid,Dwell_Started
17:33:58.136,Hybrid,TestUI,Dwell_Start,Button: NextHybrid,Dwell_Started
17:33:58.147,Hybrid,TestUI,Dwell_Start,Button: NextHybrid,Dwell_Started
17:33:58.159,Hybrid,TestUI,Dwell_Start,Button: NextHybrid,Dwell_Started
17:33:58.169,Hybrid,TestUI,Dwell_Start,Button: NextHybrid,Dwell_Started
17:33:58.181,Hybrid,TestUI,Dwell_Start,Button: NextHybrid,Dwell_Started
17:33:58.192,Hybrid,TestUI,Dwell_Start,Button: NextHybrid,Dwell_Started
17:33:58.203,Hybrid,TestUI,Dwell_Start,Button: NextHybrid,Dwell_Started
17:33:58.214,Hybrid,TestUI,Dwell_Start,Button: NextHybrid,Dwell_Started
17:33:58.225,Hybrid,TestUI,Dwell_Start,Button: NextHybrid,Dwell_Started
17:33:58.236,Hybrid,TestUI,Dwell_Start,Button: NextHybrid,Dwell_Started
17:33:58.247,Hybrid,TestUI,Dwell_Start,Button: NextHybrid,Dwell_Started
17:33:58.259,Hybrid,TestUI,Dwell_Start,Button: NextHybrid,Dwell_Started
17:33:58.271,Hybrid,TestUI,Dwell_Start,Button: NextHybrid,Dwell_Started
17:33:58.281,Hybrid,TestUI,Dwell_Start,Button: NextHybrid,Dwell_Started
17:33:58.292,Hybrid,TestUI,Dwell_Start,Button: NextHybrid,Dwell_Started
17:33:58.303,Hybrid,TestUI,Dwell_Start,Button: NextHybrid,Dwell_Started
17:33:58.314,Hybrid,TestUI,Dwell_Start,Button: NextHybrid,Dwell_Started
17:33:58.326,Hybrid,TestUI,Dwell_Start,Button: NextHybrid,Dwell_Started
17:33:58.336,Hybrid,TestUI,Dwell_Start,Button: NextHybrid,Dwell_Started
17:33:58.348,Hybrid,TestUI,Dwell_Start,Button: NextHybrid,Dwell_Started
17:33:58.359,Hybrid,TestUI,Dwell_Start,Button: NextHybrid,Dwell_Started
17:33:58.370,Hybrid,TestUI,Dwell_Start,Button: NextHybrid,Dwell_Started
17:33:58.380,Hybrid,TestUI,Dwell_Start,Button: NextHybrid,Dwell_Started
17:33:58.392,Hybrid,TestUI,Dwell_Start,Button: NextHybrid,Dwell_Started
17:33:58.402,Hybrid,TestUI,Dwell_Start,Button: NextHybrid,Dwell_Started
17:33:58.415,Hybrid,TestUI,Dwell_Start,Button: NextHybrid,Dwell_Started
17:33:58.426,Hybrid,TestUI,Dwell_Start,Button: NextHybrid,Dwell_Started
17:33:58.435,Hybrid,TestUI,Dwell_Start,Button: NextHybrid,Dwell_Started
17:33:58.447,Hybrid,TestUI,Dwell_Start,Button: NextHybrid,Dwell_Started
17:33:58.458,Hybrid,TestUI,Dwell_Start,Button: NextHybrid,Dwell_Started
17:33:58.468,Hybrid,TestUI,Dwell_Start,Button: NextHybrid,Dwell_Started
17:33:58.481,Hybrid,TestUI,Dwell_Start,Button: NextHybrid,Dwell_Started
17:33:58.492,Hybrid,TestUI,Dwell_Start,Button: NextHybrid,Dwell_Started
17:33:58.503,Hybrid,TestUI,Dwell_Start,Button: NextHybrid,Dwell_Started
17:33:58.513,Hybrid,TestUI,Dwell_Start,Button: NextHybrid,Dwell_Started
17:33:58.524,Hybrid,TestUI,Dwell_Start,Button: NextHybrid,Dwell_Started
17:33:58.535,Hybrid,TestUI,Dwell_Start,Button: NextHybrid,Dwell_Started
17:33:58.547,Hybrid,TestUI,Dwell_Start,Button: NextHybrid,Dwell_Started
17:33:58.558,Hybrid,TestUI,Dwell_Start,Button: NextHybrid,Dwell_Started
17:33:58.570,Hybrid,TestUI,Dwell_Start,Button: NextHybrid,Dwell_Started
17:33:58.581,Hybrid,TestUI,Dwell_Start,Button: NextHybrid,Dwell_Started
17:33:58.591,Hybrid,TestUI,Dwell_Start,Button: NextHybrid,Dwell_Started
17:33:58.603,Hybrid,TestUI,Dwell_Start,Button: NextHybrid,Dwell_Started
17:33:58.615,Hybrid,TestUI,Dwell_Start,Button: NextHybrid,Dwell_Started
17:33:58.625,Hybrid,TestUI,Dwell_Start,Button: NextHybrid,Dwell_Started
17:33:58.636,Hybrid,TestUI,Dwell_Start,Button: NextHybrid,Dwell_Started
17:33:58.646,Hybrid,TestUI,Dwell_Start,Button: NextHybrid,Dwell_Started
17:33:58.658,Hybrid,TestUI,Dwell_Start,Button: NextHybrid,Dwell_Started
17:33:58.670,Hybrid,TestUI,Dwell_Start,Button: NextHybrid,Dwell_Started
17:33:58.681,Hybrid,TestUI,Dwell_Start,Button: NextHybrid,Dwell_Started
17:33:58.691,Hybrid,TestUI,Dwell_Start,Button: NextHybrid,Dwell_Started
17:33:58.702,Hybrid,TestUI,Dwell_Start,Button: NextHybrid,Dwell_Started
17:33:58.715,Hybrid,TestUI,Dwell_Start,Button: NextHybrid,Dwell_Started
17:33:58.726,Hybrid,TestUI,Dwell_Start,Button: NextHybrid,Dwell_Started
17:33:58.737,Hybrid,TestUI,Dwell_Start,Button: NextHybrid,Dwell_Started
17:33:58.748,Hybrid,TestUI,Dwell_Start,Button: NextHybrid,Dwell_Started
17:33:58.759,Hybrid,TestUI,Dwell_Start,Button: NextHybrid,Dwell_Started
17:33:58.769,Hybrid,TestUI,Dwell_Start,Button: NextHybrid,Dwell_Started
17:33:58.780,Hybrid,TestUI,Dwell_Start,Button: NextHybrid,Dwell_Started
17:33:58.791,Hybrid,TestUI,Dwell_Start,Button: NextHybrid,Dwell_Started
17:33:58.803,Hybrid,TestUI,Dwell_Start,Button: NextHybrid,Dwell_Started
17:33:58.815,Hybrid,TestUI,Dwell_Start,Button: NextHybrid,Dwell_Started
17:33:58.825,Hybrid,TestUI,Dwell_Start,Button: NextHybrid,Dwell_Started
17:33:58.836,Hybrid,TestUI,Dwell_Start,Button: NextHybrid,Dwell_Started
17:33:58.847,Hybrid,TestUI,Dwell_Start,Button: NextHybrid,Dwell_Started
17:33:58.859,Hybrid,TestUI,Dwell_Start,Button: NextHybrid,Dwell_Started
17:33:58.870,Hybrid,TestUI,Dwell_Start,Button: NextHybrid,Dwell_Started
17:33:58.881,Hybrid,TestUI,Dwell_Start,Button: NextHybrid,Dwell_Started
17:33:58.892,Hybrid,TestUI,Dwell_Start,Button: NextHybrid,Dwell_Started
17:33:58.903,Hybrid,TestUI,Dwell_Start,Button: NextHybrid,Dwell_Started
17:33:58.914,Hybrid,TestUI,Dwell_Start,Button: NextHybrid,Dwell_Started
17:33:58.925,Hybrid,TestUI,Dwell_Start,Button: NextHybrid,Dwell_Started
17:33:58.936,Hybrid,TestUI,Dwell_Start,Button: NextHybrid,Dwell_Started
17:33:58.947,Hybrid,TestUI,Dwell_Start,Button: NextHybrid,Dwell_Started
17:33:58.958,Hybrid,TestUI,Dwell_Start,Button: NextHybrid,Dwell_Started
17:33:58.970,Hybrid,TestUI,Dwell_Start,Button: NextHybrid,Dwell_Started
17:33:58.981,Hybrid,TestUI,Dwell_Start,Button: NextHybrid,Dwell_Started
17:33:58.992,Hybrid,TestUI,Dwell_Start,Button: NextHybrid,Dwell_Started
17:33:59.002,Hybrid,TestUI,Dwell_Start,Button: NextHybrid,Dwell_Started
17:33:59.014,Hybrid,TestUI,Dwell_Start,Button: NextHybrid,Dwell_Started
17:33:59.025,Hybrid,TestUI,Dwell_Start,Button: NextHybrid,Dwell_Started
17:33:59.035,Hybrid,TestUI,Dwell_Start,Button: NextHybrid,Dwell_Started
17:33:59.048,Hybrid,TestUI,Dwell_Start,Button: NextHybrid,Dwell_Started
17:33:59.058,Hybrid,TestUI,Dwell_Start,Button: NextHybrid,Dwell_Started
17:33:59.069,Hybrid,TestUI,Dwell_Start,Button: NextHybrid,Dwell_Started
17:33:59.080,Hybrid,TestUI,Dwell_Start,Button: NextHybrid,Dwell_Started
17:33:59.092,Hybrid,TestUI,Dwell_Start,Button: NextHybrid,Dwell_Started
17:33:59.104,Hybrid,TestUI,Dwell_Start,Button: NextHybrid,Dwell_Started
17:33:59.114,Hybrid,TestUI,Dwell_Start,Button: NextHybrid,Dwell_Started
17:33:59.125,Hybrid,TestUI,Dwell_Start,Button: NextHybrid,Dwell_Started
17:33:59.137,Hybrid,TestUI,Dwell_Start,Button: NextHybrid,Dwell_Started
17:33:59.148,Hybrid,TestUI,Dwell_Start,Button: NextHybrid,Dwell_Started
17:33:59.158,Hybrid,TestUI,Dwell_Start,Button: NextHybrid,Dwell_Started
17:33:59.168,Hybrid,TestUI,Dwell_Start,Button: NextHybrid,Dwell_Started
17:33:59.180,Hybrid,TestUI,Dwell_Start,Button: NextHybrid,Dwell_Started
17:33:59.191,Hybrid,TestUI,Dwell_Start,Button: NextHybrid,Dwell_Started
17:33:59.203,Hybrid,TestUI,Dwell_Start,Button: NextHybrid,Dwell_Started
17:33:59.213,Hybrid,TestUI,Dwell_Start,Button: NextHybrid,Dwell_Started
17:33:59.227,Hybrid,TestUI,Dwell_Start,Button: NextHybrid,Dwell_Started
17:33:59.236,Hybrid,TestUI,Dwell_Start,Button: NextHybrid,Dwell_Started
17:33:59.247,Hybrid,TestUI,Dwell_Start,Button: NextHybrid,Dwell_Started
17:33:59.258,Hybrid,TestUI,Dwell_Start,Button: NextHybrid,Dwell_Started
17:33:59.270,Hybrid,TestUI,Dwell_Start,Button: NextHybrid,Dwell_Started
17:33:59.280,Hybrid,TestUI,Dwell_Start,Button: NextHybrid,Dwell_Started
17:33:59.290,Hybrid,TestUI,Dwell_Start,Button: NextHybrid,Dwell_Started
17:33:59.303,Hybrid,TestUI,Dwell_Start,Button: NextHybrid,Dwell_Started
17:33:59.313,Hybrid,TestUI,Dwell_Start,Button: NextHybrid,Dwell_Started
17:33:59.326,Hybrid,TestUI,Dwell_Start,Button: NextHybrid,Dwell_Started
17:33:59.336,Hybrid,TestUI,Dwell_Start,Button: NextHybrid,Dwell_Started
17:33:59.347,Hybrid,TestUI,Dwell_Start,Button: NextHybrid,Dwell_Started
17:33:59.357,Hybrid,TestUI,Dwell_Start,Button: NextHybrid,Dwell_Started
17:33:59.369,Hybrid,TestUI,Dwell_Start,Button: NextHybrid,Dwell_Started
17:33:59.379,Hybrid,TestUI,Dwell_Start,Button: NextHybrid,Dwell_Started
17:33:59.393,Hybrid,TestUI,Dwell_Start,Button: NextHybrid,Dwell_Started
17:33:59.403,Hybrid,TestUI,Dwell_Start,Button: NextHybrid,Dwell_Started
17:33:59.414,Hybrid,TestUI,Dwell_Start,Button: NextHybrid,Dwell_Started
17:33:59.425,Hybrid,TestUI,Dwell_Start,Button: NextHybrid,Dwell_Started
17:33:59.435,Hybrid,TestUI,Dwell_Start,Button: NextHybrid,Dwell_Started
17:33:59.447,Hybrid,TestUI,Dwell_Start,Button: NextHybrid,Dwell_Started
17:33:59.458,Hybrid,TestUI,Dwell_Start,Button: NextHybrid,Dwell_Started
17:33:59.470,Hybrid,TestUI,Dwell_Start,Button: NextHybrid,Dwell_Started
17:33:59.480,Hybrid,TestUI,Dwell_Start,Button: NextHybrid,Dwell_Started
17:33:59.490,Hybrid,TestUI,Dwell_Start,Button: NextHybrid,Dwell_Started
17:33:59.503,Hybrid,TestUI,Dwell_Start,Button: NextHybrid,Dwell_Started
17:33:59.514,Hybrid,TestUI,Dwell_Start,Button: NextHybrid,Dwell_Started
17:33:59.526,Hybrid,TestUI,Dwell_Start,Button: NextHybrid,Dwell_Started
17:33:59.536,Hybrid,TestUI,Dwell_Start,Button: NextHybrid,Dwell_Started
17:33:59.547,Hybrid,TestUI,Dwell_Start,Button: NextHybrid,Dwell_Started
17:33:59.558,Hybrid,TestUI,Dwell_Start,Button: NextHybrid,Dwell_Started
17:33:59.569,Hybrid,TestUI,Dwell_Start,Button: NextHybrid,Dwell_Started
17:33:59.580,Hybrid,TestUI,Dwell_Start,Button: NextHybrid,Dwell_Started
17:33:59.592,Hybrid,TestUI,Dwell_Start,Button: NextHybrid,Dwell_Started
17:33:59.602,Hybrid,TestUI,Dwell_Start,Button: NextHybrid,Dwell_Started
17:33:59.612,Hybrid,TestUI,Dwell_Start,Button: NextHybrid,Dwell_Started
17:33:59.625,Hybrid,TestUI,Dwell_Start,Button: NextHybrid,Dwell_Started
17:33:59.637,Hybrid,TestUI,Dwell_Start,Button: NextHybrid,Dwell_Started
17:33:59.648,Hybrid,TestUI,Dwell_Start,Button: NextHybrid,Dwell_Started
17:33:59.658,Hybrid,TestUI,Dwell_Start,Button: NextHybrid,Dwell_Started
17:33:59.669,Hybrid,TestUI,Dwell_Start,Button: NextHybrid,Dwell_Started
17:33:59.680,Hybrid,TestUI,Dwell_Start,Button: NextHybrid,Dwell_Started
17:33:59.691,Hybrid,TestUI,Dwell_Start,Button: NextHybrid,Dwell_Started
17:33:59.702,Hybrid,TestUI,Dwell_Start,Button: NextHybrid,Dwell_Started
17:33:59.713,Hybrid,TestUI,Dwell_Start,Button: NextHybrid,Dwell_Started
17:33:59.725,Hybrid,TestUI,Dwell_Start,Button: NextHybrid,Dwell_Started
17:33:59.735,Hybrid,TestUI,Dwell_Start,Button: NextHybrid,Dwell_Started
17:33:59.746,Hybrid,TestUI,Dwell_Start,Button: NextHybrid,Dwell_Started
17:33:59.758,Hybrid,TestUI,Dwell_Start,Button: NextHybrid,Dwell_Started
17:33:59.770,Hybrid,TestUI,Dwell_Start,Button: NextHybrid,Dwell_Started
17:33:59.781,Hybrid,TestUI,Dwell_Start,Button: NextHybrid,Dwell_Started
17:33:59.791,Hybrid,TestUI,Dwell_Start,Button: NextHybrid,Dwell_Started
17:33:59.803,Hybrid,TestUI,Dwell_Start,Button: NextHybrid,Dwell_Started
17:33:59.812,Hybrid,TestUI,Dwell_Start,Button: NextHybrid,Dwell_Started
17:33:59.825,Hybrid,TestUI,Dwell_Start,Button: NextHybrid,Dwell_Started
17:33:59.836,Hybrid,TestUI,Dwell_Start,Button: NextHybrid,Dwell_Started
17:33:59.846,Hybrid,TestUI,Dwell_Start,Button: NextHybrid,Dwell_Started
17:33:59.858,Hybrid,TestUI,Dwell_Start,Button: NextHybrid,Dwell_Started
17:33:59.869,Hybrid,TestUI,Dwell_Start,Button: NextHybrid,Dwell_Started
17:33:59.881,Hybrid,TestUI,Dwell_Start,Button: NextHybrid,Dwell_Started
17:33:59.890,Hybrid,TestUI,Dwell_Start,Button: NextHybrid,Dwell_Started
17:33:59.901,Hybrid,TestUI,Dwell_Start,Button: NextHybrid,Dwell_Started
17:33:59.913,Hybrid,TestUI,Dwell_Start,Button: NextHybrid,Dwell_Started
17:33:59.925,Hybrid,TestUI,Dwell_Start,Button: NextHybrid,Dwell_Started
17:33:59.935,Hybrid,TestUI,Dwell_Start,Button: NextHybrid,Dwell_Started
17:33:59.947,Hybrid,TestUI,Dwell_Start,Button: NextHybrid,Dwell_Started
17:33:59.958,Hybrid,TestUI,Dwell_Start,Button: NextHybrid,Dwell_Started
17:33:59.968,Hybrid,TestUI,Dwell_Start,Button: NextHybrid,Dwell_Started
17:33:59.980,Hybrid,TestUI,Dwell_Start,Button: NextHybrid,Dwell_Started
17:33:59.992,Hybrid,TestUI,Dwell_Start,Button: NextHybrid,Dwell_Started
17:34:00.001,Hybrid,TestUI,Dwell_Start,Button: NextHybrid,Dwell_Started
17:34:00.014,Hybrid,TestUI,Dwell_Start,Button: NextHybrid,Dwell_Started
17:34:00.024,Hybrid,TestUI,Dwell_Start,Button: NextHybrid,Dwell_Started
17:34:00.035,Hybrid,TestUI,Dwell_Start,Button: NextHybrid,Dwell_Started
17:34:00.047,Hybrid,TestUI,Dwell_Start,Button: NextHybrid,Dwell_Started
17:34:00.058,Hybrid,TestUI,Dwell_Start,Button: NextHybrid,Dwell_Started
17:34:00.068,Hybrid,TestUI,Dwell_Start,Button: NextHybrid,Dwell_Started
17:34:00.080,Hybrid,TestUI,Dwell_Start,Button: NextHybrid,Dwell_Started
17:34:00.091,Hybrid,TestUI,Dwell_Start,Button: NextHybrid,Dwell_Started
17:34:00.103,Hybrid,TestUI,Dwell_Start,Button: NextHybrid,Dwell_Started
17:34:00.113,Hybrid,TestUI,Dwell_Start,Button: NextHybrid,Dwell_Started
17:34:00.124,Hybrid,TestUI,Dwell_Start,Button: NextHybrid,Dwell_Started
17:34:00.137,Hybrid,TestUI,Dwell_Start,Button: NextHybrid,Dwell_Started
17:34:00.148,Hybrid,TestUI,Dwell_Start,Button: NextHybrid,Dwell_Started
17:34:00.158,Hybrid,TestUI,Dwell_Start,Button: NextHybrid,Dwell_Started
17:34:00.168,Hybrid,TestUI,Dwell_Start,Button: NextHybrid,Dwell_Started
17:34:00.180,Hybrid,TestUI,Dwell_Start,Button: NextHybrid,Dwell_Started
17:34:00.191,Hybrid,TestUI,Dwell_Start,Button: NextHybrid,Dwell_Started
17:34:00.201,Hybrid,TestUI,Dwell_Start,Button: NextHybrid,Dwell_Started
17:34:00.212,Hybrid,TestUI,Dwell_Start,Button: NextHybrid,Dwell_Started
17:34:00.224,Hybrid,TestUI,Dwell_Start,Button: NextHybrid,Dwell_Started
17:34:00.236,Hybrid,TestUI,Dwell_Start,Button: NextHybrid,Dwell_Started
17:34:00.247,Hybrid,TestUI,Dwell_Start,Button: NextHybrid,Dwell_Started
17:34:00.258,Hybrid,TestUI,Dwell_Start,Button: NextHybrid,Dwell_Started
17:34:00.268,Hybrid,TestUI,Dwell_Start,Button: NextHybrid,Dwell_Started
17:34:00.280,Hybrid,TestUI,Dwell_Start,Button: NextHybrid,Dwell_Started
17:34:00.292,Hybrid,TestUI,Dwell_Start,Button: NextHybrid,Dwell_Started
17:34:00.302,Hybrid,TestUI,Dwell_Start,Button: NextHybrid,Dwell_Started
17:34:00.313,Hybrid,TestUI,Dwell_Start,Button: NextHybrid,Dwell_Started
17:34:00.325,Hybrid,TestUI,Dwell_Start,Button: NextHybrid,Dwell_Started
17:34:00.334,Hybrid,TestUI,Dwell_Start,Button: NextHybrid,Dwell_Started
17:34:00.346,Hybrid,TestUI,Dwell_Start,Button: NextHybrid,Dwell_Started
17:34:00.357,Hybrid,TestUI,Dwell_Start,Button: NextHybrid,Dwell_Started
17:34:00.368,Hybrid,TestUI,Dwell_Start,Button: NextHybrid,Dwell_Started
17:34:00.380,Hybrid,TestUI,Dwell_Start,Button: NextHybrid,Dwell_Started
17:34:00.391,Hybrid,TestUI,Dwell_Start,Button: NextHybrid,Dwell_Started
17:34:00.402,Hybrid,TestUI,Dwell_Start,Button: NextHybrid,Dwell_Started
17:34:00.414,Hybrid,TestUI,Dwell_Start,Button: NextHybrid,Dwell_Started
17:34:00.425,Hybrid,TestUI,Dwell_Start,Button: NextHybrid,Dwell_Started
17:34:00.436,Hybrid,TestUI,Dwell_Start,Button: NextHybrid,Dwell_Started
17:34:00.448,Hybrid,TestUI,Dwell_Start,Button: NextHybrid,Dwell_Started
17:34:00.458,Hybrid,TestUI,Dwell_Start,Button: NextHybrid,Dwell_Started
17:34:00.468,Hybrid,TestUI,Dwell_Start,Button: NextHybrid,Dwell_Started
17:34:00.480,Hybrid,TestUI,Dwell_Start,Button: NextHybrid,Dwell_Started
17:34:00.491,Hybrid,TestUI,Dwell_Start,Button: NextHybrid,Dwell_Started
17:34:00.501,Hybrid,TestUI,Dwell_Start,Button: NextHybrid,Dwell_Started
17:34:00.513,Hybrid,TestUI,Dwell_Start,Button: NextHybrid,Dwell_Started
17:34:00.524,Hybrid,TestUI,Dwell_Start,Button: NextHybrid,Dwell_Started
17:34:00.536,Hybrid,TestUI,Dwell_Start,Button: NextHybrid,Dwell_Started
17:34:00.547,Hybrid,TestUI,Dwell_Start,Button: NextHybrid,Dwell_Started
17:34:00.558,Hybrid,TestUI,Dwell_Start,Button: NextHybrid,Dwell_Started
17:34:00.568,Hybrid,TestUI,Dwell_Start,Button: NextHybrid,Dwell_Started
17:34:00.579,Hybrid,TestUI,Dwell_Start,Button: NextHybrid,Dwell_Started
17:34:00.591,Hybrid,TestUI,Dwell_Start,Button: NextHybrid,Dwell_Started
17:34:00.601,Hybrid,TestUI,Dwell_Start,Button: NextHybrid,Dwell_Started
17:34:00.614,Hybrid,TestUI,Dwell_Start,Button: NextHybrid,Dwell_Started
17:34:00.624,Hybrid,TestUI,Dwell_Start,Button: NextHybrid,Dwell_Started
17:34:00.636,Hybrid,TestUI,Dwell_Start,Button: NextHybrid,Dwell_Started
17:34:00.646,Hybrid,TestUI,Dwell_Start,Button: NextHybrid,Dwell_Started
17:34:00.658,Hybrid,TestUI,Dwell_Start,Button: NextHybrid,Dwell_Started
17:34:00.668,Hybrid,TestUI,Dwell_Start,Button: NextHybrid,Dwell_Started
17:34:00.679,Hybrid,TestUI,Dwell_Start,Button: NextHybrid,Dwell_Started
17:34:00.691,Hybrid,TestUI,Dwell_Start,Button: NextHybrid,Dwell_Started
17:34:00.701,Hybrid,TestUI,Dwell_Start,Button: NextHybrid,Dwell_Started
17:34:00.714,Hybrid,TestUI,Dwell_Start,Button: NextHybrid,Dwell_Started
17:34:00.724,Hybrid,TestUI,Dwell_Start,Button: NextHybrid,Dwell_Started
17:34:00.734,Hybrid,TestUI,Dwell_Start,Button: NextHybrid,Dwell_Started
17:34:00.746,Hybrid,TestUI,Dwell_Start,Button: NextHybrid,Dwell_Started
17:34:00.758,Hybrid,TestUI,Dwell_Start,Button: NextHybrid,Dwell_Started
17:34:00.768,Hybrid,TestUI,Dwell_Start,Button: NextHybrid,Dwell_Started
17:34:00.780,Hybrid,TestUI,Dwell_Start,Button: NextHybrid,Dwell_Started
17:34:00.791,Hybrid,TestUI,Dwell_Start,Button: NextHybrid,Dwell_Started
17:34:00.801,Hybrid,TestUI,Dwell_Start,Button: NextHybrid,Dwell_Started
17:34:00.813,Hybrid,TestUI,Dwell_Start,Button: NextHybrid,Dwell_Started
17:34:00.825,Hybrid,TestUI,Dwell_Start,Button: NextHybrid,Dwell_Started
17:34:00.835,Hybrid,TestUI,Dwell_Start,Button: NextHybrid,Dwell_Started
17:34:00.846,Hybrid,TestUI,Dwell_Start,Button: NextHybrid,Dwell_Started
17:34:00.857,Hybrid,TestUI,Dwell_Start,Button: NextHybrid,Dwell_Started
17:34:00.868,Hybrid,TestUI,Dwell_Start,Button: NextHybrid,Dwell_Started
17:34:00.880,Hybrid,TestUI,Dwell_Start,Button: NextHybrid,Dwell_Started
17:34:00.890,Hybrid,TestUI,Dwell_Start,Button: NextHybrid,Dwell_Started
17:34:00.902,Hybrid,TestUI,Dwell_Start,Button: NextHybrid,Dwell_Started
17:34:00.913,Hybrid,TestUI,Dwell_Start,Button: NextHybrid,Dwell_Started
17:34:00.924,Hybrid,TestUI,Dwell_Start,Button: NextHybrid,Dwell_Started
17:34:00.935,Hybrid,TestUI,Dwell_Start,Button: NextHybrid,Dwell_Started
17:34:00.946,Hybrid,TestUI,Dwell_Start,Button: NextHybrid,Dwell_Started
17:34:00.958,Hybrid,TestUI,Dwell_Start,Button: NextHybrid,Dwell_Started
17:34:00.968,Hybrid,TestUI,Dwell_Start,Button: NextHybrid,Dwell_Started
17:34:00.980,Hybrid,TestUI,Dwell_Start,Button: NextHybrid,Dwell_Started
17:34:00.990,Hybrid,TestUI,Dwell_Start,Button: NextHybrid,Dwell_Started
17:34:01.002,Hybrid,TestUI,Dwell_Start,Button: NextHybrid,Dwell_Started
17:34:01.013,Hybrid,TestUI,Dwell_Start,Button: NextHybrid,Dwell_Started
17:34:01.025,Hybrid,TestUI,Dwell_Start,Button: NextHybrid,Dwell_Started
17:34:01.034,Hybrid,TestUI,Dwell_Start,Button: NextHybrid,Dwell_Started
17:34:01.046,Hybrid,TestUI,Dwell_Start,Button: NextHybrid,Dwell_Started
17:34:01.056,Hybrid,TestUI,Dwell_Start,Button: NextHybrid,Dwell_Started
17:34:01.068,Hybrid,TestUI,Dwell_Start,Button: NextHybrid,Dwell_Started
17:34:01.079,Hybrid,TestUI,Dwell_Start,Button: NextHybrid,Dwell_Started
17:34:01.091,Hybrid,TestUI,Dwell_Start,Button: NextHybrid,Dwell_Started
17:34:01.102,Hybrid,TestUI,Dwell_Start,Button: NextHybrid,Dwell_Started
17:34:01.113,Hybrid,TestUI,Dwell_Start,Button: NextHybrid,Dwell_Started
17:34:01.123,Hybrid,TestUI,Dwell_Start,Button: NextHybrid,Dwell_Started
17:34:01.135,Hybrid,TestUI,Dwell_Start,Button: NextHybrid,Dwell_Started
17:34:01.146,Hybrid,TestUI,Dwell_Start,Button: NextHybrid,Dwell_Started
17:34:01.159,Hybrid,TestUI,Dwell_Start,Button: NextHybrid,Dwell_Started
17:34:01.168,Hybrid,TestUI,Dwell_Start,Button: NextHybrid,Dwell_Started
17:34:01.179,Hybrid,TestUI,Dwell_Start,Button: NextHybrid,Dwell_Started
17:34:01.191,Hybrid,TestUI,Dwell_Start,Button: NextHybrid,Dwell_Started
17:34:01.201,Hybrid,TestUI,Dwell_Start,Button: NextHybrid,Dwell_Started
17:34:01.213,Hybrid,TestUI,Dwell_Start,Button: NextHybrid,Dwell_Started
17:34:01.224,Hybrid,TestUI,Dwell_Start,Button: NextHybrid,Dwell_Started
17:34:01.234,Hybrid,TestUI,Dwell_Start,Button: NextHybrid,Dwell_Started
17:34:01.246,Hybrid,TestUI,Dwell_Start,Button: NextHybrid,Dwell_Started
17:34:01.257,Hybrid,TestUI,Dwell_Start,Button: NextHybrid,Dwell_Started
17:34:01.268,Hybrid,TestUI,Dwell_Start,Button: NextHybrid,Dwell_Started
17:34:01.278,Hybrid,TestUI,Dwell_Start,Button: NextHybrid,Dwell_Started
17:34:01.291,Hybrid,TestUI,Dwell_Start,Button: NextHybrid,Dwell_Started
17:34:01.302,Hybrid,TestUI,Dwell_Start,Button: NextHybrid,Dwell_Started
17:34:01.313,Hybrid,TestUI,Dwell_Start,Button: NextHybrid,Dwell_Started
17:34:01.323,Hybrid,TestUI,Dwell_Start,Button: NextHybrid,Dwell_Started
17:34:01.335,Hybrid,TestUI,Dwell_Start,Button: NextHybrid,Dwell_Started
17:34:01.346,Hybrid,TestUI,Dwell_Start,Button: NextHybrid,Dwell_Started
17:34:01.356,Hybrid,TestUI,Dwell_Start,Button: NextHybrid,Dwell_Started
17:34:01.368,Hybrid,TestUI,Dwell_Start,Button: NextHybrid,Dwell_Started
17:34:01.378,Hybrid,TestUI,Dwell_Start,Button: NextHybrid,Dwell_Started
17:34:01.391,Hybrid,TestUI,Dwell_Start,Button: NextHybrid,Dwell_Started
17:34:01.401,Hybrid,TestUI,Dwell_Start,Button: NextHybrid,Dwell_Started
17:34:01.412,Hybrid,TestUI,Dwell_Start,Button: NextHybrid,Dwell_Started
17:34:01.424,Hybrid,TestUI,Dwell_Start,Button: NextHybrid,Dwell_Started
17:34:01.435,Hybrid,TestUI,Dwell_Start,Button: NextHybrid,Dwell_Started
17:34:01.446,Hybrid,TestUI,Dwell_Start,Button: NextHybrid,Dwell_Started
17:34:01.456,Hybrid,TestUI,Dwell_Start,Button: NextHybrid,Dwell_Started
17:34:01.468,Hybrid,TestUI,Dwell_Start,Button: NextHybrid,Dwell_Started
17:34:01.478,Hybrid,TestUI,Dwell_Start,Button: NextHybrid,Dwell_Started
17:34:01.491,Hybrid,TestUI,Dwell_Start,Button: NextHybrid,Dwell_Started
17:34:01.501,Hybrid,TestUI,Dwell_Start,Button: NextHybrid,Dwell_Started
17:34:01.513,Hybrid,TestUI,Dwell_Start,Button: NextHybrid,Dwell_Started
17:34:01.525,Hybrid,TestUI,Dwell_Start,Button: NextHybrid,Dwell_Started
17:34:01.534,Hybrid,TestUI,Dwell_Start,Button: NextHybrid,Dwell_Started
17:34:01.546,Hybrid,TestUI,Dwell_Start,Button: NextHybrid,Dwell_Started
17:34:01.556,Hybrid,TestUI,Dwell_Start,Button: NextHybrid,Dwell_Started
17:34:01.568,Hybrid,TestUI,Dwell_Start,Button: NextHybrid,Dwell_Started
17:34:01.580,Hybrid,TestUI,Dwell_Start,Button: NextHybrid,Dwell_Started
17:34:01.591,Hybrid,TestUI,Dwell_Start,Button: NextHybrid,Dwell_Started
17:34:01.601,Hybrid,TestUI,Dwell_Start,Button: NextHybrid,Dwell_Started
17:34:01.613,Hybrid,TestUI,Dwell_Start,Button: NextHybrid,Dwell_Started
17:34:01.623,Hybrid,TestUI,Dwell_Start,Button: NextHybrid,Dwell_Started
17:34:01.635,Hybrid,TestUI,Dwell_Start,Button: NextHybrid,Dwell_Started
17:34:01.645,Hybrid,TestUI,Dwell_Start,Button: NextHybrid,Dwell_Started
17:34:01.657,Hybrid,TestUI,Dwell_Start,Button: NextHybrid,Dwell_Started
17:34:01.668,Hybrid,TestUI,Dwell_Start,Button: NextHybrid,Dwell_Started
17:34:01.680,Hybrid,TestUI,Dwell_Start,Button: NextHybrid,Dwell_Started
17:34:01.690,Hybrid,TestUI,Dwell_Start,Button: NextHybrid,Dwell_Started
17:34:01.700,Hybrid,TestUI,Dwell_Start,Button: NextHybrid,Dwell_Started
17:34:01.711,Hybrid,TestUI,Dwell_Start,Button: NextHybrid,Dwell_Started
17:34:01.724,Hybrid,TestUI,Dwell_Start,Button: NextHybrid,Dwell_Started
17:34:01.736,Hybrid,TestUI,Dwell_Start,Button: NextHybrid,Dwell_Started
17:34:01.746,Hybrid,TestUI,Dwell_Start,Button: NextHybrid,Dwell_Started
17:34:01.756,Hybrid,TestUI,Dwell_Start,Button: NextHybrid,Dwell_Started
17:34:01.768,Hybrid,TestUI,Dwell_Start,Button: NextHybrid,Dwell_Started
17:34:01.778,Hybrid,TestUI,Dwell_Start,Button: NextHybrid,Dwell_Started
17:34:01.790,Hybrid,TestUI,Dwell_Start,Button: NextHybrid,Dwell_Started
17:34:01.801,Hybrid,TestUI,Dwell_Start,Button: NextHybrid,Dwell_Started
17:34:01.812,Hybrid,TestUI,Dwell_Start,Button: NextHybrid,Dwell_Started
17:34:01.823,Hybrid,TestUI,Dwell_Start,Button: NextHybrid,Dwell_Started
17:34:01.835,Hybrid,TestUI,Dwell_Start,Button: NextHybrid,Dwell_Started
17:34:01.845,Hybrid,TestUI,Dwell_Start,Button: NextHybrid,Dwell_Started
17:34:01.856,Hybrid,TestUI,Dwell_Start,Button: NextHybrid,Dwell_Started
17:34:01.868,Hybrid,TestUI,Dwell_Start,Button: NextHybrid,Dwell_Started
17:34:01.880,Hybrid,TestUI,Dwell_Start,Button: NextHybrid,Dwell_Started
17:34:01.890,Hybrid,TestUI,Dwell_Start,Button: NextHybrid,Dwell_Started
17:34:01.901,Hybrid,TestUI,Dwell_Start,Button: NextHybrid,Dwell_Started
17:34:01.912,Hybrid,TestUI,Dwell_Start,Button: NextHybrid,Dwell_Started
17:34:01.923,Hybrid,TestUI,Dwell_Start,Button: NextHybrid,Dwell_Started
17:34:01.935,Hybrid,TestUI,Dwell_Start,Button: NextHybrid,Dwell_Started
17:34:01.945,Hybrid,TestUI,Dwell_Start,Button: NextHybrid,Dwell_Started
17:34:01.956,Hybrid,TestUI,Dwell_Start,Button: NextHybrid,Dwell_Started
17:34:01.967,Hybrid,TestUI,Dwell_Start,Button: NextHybrid,Dwell_Started
17:34:01.978,Hybrid,TestUI,Dwell_Start,Button: NextHybrid,Dwell_Started
17:34:01.991,Hybrid,TestUI,Dwell_Start,Button: NextHybrid,Dwell_Started
17:34:02.001,Hybrid,TestUI,Dwell_Start,Button: NextHybrid,Dwell_Started
17:34:02.012,Hybrid,TestUI,Dwell_Start,Button: NextHybrid,Dwell_Started
17:34:02.025,Hybrid,TestUI,Dwell_Start,Button: NextHybrid,Dwell_Started
17:34:02.035,Hybrid,TestUI,Dwell_Start,Button: NextHybrid,Dwell_Started
17:34:02.045,Hybrid,TestUI,Dwell_Start,Button: NextHybrid,Dwell_Started
17:34:02.056,Hybrid,TestUI,Dwell_Start,Button: NextHybrid,Dwell_Started
17:34:02.068,Hybrid,TestUI,Dwell_Start,Button: NextHybrid,Dwell_Started
17:34:02.078,Hybrid,TestUI,Dwell_Start,Button: NextHybrid,Dwell_Started
17:34:02.089,Hybrid,TestUI,Dwell_Start,Button: NextHybrid,Dwell_Started
17:34:02.101,Hybrid,TestUI,Dwell_Start,Button: NextHybrid,Dwell_Started
17:34:02.112,Hybrid,TestUI,Dwell_Start,Button: NextHybrid,Dwell_Started
17:34:02.123,Hybrid,TestUI,Dwell_Start,Button: NextHybrid,Dwell_Started
17:34:02.134,Hybrid,TestUI,Dwell_Start,Button: NextHybrid,Dwell_Started
17:34:02.145,Hybrid,TestUI,Dwell_Start,Button: NextHybrid,Dwell_Started
17:34:02.158,Hybrid,TestUI,Dwell_Start,Button: NextHybrid,Dwell_Started
17:34:02.168,Hybrid,TestUI,Dwell_Start,Button: NextHybrid,Dwell_Started
17:34:02.179,Hybrid,TestUI,Dwell_Start,Button: NextHybrid,Dwell_Started
17:34:02.191,Hybrid,TestUI,Dwell_Start,Button: NextHybrid,Dwell_Started
17:34:02.201,Hybrid,TestUI,Dwell_Start,Button: NextHybrid,Dwell_Started
17:34:02.212,Hybrid,TestUI,Dwell_Start,Button: NextHybrid,Dwell_Started
17:34:02.224,Hybrid,TestUI,Dwell_Start,Button: NextHybrid,Dwell_Started
17:34:02.235,Hybrid,TestUI,Dwell_Start,Button: NextHybrid,Dwell_Started
17:34:02.247,Hybrid,TestUI,Dwell_Start,Button: NextHybrid,Dwell_Started
17:34:02.258,Hybrid,TestUI,Dwell_Start,Button: NextHybrid,Dwell_Started
17:34:02.268,Hybrid,TestUI,Dwell_Start,Button: NextHybrid,Dwell_Started
17:34:02.279,Hybrid,TestUI,Dwell_Start,Button: NextHybrid,Dwell_Started
17:34:02.289,Hybrid,TestUI,Dwell_Start,Button: NextHybrid,Dwell_Started
17:34:02.302,Hybrid,TestUI,Dwell_Start,Button: NextHybrid,Dwell_Started
17:34:02.312,Hybrid,TestUI,Dwell_Start,Button: NextHybrid,Dwell_Started
17:34:02.323,Hybrid,TestUI,Dwell_Start,Button: NextHybrid,Dwell_Started
17:34:02.335,Hybrid,TestUI,Dwell_Start,Button: NextHybrid,Dwell_Started
17:34:02.346,Hybrid,TestUI,Dwell_Start,Button: NextHybrid,Dwell_Started
17:34:02.356,Hybrid,TestUI,Dwell_Start,Button: NextHybrid,Dwell_Started
17:34:02.367,Hybrid,TestUI,Dwell_Start,Button: NextHybrid,Dwell_Started
17:34:02.379,Hybrid,TestUI,Dwell_Start,Button: NextHybrid,Dwell_Started
17:34:02.391,Hybrid,TestUI,Dwell_Start,Button: NextHybrid,Dwell_Started
17:34:02.400,Hybrid,TestUI,Dwell_Start,Button: NextHybrid,Dwell_Started
17:34:02.412,Hybrid,TestUI,Dwell_Start,Button: NextHybrid,Dwell_Started
17:34:02.424,Hybrid,TestUI,Dwell_Start,Button: NextHybrid,Dwell_Started
17:34:02.434,Hybrid,TestUI,Dwell_Start,Button: NextHybrid,Dwell_Started
17:34:02.446,Hybrid,TestUI,Dwell_Start,Button: NextHybrid,Dwell_Started
17:34:02.457,Hybrid,TestUI,Dwell_Start,Button: NextHybrid,Dwell_Started
17:34:02.468,Hybrid,TestUI,Dwell_Start,Button: NextHybrid,Dwell_Started
17:34:02.479,Hybrid,TestUI,Dwell_Start,Button: NextHybrid,Dwell_Started
17:34:02.492,Hybrid,TestUI,Dwell_Start,Button: NextHybrid,Dwell_Started
17:34:02.502,Hybrid,TestUI,Dwell_Start,Button: NextHybrid,Dwell_Started
17:34:02.513,Hybrid,TestUI,Dwell_Start,Button: NextHybrid,Dwell_Started
17:34:02.522,Hybrid,TestUI,Dwell_Start,Button: NextHybrid,Dwell_Started
17:34:02.535,Hybrid,TestUI,Dwell_Start,Button: NextHybrid,Dwell_Started
17:34:02.545,Hybrid,TestUI,Dwell_Start,Button: NextHybrid,Dwell_Started
17:34:02.558,Hybrid,TestUI,Dwell_Start,Button: NextHybrid,Dwell_Started
17:34:02.567,Hybrid,TestUI,Dwell_Start,Button: NextHybrid,Dwell_Started
17:34:02.578,Hybrid,TestUI,Dwell_Start,Button: NextHybrid,Dwell_Started
17:34:02.589,Hybrid,TestUI,Dwell_Start,Button: NextHybrid,Dwell_Started
17:34:02.600,Hybrid,TestUI,Dwell_Start,Button: NextHybrid,Dwell_Started
17:34:02.612,Hybrid,TestUI,Dwell_Start,Button: NextHybrid,Dwell_Started
17:34:02.622,Hybrid,TestUI,Dwell_Start,Button: NextHybrid,Dwell_Started
17:34:02.634,Hybrid,TestUI,Dwell_Start,Button: NextHybrid,Dwell_Started
17:34:02.646,Hybrid,TestUI,Dwell_Start,Button: NextHybrid,Dwell_Started
17:34:02.655,Hybrid,TestUI,Dwell_Start,Button: NextHybrid,Dwell_Started
17:34:02.667,Hybrid,TestUI,Dwell_Start,Button: NextHybrid,Dwell_Started
17:34:02.678,Hybrid,TestUI,Dwell_Start,Button: NextHybrid,Dwell_Started
17:34:02.689,Hybrid,TestUI,Dwell_Start,Button: NextHybrid,Dwell_Started
17:34:02.701,Hybrid,TestUI,Dwell_Start,Button: NextHybrid,Dwell_Started
17:34:02.712,Hybrid,TestUI,Dwell_Start,Button: NextHybrid,Dwell_Started
17:34:02.723,Hybrid,TestUI,Dwell_Start,Button: NextHybrid,Dwell_Started
17:34:02.734,Hybrid,TestUI,Dwell_Start,Button: NextHybrid,Dwell_Started
17:34:02.744,Hybrid,TestUI,Dwell_Start,Button: NextHybrid,Dwell_Started
17:34:02.755,Hybrid,TestUI,Dwell_Start,Button: NextHybrid,Dwell_Started
17:34:02.767,Hybrid,TestUI,Dwell_Start,Button: NextHybrid,Dwell_Started
17:34:02.778,Hybrid,TestUI,Dwell_Start,Button: NextHybrid,Dwell_Started
17:34:02.789,Hybrid,TestUI,Dwell_Start,Button: NextHybrid,Dwell_Started
17:34:02.800,Hybrid,TestUI,Dwell_Start,Button: NextHybrid,Dwell_Started
17:34:02.812,Hybrid,TestUI,Dwell_Start,Button: NextHybrid,Dwell_Started
17:34:02.823,Hybrid,TestUI,Dwell_Start,Button: NextHybrid,Dwell_Started
17:34:02.834,Hybrid,TestUI,Dwell_Start,Button: NextHybrid,Dwell_Started
17:34:02.844,Hybrid,TestUI,Dwell_Start,Button: NextHybrid,Dwell_Started
17:34:02.857,Hybrid,TestUI,Dwell_Start,Button: NextHybrid,Dwell_Started
17:34:02.867,Hybrid,TestUI,Dwell_Start,Button: NextHybrid,Dwell_Started
17:34:02.878,Hybrid,TestUI,Dwell_Start,Button: NextHybrid,Dwell_Started
17:34:02.892,Hybrid,TestUI,Dwell_Start,Button: NextHybrid,Dwell_Started
17:34:02.901,Hybrid,TestUI,Dwell_Start,Button: NextHybrid,Dwell_Started
17:34:02.911,Hybrid,TestUI,Dwell_Start,Button: NextHybrid,Dwell_Started
17:34:02.924,Hybrid,TestUI,Dwell_Start,Button: NextHybrid,Dwell_Started
17:34:02.935,Hybrid,TestUI,Dwell_Start,Button: NextHybrid,Dwell_Started
17:34:02.946,Hybrid,TestUI,Dwell_Start,Button: NextHybrid,Dwell_Started
17:34:02.956,Hybrid,TestUI,Dwell_Start,Button: NextHybrid,Dwell_Started
17:34:02.968,Hybrid,TestUI,Dwell_Start,Button: NextHybrid,Dwell_Started
17:34:02.978,Hybrid,TestUI,Dwell_Start,Button: NextHybrid,Dwell_Started
17:34:02.990,Hybrid,TestUI,Dwell_Start,Button: NextHybrid,Dwell_Started
17:34:03.000,Hybrid,TestUI,Dwell_Start,Button: NextHybrid,Dwell_Started
17:34:03.013,Hybrid,TestUI,Dwell_Start,Button: NextHybrid,Dwell_Started
17:34:03.023,Hybrid,TestUI,Dwell_Start,Button: NextHybrid,Dwell_Started
17:34:03.034,Hybrid,TestUI,Dwell_Start,Button: NextHybrid,Dwell_Started
17:34:03.045,Hybrid,TestUI,Dwell_Start,Button: NextHybrid,Dwell_Started
17:34:03.058,Hybrid,TestUI,Dwell_Start,Button: NextHybrid,Dwell_Started
17:34:03.068,Hybrid,TestUI,Dwell_Start,Button: NextHybrid,Dwell_Started
17:34:03.078,Hybrid,TestUI,Dwell_Start,Button: NextHybrid,Dwell_Started
17:34:03.089,Hybrid,TestUI,Dwell_Start,Button: NextHybrid,Dwell_Started
17:34:03.101,Hybrid,TestUI,Dwell_Start,Button: NextHybrid,Dwell_Started
17:34:03.111,Hybrid,TestUI,Dwell_Start,Button: NextHybrid,Dwell_Started
17:34:03.122,Hybrid,TestUI,Dwell_Start,Button: NextHybrid,Dwell_Started
17:34:03.134,Hybrid,TestUI,Dwell_Start,Button: NextHybrid,Dwell_Started
17:34:03.145,Hybrid,TestUI,Dwell_Start,Button: NextHybrid,Dwell_Started
17:34:03.156,Hybrid,TestUI,Dwell_Start,Button: NextHybrid,Dwell_Started
17:34:03.168,Hybrid,TestUI,Dwell_Start,Button: NextHybrid,Dwell_Started
17:34:03.178,Hybrid,TestUI,Dwell_Start,Button: NextHybrid,Dwell_Started
17:34:03.190,Hybrid,TestUI,Dwell_Start,Button: NextHybrid,Dwell_Started
17:34:03.201,Hybrid,TestUI,Dwell_Start,Button: NextHybrid,Dwell_Started
17:34:03.211,Hybrid,TestUI,Dwell_Start,Button: NextHybrid,Dwell_Started
17:34:03.223,Hybrid,TestUI,Dwell_Start,Button: NextHybrid,Dwell_Started
17:34:03.234,Hybrid,TestUI,Dwell_Start,Button: NextHybrid,Dwell_Started
17:34:03.246,Hybrid,TestUI,Dwell_Start,Button: NextHybrid,Dwell_Started
17:34:03.256,Hybrid,TestUI,Dwell_Start,Button: NextHybrid,Dwell_Started
17:34:03.268,Hybrid,TestUI,Dwell_Start,Button: NextHybrid,Dwell_Started
17:34:03.278,Hybrid,TestUI,Dwell_Start,Button: NextHybrid,Dwell_Started
17:34:03.291,Hybrid,TestUI,Dwell_Start,Button: NextHybrid,Dwell_Started
17:34:03.300,Hybrid,TestUI,Dwell_Start,Button: NextHybrid,Dwell_Started
17:34:03.312,Hybrid,TestUI,Dwell_Start,Button: NextHybrid,Dwell_Started
17:34:03.323,Hybrid,TestUI,Dwell_Start,Button: NextHybrid,Dwell_Started
17:34:03.335,Hybrid,TestUI,Dwell_Start,Button: NextHybrid,Dwell_Started
17:34:03.346,Hybrid,TestUI,Dwell_Start,Button: NextHybrid,Dwell_Started
17:34:03.355,Hybrid,TestUI,Dwell_Start,Button: NextHybrid,Dwell_Started
17:34:03.368,Hybrid,TestUI,Dwell_Start,Button: NextHybrid,Dwell_Started
17:34:03.378,Hybrid,TestUI,Dwell_Start,Button: NextHybrid,Dwell_Started
17:34:03.390,Hybrid,TestUI,Dwell_Start,Button: NextHybrid,Dwell_Started
17:34:03.400,Hybrid,TestUI,Dwell_Start,Button: NextHybrid,Dwell_Started
17:34:03.413,Hybrid,TestUI,Dwell_Start,Button: NextHybrid,Dwell_Started
17:34:03.424,Hybrid,TestUI,Dwell_Start,Button: NextHybrid,Dwell_Started
17:34:03.433,Hybrid,TestUI,Dwell_Start,Button: NextHybrid,Dwell_Started
17:34:03.444,Hybrid,TestUI,Dwell_Start,Button: NextHybrid,Dwell_Started
17:34:03.456,Hybrid,TestUI,Dwell_Start,Button: NextHybrid,Dwell_Started
17:34:03.467,Hybrid,TestUI,Dwell_Start,Button: NextHybrid,Dwell_Started
17:34:03.478,Hybrid,TestUI,Dwell_Start,Button: NextHybrid,Dwell_Started
17:34:03.490,Hybrid,TestUI,Dwell_Start,Button: NextHybrid,Dwell_Started
17:34:03.636,Hybrid,TestUI,Dwell_Start,Button: NextHybrid,Dwell_Started
17:34:03.711,Hybrid,TestUI,Dwell_Start,Button: NextHybrid,Dwell_Started
