Time,Experiment,Phase,Event,Detail,Action
12:38:06.433,EyeTracking,SettingUI,LSLCommMgr,Resolving Stream,BCIBackend (type: 'BCIResult')
12:38:06.448,EyeTracking,SettingUI,LSL_Connected,BCIBackend,BCI_Stream_Open
12:38:06.448,EyeTracking,SettingUI,LSL_Logger,2026-07-03 12:38:06.448;EyeTracking;SettingUI;LSL_Connected;BCIBackend;BCI_Stream_Open,MarkerSent
12:38:06.457,EyeTracking,SettingUI,Experiment_Start,EyeTracking,
12:38:06.457,EyeTracking,SettingUI,Phase_Start,SettingUI,
12:38:13.703,EyeTracking,SettingUI,LSL_Logger,2026-07-03 12:38:13.703;EyeTracking;SettingUI;Eye_Closed;eye_tracking;Eye_Closed,MarkerSent
12:38:13.703,EyeTracking,SettingUI,Eye_Closed,eye_tracking,Eye_Closed
12:38:13.736,EyeTracking,SettingUI,LSL_Logger,2026-07-03 12:38:13.736;EyeTracking;SettingUI;Eye_Opened;eye_tracking;Eye_Opened,MarkerSent
12:38:13.736,EyeTracking,SettingUI,Eye_Opened,eye_tracking,Eye_Opened
12:38:14.881,EyeTracking,SettingUI,LSL_Logger,2026-07-03 12:38:14.881;EyeTracking;SettingUI;Eye_Closed;eye_tracking;Eye_Closed,MarkerSent
12:38:14.881,EyeTracking,SettingUI,Eye_Closed,eye_tracking,Eye_Closed
12:38:14.914,EyeTracking,SettingUI,LSL_Logger,2026-07-03 12:38:14.914;EyeTracking;SettingUI;Eye_Opened;eye_tracking;Eye_Opened,MarkerSent
12:38:14.914,EyeTracking,SettingUI,Eye_Opened,eye_tracking,Eye_Opened
12:38:15.786,EyeTracking,SettingUI,Hover_Enter,Button: demoIntroScene,Hovering
12:38:15.786,EyeTracking,SettingUI,LSL_Logger,2026-07-03 12:38:15.786;EyeTracking;SettingUI;Hover_Enter;Button: demoIntroScene;Hovering,MarkerSent
12:38:16.848,EyeTracking,SettingUI,LSL_Logger,2026-07-03 12:38:16.848;EyeTracking;SettingUI;Eye_Closed;eye_tracking;Eye_Closed,MarkerSent
12:38:16.848,EyeTracking,SettingUI,Eye_Closed,eye_tracking,Eye_Closed
12:38:17.006,EyeTracking,SettingUI,LSL_Logger,2026-07-03 12:38:17.006;EyeTracking;SettingUI;Eye_Opened;eye_tracking;Eye_Opened,MarkerSent
12:38:17.006,EyeTracking,SettingUI,Eye_Opened,eye_tracking,Eye_Opened
12:38:17.210,EyeTracking,SettingUI,Hover_Exit,Button: demoIntroScene,Hover_Exit
12:38:17.211,EyeTracking,SettingUI,LSL_Logger,2026-07-03 12:38:17.210;EyeTracking;SettingUI;Hover_Exit;Button: demoIntroScene;Hover_Exit,MarkerSent
12:38:17.234,EyeTracking,SettingUI,LSL_Logger,2026-07-03 12:38:17.234;EyeTracking;SettingUI;Eye_Closed;eye_tracking;Eye_Closed,MarkerSent
12:38:17.234,EyeTracking,SettingUI,Eye_Closed,eye_tracking,Eye_Closed
12:38:17.290,EyeTracking,SettingUI,LSL_Logger,2026-07-03 12:38:17.290;EyeTracking;SettingUI;Eye_Opened;eye_tracking;Eye_Opened,MarkerSent
12:38:17.290,EyeTracking,SettingUI,Eye_Opened,eye_tracking,Eye_Opened
12:38:19.121,EyeTracking,SettingUI,LSL_Logger,2026-07-03 12:38:19.121;EyeTracking;SettingUI;Eye_Closed;eye_tracking;Eye_Closed,MarkerSent
12:38:19.121,EyeTracking,SettingUI,Eye_Closed,eye_tracking,Eye_Closed
12:38:19.155,EyeTracking,SettingUI,LSL_Logger,2026-07-03 12:38:19.155;EyeTracking;SettingUI;Eye_Opened;eye_tracking;Eye_Opened,MarkerSent
12:38:19.155,EyeTracking,SettingUI,Eye_Opened,eye_tracking,Eye_Opened
12:38:20.332,EyeTracking,SettingUI,LSL_Logger,2026-07-03 12:38:20.332;EyeTracking;SettingUI;Eye_Closed;eye_tracking;Eye_Closed,MarkerSent
12:38:20.332,EyeTracking,SettingUI,Eye_Closed,eye_tracking,Eye_Closed
12:38:20.353,EyeTracking,SettingUI,LSL_Logger,2026-07-03 12:38:20.353;EyeTracking;SettingUI;Eye_Opened;eye_tracking;Eye_Opened,MarkerSent
12:38:20.353,EyeTracking,SettingUI,Eye_Opened,eye_tracking,Eye_Opened
12:38:21.253,EyeTracking,SettingUI,LSL_Logger,2026-07-03 12:38:21.253;EyeTracking;SettingUI;Eye_Closed;eye_tracking;Eye_Closed,MarkerSent
12:38:21.253,EyeTracking,SettingUI,Eye_Closed,eye_tracking,Eye_Closed
12:38:21.300,EyeTracking,SettingUI,LSL_Logger,2026-07-03 12:38:21.300;EyeTracking;SettingUI;Eye_Opened;eye_tracking;Eye_Opened,MarkerSent
12:38:21.300,EyeTracking,SettingUI,Eye_Opened,eye_tracking,Eye_Opened
12:38:22.187,EyeTracking,SettingUI,LSL_Logger,2026-07-03 12:38:22.187;EyeTracking;SettingUI;Eye_Closed;eye_tracking;Eye_Closed,MarkerSent
12:38:22.187,EyeTracking,SettingUI,Eye_Closed,eye_tracking,Eye_Closed
12:38:22.221,EyeTracking,SettingUI,LSL_Logger,2026-07-03 12:38:22.221;EyeTracking;SettingUI;Eye_Opened;eye_tracking;Eye_Opened,MarkerSent
12:38:22.221,EyeTracking,SettingUI,Eye_Opened,eye_tracking,Eye_Opened
12:38:23.113,EyeTracking,SettingUI,LSL_Logger,2026-07-03 12:38:23.113;EyeTracking;SettingUI;Eye_Closed;eye_tracking;Eye_Closed,MarkerSent
12:38:23.113,EyeTracking,SettingUI,Eye_Closed,eye_tracking,Eye_Closed
12:38:23.156,EyeTracking,SettingUI,LSL_Logger,2026-07-03 12:38:23.156;EyeTracking;SettingUI;Eye_Opened;eye_tracking;Eye_Opened,MarkerSent
12:38:23.156,EyeTracking,SettingUI,Eye_Opened,eye_tracking,Eye_Opened
12:38:23.830,EyeTracking,SettingUI,LSL_Logger,2026-07-03 12:38:23.830;EyeTracking;SettingUI;Eye_Closed;eye_tracking;Eye_Closed,MarkerSent
12:38:23.830,EyeTracking,SettingUI,Eye_Closed,eye_tracking,Eye_Closed
12:38:23.900,EyeTracking,SettingUI,LSL_Logger,2026-07-03 12:38:23.900;EyeTracking;SettingUI;Eye_Opened;eye_tracking;Eye_Opened,MarkerSent
12:38:23.900,EyeTracking,SettingUI,Eye_Opened,eye_tracking,Eye_Opened
12:38:24.778,EyeTracking,SettingUI,LSL_Logger,2026-07-03 12:38:24.778;EyeTracking;SettingUI;Eye_Closed;eye_tracking;Eye_Closed,MarkerSent
12:38:24.778,EyeTracking,SettingUI,Eye_Closed,eye_tracking,Eye_Closed
12:38:24.811,EyeTracking,SettingUI,LSL_Logger,2026-07-03 12:38:24.811;EyeTracking;SettingUI;Eye_Opened;eye_tracking;Eye_Opened,MarkerSent
12:38:24.811,EyeTracking,SettingUI,Eye_Opened,eye_tracking,Eye_Opened
12:38:26.265,EyeTracking,SettingUI,LSL_Logger,2026-07-03 12:38:26.265;EyeTracking;SettingUI;Eye_Closed;eye_tracking;Eye_Closed,MarkerSent
12:38:26.265,EyeTracking,SettingUI,Eye_Closed,eye_tracking,Eye_Closed
12:38:26.323,EyeTracking,SettingUI,LSL_Logger,2026-07-03 12:38:26.323;EyeTracking;SettingUI;Eye_Opened;eye_tracking;Eye_Opened,MarkerSent
12:38:26.323,EyeTracking,SettingUI,Eye_Opened,eye_tracking,Eye_Opened
12:38:27.287,EyeTracking,SettingUI,LSL_Logger,2026-07-03 12:38:27.287;EyeTracking;SettingUI;Eye_Closed;eye_tracking;Eye_Closed,MarkerSent
12:38:27.287,EyeTracking,SettingUI,Eye_Closed,eye_tracking,Eye_Closed
12:38:27.355,EyeTracking,SettingUI,LSL_Logger,2026-07-03 12:38:27.355;EyeTracking;SettingUI;Eye_Opened;eye_tracking;Eye_Opened,MarkerSent
12:38:27.355,EyeTracking,SettingUI,Eye_Opened,eye_tracking,Eye_Opened
12:38:27.957,EyeTracking,SettingUI,LSL_Logger,2026-07-03 12:38:27.957;EyeTracking;SettingUI;Eye_Closed;eye_tracking;Eye_Closed,MarkerSent
12:38:27.957,EyeTracking,SettingUI,Eye_Closed,eye_tracking,Eye_Closed
12:38:28.002,EyeTracking,SettingUI,LSL_Logger,2026-07-03 12:38:28.002;EyeTracking;SettingUI;Eye_Opened;eye_tracking;Eye_Opened,MarkerSent
12:38:28.002,EyeTracking,SettingUI,Eye_Opened,eye_tracking,Eye_Opened
12:38:28.771,EyeTracking,SettingUI,LSL_Logger,2026-07-03 12:38:28.771;EyeTracking;SettingUI;Eye_Closed;eye_tracking;Eye_Closed,MarkerSent
12:38:28.771,EyeTracking,SettingUI,Eye_Closed,eye_tracking,Eye_Closed
12:38:28.851,EyeTracking,SettingUI,LSL_Logger,2026-07-03 12:38:28.851;EyeTracking;SettingUI;Eye_Opened;eye_tracking;Eye_Opened,MarkerSent
12:38:28.851,EyeTracking,SettingUI,Eye_Opened,eye_tracking,Eye_Opened
12:38:28.952,EyeTracking,SettingUI,Hover_Enter,Button: demoIntroScene,Hovering
12:38:28.952,EyeTracking,SettingUI,LSL_Logger,2026-07-03 12:38:28.952;EyeTracking;SettingUI;Hover_Enter;Button: demoIntroScene;Hovering,MarkerSent
12:38:29.695,EyeTracking,SettingUI,LSL_Logger,2026-07-03 12:38:29.695;EyeTracking;SettingUI;Eye_Closed;eye_tracking;Eye_Closed,MarkerSent
12:38:29.695,EyeTracking,SettingUI,Eye_Closed,eye_tracking,Eye_Closed
12:38:29.772,EyeTracking,SettingUI,LSL_Logger,2026-07-03 12:38:29.772;EyeTracking;SettingUI;Eye_Opened;eye_tracking;Eye_Opened,MarkerSent
12:38:29.772,EyeTracking,SettingUI,Eye_Opened,eye_tracking,Eye_Opened
12:38:29.840,EyeTracking,SettingUI,Hover_Exit,Button: demoIntroScene,Hover_Exit
12:38:29.840,EyeTracking,SettingUI,LSL_Logger,2026-07-03 12:38:29.840;EyeTracking;SettingUI;Hover_Exit;Button: demoIntroScene;Hover_Exit,MarkerSent
12:38:30.233,EyeTracking,SettingUI,Hover_Enter,Button: demoIntroScene,Hovering
12:38:30.233,EyeTracking,SettingUI,LSL_Logger,2026-07-03 12:38:30.233;EyeTracking;SettingUI;Hover_Enter;Button: demoIntroScene;Hovering,MarkerSent
12:38:31.294,EyeTracking,SettingUI,LSL_Logger,2026-07-03 12:38:31.294;EyeTracking;SettingUI;Eye_Closed;eye_tracking;Eye_Closed,MarkerSent
12:38:31.294,EyeTracking,SettingUI,Eye_Closed,eye_tracking,Eye_Closed
12:38:31.418,EyeTracking,SettingUI,LSL_Logger,2026-07-03 12:38:31.418;EyeTracking;SettingUI;Eye_Opened;eye_tracking;Eye_Opened,MarkerSent
12:38:31.418,EyeTracking,SettingUI,Eye_Opened,eye_tracking,Eye_Opened
12:38:32.228,EyeTracking,SettingUI,Action_Executed,Button: demoIntroScene; Action: ButtonAction,Execution_Proceeding
12:38:32.228,EyeTracking,SettingUI,LSL_Logger,2026-07-03 12:38:32.228;EyeTracking;SettingUI;Action_Executed;Button: demoIntroScene; Action: ButtonAction;Execution_Proceeding,MarkerSent
12:38:32.532,EyeTracking,SettingUI,Hover_Exit,Button: demoIntroScene,Hover_Exit
12:38:32.532,EyeTracking,SettingUI,LSL_Logger,2026-07-03 12:38:32.532;EyeTracking;SettingUI;Hover_Exit;Button: demoIntroScene;Hover_Exit,MarkerSent
12:38:32.566,EyeTracking,SettingUI,Hover_Enter,Button: Intro-Next-UI,Hovering
12:38:32.566,EyeTracking,SettingUI,LSL_Logger,2026-07-03 12:38:32.566;EyeTracking;SettingUI;Hover_Enter;Button: Intro-Next-UI;Hovering,MarkerSent
12:38:32.566,EyeTracking,SettingUI,Dwell_Start,Button: Intro-Next-UI,Dwell_Started
12:38:32.566,EyeTracking,SettingUI,LSL_Logger,2026-07-03 12:38:32.566;EyeTracking;SettingUI;Dwell_Start;Button: Intro-Next-UI;Dwell_Started,MarkerSent
12:38:33.718,EyeTracking,SettingUI,Hover_Exit,Button: Intro-Next-UI,Hover_Exit
12:38:33.718,EyeTracking,SettingUI,LSL_Logger,2026-07-03 12:38:33.718;EyeTracking;SettingUI;Hover_Exit;Button: Intro-Next-UI;Hover_Exit,MarkerSent
12:38:33.752,EyeTracking,SettingUI,LSL_Logger,2026-07-03 12:38:33.752;EyeTracking;SettingUI;Eye_Closed;eye_tracking;Eye_Closed,MarkerSent
12:38:33.752,EyeTracking,SettingUI,Eye_Closed,eye_tracking,Eye_Closed
12:38:33.796,EyeTracking,SettingUI,LSL_Logger,2026-07-03 12:38:33.796;EyeTracking;SettingUI;Eye_Opened;eye_tracking;Eye_Opened,MarkerSent
12:38:33.796,EyeTracking,SettingUI,Eye_Opened,eye_tracking,Eye_Opened
12:38:33.910,EyeTracking,SettingUI,Hover_Enter,Button: demoIntroScene,Hovering
12:38:33.910,EyeTracking,SettingUI,LSL_Logger,2026-07-03 12:38:33.910;EyeTracking;SettingUI;Hover_Enter;Button: demoIntroScene;Hovering,MarkerSent
12:38:35.252,EyeTracking,SettingUI,LSL_Logger,2026-07-03 12:38:35.252;EyeTracking;SettingUI;Eye_Closed;eye_tracking;Eye_Closed,MarkerSent
12:38:35.252,EyeTracking,SettingUI,Eye_Closed,eye_tracking,Eye_Closed
12:38:35.285,EyeTracking,SettingUI,LSL_Logger,2026-07-03 12:38:35.285;EyeTracking;SettingUI;Eye_Opened;eye_tracking;Eye_Opened,MarkerSent
12:38:35.285,EyeTracking,SettingUI,Eye_Opened,eye_tracking,Eye_Opened
12:38:35.341,EyeTracking,SettingUI,Hover_Exit,Button: demoIntroScene,Hover_Exit
12:38:35.341,EyeTracking,SettingUI,LSL_Logger,2026-07-03 12:38:35.341;EyeTracking;SettingUI;Hover_Exit;Button: demoIntroScene;Hover_Exit,MarkerSent
12:38:35.558,EyeTracking,SettingUI,Hover_Enter,Button: demoIntroScene,Hovering
12:38:35.558,EyeTracking,SettingUI,LSL_Logger,2026-07-03 12:38:35.558;EyeTracking;SettingUI;Hover_Enter;Button: demoIntroScene;Hovering,MarkerSent
12:38:35.866,EyeTracking,SettingUI,LSL_Logger,2026-07-03 12:38:35.866;EyeTracking;SettingUI;Eye_Closed;eye_tracking;Eye_Closed,MarkerSent
12:38:35.866,EyeTracking,SettingUI,Eye_Closed,eye_tracking,Eye_Closed
12:38:35.911,EyeTracking,SettingUI,LSL_Logger,2026-07-03 12:38:35.911;EyeTracking;SettingUI;Eye_Opened;eye_tracking;Eye_Opened,MarkerSent
12:38:35.911,EyeTracking,SettingUI,Eye_Opened,eye_tracking,Eye_Opened
12:38:35.979,EyeTracking,SettingUI,Hover_Exit,Button: demoIntroScene,Hover_Exit
12:38:35.979,EyeTracking,SettingUI,LSL_Logger,2026-07-03 12:38:35.979;EyeTracking;SettingUI;Hover_Exit;Button: demoIntroScene;Hover_Exit,MarkerSent
12:38:36.585,EyeTracking,SettingUI,LSL_Logger,2026-07-03 12:38:36.585;EyeTracking;SettingUI;Eye_Closed;eye_tracking;Eye_Closed,MarkerSent
12:38:36.585,EyeTracking,SettingUI,Eye_Closed,eye_tracking,Eye_Closed
12:38:36.627,EyeTracking,SettingUI,LSL_Logger,2026-07-03 12:38:36.627;EyeTracking;SettingUI;Eye_Opened;eye_tracking;Eye_Opened,MarkerSent
12:38:36.627,EyeTracking,SettingUI,Eye_Opened,eye_tracking,Eye_Opened
12:38:36.701,EyeTracking,SettingUI,Hover_Enter,Button: Intro-Next-UI,Hovering
12:38:36.701,EyeTracking,SettingUI,LSL_Logger,2026-07-03 12:38:36.701;EyeTracking;SettingUI;Hover_Enter;Button: Intro-Next-UI;Hovering,MarkerSent
12:38:36.734,EyeTracking,SettingUI,Hover_Exit,Button: Intro-Next-UI,Hover_Exit
12:38:36.734,EyeTracking,SettingUI,LSL_Logger,2026-07-03 12:38:36.734;EyeTracking;SettingUI;Hover_Exit;Button: Intro-Next-UI;Hover_Exit,MarkerSent
12:38:36.768,EyeTracking,SettingUI,Hover_Enter,Button: Intro-Next-UI,Hovering
12:38:36.768,EyeTracking,SettingUI,LSL_Logger,2026-07-03 12:38:36.768;EyeTracking;SettingUI;Hover_Enter;Button: Intro-Next-UI;Hovering,MarkerSent
12:38:38.043,EyeTracking,SettingUI,LSL_Logger,2026-07-03 12:38:38.043;EyeTracking;SettingUI;Eye_Closed;eye_tracking;Eye_Closed,MarkerSent
12:38:38.043,EyeTracking,SettingUI,Eye_Closed,eye_tracking,Eye_Closed
12:38:38.096,EyeTracking,SettingUI,LSL_Logger,2026-07-03 12:38:38.096;EyeTracking;SettingUI;Eye_Opened;eye_tracking;Eye_Opened,MarkerSent
12:38:38.096,EyeTracking,SettingUI,Eye_Opened,eye_tracking,Eye_Opened
12:38:38.396,EyeTracking,SettingUI,LSL_Logger,2026-07-03 12:38:38.396;EyeTracking;SettingUI;Eye_Closed;eye_tracking;Eye_Closed,MarkerSent
12:38:38.396,EyeTracking,SettingUI,Eye_Closed,eye_tracking,Eye_Closed
12:38:38.462,EyeTracking,SettingUI,LSL_Logger,2026-07-03 12:38:38.462;EyeTracking;SettingUI;Eye_Opened;eye_tracking;Eye_Opened,MarkerSent
12:38:38.462,EyeTracking,SettingUI,Eye_Opened,eye_tracking,Eye_Opened
12:38:38.760,EyeTracking,SettingUI,Dwell,Button: Intro-Next-UI,Dwelling_Completed
12:38:38.760,EyeTracking,SettingUI,LSL_Logger,2026-07-03 12:38:38.760;EyeTracking;SettingUI;Dwell;Button: Intro-Next-UI;Dwelling_Completed,MarkerSent
12:38:38.760,EyeTracking,SettingUI,Action_Executed,Button: Intro-Next-UI; Action: ButtonAction,Execution_Proceeding
12:38:38.760,EyeTracking,SettingUI,LSL_Logger,2026-07-03 12:38:38.760;EyeTracking;SettingUI;Action_Executed;Button: Intro-Next-UI; Action: ButtonAction;Execution_Proceeding,MarkerSent
12:38:38.795,EyeTracking,SettingUI,Hover_Enter,Button: nextDwellSetting,Hovering
12:38:38.795,EyeTracking,SettingUI,LSL_Logger,2026-07-03 12:38:38.795;EyeTracking;SettingUI;Hover_Enter;Button: nextDwellSetting;Hovering,MarkerSent
12:38:38.795,EyeTracking,SettingUI,Dwell_Start,Button: nextDwellSetting,Dwell_Started
12:38:38.795,EyeTracking,SettingUI,LSL_Logger,2026-07-03 12:38:38.795;EyeTracking;SettingUI;Dwell_Start;Button: nextDwellSetting;Dwell_Started,MarkerSent
12:38:39.009,EyeTracking,SettingUI,LSL_Logger,2026-07-03 12:38:39.009;EyeTracking;SettingUI;Eye_Closed;eye_tracking;Eye_Closed,MarkerSent
12:38:39.009,EyeTracking,SettingUI,Eye_Closed,eye_tracking,Eye_Closed
12:38:39.065,EyeTracking,SettingUI,LSL_Logger,2026-07-03 12:38:39.065;EyeTracking;SettingUI;Eye_Opened;eye_tracking;Eye_Opened,MarkerSent
12:38:39.065,EyeTracking,SettingUI,Eye_Opened,eye_tracking,Eye_Opened
12:38:39.110,EyeTracking,SettingUI,Hover_Exit,Button: nextDwellSetting,Hover_Exit
12:38:39.110,EyeTracking,SettingUI,LSL_Logger,2026-07-03 12:38:39.110;EyeTracking;SettingUI;Hover_Exit;Button: nextDwellSetting;Hover_Exit,MarkerSent
12:38:39.238,EyeTracking,SettingUI,Hover_Enter,Button: headingDwellSetting,Hovering
12:38:39.238,EyeTracking,SettingUI,LSL_Logger,2026-07-03 12:38:39.238;EyeTracking;SettingUI;Hover_Enter;Button: headingDwellSetting;Hovering,MarkerSent
12:38:39.932,EyeTracking,SettingUI,Hover_Exit,Button: headingDwellSetting,Hover_Exit
12:38:39.932,EyeTracking,SettingUI,LSL_Logger,2026-07-03 12:38:39.932;EyeTracking;SettingUI;Hover_Exit;Button: headingDwellSetting;Hover_Exit,MarkerSent
12:38:41.412,EyeTracking,SettingUI,LSL_Logger,2026-07-03 12:38:41.412;EyeTracking;SettingUI;Eye_Closed;eye_tracking;Eye_Closed,MarkerSent
12:38:41.412,EyeTracking,SettingUI,Eye_Closed,eye_tracking,Eye_Closed
12:38:41.425,EyeTracking,SettingUI,LSL_Logger,2026-07-03 12:38:41.425;EyeTracking;SettingUI;Eye_Opened;eye_tracking;Eye_Opened,MarkerSent
12:38:41.425,EyeTracking,SettingUI,Eye_Opened,eye_tracking,Eye_Opened
12:38:42.582,EyeTracking,SettingUI,LSL_Logger,2026-07-03 12:38:42.582;EyeTracking;SettingUI;Eye_Closed;eye_tracking;Eye_Closed,MarkerSent
12:38:42.582,EyeTracking,SettingUI,Eye_Closed,eye_tracking,Eye_Closed
12:38:42.627,EyeTracking,SettingUI,LSL_Logger,2026-07-03 12:38:42.627;EyeTracking;SettingUI;Eye_Opened;eye_tracking;Eye_Opened,MarkerSent
12:38:42.627,EyeTracking,SettingUI,Eye_Opened,eye_tracking,Eye_Opened
12:38:43.999,EyeTracking,SettingUI,LSL_Logger,2026-07-03 12:38:43.999;EyeTracking;SettingUI;Eye_Closed;eye_tracking;Eye_Closed,MarkerSent
12:38:43.999,EyeTracking,SettingUI,Eye_Closed,eye_tracking,Eye_Closed
12:38:44.045,EyeTracking,SettingUI,LSL_Logger,2026-07-03 12:38:44.045;EyeTracking;SettingUI;Eye_Opened;eye_tracking;Eye_Opened,MarkerSent
12:38:44.045,EyeTracking,SettingUI,Eye_Opened,eye_tracking,Eye_Opened
12:38:45.224,EyeTracking,SettingUI,LSL_Logger,2026-07-03 12:38:45.224;EyeTracking;SettingUI;Eye_Closed;eye_tracking;Eye_Closed,MarkerSent
12:38:45.224,EyeTracking,SettingUI,Eye_Closed,eye_tracking,Eye_Closed
12:38:45.248,EyeTracking,SettingUI,LSL_Logger,2026-07-03 12:38:45.248;EyeTracking;SettingUI;Eye_Opened;eye_tracking;Eye_Opened,MarkerSent
12:38:45.248,EyeTracking,SettingUI,Eye_Opened,eye_tracking,Eye_Opened
12:38:45.457,EyeTracking,SettingUI,LSL_Logger,2026-07-03 12:38:45.457;EyeTracking;SettingUI;Eye_Closed;eye_tracking;Eye_Closed,MarkerSent
12:38:45.457,EyeTracking,SettingUI,Eye_Closed,eye_tracking,Eye_Closed
12:38:45.517,EyeTracking,SettingUI,LSL_Logger,2026-07-03 12:38:45.517;EyeTracking;SettingUI;Eye_Opened;eye_tracking;Eye_Opened,MarkerSent
12:38:45.517,EyeTracking,SettingUI,Eye_Opened,eye_tracking,Eye_Opened
12:38:48.779,EyeTracking,SettingUI,Hover_Enter,Button: subTimeDwell,Hovering
12:38:48.779,EyeTracking,SettingUI,LSL_Logger,2026-07-03 12:38:48.779;EyeTracking;SettingUI;Hover_Enter;Button: subTimeDwell;Hovering,MarkerSent
12:38:48.779,EyeTracking,SettingUI,Dwell_Start,Button: subTimeDwell,Dwell_Started
12:38:48.779,EyeTracking,SettingUI,LSL_Logger,2026-07-03 12:38:48.779;EyeTracking;SettingUI;Dwell_Start;Button: subTimeDwell;Dwell_Started,MarkerSent
12:38:48.901,EyeTracking,SettingUI,Hover_Exit,Button: subTimeDwell,Hover_Exit
12:38:48.901,EyeTracking,SettingUI,LSL_Logger,2026-07-03 12:38:48.901;EyeTracking;SettingUI;Hover_Exit;Button: subTimeDwell;Hover_Exit,MarkerSent
12:38:49.085,EyeTracking,SettingUI,Hover_Enter,Button: subTimeDwell,Hovering
12:38:49.085,EyeTracking,SettingUI,LSL_Logger,2026-07-03 12:38:49.085;EyeTracking;SettingUI;Hover_Enter;Button: subTimeDwell;Hovering,MarkerSent
12:38:49.107,EyeTracking,SettingUI,Hover_Exit,Button: subTimeDwell,Hover_Exit
12:38:49.107,EyeTracking,SettingUI,LSL_Logger,2026-07-03 12:38:49.107;EyeTracking;SettingUI;Hover_Exit;Button: subTimeDwell;Hover_Exit,MarkerSent
12:38:49.122,EyeTracking,SettingUI,Hover_Enter,Button: subTimeDwell,Hovering
12:38:49.122,EyeTracking,SettingUI,LSL_Logger,2026-07-03 12:38:49.122;EyeTracking;SettingUI;Hover_Enter;Button: subTimeDwell;Hovering,MarkerSent
12:38:49.172,EyeTracking,SettingUI,Hover_Exit,Button: subTimeDwell,Hover_Exit
12:38:49.172,EyeTracking,SettingUI,LSL_Logger,2026-07-03 12:38:49.172;EyeTracking;SettingUI;Hover_Exit;Button: subTimeDwell;Hover_Exit,MarkerSent
12:38:49.195,EyeTracking,SettingUI,Hover_Enter,Button: subTimeDwell,Hovering
12:38:49.195,EyeTracking,SettingUI,LSL_Logger,2026-07-03 12:38:49.195;EyeTracking;SettingUI;Hover_Enter;Button: subTimeDwell;Hovering,MarkerSent
12:38:49.287,EyeTracking,SettingUI,Hover_Exit,Button: subTimeDwell,Hover_Exit
12:38:49.287,EyeTracking,SettingUI,LSL_Logger,2026-07-03 12:38:49.287;EyeTracking;SettingUI;Hover_Exit;Button: subTimeDwell;Hover_Exit,MarkerSent
12:38:49.342,EyeTracking,SettingUI,Hover_Enter,Button: subTimeDwell,Hovering
12:38:49.342,EyeTracking,SettingUI,LSL_Logger,2026-07-03 12:38:49.342;EyeTracking;SettingUI;Hover_Enter;Button: subTimeDwell;Hovering,MarkerSent
12:38:49.440,EyeTracking,SettingUI,LSL_Logger,2026-07-03 12:38:49.440;EyeTracking;SettingUI;Eye_Closed;eye_tracking;Eye_Closed,MarkerSent
12:38:49.440,EyeTracking,SettingUI,Eye_Closed,eye_tracking,Eye_Closed
12:38:49.464,EyeTracking,SettingUI,LSL_Logger,2026-07-03 12:38:49.464;EyeTracking;SettingUI;Eye_Opened;eye_tracking;Eye_Opened,MarkerSent
12:38:49.464,EyeTracking,SettingUI,Eye_Opened,eye_tracking,Eye_Opened
12:38:49.553,EyeTracking,SettingUI,Hover_Exit,Button: subTimeDwell,Hover_Exit
12:38:49.553,EyeTracking,SettingUI,LSL_Logger,2026-07-03 12:38:49.553;EyeTracking;SettingUI;Hover_Exit;Button: subTimeDwell;Hover_Exit,MarkerSent
12:38:49.598,EyeTracking,SettingUI,Hover_Enter,Button: subTimeDwell,Hovering
12:38:49.598,EyeTracking,SettingUI,LSL_Logger,2026-07-03 12:38:49.598;EyeTracking;SettingUI;Hover_Enter;Button: subTimeDwell;Hovering,MarkerSent
12:38:49.609,EyeTracking,SettingUI,Hover_Exit,Button: subTimeDwell,Hover_Exit
12:38:49.609,EyeTracking,SettingUI,LSL_Logger,2026-07-03 12:38:49.609;EyeTracking;SettingUI;Hover_Exit;Button: subTimeDwell;Hover_Exit,MarkerSent
12:38:49.999,EyeTracking,SettingUI,Hover_Enter,Button: subTimeDwell,Hovering
12:38:49.999,EyeTracking,SettingUI,LSL_Logger,2026-07-03 12:38:49.999;EyeTracking;SettingUI;Hover_Enter;Button: subTimeDwell;Hovering,MarkerSent
12:38:50.034,EyeTracking,SettingUI,Hover_Exit,Button: subTimeDwell,Hover_Exit
12:38:50.034,EyeTracking,SettingUI,LSL_Logger,2026-07-03 12:38:50.034;EyeTracking;SettingUI;Hover_Exit;Button: subTimeDwell;Hover_Exit,MarkerSent
12:38:50.058,EyeTracking,SettingUI,Hover_Enter,Button: subTimeDwell,Hovering
12:38:50.058,EyeTracking,SettingUI,LSL_Logger,2026-07-03 12:38:50.058;EyeTracking;SettingUI;Hover_Enter;Button: subTimeDwell;Hovering,MarkerSent
12:38:50.163,EyeTracking,SettingUI,Hover_Exit,Button: subTimeDwell,Hover_Exit
12:38:50.163,EyeTracking,SettingUI,LSL_Logger,2026-07-03 12:38:50.163;EyeTracking;SettingUI;Hover_Exit;Button: subTimeDwell;Hover_Exit,MarkerSent
12:38:50.174,EyeTracking,SettingUI,Hover_Enter,Button: subTimeDwell,Hovering
12:38:50.174,EyeTracking,SettingUI,LSL_Logger,2026-07-03 12:38:50.174;EyeTracking;SettingUI;Hover_Enter;Button: subTimeDwell;Hovering,MarkerSent
12:38:50.186,EyeTracking,SettingUI,Hover_Exit,Button: subTimeDwell,Hover_Exit
12:38:50.186,EyeTracking,SettingUI,LSL_Logger,2026-07-03 12:38:50.186;EyeTracking;SettingUI;Hover_Exit;Button: subTimeDwell;Hover_Exit,MarkerSent
12:38:50.198,EyeTracking,SettingUI,Hover_Enter,Button: subTimeDwell,Hovering
12:38:50.198,EyeTracking,SettingUI,LSL_Logger,2026-07-03 12:38:50.198;EyeTracking;SettingUI;Hover_Enter;Button: subTimeDwell;Hovering,MarkerSent
12:38:50.247,EyeTracking,SettingUI,Hover_Exit,Button: subTimeDwell,Hover_Exit
12:38:50.247,EyeTracking,SettingUI,LSL_Logger,2026-07-03 12:38:50.247;EyeTracking;SettingUI;Hover_Exit;Button: subTimeDwell;Hover_Exit,MarkerSent
12:38:50.283,EyeTracking,SettingUI,LSL_Logger,2026-07-03 12:38:50.283;EyeTracking;SettingUI;Eye_Closed;eye_tracking;Eye_Closed,MarkerSent
12:38:50.283,EyeTracking,SettingUI,Eye_Closed,eye_tracking,Eye_Closed
12:38:50.328,EyeTracking,SettingUI,LSL_Logger,2026-07-03 12:38:50.328;EyeTracking;SettingUI;Eye_Opened;eye_tracking;Eye_Opened,MarkerSent
12:38:50.328,EyeTracking,SettingUI,Eye_Opened,eye_tracking,Eye_Opened
12:38:50.514,EyeTracking,SettingUI,Hover_Enter,Button: subTimeDwell,Hovering
12:38:50.514,EyeTracking,SettingUI,LSL_Logger,2026-07-03 12:38:50.514;EyeTracking;SettingUI;Hover_Enter;Button: subTimeDwell;Hovering,MarkerSent
12:38:50.619,EyeTracking,SettingUI,Hover_Exit,Button: subTimeDwell,Hover_Exit
12:38:50.619,EyeTracking,SettingUI,LSL_Logger,2026-07-03 12:38:50.619;EyeTracking;SettingUI;Hover_Exit;Button: subTimeDwell;Hover_Exit,MarkerSent
12:38:50.673,EyeTracking,SettingUI,Hover_Enter,Button: addTimeDwell,Hovering
12:38:50.673,EyeTracking,SettingUI,LSL_Logger,2026-07-03 12:38:50.673;EyeTracking;SettingUI;Hover_Enter;Button: addTimeDwell;Hovering,MarkerSent
12:38:50.673,EyeTracking,SettingUI,Dwell_Start,Button: addTimeDwell,Dwell_Started
12:38:50.673,EyeTracking,SettingUI,LSL_Logger,2026-07-03 12:38:50.673;EyeTracking;SettingUI;Dwell_Start;Button: addTimeDwell;Dwell_Started,MarkerSent
12:38:50.685,EyeTracking,SettingUI,Hover_Exit,Button: addTimeDwell,Hover_Exit
12:38:50.685,EyeTracking,SettingUI,LSL_Logger,2026-07-03 12:38:50.685;EyeTracking;SettingUI;Hover_Exit;Button: addTimeDwell;Hover_Exit,MarkerSent
12:38:50.697,EyeTracking,SettingUI,Hover_Enter,Button: addTimeDwell,Hovering
12:38:50.697,EyeTracking,SettingUI,LSL_Logger,2026-07-03 12:38:50.697;EyeTracking;SettingUI;Hover_Enter;Button: addTimeDwell;Hovering,MarkerSent
12:38:50.972,EyeTracking,SettingUI,Hover_Exit,Button: addTimeDwell,Hover_Exit
12:38:50.972,EyeTracking,SettingUI,LSL_Logger,2026-07-03 12:38:50.972;EyeTracking;SettingUI;Hover_Exit;Button: addTimeDwell;Hover_Exit,MarkerSent
12:38:51.142,EyeTracking,SettingUI,LSL_Logger,2026-07-03 12:38:51.142;EyeTracking;SettingUI;Eye_Closed;eye_tracking;Eye_Closed,MarkerSent
12:38:51.142,EyeTracking,SettingUI,Eye_Closed,eye_tracking,Eye_Closed
12:38:51.208,EyeTracking,SettingUI,LSL_Logger,2026-07-03 12:38:51.208;EyeTracking;SettingUI;Eye_Opened;eye_tracking;Eye_Opened,MarkerSent
12:38:51.208,EyeTracking,SettingUI,Eye_Opened,eye_tracking,Eye_Opened
12:38:51.378,EyeTracking,SettingUI,Hover_Enter,Button: addTimeDwell,Hovering
12:38:51.378,EyeTracking,SettingUI,LSL_Logger,2026-07-03 12:38:51.378;EyeTracking;SettingUI;Hover_Enter;Button: addTimeDwell;Hovering,MarkerSent
12:38:51.402,EyeTracking,SettingUI,Hover_Exit,Button: addTimeDwell,Hover_Exit
12:38:51.402,EyeTracking,SettingUI,LSL_Logger,2026-07-03 12:38:51.402;EyeTracking;SettingUI;Hover_Exit;Button: addTimeDwell;Hover_Exit,MarkerSent
12:38:51.510,EyeTracking,SettingUI,Hover_Enter,Button: addTimeDwell,Hovering
12:38:51.510,EyeTracking,SettingUI,LSL_Logger,2026-07-03 12:38:51.510;EyeTracking;SettingUI;Hover_Enter;Button: addTimeDwell;Hovering,MarkerSent
12:38:51.591,EyeTracking,SettingUI,Hover_Exit,Button: addTimeDwell,Hover_Exit
12:38:51.591,EyeTracking,SettingUI,LSL_Logger,2026-07-03 12:38:51.591;EyeTracking;SettingUI;Hover_Exit;Button: addTimeDwell;Hover_Exit,MarkerSent
12:38:51.614,EyeTracking,SettingUI,Hover_Enter,Button: nextDwellSetting,Hovering
12:38:51.614,EyeTracking,SettingUI,LSL_Logger,2026-07-03 12:38:51.614;EyeTracking;SettingUI;Hover_Enter;Button: nextDwellSetting;Hovering,MarkerSent
12:38:52.230,EyeTracking,SettingUI,LSL_Logger,2026-07-03 12:38:52.230;EyeTracking;SettingUI;Eye_Closed;eye_tracking;Eye_Closed,MarkerSent
12:38:52.230,EyeTracking,SettingUI,Eye_Closed,eye_tracking,Eye_Closed
12:38:52.325,EyeTracking,SettingUI,LSL_Logger,2026-07-03 12:38:52.325;EyeTracking;SettingUI;Eye_Opened;eye_tracking;Eye_Opened,MarkerSent
12:38:52.325,EyeTracking,SettingUI,Eye_Opened,eye_tracking,Eye_Opened
12:38:53.412,EyeTracking,SettingUI,Hover_Exit,Button: nextDwellSetting,Hover_Exit
12:38:53.412,EyeTracking,SettingUI,LSL_Logger,2026-07-03 12:38:53.412;EyeTracking;SettingUI;Hover_Exit;Button: nextDwellSetting;Hover_Exit,MarkerSent
12:38:53.440,EyeTracking,SettingUI,LSL_Logger,2026-07-03 12:38:53.440;EyeTracking;SettingUI;Eye_Closed;eye_tracking;Eye_Closed,MarkerSent
12:38:53.440,EyeTracking,SettingUI,Eye_Closed,eye_tracking,Eye_Closed
12:38:53.511,EyeTracking,SettingUI,LSL_Logger,2026-07-03 12:38:53.511;EyeTracking;SettingUI;Eye_Opened;eye_tracking;Eye_Opened,MarkerSent
12:38:53.511,EyeTracking,SettingUI,Eye_Opened,eye_tracking,Eye_Opened
12:38:53.577,EyeTracking,SettingUI,Hover_Enter,Button: nextDwellSetting,Hovering
12:38:53.577,EyeTracking,SettingUI,LSL_Logger,2026-07-03 12:38:53.577;EyeTracking;SettingUI;Hover_Enter;Button: nextDwellSetting;Hovering,MarkerSent
12:38:53.610,EyeTracking,SettingUI,Hover_Exit,Button: nextDwellSetting,Hover_Exit
12:38:53.610,EyeTracking,SettingUI,LSL_Logger,2026-07-03 12:38:53.610;EyeTracking;SettingUI;Hover_Exit;Button: nextDwellSetting;Hover_Exit,MarkerSent
12:38:53.623,EyeTracking,SettingUI,Hover_Enter,Button: nextDwellSetting,Hovering
12:38:53.623,EyeTracking,SettingUI,LSL_Logger,2026-07-03 12:38:53.623;EyeTracking;SettingUI;Hover_Enter;Button: nextDwellSetting;Hovering,MarkerSent
12:38:54.093,EyeTracking,SettingUI,LSL_Logger,2026-07-03 12:38:54.093;EyeTracking;SettingUI;Eye_Closed;eye_tracking;Eye_Closed,MarkerSent
12:38:54.093,EyeTracking,SettingUI,Eye_Closed,eye_tracking,Eye_Closed
12:38:54.190,EyeTracking,SettingUI,LSL_Logger,2026-07-03 12:38:54.190;EyeTracking;SettingUI;Eye_Opened;eye_tracking;Eye_Opened,MarkerSent
12:38:54.190,EyeTracking,SettingUI,Eye_Opened,eye_tracking,Eye_Opened
12:38:54.406,EyeTracking,SettingUI,Hover_Exit,Button: nextDwellSetting,Hover_Exit
12:38:54.406,EyeTracking,SettingUI,LSL_Logger,2026-07-03 12:38:54.406;EyeTracking;SettingUI;Hover_Exit;Button: nextDwellSetting;Hover_Exit,MarkerSent
12:38:54.453,EyeTracking,SettingUI,Hover_Enter,Button: demoDwellSetting,Hovering
12:38:54.453,EyeTracking,SettingUI,LSL_Logger,2026-07-03 12:38:54.453;EyeTracking;SettingUI;Hover_Enter;Button: demoDwellSetting;Hovering,MarkerSent
12:38:54.812,EyeTracking,SettingUI,LSL_Logger,2026-07-03 12:38:54.812;EyeTracking;SettingUI;Eye_Closed;eye_tracking;Eye_Closed,MarkerSent
12:38:54.812,EyeTracking,SettingUI,Eye_Closed,eye_tracking,Eye_Closed
12:38:54.890,EyeTracking,SettingUI,LSL_Logger,2026-07-03 12:38:54.890;EyeTracking;SettingUI;Eye_Opened;eye_tracking;Eye_Opened,MarkerSent
12:38:54.890,EyeTracking,SettingUI,Eye_Opened,eye_tracking,Eye_Opened
12:38:54.958,EyeTracking,SettingUI,Hover_Exit,Button: demoDwellSetting,Hover_Exit
12:38:54.958,EyeTracking,SettingUI,LSL_Logger,2026-07-03 12:38:54.958;EyeTracking;SettingUI;Hover_Exit;Button: demoDwellSetting;Hover_Exit,MarkerSent
12:38:54.958,EyeTracking,SettingUI,Hover_Enter,Button: nextDwellSetting,Hovering
12:38:54.958,EyeTracking,SettingUI,LSL_Logger,2026-07-03 12:38:54.958;EyeTracking;SettingUI;Hover_Enter;Button: nextDwellSetting;Hovering,MarkerSent
12:38:55.883,EyeTracking,SettingUI,Hover_Exit,Button: nextDwellSetting,Hover_Exit
12:38:55.883,EyeTracking,SettingUI,LSL_Logger,2026-07-03 12:38:55.883;EyeTracking;SettingUI;Hover_Exit;Button: nextDwellSetting;Hover_Exit,MarkerSent
12:38:55.905,EyeTracking,SettingUI,LSL_Logger,2026-07-03 12:38:55.905;EyeTracking;SettingUI;Eye_Closed;eye_tracking;Eye_Closed,MarkerSent
12:38:55.905,EyeTracking,SettingUI,Eye_Closed,eye_tracking,Eye_Closed
12:38:55.961,EyeTracking,SettingUI,LSL_Logger,2026-07-03 12:38:55.961;EyeTracking;SettingUI;Eye_Opened;eye_tracking;Eye_Opened,MarkerSent
12:38:55.961,EyeTracking,SettingUI,Eye_Opened,eye_tracking,Eye_Opened
12:38:56.014,EyeTracking,SettingUI,Hover_Enter,Button: nextDwellSetting,Hovering
12:38:56.014,EyeTracking,SettingUI,LSL_Logger,2026-07-03 12:38:56.014;EyeTracking;SettingUI;Hover_Enter;Button: nextDwellSetting;Hovering,MarkerSent
12:38:56.463,EyeTracking,SettingUI,Hover_Exit,Button: nextDwellSetting,Hover_Exit
12:38:56.463,EyeTracking,SettingUI,LSL_Logger,2026-07-03 12:38:56.463;EyeTracking;SettingUI;Hover_Exit;Button: nextDwellSetting;Hover_Exit,MarkerSent
12:38:56.540,EyeTracking,SettingUI,Hover_Enter,Button: demoDwellSetting,Hovering
12:38:56.540,EyeTracking,SettingUI,LSL_Logger,2026-07-03 12:38:56.540;EyeTracking;SettingUI;Hover_Enter;Button: demoDwellSetting;Hovering,MarkerSent
12:38:56.553,EyeTracking,SettingUI,Hover_Exit,Button: demoDwellSetting,Hover_Exit
12:38:56.553,EyeTracking,SettingUI,LSL_Logger,2026-07-03 12:38:56.553;EyeTracking;SettingUI;Hover_Exit;Button: demoDwellSetting;Hover_Exit,MarkerSent
12:38:56.576,EyeTracking,SettingUI,Hover_Enter,Button: demoDwellSetting,Hovering
12:38:56.576,EyeTracking,SettingUI,LSL_Logger,2026-07-03 12:38:56.576;EyeTracking;SettingUI;Hover_Enter;Button: demoDwellSetting;Hovering,MarkerSent
12:38:57.055,EyeTracking,SettingUI,LSL_Logger,2026-07-03 12:38:57.055;EyeTracking;SettingUI;Eye_Closed;eye_tracking;Eye_Closed,MarkerSent
12:38:57.055,EyeTracking,SettingUI,Eye_Closed,eye_tracking,Eye_Closed
12:38:57.147,EyeTracking,SettingUI,LSL_Logger,2026-07-03 12:38:57.147;EyeTracking;SettingUI;Eye_Opened;eye_tracking;Eye_Opened,MarkerSent
12:38:57.147,EyeTracking,SettingUI,Eye_Opened,eye_tracking,Eye_Opened
12:38:57.218,EyeTracking,SettingUI,Hover_Exit,Button: demoDwellSetting,Hover_Exit
12:38:57.218,EyeTracking,SettingUI,LSL_Logger,2026-07-03 12:38:57.218;EyeTracking;SettingUI;Hover_Exit;Button: demoDwellSetting;Hover_Exit,MarkerSent
12:38:57.232,EyeTracking,SettingUI,Hover_Enter,Button: demoDwellSetting,Hovering
12:38:57.232,EyeTracking,SettingUI,LSL_Logger,2026-07-03 12:38:57.232;EyeTracking;SettingUI;Hover_Enter;Button: demoDwellSetting;Hovering,MarkerSent
12:38:57.269,EyeTracking,SettingUI,Hover_Exit,Button: demoDwellSetting,Hover_Exit
12:38:57.269,EyeTracking,SettingUI,LSL_Logger,2026-07-03 12:38:57.269;EyeTracking;SettingUI;Hover_Exit;Button: demoDwellSetting;Hover_Exit,MarkerSent
12:38:57.307,EyeTracking,SettingUI,Hover_Enter,Button: demoDwellSetting,Hovering
12:38:57.307,EyeTracking,SettingUI,LSL_Logger,2026-07-03 12:38:57.307;EyeTracking;SettingUI;Hover_Enter;Button: demoDwellSetting;Hovering,MarkerSent
12:38:57.813,EyeTracking,SettingUI,LSL_Logger,2026-07-03 12:38:57.813;EyeTracking;SettingUI;Eye_Closed;eye_tracking;Eye_Closed,MarkerSent
12:38:57.813,EyeTracking,SettingUI,Eye_Closed,eye_tracking,Eye_Closed
12:38:57.905,EyeTracking,SettingUI,LSL_Logger,2026-07-03 12:38:57.905;EyeTracking;SettingUI;Eye_Opened;eye_tracking;Eye_Opened,MarkerSent
12:38:57.905,EyeTracking,SettingUI,Eye_Opened,eye_tracking,Eye_Opened
12:38:58.167,EyeTracking,SettingUI,Hover_Exit,Button: demoDwellSetting,Hover_Exit
12:38:58.167,EyeTracking,SettingUI,LSL_Logger,2026-07-03 12:38:58.167;EyeTracking;SettingUI;Hover_Exit;Button: demoDwellSetting;Hover_Exit,MarkerSent
12:38:58.188,EyeTracking,SettingUI,LSL_Logger,2026-07-03 12:38:58.188;EyeTracking;SettingUI;Eye_Closed;eye_tracking;Eye_Closed,MarkerSent
12:38:58.188,EyeTracking,SettingUI,Eye_Closed,eye_tracking,Eye_Closed
12:38:58.256,EyeTracking,SettingUI,LSL_Logger,2026-07-03 12:38:58.256;EyeTracking;SettingUI;Eye_Opened;eye_tracking;Eye_Opened,MarkerSent
12:38:58.256,EyeTracking,SettingUI,Eye_Opened,eye_tracking,Eye_Opened
12:38:58.532,EyeTracking,SettingUI,Hover_Enter,Button: demoDwellSetting,Hovering
12:38:58.532,EyeTracking,SettingUI,LSL_Logger,2026-07-03 12:38:58.532;EyeTracking;SettingUI;Hover_Enter;Button: demoDwellSetting;Hovering,MarkerSent
12:38:58.578,EyeTracking,SettingUI,Hover_Exit,Button: demoDwellSetting,Hover_Exit
12:38:58.578,EyeTracking,SettingUI,LSL_Logger,2026-07-03 12:38:58.578;EyeTracking;SettingUI;Hover_Exit;Button: demoDwellSetting;Hover_Exit,MarkerSent
12:38:58.603,EyeTracking,SettingUI,Hover_Enter,Button: demoDwellSetting,Hovering
12:38:58.603,EyeTracking,SettingUI,LSL_Logger,2026-07-03 12:38:58.603;EyeTracking;SettingUI;Hover_Enter;Button: demoDwellSetting;Hovering,MarkerSent
12:39:00.280,EyeTracking,SettingUI,Hover_Exit,Button: demoDwellSetting,Hover_Exit
12:39:00.280,EyeTracking,SettingUI,LSL_Logger,2026-07-03 12:39:00.280;EyeTracking;SettingUI;Hover_Exit;Button: demoDwellSetting;Hover_Exit,MarkerSent
12:39:00.315,EyeTracking,SettingUI,Hover_Enter,Button: demoDwellSetting,Hovering
12:39:00.315,EyeTracking,SettingUI,LSL_Logger,2026-07-03 12:39:00.315;EyeTracking;SettingUI;Hover_Enter;Button: demoDwellSetting;Hovering,MarkerSent
12:39:00.382,EyeTracking,SettingUI,Hover_Exit,Button: demoDwellSetting,Hover_Exit
12:39:00.382,EyeTracking,SettingUI,LSL_Logger,2026-07-03 12:39:00.382;EyeTracking;SettingUI;Hover_Exit;Button: demoDwellSetting;Hover_Exit,MarkerSent
12:39:00.632,EyeTracking,SettingUI,Hover_Enter,Button: demoDwellSetting,Hovering
12:39:00.632,EyeTracking,SettingUI,LSL_Logger,2026-07-03 12:39:00.632;EyeTracking;SettingUI;Hover_Enter;Button: demoDwellSetting;Hovering,MarkerSent
12:39:00.644,EyeTracking,SettingUI,Hover_Exit,Button: demoDwellSetting,Hover_Exit
12:39:00.644,EyeTracking,SettingUI,LSL_Logger,2026-07-03 12:39:00.644;EyeTracking;SettingUI;Hover_Exit;Button: demoDwellSetting;Hover_Exit,MarkerSent
12:39:00.700,EyeTracking,SettingUI,Hover_Enter,Button: demoDwellSetting,Hovering
12:39:00.700,EyeTracking,SettingUI,LSL_Logger,2026-07-03 12:39:00.700;EyeTracking;SettingUI;Hover_Enter;Button: demoDwellSetting;Hovering,MarkerSent
12:39:00.864,EyeTracking,SettingUI,Hover_Exit,Button: demoDwellSetting,Hover_Exit
12:39:00.864,EyeTracking,SettingUI,LSL_Logger,2026-07-03 12:39:00.864;EyeTracking;SettingUI;Hover_Exit;Button: demoDwellSetting;Hover_Exit,MarkerSent
12:39:00.876,EyeTracking,SettingUI,Hover_Enter,Button: demoDwellSetting,Hovering
12:39:00.876,EyeTracking,SettingUI,LSL_Logger,2026-07-03 12:39:00.876;EyeTracking;SettingUI;Hover_Enter;Button: demoDwellSetting;Hovering,MarkerSent
12:39:00.923,EyeTracking,SettingUI,LSL_Logger,2026-07-03 12:39:00.923;EyeTracking;SettingUI;Eye_Closed;eye_tracking;Eye_Closed,MarkerSent
12:39:00.923,EyeTracking,SettingUI,Eye_Closed,eye_tracking,Eye_Closed
12:39:00.990,EyeTracking,SettingUI,LSL_Logger,2026-07-03 12:39:00.990;EyeTracking;SettingUI;Eye_Opened;eye_tracking;Eye_Opened,MarkerSent
12:39:00.990,EyeTracking,SettingUI,Eye_Opened,eye_tracking,Eye_Opened
12:39:01.183,EyeTracking,SettingUI,Hover_Exit,Button: demoDwellSetting,Hover_Exit
12:39:01.183,EyeTracking,SettingUI,LSL_Logger,2026-07-03 12:39:01.183;EyeTracking;SettingUI;Hover_Exit;Button: demoDwellSetting;Hover_Exit,MarkerSent
12:39:01.240,EyeTracking,SettingUI,Hover_Enter,Button: demoDwellSetting,Hovering
12:39:01.240,EyeTracking,SettingUI,LSL_Logger,2026-07-03 12:39:01.240;EyeTracking;SettingUI;Hover_Enter;Button: demoDwellSetting;Hovering,MarkerSent
12:39:01.407,EyeTracking,SettingUI,Hover_Exit,Button: demoDwellSetting,Hover_Exit
12:39:01.407,EyeTracking,SettingUI,LSL_Logger,2026-07-03 12:39:01.407;EyeTracking;SettingUI;Hover_Exit;Button: demoDwellSetting;Hover_Exit,MarkerSent
12:39:01.870,EyeTracking,SettingUI,Hover_Enter,Button: demoDwellSetting,Hovering
12:39:01.870,EyeTracking,SettingUI,LSL_Logger,2026-07-03 12:39:01.870;EyeTracking;SettingUI;Hover_Enter;Button: demoDwellSetting;Hovering,MarkerSent
12:39:01.915,EyeTracking,SettingUI,Hover_Exit,Button: demoDwellSetting,Hover_Exit
12:39:01.915,EyeTracking,SettingUI,LSL_Logger,2026-07-03 12:39:01.915;EyeTracking;SettingUI;Hover_Exit;Button: demoDwellSetting;Hover_Exit,MarkerSent
12:39:01.971,EyeTracking,SettingUI,Hover_Enter,Button: demoDwellSetting,Hovering
12:39:01.971,EyeTracking,SettingUI,LSL_Logger,2026-07-03 12:39:01.971;EyeTracking;SettingUI;Hover_Enter;Button: demoDwellSetting;Hovering,MarkerSent
12:39:02.086,EyeTracking,SettingUI,Hover_Exit,Button: demoDwellSetting,Hover_Exit
12:39:02.086,EyeTracking,SettingUI,LSL_Logger,2026-07-03 12:39:02.086;EyeTracking;SettingUI;Hover_Exit;Button: demoDwellSetting;Hover_Exit,MarkerSent
12:39:02.190,EyeTracking,SettingUI,Hover_Enter,Button: demoDwellSetting,Hovering
12:39:02.190,EyeTracking,SettingUI,LSL_Logger,2026-07-03 12:39:02.190;EyeTracking;SettingUI;Hover_Enter;Button: demoDwellSetting;Hovering,MarkerSent
12:39:02.295,EyeTracking,SettingUI,LSL_Logger,2026-07-03 12:39:02.295;EyeTracking;SettingUI;Eye_Closed;eye_tracking;Eye_Closed,MarkerSent
12:39:02.295,EyeTracking,SettingUI,Eye_Closed,eye_tracking,Eye_Closed
12:39:02.344,EyeTracking,SettingUI,LSL_Logger,2026-07-03 12:39:02.344;EyeTracking;SettingUI;Eye_Opened;eye_tracking;Eye_Opened,MarkerSent
12:39:02.344,EyeTracking,SettingUI,Eye_Opened,eye_tracking,Eye_Opened
12:39:02.537,EyeTracking,SettingUI,Hover_Exit,Button: demoDwellSetting,Hover_Exit
12:39:02.537,EyeTracking,SettingUI,LSL_Logger,2026-07-03 12:39:02.537;EyeTracking;SettingUI;Hover_Exit;Button: demoDwellSetting;Hover_Exit,MarkerSent
12:39:02.613,EyeTracking,SettingUI,Hover_Enter,Button: demoDwellSetting,Hovering
12:39:02.613,EyeTracking,SettingUI,LSL_Logger,2026-07-03 12:39:02.613;EyeTracking;SettingUI;Hover_Enter;Button: demoDwellSetting;Hovering,MarkerSent
12:39:02.763,EyeTracking,SettingUI,Hover_Exit,Button: demoDwellSetting,Hover_Exit
12:39:02.763,EyeTracking,SettingUI,LSL_Logger,2026-07-03 12:39:02.763;EyeTracking;SettingUI;Hover_Exit;Button: demoDwellSetting;Hover_Exit,MarkerSent
12:39:02.831,EyeTracking,SettingUI,Hover_Enter,Button: addTimeDwell,Hovering
12:39:02.831,EyeTracking,SettingUI,LSL_Logger,2026-07-03 12:39:02.831;EyeTracking;SettingUI;Hover_Enter;Button: addTimeDwell;Hovering,MarkerSent
12:39:02.937,EyeTracking,SettingUI,Hover_Exit,Button: addTimeDwell,Hover_Exit
12:39:02.937,EyeTracking,SettingUI,LSL_Logger,2026-07-03 12:39:02.937;EyeTracking;SettingUI;Hover_Exit;Button: addTimeDwell;Hover_Exit,MarkerSent
12:39:03.117,EyeTracking,SettingUI,Hover_Enter,Button: addTimeDwell,Hovering
12:39:03.117,EyeTracking,SettingUI,LSL_Logger,2026-07-03 12:39:03.117;EyeTracking;SettingUI;Hover_Enter;Button: addTimeDwell;Hovering,MarkerSent
12:39:03.352,EyeTracking,SettingUI,LSL_Logger,2026-07-03 12:39:03.352;EyeTracking;SettingUI;Eye_Closed;eye_tracking;Eye_Closed,MarkerSent
12:39:03.352,EyeTracking,SettingUI,Eye_Closed,eye_tracking,Eye_Closed
12:39:03.464,EyeTracking,SettingUI,LSL_Logger,2026-07-03 12:39:03.464;EyeTracking;SettingUI;Eye_Opened;eye_tracking;Eye_Opened,MarkerSent
12:39:03.464,EyeTracking,SettingUI,Eye_Opened,eye_tracking,Eye_Opened
12:39:03.544,EyeTracking,SettingUI,Hover_Exit,Button: addTimeDwell,Hover_Exit
12:39:03.544,EyeTracking,SettingUI,LSL_Logger,2026-07-03 12:39:03.544;EyeTracking;SettingUI;Hover_Exit;Button: addTimeDwell;Hover_Exit,MarkerSent
12:39:03.544,EyeTracking,SettingUI,Hover_Enter,Button: demoDwellSetting,Hovering
12:39:03.544,EyeTracking,SettingUI,LSL_Logger,2026-07-03 12:39:03.544;EyeTracking;SettingUI;Hover_Enter;Button: demoDwellSetting;Hovering,MarkerSent
12:39:04.475,EyeTracking,SettingUI,LSL_Logger,2026-07-03 12:39:04.475;EyeTracking;SettingUI;Eye_Closed;eye_tracking;Eye_Closed,MarkerSent
12:39:04.475,EyeTracking,SettingUI,Eye_Closed,eye_tracking,Eye_Closed
12:39:04.543,EyeTracking,SettingUI,LSL_Logger,2026-07-03 12:39:04.543;EyeTracking;SettingUI;Eye_Opened;eye_tracking;Eye_Opened,MarkerSent
12:39:04.543,EyeTracking,SettingUI,Eye_Opened,eye_tracking,Eye_Opened
12:39:04.602,EyeTracking,SettingUI,Hover_Exit,Button: demoDwellSetting,Hover_Exit
12:39:04.602,EyeTracking,SettingUI,LSL_Logger,2026-07-03 12:39:04.602;EyeTracking;SettingUI;Hover_Exit;Button: demoDwellSetting;Hover_Exit,MarkerSent
12:39:05.184,EyeTracking,SettingUI,Hover_Enter,Button: addTimeDwell,Hovering
12:39:05.184,EyeTracking,SettingUI,LSL_Logger,2026-07-03 12:39:05.184;EyeTracking;SettingUI;Hover_Enter;Button: addTimeDwell;Hovering,MarkerSent
12:39:05.296,EyeTracking,SettingUI,Hover_Exit,Button: addTimeDwell,Hover_Exit
12:39:05.296,EyeTracking,SettingUI,LSL_Logger,2026-07-03 12:39:05.296;EyeTracking;SettingUI;Hover_Exit;Button: addTimeDwell;Hover_Exit,MarkerSent
12:39:05.308,EyeTracking,SettingUI,Hover_Enter,Button: addTimeDwell,Hovering
12:39:05.308,EyeTracking,SettingUI,LSL_Logger,2026-07-03 12:39:05.308;EyeTracking;SettingUI;Hover_Enter;Button: addTimeDwell;Hovering,MarkerSent
12:39:05.321,EyeTracking,SettingUI,Hover_Exit,Button: addTimeDwell,Hover_Exit
12:39:05.321,EyeTracking,SettingUI,LSL_Logger,2026-07-03 12:39:05.321;EyeTracking;SettingUI;Hover_Exit;Button: addTimeDwell;Hover_Exit,MarkerSent
12:39:05.352,EyeTracking,SettingUI,LSL_Logger,2026-07-03 12:39:05.352;EyeTracking;SettingUI;Eye_Closed;eye_tracking;Eye_Closed,MarkerSent
12:39:05.352,EyeTracking,SettingUI,Eye_Closed,eye_tracking,Eye_Closed
12:39:05.387,EyeTracking,SettingUI,LSL_Logger,2026-07-03 12:39:05.387;EyeTracking;SettingUI;Eye_Opened;eye_tracking;Eye_Opened,MarkerSent
12:39:05.387,EyeTracking,SettingUI,Eye_Opened,eye_tracking,Eye_Opened
12:39:06.102,EyeTracking,SettingUI,Hover_Enter,Button: addTimeDwell,Hovering
12:39:06.102,EyeTracking,SettingUI,LSL_Logger,2026-07-03 12:39:06.102;EyeTracking;SettingUI;Hover_Enter;Button: addTimeDwell;Hovering,MarkerSent
12:39:06.115,EyeTracking,SettingUI,Hover_Exit,Button: addTimeDwell,Hover_Exit
12:39:06.115,EyeTracking,SettingUI,LSL_Logger,2026-07-03 12:39:06.115;EyeTracking;SettingUI;Hover_Exit;Button: addTimeDwell;Hover_Exit,MarkerSent
12:39:06.161,EyeTracking,SettingUI,Hover_Enter,Button: addTimeDwell,Hovering
12:39:06.161,EyeTracking,SettingUI,LSL_Logger,2026-07-03 12:39:06.161;EyeTracking;SettingUI;Hover_Enter;Button: addTimeDwell;Hovering,MarkerSent
12:39:06.172,EyeTracking,SettingUI,Hover_Exit,Button: addTimeDwell,Hover_Exit
12:39:06.172,EyeTracking,SettingUI,LSL_Logger,2026-07-03 12:39:06.172;EyeTracking;SettingUI;Hover_Exit;Button: addTimeDwell;Hover_Exit,MarkerSent
12:39:06.253,EyeTracking,SettingUI,LSL_Logger,2026-07-03 12:39:06.253;EyeTracking;SettingUI;Eye_Closed;eye_tracking;Eye_Closed,MarkerSent
12:39:06.253,EyeTracking,SettingUI,Eye_Closed,eye_tracking,Eye_Closed
12:39:06.354,EyeTracking,SettingUI,LSL_Logger,2026-07-03 12:39:06.354;EyeTracking;SettingUI;Eye_Opened;eye_tracking;Eye_Opened,MarkerSent
12:39:06.354,EyeTracking,SettingUI,Eye_Opened,eye_tracking,Eye_Opened
12:39:06.430,EyeTracking,SettingUI,Hover_Enter,Button: demoDwellSetting,Hovering
12:39:06.430,EyeTracking,SettingUI,LSL_Logger,2026-07-03 12:39:06.430;EyeTracking;SettingUI;Hover_Enter;Button: demoDwellSetting;Hovering,MarkerSent
12:39:06.650,EyeTracking,SettingUI,Hover_Exit,Button: demoDwellSetting,Hover_Exit
12:39:06.650,EyeTracking,SettingUI,LSL_Logger,2026-07-03 12:39:06.650;EyeTracking;SettingUI;Hover_Exit;Button: demoDwellSetting;Hover_Exit,MarkerSent
12:39:06.826,EyeTracking,SettingUI,Hover_Enter,Button: demoDwellSetting,Hovering
12:39:06.826,EyeTracking,SettingUI,LSL_Logger,2026-07-03 12:39:06.826;EyeTracking;SettingUI;Hover_Enter;Button: demoDwellSetting;Hovering,MarkerSent
12:39:06.859,EyeTracking,SettingUI,Hover_Exit,Button: demoDwellSetting,Hover_Exit
12:39:06.859,EyeTracking,SettingUI,LSL_Logger,2026-07-03 12:39:06.859;EyeTracking;SettingUI;Hover_Exit;Button: demoDwellSetting;Hover_Exit,MarkerSent
12:39:06.872,EyeTracking,SettingUI,Hover_Enter,Button: demoDwellSetting,Hovering
12:39:06.872,EyeTracking,SettingUI,LSL_Logger,2026-07-03 12:39:06.872;EyeTracking;SettingUI;Hover_Enter;Button: demoDwellSetting;Hovering,MarkerSent
12:39:06.884,EyeTracking,SettingUI,Hover_Exit,Button: demoDwellSetting,Hover_Exit
12:39:06.884,EyeTracking,SettingUI,LSL_Logger,2026-07-03 12:39:06.884;EyeTracking;SettingUI;Hover_Exit;Button: demoDwellSetting;Hover_Exit,MarkerSent
12:39:06.918,EyeTracking,SettingUI,Hover_Enter,Button: demoDwellSetting,Hovering
12:39:06.918,EyeTracking,SettingUI,LSL_Logger,2026-07-03 12:39:06.918;EyeTracking;SettingUI;Hover_Enter;Button: demoDwellSetting;Hovering,MarkerSent
12:39:07.255,EyeTracking,SettingUI,Hover_Exit,Button: demoDwellSetting,Hover_Exit
12:39:07.255,EyeTracking,SettingUI,LSL_Logger,2026-07-03 12:39:07.255;EyeTracking;SettingUI;Hover_Exit;Button: demoDwellSetting;Hover_Exit,MarkerSent
12:39:07.287,EyeTracking,SettingUI,LSL_Logger,2026-07-03 12:39:07.287;EyeTracking;SettingUI;Eye_Closed;eye_tracking;Eye_Closed,MarkerSent
12:39:07.287,EyeTracking,SettingUI,Eye_Closed,eye_tracking,Eye_Closed
12:39:07.346,EyeTracking,SettingUI,LSL_Logger,2026-07-03 12:39:07.346;EyeTracking;SettingUI;Eye_Opened;eye_tracking;Eye_Opened,MarkerSent
12:39:07.346,EyeTracking,SettingUI,Eye_Opened,eye_tracking,Eye_Opened
12:39:07.426,EyeTracking,SettingUI,Hover_Enter,Button: demoDwellSetting,Hovering
12:39:07.426,EyeTracking,SettingUI,LSL_Logger,2026-07-03 12:39:07.426;EyeTracking;SettingUI;Hover_Enter;Button: demoDwellSetting;Hovering,MarkerSent
12:39:07.841,EyeTracking,SettingUI,Hover_Exit,Button: demoDwellSetting,Hover_Exit
12:39:07.841,EyeTracking,SettingUI,LSL_Logger,2026-07-03 12:39:07.841;EyeTracking;SettingUI;Hover_Exit;Button: demoDwellSetting;Hover_Exit,MarkerSent
12:39:07.852,EyeTracking,SettingUI,Hover_Enter,Button: demoDwellSetting,Hovering
12:39:07.852,EyeTracking,SettingUI,LSL_Logger,2026-07-03 12:39:07.852;EyeTracking;SettingUI;Hover_Enter;Button: demoDwellSetting;Hovering,MarkerSent
12:39:08.125,EyeTracking,SettingUI,LSL_Logger,2026-07-03 12:39:08.125;EyeTracking;SettingUI;Eye_Closed;eye_tracking;Eye_Closed,MarkerSent
12:39:08.125,EyeTracking,SettingUI,Eye_Closed,eye_tracking,Eye_Closed
12:39:08.204,EyeTracking,SettingUI,LSL_Logger,2026-07-03 12:39:08.204;EyeTracking;SettingUI;Eye_Opened;eye_tracking;Eye_Opened,MarkerSent
12:39:08.204,EyeTracking,SettingUI,Eye_Opened,eye_tracking,Eye_Opened
12:39:08.273,EyeTracking,SettingUI,Hover_Exit,Button: demoDwellSetting,Hover_Exit
12:39:08.273,EyeTracking,SettingUI,LSL_Logger,2026-07-03 12:39:08.273;EyeTracking;SettingUI;Hover_Exit;Button: demoDwellSetting;Hover_Exit,MarkerSent
12:39:08.285,EyeTracking,SettingUI,Hover_Enter,Button: demoDwellSetting,Hovering
12:39:08.285,EyeTracking,SettingUI,LSL_Logger,2026-07-03 12:39:08.285;EyeTracking;SettingUI;Hover_Enter;Button: demoDwellSetting;Hovering,MarkerSent
12:39:08.810,EyeTracking,SettingUI,LSL_Logger,2026-07-03 12:39:08.810;EyeTracking;SettingUI;Eye_Closed;eye_tracking;Eye_Closed,MarkerSent
12:39:08.810,EyeTracking,SettingUI,Eye_Closed,eye_tracking,Eye_Closed
12:39:08.877,EyeTracking,SettingUI,LSL_Logger,2026-07-03 12:39:08.877;EyeTracking;SettingUI;Eye_Opened;eye_tracking;Eye_Opened,MarkerSent
12:39:08.877,EyeTracking,SettingUI,Eye_Opened,eye_tracking,Eye_Opened
12:39:09.397,EyeTracking,SettingUI,Hover_Exit,Button: demoDwellSetting,Hover_Exit
12:39:09.397,EyeTracking,SettingUI,LSL_Logger,2026-07-03 12:39:09.397;EyeTracking;SettingUI;Hover_Exit;Button: demoDwellSetting;Hover_Exit,MarkerSent
12:39:09.433,EyeTracking,SettingUI,Hover_Enter,Button: demoDwellSetting,Hovering
12:39:09.433,EyeTracking,SettingUI,LSL_Logger,2026-07-03 12:39:09.433;EyeTracking;SettingUI;Hover_Enter;Button: demoDwellSetting;Hovering,MarkerSent
12:39:09.738,EyeTracking,SettingUI,LSL_Logger,2026-07-03 12:39:09.738;EyeTracking;SettingUI;Eye_Closed;eye_tracking;Eye_Closed,MarkerSent
12:39:09.738,EyeTracking,SettingUI,Eye_Closed,eye_tracking,Eye_Closed
12:39:09.805,EyeTracking,SettingUI,LSL_Logger,2026-07-03 12:39:09.805;EyeTracking;SettingUI;Eye_Opened;eye_tracking;Eye_Opened,MarkerSent
12:39:09.805,EyeTracking,SettingUI,Eye_Opened,eye_tracking,Eye_Opened
12:39:10.322,EyeTracking,SettingUI,Hover_Exit,Button: demoDwellSetting,Hover_Exit
12:39:10.322,EyeTracking,SettingUI,LSL_Logger,2026-07-03 12:39:10.322;EyeTracking;SettingUI;Hover_Exit;Button: demoDwellSetting;Hover_Exit,MarkerSent
12:39:10.367,EyeTracking,SettingUI,Hover_Enter,Button: nextDwellSetting,Hovering
12:39:10.367,EyeTracking,SettingUI,LSL_Logger,2026-07-03 12:39:10.367;EyeTracking;SettingUI;Hover_Enter;Button: nextDwellSetting;Hovering,MarkerSent
12:39:12.358,EyeTracking,SettingUI,Dwell,Button: nextDwellSetting,Dwelling_Completed
12:39:12.358,EyeTracking,SettingUI,LSL_Logger,2026-07-03 12:39:12.358;EyeTracking;SettingUI;Dwell;Button: nextDwellSetting;Dwelling_Completed,MarkerSent
12:39:12.358,EyeTracking,SettingUI,Action_Executed,Button: nextDwellSetting; Action: ButtonAction,Execution_Proceeding
12:39:12.358,EyeTracking,SettingUI,LSL_Logger,2026-07-03 12:39:12.358;EyeTracking;SettingUI;Action_Executed;Button: nextDwellSetting; Action: ButtonAction;Execution_Proceeding,MarkerSent
12:39:12.358,EyeTracking,SettingUI,Set_Target_Frequency,Button: SettingUI,Set_Target_Frequency: 15
12:39:12.358,EyeTracking,SettingUI,LSL_Logger,2026-07-03 12:39:12.358;EyeTracking;SettingUI;Set_Target_Frequency;Button: SettingUI;Set_Target_Frequency: 15,MarkerSent
12:39:12.359,EyeTracking,Demo3D,Phase_Start,Demo3D,
12:39:12.709,EyeTracking,Demo3D,LSL_Logger,2026-07-03 12:39:12.709;EyeTracking;Demo3D;Eye_Closed;eye_tracking;Eye_Closed,MarkerSent
12:39:12.709,EyeTracking,Demo3D,Eye_Closed,eye_tracking,Eye_Closed
12:39:12.758,EyeTracking,Demo3D,LSL_Logger,2026-07-03 12:39:12.758;EyeTracking;Demo3D;Eye_Opened;eye_tracking;Eye_Opened,MarkerSent
12:39:12.758,EyeTracking,Demo3D,Eye_Opened,eye_tracking,Eye_Opened
12:39:12.814,EyeTracking,Demo3D,Hover_Enter,Button: StartDemo,Hovering
12:39:12.814,EyeTracking,Demo3D,LSL_Logger,2026-07-03 12:39:12.814;EyeTracking;Demo3D;Hover_Enter;Button: StartDemo;Hovering,MarkerSent
12:39:12.814,EyeTracking,Demo3D,Dwell_Start,Button: StartDemo,Dwell_Started
12:39:12.814,EyeTracking,Demo3D,LSL_Logger,2026-07-03 12:39:12.814;EyeTracking;Demo3D;Dwell_Start;Button: StartDemo;Dwell_Started,MarkerSent
12:39:13.552,EyeTracking,Demo3D,LSL_Logger,2026-07-03 12:39:13.552;EyeTracking;Demo3D;Eye_Closed;eye_tracking;Eye_Closed,MarkerSent
12:39:13.552,EyeTracking,Demo3D,Eye_Closed,eye_tracking,Eye_Closed
12:39:13.619,EyeTracking,Demo3D,LSL_Logger,2026-07-03 12:39:13.619;EyeTracking;Demo3D;Eye_Opened;eye_tracking;Eye_Opened,MarkerSent
12:39:13.619,EyeTracking,Demo3D,Eye_Opened,eye_tracking,Eye_Opened
12:39:14.236,EyeTracking,Demo3D,LSL_Logger,2026-07-03 12:39:14.236;EyeTracking;Demo3D;Eye_Closed;eye_tracking;Eye_Closed,MarkerSent
12:39:14.236,EyeTracking,Demo3D,Eye_Closed,eye_tracking,Eye_Closed
12:39:14.306,EyeTracking,Demo3D,LSL_Logger,2026-07-03 12:39:14.306;EyeTracking;Demo3D;Eye_Opened;eye_tracking;Eye_Opened,MarkerSent
12:39:14.306,EyeTracking,Demo3D,Eye_Opened,eye_tracking,Eye_Opened
12:39:14.455,EyeTracking,Demo3D,LSL_Logger,2026-07-03 12:39:14.455;EyeTracking;Demo3D;Eye_Closed;eye_tracking;Eye_Closed,MarkerSent
12:39:14.455,EyeTracking,Demo3D,Eye_Closed,eye_tracking,Eye_Closed
12:39:14.501,EyeTracking,Demo3D,LSL_Logger,2026-07-03 12:39:14.501;EyeTracking;Demo3D;Eye_Opened;eye_tracking;Eye_Opened,MarkerSent
12:39:14.501,EyeTracking,Demo3D,Eye_Opened,eye_tracking,Eye_Opened
12:39:14.560,EyeTracking,Demo3D,Hover_Exit,Button: StartDemo,Hover_Exit
12:39:14.560,EyeTracking,Demo3D,LSL_Logger,2026-07-03 12:39:14.560;EyeTracking;Demo3D;Hover_Exit;Button: StartDemo;Hover_Exit,MarkerSent
12:39:14.897,EyeTracking,Demo3D,Hover_Enter,Button: StartDemo,Hovering
12:39:14.897,EyeTracking,Demo3D,LSL_Logger,2026-07-03 12:39:14.897;EyeTracking;Demo3D;Hover_Enter;Button: StartDemo;Hovering,MarkerSent
12:39:14.939,EyeTracking,Demo3D,Hover_Exit,Button: StartDemo,Hover_Exit
12:39:14.939,EyeTracking,Demo3D,LSL_Logger,2026-07-03 12:39:14.939;EyeTracking;Demo3D;Hover_Exit;Button: StartDemo;Hover_Exit,MarkerSent
12:39:14.972,EyeTracking,Demo3D,Hover_Enter,Button: StartDemo,Hovering
12:39:14.972,EyeTracking,Demo3D,LSL_Logger,2026-07-03 12:39:14.972;EyeTracking;Demo3D;Hover_Enter;Button: StartDemo;Hovering,MarkerSent
12:39:15.033,EyeTracking,Demo3D,LSL_Logger,2026-07-03 12:39:15.033;EyeTracking;Demo3D;Eye_Closed;eye_tracking;Eye_Closed,MarkerSent
12:39:15.033,EyeTracking,Demo3D,Eye_Closed,eye_tracking,Eye_Closed
12:39:15.169,EyeTracking,Demo3D,LSL_Logger,2026-07-03 12:39:15.169;EyeTracking;Demo3D;Eye_Opened;eye_tracking;Eye_Opened,MarkerSent
12:39:15.169,EyeTracking,Demo3D,Eye_Opened,eye_tracking,Eye_Opened
12:39:15.248,EyeTracking,Demo3D,LSL_Logger,2026-07-03 12:39:15.248;EyeTracking;Demo3D;Eye_Closed;eye_tracking;Eye_Closed,MarkerSent
12:39:15.248,EyeTracking,Demo3D,Eye_Closed,eye_tracking,Eye_Closed
12:39:15.360,EyeTracking,Demo3D,LSL_Logger,2026-07-03 12:39:15.360;EyeTracking;Demo3D;Eye_Opened;eye_tracking;Eye_Opened,MarkerSent
12:39:15.360,EyeTracking,Demo3D,Eye_Opened,eye_tracking,Eye_Opened
12:39:15.405,EyeTracking,Demo3D,Hover_Exit,Button: StartDemo,Hover_Exit
12:39:15.405,EyeTracking,Demo3D,LSL_Logger,2026-07-03 12:39:15.405;EyeTracking;Demo3D;Hover_Exit;Button: StartDemo;Hover_Exit,MarkerSent
12:39:16.898,EyeTracking,Demo3D,LSL_Logger,2026-07-03 12:39:16.898;EyeTracking;Demo3D;Eye_Closed;eye_tracking;Eye_Closed,MarkerSent
12:39:16.898,EyeTracking,Demo3D,Eye_Closed,eye_tracking,Eye_Closed
12:39:17.019,EyeTracking,Demo3D,LSL_Logger,2026-07-03 12:39:17.019;EyeTracking;Demo3D;Eye_Opened;eye_tracking;Eye_Opened,MarkerSent
12:39:17.019,EyeTracking,Demo3D,Eye_Opened,eye_tracking,Eye_Opened
12:39:17.087,EyeTracking,Demo3D,Hover_Enter,Button: StartDemo,Hovering
12:39:17.087,EyeTracking,Demo3D,LSL_Logger,2026-07-03 12:39:17.087;EyeTracking;Demo3D;Hover_Enter;Button: StartDemo;Hovering,MarkerSent
12:39:17.583,EyeTracking,Demo3D,Hover_Exit,Button: StartDemo,Hover_Exit
12:39:17.583,EyeTracking,Demo3D,LSL_Logger,2026-07-03 12:39:17.583;EyeTracking;Demo3D;Hover_Exit;Button: StartDemo;Hover_Exit,MarkerSent
12:39:17.830,EyeTracking,Demo3D,Hover_Enter,Button: StartDemo,Hovering
12:39:17.830,EyeTracking,Demo3D,LSL_Logger,2026-07-03 12:39:17.830;EyeTracking;Demo3D;Hover_Enter;Button: StartDemo;Hovering,MarkerSent
12:39:18.053,EyeTracking,Demo3D,LSL_Logger,2026-07-03 12:39:18.053;EyeTracking;Demo3D;Eye_Closed;eye_tracking;Eye_Closed,MarkerSent
12:39:18.053,EyeTracking,Demo3D,Eye_Closed,eye_tracking,Eye_Closed
12:39:18.132,EyeTracking,Demo3D,LSL_Logger,2026-07-03 12:39:18.132;EyeTracking;Demo3D;Eye_Opened;eye_tracking;Eye_Opened,MarkerSent
12:39:18.132,EyeTracking,Demo3D,Eye_Opened,eye_tracking,Eye_Opened
12:39:18.220,EyeTracking,Demo3D,Hover_Exit,Button: StartDemo,Hover_Exit
12:39:18.220,EyeTracking,Demo3D,LSL_Logger,2026-07-03 12:39:18.220;EyeTracking;Demo3D;Hover_Exit;Button: StartDemo;Hover_Exit,MarkerSent
12:39:18.276,EyeTracking,Demo3D,Hover_Enter,Button: StartDemo,Hovering
12:39:18.276,EyeTracking,Demo3D,LSL_Logger,2026-07-03 12:39:18.276;EyeTracking;Demo3D;Hover_Enter;Button: StartDemo;Hovering,MarkerSent
12:39:18.299,EyeTracking,Demo3D,Hover_Exit,Button: StartDemo,Hover_Exit
12:39:18.299,EyeTracking,Demo3D,LSL_Logger,2026-07-03 12:39:18.299;EyeTracking;Demo3D;Hover_Exit;Button: StartDemo;Hover_Exit,MarkerSent
12:39:18.804,EyeTracking,Demo3D,Hover_Enter,Button: StartDemo,Hovering
12:39:18.804,EyeTracking,Demo3D,LSL_Logger,2026-07-03 12:39:18.804;EyeTracking;Demo3D;Hover_Enter;Button: StartDemo;Hovering,MarkerSent
12:39:19.086,EyeTracking,Demo3D,LSL_Logger,2026-07-03 12:39:19.086;EyeTracking;Demo3D;Eye_Closed;eye_tracking;Eye_Closed,MarkerSent
12:39:19.086,EyeTracking,Demo3D,Eye_Closed,eye_tracking,Eye_Closed
12:39:19.175,EyeTracking,Demo3D,LSL_Logger,2026-07-03 12:39:19.175;EyeTracking;Demo3D;Eye_Opened;eye_tracking;Eye_Opened,MarkerSent
12:39:19.175,EyeTracking,Demo3D,Eye_Opened,eye_tracking,Eye_Opened
12:39:19.579,EyeTracking,Demo3D,LSL_Logger,2026-07-03 12:39:19.579;EyeTracking;Demo3D;Eye_Closed;eye_tracking;Eye_Closed,MarkerSent
12:39:19.579,EyeTracking,Demo3D,Eye_Closed,eye_tracking,Eye_Closed
12:39:19.626,EyeTracking,Demo3D,LSL_Logger,2026-07-03 12:39:19.626;EyeTracking;Demo3D;Eye_Opened;eye_tracking;Eye_Opened,MarkerSent
12:39:19.626,EyeTracking,Demo3D,Eye_Opened,eye_tracking,Eye_Opened
12:39:19.680,EyeTracking,Demo3D,Hover_Exit,Button: StartDemo,Hover_Exit
12:39:19.680,EyeTracking,Demo3D,LSL_Logger,2026-07-03 12:39:19.680;EyeTracking;Demo3D;Hover_Exit;Button: StartDemo;Hover_Exit,MarkerSent
12:39:19.691,EyeTracking,Demo3D,Hover_Enter,Button: StartDemo,Hovering
12:39:19.691,EyeTracking,Demo3D,LSL_Logger,2026-07-03 12:39:19.691;EyeTracking;Demo3D;Hover_Enter;Button: StartDemo;Hovering,MarkerSent
12:39:20.983,EyeTracking,Demo3D,LSL_Logger,2026-07-03 12:39:20.983;EyeTracking;Demo3D;Eye_Closed;eye_tracking;Eye_Closed,MarkerSent
12:39:20.983,EyeTracking,Demo3D,Eye_Closed,eye_tracking,Eye_Closed
12:39:21.018,EyeTracking,Demo3D,LSL_Logger,2026-07-03 12:39:21.018;EyeTracking;Demo3D;Eye_Opened;eye_tracking;Eye_Opened,MarkerSent
12:39:21.018,EyeTracking,Demo3D,Eye_Opened,eye_tracking,Eye_Opened
12:39:21.421,EyeTracking,Demo3D,LSL_Logger,2026-07-03 12:39:21.421;EyeTracking;Demo3D;Eye_Closed;eye_tracking;Eye_Closed,MarkerSent
12:39:21.421,EyeTracking,Demo3D,Eye_Closed,eye_tracking,Eye_Closed
12:39:21.488,EyeTracking,Demo3D,LSL_Logger,2026-07-03 12:39:21.488;EyeTracking;Demo3D;Eye_Opened;eye_tracking;Eye_Opened,MarkerSent
12:39:21.488,EyeTracking,Demo3D,Eye_Opened,eye_tracking,Eye_Opened
12:39:21.691,EyeTracking,Demo3D,Dwell,Button: StartDemo,Dwelling_Completed
12:39:21.691,EyeTracking,Demo3D,LSL_Logger,2026-07-03 12:39:21.691;EyeTracking;Demo3D;Dwell;Button: StartDemo;Dwelling_Completed,MarkerSent
12:39:21.691,EyeTracking,Demo3D,Action_Executed,Button: StartDemo; Action: ButtonAction,Execution_Proceeding
12:39:21.691,EyeTracking,Demo3D,LSL_Logger,2026-07-03 12:39:21.691;EyeTracking;Demo3D;Action_Executed;Button: StartDemo; Action: ButtonAction;Execution_Proceeding,MarkerSent
12:39:21.745,EyeTracking,Demo3D,Dwell_Start,Object: Door_Single,Dwell_Started
12:39:21.745,EyeTracking,Demo3D,LSL_Logger,2026-07-03 12:39:21.745;EyeTracking;Demo3D;Dwell_Start;Object: Door_Single;Dwell_Started,MarkerSent
12:39:22.747,EyeTracking,Demo3D,LSL_Logger,2026-07-03 12:39:22.747;EyeTracking;Demo3D;Eye_Closed;eye_tracking;Eye_Closed,MarkerSent
12:39:22.747,EyeTracking,Demo3D,Eye_Closed,eye_tracking,Eye_Closed
12:39:22.783,EyeTracking,Demo3D,LSL_Logger,2026-07-03 12:39:22.783;EyeTracking;Demo3D;Eye_Opened;eye_tracking;Eye_Opened,MarkerSent
12:39:22.783,EyeTracking,Demo3D,Eye_Opened,eye_tracking,Eye_Opened
12:39:23.691,EyeTracking,Demo3D,Dwell_Complete,Object: Door_Single,Dwelling_Completed
12:39:23.691,EyeTracking,Demo3D,LSL_Logger,2026-07-03 12:39:23.691;EyeTracking;Demo3D;Dwell_Complete;Object: Door_Single;Dwelling_Completed,MarkerSent
12:39:23.691,EyeTracking,Demo3D,Action_Executed,Object: Door_Single; Action: DoorSwitch,Execution_Proceeding
12:39:23.691,EyeTracking,Demo3D,LSL_Logger,2026-07-03 12:39:23.691;EyeTracking;Demo3D;Action_Executed;Object: Door_Single; Action: DoorSwitch;Execution_Proceeding,MarkerSent
12:39:24.054,EyeTracking,Demo3D,LSL_Logger,2026-07-03 12:39:24.054;EyeTracking;Demo3D;Eye_Closed;eye_tracking;Eye_Closed,MarkerSent
12:39:24.054,EyeTracking,Demo3D,Eye_Closed,eye_tracking,Eye_Closed
12:39:24.097,EyeTracking,Demo3D,LSL_Logger,2026-07-03 12:39:24.097;EyeTracking;Demo3D;Eye_Opened;eye_tracking;Eye_Opened,MarkerSent
12:39:24.097,EyeTracking,Demo3D,Eye_Opened,eye_tracking,Eye_Opened
12:39:24.214,EyeTracking,Demo3D,Dwell_Start,Object: Door_Double,Dwell_Started
12:39:24.214,EyeTracking,Demo3D,LSL_Logger,2026-07-03 12:39:24.214;EyeTracking;Demo3D;Dwell_Start;Object: Door_Double;Dwell_Started,MarkerSent
12:39:26.208,EyeTracking,Demo3D,Dwell_Complete,Object: Door_Double,Dwelling_Completed
12:39:26.208,EyeTracking,Demo3D,LSL_Logger,2026-07-03 12:39:26.208;EyeTracking;Demo3D;Dwell_Complete;Object: Door_Double;Dwelling_Completed,MarkerSent
12:39:26.208,EyeTracking,Demo3D,Action_Executed,Object: Door_Double; Action: NextScene,Execution_Proceeding
12:39:26.208,EyeTracking,Demo3D,LSL_Logger,2026-07-03 12:39:26.208;EyeTracking;Demo3D;Action_Executed;Object: Door_Double; Action: NextScene;Execution_Proceeding,MarkerSent
12:39:26.711,EyeTracking,Test3D,Phase_Start,Test3D,
12:39:26.914,EyeTracking,Test3D,LSL_Logger,2026-07-03 12:39:26.914;EyeTracking;Test3D;Eye_Closed;eye_tracking;Eye_Closed,MarkerSent
12:39:26.914,EyeTracking,Test3D,Eye_Closed,eye_tracking,Eye_Closed
12:39:26.949,EyeTracking,Test3D,LSL_Logger,2026-07-03 12:39:26.949;EyeTracking;Test3D;Eye_Opened;eye_tracking;Eye_Opened,MarkerSent
12:39:26.949,EyeTracking,Test3D,Eye_Opened,eye_tracking,Eye_Opened
12:39:27.128,EyeTracking,Test3D,Hover_Enter,Button: StartTestBCI,Hovering
12:39:27.128,EyeTracking,Test3D,LSL_Logger,2026-07-03 12:39:27.128;EyeTracking;Test3D;Hover_Enter;Button: StartTestBCI;Hovering,MarkerSent
12:39:27.128,EyeTracking,Test3D,Dwell_Start,Button: StartTestBCI,Dwell_Started
12:39:27.128,EyeTracking,Test3D,LSL_Logger,2026-07-03 12:39:27.128;EyeTracking;Test3D;Dwell_Start;Button: StartTestBCI;Dwell_Started,MarkerSent
12:39:28.117,EyeTracking,Test3D,LSL_Logger,2026-07-03 12:39:28.117;EyeTracking;Test3D;Eye_Closed;eye_tracking;Eye_Closed,MarkerSent
12:39:28.117,EyeTracking,Test3D,Eye_Closed,eye_tracking,Eye_Closed
12:39:28.218,EyeTracking,Test3D,LSL_Logger,2026-07-03 12:39:28.218;EyeTracking;Test3D;Eye_Opened;eye_tracking;Eye_Opened,MarkerSent
12:39:28.218,EyeTracking,Test3D,Eye_Opened,eye_tracking,Eye_Opened
12:39:28.573,EyeTracking,Test3D,Hover_Exit,Button: StartTestBCI,Hover_Exit
12:39:28.573,EyeTracking,Test3D,LSL_Logger,2026-07-03 12:39:28.573;EyeTracking;Test3D;Hover_Exit;Button: StartTestBCI;Hover_Exit,MarkerSent
12:39:30.820,EyeTracking,Test3D,LSL_Logger,2026-07-03 12:39:30.820;EyeTracking;Test3D;Eye_Closed;eye_tracking;Eye_Closed,MarkerSent
12:39:30.820,EyeTracking,Test3D,Eye_Closed,eye_tracking,Eye_Closed
12:39:30.854,EyeTracking,Test3D,LSL_Logger,2026-07-03 12:39:30.854;EyeTracking;Test3D;Eye_Opened;eye_tracking;Eye_Opened,MarkerSent
12:39:30.854,EyeTracking,Test3D,Eye_Opened,eye_tracking,Eye_Opened
12:39:33.844,EyeTracking,Test3D,LSL_Logger,2026-07-03 12:39:33.844;EyeTracking;Test3D;Eye_Closed;eye_tracking;Eye_Closed,MarkerSent
12:39:33.844,EyeTracking,Test3D,Eye_Closed,eye_tracking,Eye_Closed
12:39:33.902,EyeTracking,Test3D,LSL_Logger,2026-07-03 12:39:33.902;EyeTracking;Test3D;Eye_Opened;eye_tracking;Eye_Opened,MarkerSent
12:39:33.902,EyeTracking,Test3D,Eye_Opened,eye_tracking,Eye_Opened
12:39:34.995,EyeTracking,Test3D,LSL_Logger,2026-07-03 12:39:34.995;EyeTracking;Test3D;Eye_Closed;eye_tracking;Eye_Closed,MarkerSent
12:39:34.995,EyeTracking,Test3D,Eye_Closed,eye_tracking,Eye_Closed
12:39:35.054,EyeTracking,Test3D,LSL_Logger,2026-07-03 12:39:35.054;EyeTracking;Test3D;Eye_Opened;eye_tracking;Eye_Opened,MarkerSent
12:39:35.054,EyeTracking,Test3D,Eye_Opened,eye_tracking,Eye_Opened
12:39:36.745,EyeTracking,Test3D,LSL_Logger,2026-07-03 12:39:36.745;EyeTracking;Test3D;Eye_Closed;eye_tracking;Eye_Closed,MarkerSent
12:39:36.745,EyeTracking,Test3D,Eye_Closed,eye_tracking,Eye_Closed
12:39:36.813,EyeTracking,Test3D,LSL_Logger,2026-07-03 12:39:36.813;EyeTracking;Test3D;Eye_Opened;eye_tracking;Eye_Opened,MarkerSent
12:39:36.813,EyeTracking,Test3D,Eye_Opened,eye_tracking,Eye_Opened
12:39:38.747,EyeTracking,Test3D,LSL_Logger,2026-07-03 12:39:38.747;EyeTracking;Test3D;Eye_Closed;eye_tracking;Eye_Closed,MarkerSent
12:39:38.747,EyeTracking,Test3D,Eye_Closed,eye_tracking,Eye_Closed
12:39:38.825,EyeTracking,Test3D,LSL_Logger,2026-07-03 12:39:38.825;EyeTracking;Test3D;Eye_Opened;eye_tracking;Eye_Opened,MarkerSent
12:39:38.825,EyeTracking,Test3D,Eye_Opened,eye_tracking,Eye_Opened
12:39:38.915,EyeTracking,Test3D,Hover_Enter,Button: StartTestBCI,Hovering
12:39:38.915,EyeTracking,Test3D,LSL_Logger,2026-07-03 12:39:38.915;EyeTracking;Test3D;Hover_Enter;Button: StartTestBCI;Hovering,MarkerSent
12:39:40.908,EyeTracking,Test3D,Dwell,Button: StartTestBCI,Dwelling_Completed
12:39:40.908,EyeTracking,Test3D,LSL_Logger,2026-07-03 12:39:40.908;EyeTracking;Test3D;Dwell;Button: StartTestBCI;Dwelling_Completed,MarkerSent
12:39:40.908,EyeTracking,Test3D,Action_Executed,Button: StartTestBCI; Action: ButtonAction,Execution_Proceeding
12:39:40.908,EyeTracking,Test3D,LSL_Logger,2026-07-03 12:39:40.908;EyeTracking;Test3D;Action_Executed;Button: StartTestBCI; Action: ButtonAction;Execution_Proceeding,MarkerSent
12:39:41.417,EyeTracking,Test3D,Dwell_Start,Object: Door_Single,Dwell_Started
12:39:41.417,EyeTracking,Test3D,LSL_Logger,2026-07-03 12:39:41.417;EyeTracking;Test3D;Dwell_Start;Object: Door_Single;Dwell_Started,MarkerSent
12:39:42.312,EyeTracking,Test3D,Gaze_Stop,Object: Door_Single,Hover_Exit
12:39:42.313,EyeTracking,Test3D,LSL_Logger,2026-07-03 12:39:42.312;EyeTracking;Test3D;Gaze_Stop;Object: Door_Single;Hover_Exit,MarkerSent
12:39:42.444,EyeTracking,Test3D,Dwell_Start,Object: Door_Double,Dwell_Started
12:39:42.444,EyeTracking,Test3D,LSL_Logger,2026-07-03 12:39:42.444;EyeTracking;Test3D;Dwell_Start;Object: Door_Double;Dwell_Started,MarkerSent
12:39:43.261,EyeTracking,Test3D,LSL_Logger,2026-07-03 12:39:43.261;EyeTracking;Test3D;Eye_Closed;eye_tracking;Eye_Closed,MarkerSent
12:39:43.261,EyeTracking,Test3D,Eye_Closed,eye_tracking,Eye_Closed
12:39:43.310,EyeTracking,Test3D,LSL_Logger,2026-07-03 12:39:43.310;EyeTracking;Test3D;Eye_Opened;eye_tracking;Eye_Opened,MarkerSent
12:39:43.310,EyeTracking,Test3D,Eye_Opened,eye_tracking,Eye_Opened
12:39:43.400,EyeTracking,Test3D,Gaze_Stop,Object: Door_Double,Hover_Exit
12:39:43.400,EyeTracking,Test3D,LSL_Logger,2026-07-03 12:39:43.400;EyeTracking;Test3D;Gaze_Stop;Object: Door_Double;Hover_Exit,MarkerSent
12:39:43.400,EyeTracking,Test3D,Dwell_Start,Object: Door_Single,Dwell_Started
12:39:43.400,EyeTracking,Test3D,LSL_Logger,2026-07-03 12:39:43.400;EyeTracking;Test3D;Dwell_Start;Object: Door_Single;Dwell_Started,MarkerSent
12:39:43.889,EyeTracking,Test3D,Gaze_Stop,Object: Door_Single,Hover_Exit
12:39:43.889,EyeTracking,Test3D,LSL_Logger,2026-07-03 12:39:43.889;EyeTracking;Test3D;Gaze_Stop;Object: Door_Single;Hover_Exit,MarkerSent
12:39:44.924,EyeTracking,Test3D,LSL_Logger,2026-07-03 12:39:44.924;EyeTracking;Test3D;Eye_Closed;eye_tracking;Eye_Closed,MarkerSent
12:39:44.924,EyeTracking,Test3D,Eye_Closed,eye_tracking,Eye_Closed
12:39:44.994,EyeTracking,Test3D,LSL_Logger,2026-07-03 12:39:44.994;EyeTracking;Test3D;Eye_Opened;eye_tracking;Eye_Opened,MarkerSent
12:39:44.994,EyeTracking,Test3D,Eye_Opened,eye_tracking,Eye_Opened
12:39:45.088,EyeTracking,Test3D,Dwell_Start,Object: Door_Single,Dwell_Started
12:39:45.088,EyeTracking,Test3D,LSL_Logger,2026-07-03 12:39:45.088;EyeTracking;Test3D;Dwell_Start;Object: Door_Single;Dwell_Started,MarkerSent
12:39:45.100,EyeTracking,Test3D,Gaze_Stop,Object: Door_Single,Hover_Exit
12:39:45.100,EyeTracking,Test3D,LSL_Logger,2026-07-03 12:39:45.100;EyeTracking;Test3D;Gaze_Stop;Object: Door_Single;Hover_Exit,MarkerSent
12:39:45.159,EyeTracking,Test3D,Dwell_Start,Object: Door_Single,Dwell_Started
12:39:45.159,EyeTracking,Test3D,LSL_Logger,2026-07-03 12:39:45.159;EyeTracking;Test3D;Dwell_Start;Object: Door_Single;Dwell_Started,MarkerSent
12:39:45.949,EyeTracking,Test3D,LSL_Logger,2026-07-03 12:39:45.949;EyeTracking;Test3D;Eye_Closed;eye_tracking;Eye_Closed,MarkerSent
12:39:45.949,EyeTracking,Test3D,Eye_Closed,eye_tracking,Eye_Closed
12:39:45.960,EyeTracking,Test3D,LSL_Logger,2026-07-03 12:39:45.960;EyeTracking;Test3D;Eye_Opened;eye_tracking;Eye_Opened,MarkerSent
12:39:45.960,EyeTracking,Test3D,Eye_Opened,eye_tracking,Eye_Opened
12:39:46.556,EyeTracking,Test3D,Gaze_Stop,Object: Door_Single,Hover_Exit
12:39:46.556,EyeTracking,Test3D,LSL_Logger,2026-07-03 12:39:46.556;EyeTracking;Test3D;Gaze_Stop;Object: Door_Single;Hover_Exit,MarkerSent
12:39:46.639,EyeTracking,Test3D,Dwell_Start,Object: Door_Double,Dwell_Started
12:39:46.639,EyeTracking,Test3D,LSL_Logger,2026-07-03 12:39:46.639;EyeTracking;Test3D;Dwell_Start;Object: Door_Double;Dwell_Started,MarkerSent
12:39:46.952,EyeTracking,Test3D,Gaze_Stop,Object: Door_Double,Hover_Exit
12:39:46.952,EyeTracking,Test3D,LSL_Logger,2026-07-03 12:39:46.952;EyeTracking;Test3D;Gaze_Stop;Object: Door_Double;Hover_Exit,MarkerSent
12:39:47.615,EyeTracking,Test3D,LSL_Logger,2026-07-03 12:39:47.615;EyeTracking;Test3D;Eye_Closed;eye_tracking;Eye_Closed,MarkerSent
12:39:47.615,EyeTracking,Test3D,Eye_Closed,eye_tracking,Eye_Closed
12:39:47.663,EyeTracking,Test3D,LSL_Logger,2026-07-03 12:39:47.663;EyeTracking;Test3D;Eye_Opened;eye_tracking;Eye_Opened,MarkerSent
12:39:47.663,EyeTracking,Test3D,Eye_Opened,eye_tracking,Eye_Opened
12:39:47.731,EyeTracking,Test3D,Dwell_Start,Object: Door_Double,Dwell_Started
12:39:47.731,EyeTracking,Test3D,LSL_Logger,2026-07-03 12:39:47.731;EyeTracking;Test3D;Dwell_Start;Object: Door_Double;Dwell_Started,MarkerSent
12:39:48.254,EyeTracking,Test3D,Gaze_Stop,Object: Door_Double,Hover_Exit
12:39:48.254,EyeTracking,Test3D,LSL_Logger,2026-07-03 12:39:48.254;EyeTracking;Test3D;Gaze_Stop;Object: Door_Double;Hover_Exit,MarkerSent
12:39:48.277,EyeTracking,Test3D,Dwell_Start,Object: Door_Double,Dwell_Started
12:39:48.277,EyeTracking,Test3D,LSL_Logger,2026-07-03 12:39:48.277;EyeTracking;Test3D;Dwell_Start;Object: Door_Double;Dwell_Started,MarkerSent
12:39:48.290,EyeTracking,Test3D,Gaze_Stop,Object: Door_Double,Hover_Exit
12:39:48.290,EyeTracking,Test3D,LSL_Logger,2026-07-03 12:39:48.290;EyeTracking;Test3D;Gaze_Stop;Object: Door_Double;Hover_Exit,MarkerSent
12:39:48.420,EyeTracking,Test3D,Dwell_Start,Object: Door_Double,Dwell_Started
12:39:48.420,EyeTracking,Test3D,LSL_Logger,2026-07-03 12:39:48.420;EyeTracking;Test3D;Dwell_Start;Object: Door_Double;Dwell_Started,MarkerSent
12:39:48.539,EyeTracking,Test3D,Gaze_Stop,Object: Door_Double,Hover_Exit
12:39:48.539,EyeTracking,Test3D,LSL_Logger,2026-07-03 12:39:48.539;EyeTracking;Test3D;Gaze_Stop;Object: Door_Double;Hover_Exit,MarkerSent
12:39:48.551,EyeTracking,Test3D,Dwell_Start,Object: Door_Double,Dwell_Started
12:39:48.551,EyeTracking,Test3D,LSL_Logger,2026-07-03 12:39:48.551;EyeTracking;Test3D;Dwell_Start;Object: Door_Double;Dwell_Started,MarkerSent
12:39:48.564,EyeTracking,Test3D,Gaze_Stop,Object: Door_Double,Hover_Exit
12:39:48.564,EyeTracking,Test3D,LSL_Logger,2026-07-03 12:39:48.564;EyeTracking;Test3D;Gaze_Stop;Object: Door_Double;Hover_Exit,MarkerSent
12:39:48.587,EyeTracking,Test3D,Dwell_Start,Object: Door_Double,Dwell_Started
12:39:48.587,EyeTracking,Test3D,LSL_Logger,2026-07-03 12:39:48.587;EyeTracking;Test3D;Dwell_Start;Object: Door_Double;Dwell_Started,MarkerSent
12:39:48.623,EyeTracking,Test3D,LSL_Logger,2026-07-03 12:39:48.623;EyeTracking;Test3D;Eye_Closed;eye_tracking;Eye_Closed,MarkerSent
12:39:48.623,EyeTracking,Test3D,Eye_Closed,eye_tracking,Eye_Closed
12:39:48.692,EyeTracking,Test3D,LSL_Logger,2026-07-03 12:39:48.692;EyeTracking;Test3D;Eye_Opened;eye_tracking;Eye_Opened,MarkerSent
12:39:48.692,EyeTracking,Test3D,Eye_Opened,eye_tracking,Eye_Opened
12:39:48.991,EyeTracking,Test3D,LSL_Logger,2026-07-03 12:39:48.991;EyeTracking;Test3D;Eye_Closed;eye_tracking;Eye_Closed,MarkerSent
12:39:48.991,EyeTracking,Test3D,Eye_Closed,eye_tracking,Eye_Closed
12:39:49.061,EyeTracking,Test3D,LSL_Logger,2026-07-03 12:39:49.061;EyeTracking;Test3D;Eye_Opened;eye_tracking;Eye_Opened,MarkerSent
12:39:49.061,EyeTracking,Test3D,Eye_Opened,eye_tracking,Eye_Opened
12:39:49.112,EyeTracking,Test3D,Gaze_Stop,Object: Door_Double,Hover_Exit
12:39:49.112,EyeTracking,Test3D,LSL_Logger,2026-07-03 12:39:49.112;EyeTracking;Test3D;Gaze_Stop;Object: Door_Double;Hover_Exit,MarkerSent
12:39:49.112,EyeTracking,Test3D,Dwell_Start,Object: Door_Single,Dwell_Started
12:39:49.112,EyeTracking,Test3D,LSL_Logger,2026-07-03 12:39:49.112;EyeTracking;Test3D;Dwell_Start;Object: Door_Single;Dwell_Started,MarkerSent
12:39:49.265,EyeTracking,Test3D,Gaze_Stop,Object: Door_Single,Hover_Exit
12:39:49.265,EyeTracking,Test3D,LSL_Logger,2026-07-03 12:39:49.265;EyeTracking;Test3D;Gaze_Stop;Object: Door_Single;Hover_Exit,MarkerSent
12:39:49.405,EyeTracking,Test3D,Dwell_Start,Object: Door_Single,Dwell_Started
12:39:49.405,EyeTracking,Test3D,LSL_Logger,2026-07-03 12:39:49.405;EyeTracking;Test3D;Dwell_Start;Object: Door_Single;Dwell_Started,MarkerSent
12:39:49.429,EyeTracking,Test3D,Gaze_Stop,Object: Door_Single,Hover_Exit
12:39:49.429,EyeTracking,Test3D,LSL_Logger,2026-07-03 12:39:49.429;EyeTracking;Test3D;Gaze_Stop;Object: Door_Single;Hover_Exit,MarkerSent
12:39:49.476,EyeTracking,Test3D,LSL_Logger,2026-07-03 12:39:49.476;EyeTracking;Test3D;Eye_Closed;eye_tracking;Eye_Closed,MarkerSent
12:39:49.476,EyeTracking,Test3D,Eye_Closed,eye_tracking,Eye_Closed
12:39:49.538,EyeTracking,Test3D,LSL_Logger,2026-07-03 12:39:49.538;EyeTracking;Test3D;Eye_Opened;eye_tracking;Eye_Opened,MarkerSent
12:39:49.538,EyeTracking,Test3D,Eye_Opened,eye_tracking,Eye_Opened
12:39:49.642,EyeTracking,Test3D,Dwell_Start,Object: Door_Double,Dwell_Started
12:39:49.642,EyeTracking,Test3D,LSL_Logger,2026-07-03 12:39:49.642;EyeTracking;Test3D;Dwell_Start;Object: Door_Double;Dwell_Started,MarkerSent
12:39:50.056,EyeTracking,Test3D,LSL_Logger,2026-07-03 12:39:50.056;EyeTracking;Test3D;Eye_Closed;eye_tracking;Eye_Closed,MarkerSent
12:39:50.056,EyeTracking,Test3D,Eye_Closed,eye_tracking,Eye_Closed
12:39:50.143,EyeTracking,Test3D,LSL_Logger,2026-07-03 12:39:50.143;EyeTracking;Test3D;Eye_Opened;eye_tracking;Eye_Opened,MarkerSent
12:39:50.143,EyeTracking,Test3D,Eye_Opened,eye_tracking,Eye_Opened
12:39:50.224,EyeTracking,Test3D,Gaze_Stop,Object: Door_Double,Hover_Exit
12:39:50.224,EyeTracking,Test3D,LSL_Logger,2026-07-03 12:39:50.224;EyeTracking;Test3D;Gaze_Stop;Object: Door_Double;Hover_Exit,MarkerSent
12:39:50.224,EyeTracking,Test3D,Dwell_Start,Object: Door_Single,Dwell_Started
12:39:50.224,EyeTracking,Test3D,LSL_Logger,2026-07-03 12:39:50.224;EyeTracking;Test3D;Dwell_Start;Object: Door_Single;Dwell_Started,MarkerSent
12:39:51.131,EyeTracking,Test3D,Gaze_Stop,Object: Door_Single,Hover_Exit
12:39:51.131,EyeTracking,Test3D,LSL_Logger,2026-07-03 12:39:51.131;EyeTracking;Test3D;Gaze_Stop;Object: Door_Single;Hover_Exit,MarkerSent
12:39:51.144,EyeTracking,Test3D,Dwell_Start,Object: Door_Single,Dwell_Started
12:39:51.144,EyeTracking,Test3D,LSL_Logger,2026-07-03 12:39:51.144;EyeTracking;Test3D;Dwell_Start;Object: Door_Single;Dwell_Started,MarkerSent
12:39:51.844,EyeTracking,Test3D,LSL_Logger,2026-07-03 12:39:51.844;EyeTracking;Test3D;Eye_Closed;eye_tracking;Eye_Closed,MarkerSent
12:39:51.844,EyeTracking,Test3D,Eye_Closed,eye_tracking,Eye_Closed
12:39:51.891,EyeTracking,Test3D,LSL_Logger,2026-07-03 12:39:51.891;EyeTracking;Test3D;Eye_Opened;eye_tracking;Eye_Opened,MarkerSent
12:39:51.891,EyeTracking,Test3D,Eye_Opened,eye_tracking,Eye_Opened
12:39:52.428,EyeTracking,Test3D,LSL_Logger,2026-07-03 12:39:52.428;EyeTracking;Test3D;Eye_Closed;eye_tracking;Eye_Closed,MarkerSent
12:39:52.428,EyeTracking,Test3D,Eye_Closed,eye_tracking,Eye_Closed
12:39:52.512,EyeTracking,Test3D,LSL_Logger,2026-07-03 12:39:52.512;EyeTracking;Test3D;Eye_Opened;eye_tracking;Eye_Opened,MarkerSent
12:39:52.512,EyeTracking,Test3D,Eye_Opened,eye_tracking,Eye_Opened
12:39:52.823,EyeTracking,Test3D,LSL_Logger,2026-07-03 12:39:52.823;EyeTracking;Test3D;Eye_Closed;eye_tracking;Eye_Closed,MarkerSent
12:39:52.823,EyeTracking,Test3D,Eye_Closed,eye_tracking,Eye_Closed
12:39:52.929,EyeTracking,Test3D,LSL_Logger,2026-07-03 12:39:52.929;EyeTracking;Test3D;Eye_Opened;eye_tracking;Eye_Opened,MarkerSent
12:39:52.929,EyeTracking,Test3D,Eye_Opened,eye_tracking,Eye_Opened
12:39:53.136,EyeTracking,Test3D,Dwell_Complete,Object: Door_Single,Dwelling_Completed
12:39:53.136,EyeTracking,Test3D,LSL_Logger,2026-07-03 12:39:53.136;EyeTracking;Test3D;Dwell_Complete;Object: Door_Single;Dwelling_Completed,MarkerSent
12:39:53.136,EyeTracking,Test3D,Action_Executed,Object: Door_Single; Action: OpenDoor,Execution_Proceeding
12:39:53.136,EyeTracking,Test3D,LSL_Logger,2026-07-03 12:39:53.136;EyeTracking;Test3D;Action_Executed;Object: Door_Single; Action: OpenDoor;Execution_Proceeding,MarkerSent
12:39:53.898,EyeTracking,Test3D,Hover_Enter,Button: NextTrainBCI,Hovering
12:39:53.898,EyeTracking,Test3D,LSL_Logger,2026-07-03 12:39:53.898;EyeTracking;Test3D;Hover_Enter;Button: NextTrainBCI;Hovering,MarkerSent
12:39:53.898,EyeTracking,Test3D,Dwell_Start,Button: NextTrainBCI,Dwell_Started
12:39:53.898,EyeTracking,Test3D,LSL_Logger,2026-07-03 12:39:53.898;EyeTracking;Test3D;Dwell_Start;Button: NextTrainBCI;Dwell_Started,MarkerSent
12:39:54.182,EyeTracking,Test3D,Hover_Exit,Button: NextTrainBCI,Hover_Exit
12:39:54.182,EyeTracking,Test3D,LSL_Logger,2026-07-03 12:39:54.182;EyeTracking;Test3D;Hover_Exit;Button: NextTrainBCI;Hover_Exit,MarkerSent
12:39:55.088,EyeTracking,Test3D,LSL_Logger,2026-07-03 12:39:55.088;EyeTracking;Test3D;Eye_Closed;eye_tracking;Eye_Closed,MarkerSent
12:39:55.088,EyeTracking,Test3D,Eye_Closed,eye_tracking,Eye_Closed
12:39:55.157,EyeTracking,Test3D,LSL_Logger,2026-07-03 12:39:55.157;EyeTracking;Test3D;Eye_Opened;eye_tracking;Eye_Opened,MarkerSent
12:39:55.157,EyeTracking,Test3D,Eye_Opened,eye_tracking,Eye_Opened
12:39:56.864,EyeTracking,Test3D,LSL_Logger,2026-07-03 12:39:56.864;EyeTracking;Test3D;Eye_Closed;eye_tracking;Eye_Closed,MarkerSent
12:39:56.864,EyeTracking,Test3D,Eye_Closed,eye_tracking,Eye_Closed
12:39:56.910,EyeTracking,Test3D,LSL_Logger,2026-07-03 12:39:56.910;EyeTracking;Test3D;Eye_Opened;eye_tracking;Eye_Opened,MarkerSent
12:39:56.910,EyeTracking,Test3D,Eye_Opened,eye_tracking,Eye_Opened
12:39:58.911,EyeTracking,Test3D,LSL_Logger,2026-07-03 12:39:58.911;EyeTracking;Test3D;Eye_Closed;eye_tracking;Eye_Closed,MarkerSent
12:39:58.911,EyeTracking,Test3D,Eye_Closed,eye_tracking,Eye_Closed
12:39:59.003,EyeTracking,Test3D,LSL_Logger,2026-07-03 12:39:59.003;EyeTracking;Test3D;Eye_Opened;eye_tracking;Eye_Opened,MarkerSent
12:39:59.003,EyeTracking,Test3D,Eye_Opened,eye_tracking,Eye_Opened
12:39:59.069,EyeTracking,Test3D,Hover_Enter,Button: NextTrainBCI,Hovering
12:39:59.069,EyeTracking,Test3D,LSL_Logger,2026-07-03 12:39:59.069;EyeTracking;Test3D;Hover_Enter;Button: NextTrainBCI;Hovering,MarkerSent
12:40:00.859,EyeTracking,Test3D,LSL_Logger,2026-07-03 12:40:00.859;EyeTracking;Test3D;Eye_Closed;eye_tracking;Eye_Closed,MarkerSent
12:40:00.859,EyeTracking,Test3D,Eye_Closed,eye_tracking,Eye_Closed
12:40:00.903,EyeTracking,Test3D,LSL_Logger,2026-07-03 12:40:00.903;EyeTracking;Test3D;Eye_Opened;eye_tracking;Eye_Opened,MarkerSent
12:40:00.903,EyeTracking,Test3D,Eye_Opened,eye_tracking,Eye_Opened
12:40:01.058,EyeTracking,Test3D,Dwell,Button: NextTrainBCI,Dwelling_Completed
12:40:01.058,EyeTracking,Test3D,LSL_Logger,2026-07-03 12:40:01.058;EyeTracking;Test3D;Dwell;Button: NextTrainBCI;Dwelling_Completed,MarkerSent
12:40:01.058,EyeTracking,Test3D,Action_Executed,Button: NextTrainBCI; Action: ButtonAction,Execution_Proceeding
12:40:01.058,EyeTracking,Test3D,LSL_Logger,2026-07-03 12:40:01.058;EyeTracking;Test3D;Action_Executed;Button: NextTrainBCI; Action: ButtonAction;Execution_Proceeding,MarkerSent
12:40:01.058,EyeTracking,Test3D,Experiment_Ended,EyeTracking,
12:40:01.058,Hybrid,Test3D,Experiment_Start,Hybrid,
12:40:01.059,Hybrid,Test3D,Phase_Start,Test3D,
12:40:01.059,Hybrid,Test3D,All_Experiments_Completed,,
12:40:02.772,Hybrid,Test3D,LSL_Logger,2026-07-03 12:40:02.772;Hybrid;Test3D;Eye_Closed;eye_tracking;Eye_Closed,MarkerSent
12:40:02.772,Hybrid,Test3D,Eye_Closed,eye_tracking,Eye_Closed
12:40:02.853,Hybrid,Test3D,LSL_Logger,2026-07-03 12:40:02.853;Hybrid;Test3D;Eye_Opened;eye_tracking;Eye_Opened,MarkerSent
12:40:02.853,Hybrid,Test3D,Eye_Opened,eye_tracking,Eye_Opened
12:40:03.068,Hybrid,Test3D,Dwell,Button: StartTestBCI,Dwelling_Completed
12:40:03.068,Hybrid,Test3D,LSL_Logger,2026-07-03 12:40:03.068;Hybrid;Test3D;Dwell;Button: StartTestBCI;Dwelling_Completed,MarkerSent
12:40:03.068,Hybrid,Test3D,Flicker,StartTestBCI,Flicker_Start
12:40:03.068,Hybrid,Test3D,LSL_Logger,2026-07-03 12:40:03.068;Hybrid;Test3D;Flicker;StartTestBCI;Flicker_Start,MarkerSent
12:40:04.038,Hybrid,Test3D,LSL_Logger,2026-07-03 12:40:04.038;Hybrid;Test3D;Eye_Closed;eye_tracking;Eye_Closed,MarkerSent
12:40:04.038,Hybrid,Test3D,Eye_Closed,eye_tracking,Eye_Closed
12:40:04.086,Hybrid,Test3D,LSL_Logger,2026-07-03 12:40:04.086;Hybrid;Test3D;Eye_Opened;eye_tracking;Eye_Opened,MarkerSent
12:40:04.086,Hybrid,Test3D,Eye_Opened,eye_tracking,Eye_Opened
12:40:05.069,Hybrid,Test3D,Flicker,StartTestBCI,Flicker_End
12:40:05.069,Hybrid,Test3D,LSL_Logger,2026-07-03 12:40:05.069;Hybrid;Test3D;Flicker;StartTestBCI;Flicker_End,MarkerSent
12:40:05.093,Hybrid,Test3D,BCI_Command_Received,100,FlickerDetected
12:40:05.094,Hybrid,Test3D,LSL_Logger,2026-07-03 12:40:05.093;Hybrid;Test3D;BCI_Command_Received;100;FlickerDetected,MarkerSent
12:40:05.094,Hybrid,Test3D,Action_Executed,Button: StartTestBCI; Action: ButtonAction,Execution_Proceeding
12:40:05.094,Hybrid,Test3D,LSL_Logger,2026-07-03 12:40:05.094;Hybrid;Test3D;Action_Executed;Button: StartTestBCI; Action: ButtonAction;Execution_Proceeding,MarkerSent
12:40:05.398,Hybrid,Test3D,Dwell_Start,Object: Door_Single,Dwell_Started
12:40:05.398,Hybrid,Test3D,LSL_Logger,2026-07-03 12:40:05.398;Hybrid;Test3D;Dwell_Start;Object: Door_Single;Dwell_Started,MarkerSent
12:40:06.038,Hybrid,Test3D,LSL_Logger,2026-07-03 12:40:06.038;Hybrid;Test3D;Eye_Closed;eye_tracking;Eye_Closed,MarkerSent
12:40:06.038,Hybrid,Test3D,Eye_Closed,eye_tracking,Eye_Closed
12:40:06.085,Hybrid,Test3D,LSL_Logger,2026-07-03 12:40:06.085;Hybrid;Test3D;Eye_Opened;eye_tracking;Eye_Opened,MarkerSent
12:40:06.085,Hybrid,Test3D,Eye_Opened,eye_tracking,Eye_Opened
12:40:06.609,Hybrid,Test3D,Gaze_Stop,Object: Door_Single,Hover_Exit
12:40:06.609,Hybrid,Test3D,LSL_Logger,2026-07-03 12:40:06.609;Hybrid;Test3D;Gaze_Stop;Object: Door_Single;Hover_Exit,MarkerSent
12:40:06.714,Hybrid,Test3D,Dwell_Start,Object: Door_Double,Dwell_Started
12:40:06.714,Hybrid,Test3D,LSL_Logger,2026-07-03 12:40:06.714;Hybrid;Test3D;Dwell_Start;Object: Door_Double;Dwell_Started,MarkerSent
12:40:07.101,Hybrid,Test3D,Gaze_Stop,Object: Door_Double,Hover_Exit
12:40:07.101,Hybrid,Test3D,LSL_Logger,2026-07-03 12:40:07.101;Hybrid;Test3D;Gaze_Stop;Object: Door_Double;Hover_Exit,MarkerSent
12:40:07.159,Hybrid,Test3D,Dwell_Start,Object: Door_Double,Dwell_Started
12:40:07.159,Hybrid,Test3D,LSL_Logger,2026-07-03 12:40:07.159;Hybrid;Test3D;Dwell_Start;Object: Door_Double;Dwell_Started,MarkerSent
12:40:07.183,Hybrid,Test3D,Gaze_Stop,Object: Door_Double,Hover_Exit
12:40:07.183,Hybrid,Test3D,LSL_Logger,2026-07-03 12:40:07.183;Hybrid;Test3D;Gaze_Stop;Object: Door_Double;Hover_Exit,MarkerSent
12:40:07.228,Hybrid,Test3D,Dwell_Start,Object: Door_Double,Dwell_Started
12:40:07.228,Hybrid,Test3D,LSL_Logger,2026-07-03 12:40:07.228;Hybrid;Test3D;Dwell_Start;Object: Door_Double;Dwell_Started,MarkerSent
12:40:07.252,Hybrid,Test3D,Gaze_Stop,Object: Door_Double,Hover_Exit
12:40:07.252,Hybrid,Test3D,LSL_Logger,2026-07-03 12:40:07.252;Hybrid;Test3D;Gaze_Stop;Object: Door_Double;Hover_Exit,MarkerSent
12:40:07.371,Hybrid,Test3D,Dwell_Start,Object: Door_Double,Dwell_Started
12:40:07.371,Hybrid,Test3D,LSL_Logger,2026-07-03 12:40:07.371;Hybrid;Test3D;Dwell_Start;Object: Door_Double;Dwell_Started,MarkerSent
12:40:07.897,Hybrid,Test3D,Gaze_Stop,Object: Door_Double,Hover_Exit
12:40:07.897,Hybrid,Test3D,LSL_Logger,2026-07-03 12:40:07.897;Hybrid;Test3D;Gaze_Stop;Object: Door_Double;Hover_Exit,MarkerSent
12:40:07.966,Hybrid,Test3D,Dwell_Start,Object: Door_Double,Dwell_Started
12:40:07.966,Hybrid,Test3D,LSL_Logger,2026-07-03 12:40:07.966;Hybrid;Test3D;Dwell_Start;Object: Door_Double;Dwell_Started,MarkerSent
12:40:07.990,Hybrid,Test3D,Gaze_Stop,Object: Door_Double,Hover_Exit
12:40:07.990,Hybrid,Test3D,LSL_Logger,2026-07-03 12:40:07.990;Hybrid;Test3D;Gaze_Stop;Object: Door_Double;Hover_Exit,MarkerSent
12:40:08.167,Hybrid,Test3D,LSL_Logger,2026-07-03 12:40:08.167;Hybrid;Test3D;Eye_Closed;eye_tracking;Eye_Closed,MarkerSent
12:40:08.167,Hybrid,Test3D,Eye_Closed,eye_tracking,Eye_Closed
12:40:08.237,Hybrid,Test3D,LSL_Logger,2026-07-03 12:40:08.237;Hybrid;Test3D;Eye_Opened;eye_tracking;Eye_Opened,MarkerSent
12:40:08.237,Hybrid,Test3D,Eye_Opened,eye_tracking,Eye_Opened
12:40:08.295,Hybrid,Test3D,Dwell_Start,Object: Door_Single,Dwell_Started
12:40:08.295,Hybrid,Test3D,LSL_Logger,2026-07-03 12:40:08.295;Hybrid;Test3D;Dwell_Start;Object: Door_Single;Dwell_Started,MarkerSent
12:40:09.216,Hybrid,Test3D,Gaze_Stop,Object: Door_Single,Hover_Exit
12:40:09.216,Hybrid,Test3D,LSL_Logger,2026-07-03 12:40:09.216;Hybrid;Test3D;Gaze_Stop;Object: Door_Single;Hover_Exit,MarkerSent
12:40:09.251,Hybrid,Test3D,LSL_Logger,2026-07-03 12:40:09.251;Hybrid;Test3D;Eye_Closed;eye_tracking;Eye_Closed,MarkerSent
12:40:09.251,Hybrid,Test3D,Eye_Closed,eye_tracking,Eye_Closed
12:40:09.288,Hybrid,Test3D,LSL_Logger,2026-07-03 12:40:09.288;Hybrid;Test3D;Eye_Opened;eye_tracking;Eye_Opened,MarkerSent
12:40:09.288,Hybrid,Test3D,Eye_Opened,eye_tracking,Eye_Opened
12:40:09.376,Hybrid,Test3D,Dwell_Start,Object: Door_Double,Dwell_Started
12:40:09.376,Hybrid,Test3D,LSL_Logger,2026-07-03 12:40:09.376;Hybrid;Test3D;Dwell_Start;Object: Door_Double;Dwell_Started,MarkerSent
12:40:09.917,Hybrid,Test3D,LSL_Logger,2026-07-03 12:40:09.917;Hybrid;Test3D;Eye_Closed;eye_tracking;Eye_Closed,MarkerSent
12:40:09.917,Hybrid,Test3D,Eye_Closed,eye_tracking,Eye_Closed
12:40:09.952,Hybrid,Test3D,LSL_Logger,2026-07-03 12:40:09.952;Hybrid;Test3D;Eye_Opened;eye_tracking;Eye_Opened,MarkerSent
12:40:09.952,Hybrid,Test3D,Eye_Opened,eye_tracking,Eye_Opened
12:40:10.021,Hybrid,Test3D,Gaze_Stop,Object: Door_Double,Hover_Exit
12:40:10.021,Hybrid,Test3D,LSL_Logger,2026-07-03 12:40:10.021;Hybrid;Test3D;Gaze_Stop;Object: Door_Double;Hover_Exit,MarkerSent
12:40:10.524,Hybrid,Test3D,Dwell_Start,Object: Door_Double,Dwell_Started
12:40:10.524,Hybrid,Test3D,LSL_Logger,2026-07-03 12:40:10.524;Hybrid;Test3D;Dwell_Start;Object: Door_Double;Dwell_Started,MarkerSent
12:40:12.520,Hybrid,Test3D,Dwell_Complete,Object: Door_Double,Dwelling_Completed
12:40:12.520,Hybrid,Test3D,LSL_Logger,2026-07-03 12:40:12.520;Hybrid;Test3D;Dwell_Complete;Object: Door_Double;Dwelling_Completed,MarkerSent
12:40:12.521,Hybrid,Test3D,Flicker_Start,Object: Door_Double; Hz: 15,Flicker_Start
12:40:12.521,Hybrid,Test3D,LSL_Logger,2026-07-03 12:40:12.521;Hybrid;Test3D;Flicker_Start;Door_Double;Flicker_Start,MarkerSent
12:40:14.524,Hybrid,Test3D,Flicker_End,Object: Door_Double,Flicker_End
12:40:14.524,Hybrid,Test3D,LSL_Logger,2026-07-03 12:40:14.524;Hybrid;Test3D;Flicker_End;Object: Door_Double;Flicker_End,MarkerSent
12:40:14.572,Hybrid,Test3D,BCI_Command_Received,100,FlickerDetected
12:40:14.572,Hybrid,Test3D,LSL_Logger,2026-07-03 12:40:14.572;Hybrid;Test3D;BCI_Command_Received;100;FlickerDetected,MarkerSent
12:40:14.572,Hybrid,Test3D,Action_Executed,Object: Door_Double; Action: OpenDoor,Execution_Proceeding
12:40:14.572,Hybrid,Test3D,LSL_Logger,2026-07-03 12:40:14.572;Hybrid;Test3D;Action_Executed;Object: Door_Double; Action: OpenDoor;Execution_Proceeding,MarkerSent
12:40:14.902,Hybrid,Test3D,LSL_Logger,2026-07-03 12:40:14.902;Hybrid;Test3D;Eye_Closed;eye_tracking;Eye_Closed,MarkerSent
12:40:14.902,Hybrid,Test3D,Eye_Closed,eye_tracking,Eye_Closed
12:40:14.985,Hybrid,Test3D,LSL_Logger,2026-07-03 12:40:14.985;Hybrid;Test3D;Eye_Opened;eye_tracking;Eye_Opened,MarkerSent
12:40:14.985,Hybrid,Test3D,Eye_Opened,eye_tracking,Eye_Opened
12:40:15.264,Hybrid,Test3D,LSL_Logger,2026-07-03 12:40:15.264;Hybrid;Test3D;Eye_Closed;eye_tracking;Eye_Closed,MarkerSent
12:40:15.264,Hybrid,Test3D,Eye_Closed,eye_tracking,Eye_Closed
12:40:15.374,Hybrid,Test3D,LSL_Logger,2026-07-03 12:40:15.374;Hybrid;Test3D;Eye_Opened;eye_tracking;Eye_Opened,MarkerSent
12:40:15.374,Hybrid,Test3D,Eye_Opened,eye_tracking,Eye_Opened
12:40:15.431,Hybrid,Test3D,Hover_Enter,Button: NextTrainBCI,Hovering
12:40:15.431,Hybrid,Test3D,LSL_Logger,2026-07-03 12:40:15.431;Hybrid;Test3D;Hover_Enter;Button: NextTrainBCI;Hovering,MarkerSent
12:40:15.501,Hybrid,Test3D,Hover_Exit,Button: NextTrainBCI,Hover_Exit
12:40:15.501,Hybrid,Test3D,LSL_Logger,2026-07-03 12:40:15.501;Hybrid;Test3D;Hover_Exit;Button: NextTrainBCI;Hover_Exit,MarkerSent
12:40:17.246,Hybrid,Test3D,LSL_Logger,2026-07-03 12:40:17.246;Hybrid;Test3D;Eye_Closed;eye_tracking;Eye_Closed,MarkerSent
12:40:17.246,Hybrid,Test3D,Eye_Closed,eye_tracking,Eye_Closed
12:40:17.335,Hybrid,Test3D,LSL_Logger,2026-07-03 12:40:17.335;Hybrid;Test3D;Eye_Opened;eye_tracking;Eye_Opened,MarkerSent
12:40:17.335,Hybrid,Test3D,Eye_Opened,eye_tracking,Eye_Opened
12:40:19.317,Hybrid,Test3D,LSL_Logger,2026-07-03 12:40:19.317;Hybrid;Test3D;Eye_Closed;eye_tracking;Eye_Closed,MarkerSent
12:40:19.317,Hybrid,Test3D,Eye_Closed,eye_tracking,Eye_Closed
12:40:19.384,Hybrid,Test3D,LSL_Logger,2026-07-03 12:40:19.384;Hybrid;Test3D;Eye_Opened;eye_tracking;Eye_Opened,MarkerSent
12:40:19.384,Hybrid,Test3D,Eye_Opened,eye_tracking,Eye_Opened
12:40:19.462,Hybrid,Test3D,Hover_Enter,Button: NextTrainBCI,Hovering
12:40:19.462,Hybrid,Test3D,LSL_Logger,2026-07-03 12:40:19.462;Hybrid;Test3D;Hover_Enter;Button: NextTrainBCI;Hovering,MarkerSent
12:40:20.012,Hybrid,Test3D,LSL_Logger,2026-07-03 12:40:20.012;Hybrid;Test3D;Eye_Closed;eye_tracking;Eye_Closed,MarkerSent
12:40:20.012,Hybrid,Test3D,Eye_Closed,eye_tracking,Eye_Closed
12:40:20.068,Hybrid,Test3D,LSL_Logger,2026-07-03 12:40:20.068;Hybrid;Test3D;Eye_Opened;eye_tracking;Eye_Opened,MarkerSent
12:40:20.068,Hybrid,Test3D,Eye_Opened,eye_tracking,Eye_Opened
12:40:21.451,Hybrid,Test3D,Dwell,Button: NextTrainBCI,Dwelling_Completed
12:40:21.451,Hybrid,Test3D,LSL_Logger,2026-07-03 12:40:21.451;Hybrid;Test3D;Dwell;Button: NextTrainBCI;Dwelling_Completed,MarkerSent
12:40:21.451,Hybrid,Test3D,Flicker,NextTrainBCI,Flicker_Start
12:40:21.451,Hybrid,Test3D,LSL_Logger,2026-07-03 12:40:21.451;Hybrid;Test3D;Flicker;NextTrainBCI;Flicker_Start,MarkerSent
12:40:23.464,Hybrid,Test3D,Flicker,NextTrainBCI,Flicker_End
12:40:23.464,Hybrid,Test3D,LSL_Logger,2026-07-03 12:40:23.464;Hybrid;Test3D;Flicker;NextTrainBCI;Flicker_End,MarkerSent
12:40:23.511,Hybrid,Test3D,BCI_Command_Received,100,FlickerDetected
12:40:23.511,Hybrid,Test3D,LSL_Logger,2026-07-03 12:40:23.511;Hybrid;Test3D;BCI_Command_Received;100;FlickerDetected,MarkerSent
12:40:23.511,Hybrid,Test3D,Action_Executed,Button: NextTrainBCI; Action: ButtonAction,Execution_Proceeding
12:40:23.511,Hybrid,Test3D,LSL_Logger,2026-07-03 12:40:23.511;Hybrid;Test3D;Action_Executed;Button: NextTrainBCI; Action: ButtonAction;Execution_Proceeding,MarkerSent
12:40:23.512,Hybrid,Test3D,Experiment_Ended,Hybrid,
12:40:23.512,BCI,Test3D,Experiment_Start,BCI,
12:40:23.512,BCI,TrainBCI,Phase_Start,TrainBCI,
12:40:23.513,BCI,TrainBCI,All_Experiments_Completed,,
12:40:23.619,BCI,TrainBCI,Hover_Enter,Button: StartTrainBCI,Hovering
12:40:23.619,BCI,TrainBCI,LSL_Logger,2026-07-03 12:40:23.619;BCI;TrainBCI;Hover_Enter;Button: StartTrainBCI;Hovering,MarkerSent
12:40:23.619,BCI,TrainBCI,Dwell_Start,Button: StartTrainBCI,Dwell_Started
12:40:23.619,BCI,TrainBCI,LSL_Logger,2026-07-03 12:40:23.619;BCI;TrainBCI;Dwell_Start;Button: StartTrainBCI;Dwell_Started,MarkerSent
12:40:23.700,BCI,TrainBCI,Hover_Exit,Button: StartTrainBCI,Hover_Exit
12:40:23.700,BCI,TrainBCI,LSL_Logger,2026-07-03 12:40:23.700;BCI;TrainBCI;Hover_Exit;Button: StartTrainBCI;Hover_Exit,MarkerSent
12:40:23.711,BCI,TrainBCI,Hover_Enter,Button: StartTrainBCI,Hovering
12:40:23.711,BCI,TrainBCI,LSL_Logger,2026-07-03 12:40:23.711;BCI;TrainBCI;Hover_Enter;Button: StartTrainBCI;Hovering,MarkerSent
12:40:23.950,BCI,TrainBCI,LSL_Logger,2026-07-03 12:40:23.950;BCI;TrainBCI;Eye_Closed;eye_tracking;Eye_Closed,MarkerSent
12:40:23.950,BCI,TrainBCI,Eye_Closed,eye_tracking,Eye_Closed
12:40:24.023,BCI,TrainBCI,LSL_Logger,2026-07-03 12:40:24.023;BCI;TrainBCI;Eye_Opened;eye_tracking;Eye_Opened,MarkerSent
12:40:24.023,BCI,TrainBCI,Eye_Opened,eye_tracking,Eye_Opened
12:40:24.101,BCI,TrainBCI,Hover_Exit,Button: StartTrainBCI,Hover_Exit
12:40:24.101,BCI,TrainBCI,LSL_Logger,2026-07-03 12:40:24.101;BCI;TrainBCI;Hover_Exit;Button: StartTrainBCI;Hover_Exit,MarkerSent
12:40:25.603,BCI,TrainBCI,LSL_Logger,2026-07-03 12:40:25.603;BCI;TrainBCI;Eye_Closed;eye_tracking;Eye_Closed,MarkerSent
12:40:25.603,BCI,TrainBCI,Eye_Closed,eye_tracking,Eye_Closed
12:40:25.662,BCI,TrainBCI,LSL_Logger,2026-07-03 12:40:25.662;BCI;TrainBCI;Eye_Opened;eye_tracking;Eye_Opened,MarkerSent
12:40:25.662,BCI,TrainBCI,Eye_Opened,eye_tracking,Eye_Opened
12:40:26.465,BCI,TrainBCI,LSL_Logger,2026-07-03 12:40:26.465;BCI;TrainBCI;Eye_Closed;eye_tracking;Eye_Closed,MarkerSent
12:40:26.465,BCI,TrainBCI,Eye_Closed,eye_tracking,Eye_Closed
12:40:26.536,BCI,TrainBCI,LSL_Logger,2026-07-03 12:40:26.536;BCI;TrainBCI;Eye_Opened;eye_tracking;Eye_Opened,MarkerSent
12:40:26.536,BCI,TrainBCI,Eye_Opened,eye_tracking,Eye_Opened
12:40:27.879,BCI,TrainBCI,LSL_Logger,2026-07-03 12:40:27.879;BCI;TrainBCI;Eye_Closed;eye_tracking;Eye_Closed,MarkerSent
12:40:27.879,BCI,TrainBCI,Eye_Closed,eye_tracking,Eye_Closed
12:40:27.951,BCI,TrainBCI,LSL_Logger,2026-07-03 12:40:27.951;BCI;TrainBCI;Eye_Opened;eye_tracking;Eye_Opened,MarkerSent
12:40:27.951,BCI,TrainBCI,Eye_Opened,eye_tracking,Eye_Opened
12:40:28.800,BCI,TrainBCI,LSL_Logger,2026-07-03 12:40:28.800;BCI;TrainBCI;Eye_Closed;eye_tracking;Eye_Closed,MarkerSent
12:40:28.800,BCI,TrainBCI,Eye_Closed,eye_tracking,Eye_Closed
12:40:28.845,BCI,TrainBCI,LSL_Logger,2026-07-03 12:40:28.845;BCI;TrainBCI;Eye_Opened;eye_tracking;Eye_Opened,MarkerSent
12:40:28.845,BCI,TrainBCI,Eye_Opened,eye_tracking,Eye_Opened
12:40:30.244,BCI,TrainBCI,LSL_Logger,2026-07-03 12:40:30.244;BCI;TrainBCI;Eye_Closed;eye_tracking;Eye_Closed,MarkerSent
12:40:30.244,BCI,TrainBCI,Eye_Closed,eye_tracking,Eye_Closed
12:40:30.289,BCI,TrainBCI,LSL_Logger,2026-07-03 12:40:30.289;BCI;TrainBCI;Eye_Opened;eye_tracking;Eye_Opened,MarkerSent
12:40:30.289,BCI,TrainBCI,Eye_Opened,eye_tracking,Eye_Opened
12:40:31.392,BCI,TrainBCI,LSL_Logger,2026-07-03 12:40:31.392;BCI;TrainBCI;Eye_Closed;eye_tracking;Eye_Closed,MarkerSent
12:40:31.392,BCI,TrainBCI,Eye_Closed,eye_tracking,Eye_Closed
12:40:31.448,BCI,TrainBCI,LSL_Logger,2026-07-03 12:40:31.448;BCI;TrainBCI;Eye_Opened;eye_tracking;Eye_Opened,MarkerSent
12:40:31.448,BCI,TrainBCI,Eye_Opened,eye_tracking,Eye_Opened
12:40:32.810,BCI,TrainBCI,LSL_Logger,2026-07-03 12:40:32.810;BCI;TrainBCI;Eye_Closed;eye_tracking;Eye_Closed,MarkerSent
12:40:32.810,BCI,TrainBCI,Eye_Closed,eye_tracking,Eye_Closed
12:40:32.868,BCI,TrainBCI,LSL_Logger,2026-07-03 12:40:32.868;BCI;TrainBCI;Eye_Opened;eye_tracking;Eye_Opened,MarkerSent
12:40:32.868,BCI,TrainBCI,Eye_Opened,eye_tracking,Eye_Opened
12:40:34.294,BCI,TrainBCI,LSL_Logger,2026-07-03 12:40:34.294;BCI;TrainBCI;Eye_Closed;eye_tracking;Eye_Closed,MarkerSent
12:40:34.294,BCI,TrainBCI,Eye_Closed,eye_tracking,Eye_Closed
12:40:34.368,BCI,TrainBCI,LSL_Logger,2026-07-03 12:40:34.368;BCI;TrainBCI;Eye_Opened;eye_tracking;Eye_Opened,MarkerSent
12:40:34.368,BCI,TrainBCI,Eye_Opened,eye_tracking,Eye_Opened
12:40:36.241,BCI,TrainBCI,LSL_Logger,2026-07-03 12:40:36.241;BCI;TrainBCI;Eye_Closed;eye_tracking;Eye_Closed,MarkerSent
12:40:36.241,BCI,TrainBCI,Eye_Closed,eye_tracking,Eye_Closed
12:40:36.318,BCI,TrainBCI,LSL_Logger,2026-07-03 12:40:36.318;BCI;TrainBCI;Eye_Opened;eye_tracking;Eye_Opened,MarkerSent
12:40:36.318,BCI,TrainBCI,Eye_Opened,eye_tracking,Eye_Opened
12:40:37.314,BCI,TrainBCI,LSL_Logger,2026-07-03 12:40:37.314;BCI;TrainBCI;Eye_Closed;eye_tracking;Eye_Closed,MarkerSent
12:40:37.314,BCI,TrainBCI,Eye_Closed,eye_tracking,Eye_Closed
12:40:37.359,BCI,TrainBCI,LSL_Logger,2026-07-03 12:40:37.359;BCI;TrainBCI;Eye_Opened;eye_tracking;Eye_Opened,MarkerSent
12:40:37.359,BCI,TrainBCI,Eye_Opened,eye_tracking,Eye_Opened
12:40:39.162,BCI,TrainBCI,LSL_Logger,2026-07-03 12:40:39.162;BCI;TrainBCI;Eye_Closed;eye_tracking;Eye_Closed,MarkerSent
12:40:39.162,BCI,TrainBCI,Eye_Closed,eye_tracking,Eye_Closed
12:40:39.194,BCI,TrainBCI,LSL_Logger,2026-07-03 12:40:39.194;BCI;TrainBCI;Eye_Opened;eye_tracking;Eye_Opened,MarkerSent
12:40:39.194,BCI,TrainBCI,Eye_Opened,eye_tracking,Eye_Opened
12:40:40.380,BCI,TrainBCI,LSL_Logger,2026-07-03 12:40:40.380;BCI;TrainBCI;Eye_Closed;eye_tracking;Eye_Closed,MarkerSent
12:40:40.380,BCI,TrainBCI,Eye_Closed,eye_tracking,Eye_Closed
12:40:40.436,BCI,TrainBCI,LSL_Logger,2026-07-03 12:40:40.436;BCI;TrainBCI;Eye_Opened;eye_tracking;Eye_Opened,MarkerSent
12:40:40.436,BCI,TrainBCI,Eye_Opened,eye_tracking,Eye_Opened
12:40:41.194,BCI,TrainBCI,LSL_Logger,2026-07-03 12:40:41.194;BCI;TrainBCI;Eye_Closed;eye_tracking;Eye_Closed,MarkerSent
12:40:41.194,BCI,TrainBCI,Eye_Closed,eye_tracking,Eye_Closed
12:40:41.250,BCI,TrainBCI,LSL_Logger,2026-07-03 12:40:41.250;BCI;TrainBCI;Eye_Opened;eye_tracking;Eye_Opened,MarkerSent
12:40:41.250,BCI,TrainBCI,Eye_Opened,eye_tracking,Eye_Opened
12:40:43.721,BCI,TrainBCI,LSL_Logger,2026-07-03 12:40:43.721;BCI;TrainBCI;Eye_Closed;eye_tracking;Eye_Closed,MarkerSent
12:40:43.721,BCI,TrainBCI,Eye_Closed,eye_tracking,Eye_Closed
12:40:43.810,BCI,TrainBCI,LSL_Logger,2026-07-03 12:40:43.810;BCI;TrainBCI;Eye_Opened;eye_tracking;Eye_Opened,MarkerSent
12:40:43.810,BCI,TrainBCI,Eye_Opened,eye_tracking,Eye_Opened
12:40:43.889,BCI,TrainBCI,Hover_Enter,Button: StartTrainBCI,Hovering
12:40:43.889,BCI,TrainBCI,LSL_Logger,2026-07-03 12:40:43.889;BCI;TrainBCI;Hover_Enter;Button: StartTrainBCI;Hovering,MarkerSent
12:40:44.182,BCI,TrainBCI,LSL_Logger,2026-07-03 12:40:44.182;BCI;TrainBCI;Eye_Closed;eye_tracking;Eye_Closed,MarkerSent
12:40:44.182,BCI,TrainBCI,Eye_Closed,eye_tracking,Eye_Closed
12:40:44.284,BCI,TrainBCI,LSL_Logger,2026-07-03 12:40:44.284;BCI;TrainBCI;Eye_Opened;eye_tracking;Eye_Opened,MarkerSent
12:40:44.284,BCI,TrainBCI,Eye_Opened,eye_tracking,Eye_Opened
12:40:44.352,BCI,TrainBCI,Hover_Exit,Button: StartTrainBCI,Hover_Exit
12:40:44.352,BCI,TrainBCI,LSL_Logger,2026-07-03 12:40:44.352;BCI;TrainBCI;Hover_Exit;Button: StartTrainBCI;Hover_Exit,MarkerSent
12:40:44.376,BCI,TrainBCI,Hover_Enter,Button: StartTrainBCI,Hovering
12:40:44.376,BCI,TrainBCI,LSL_Logger,2026-07-03 12:40:44.376;BCI;TrainBCI;Hover_Enter;Button: StartTrainBCI;Hovering,MarkerSent
12:40:45.620,BCI,TrainBCI,Hover_Exit,Button: StartTrainBCI,Hover_Exit
12:40:45.620,BCI,TrainBCI,LSL_Logger,2026-07-03 12:40:45.620;BCI;TrainBCI;Hover_Exit;Button: StartTrainBCI;Hover_Exit,MarkerSent
12:40:45.634,BCI,TrainBCI,Hover_Enter,Button: StartTrainBCI,Hovering
12:40:45.634,BCI,TrainBCI,LSL_Logger,2026-07-03 12:40:45.634;BCI;TrainBCI;Hover_Enter;Button: StartTrainBCI;Hovering,MarkerSent
12:40:45.680,BCI,TrainBCI,LSL_Logger,2026-07-03 12:40:45.680;BCI;TrainBCI;Eye_Closed;eye_tracking;Eye_Closed,MarkerSent
12:40:45.680,BCI,TrainBCI,Eye_Closed,eye_tracking,Eye_Closed
12:40:45.737,BCI,TrainBCI,LSL_Logger,2026-07-03 12:40:45.737;BCI;TrainBCI;Eye_Opened;eye_tracking;Eye_Opened,MarkerSent
12:40:45.737,BCI,TrainBCI,Eye_Opened,eye_tracking,Eye_Opened
12:40:46.345,BCI,TrainBCI,LSL_Logger,2026-07-03 12:40:46.345;BCI;TrainBCI;Eye_Closed;eye_tracking;Eye_Closed,MarkerSent
12:40:46.345,BCI,TrainBCI,Eye_Closed,eye_tracking,Eye_Closed
12:40:46.406,BCI,TrainBCI,LSL_Logger,2026-07-03 12:40:46.406;BCI;TrainBCI;Eye_Opened;eye_tracking;Eye_Opened,MarkerSent
12:40:46.406,BCI,TrainBCI,Eye_Opened,eye_tracking,Eye_Opened
12:40:46.475,BCI,TrainBCI,Hover_Exit,Button: StartTrainBCI,Hover_Exit
12:40:46.475,BCI,TrainBCI,LSL_Logger,2026-07-03 12:40:46.475;BCI;TrainBCI;Hover_Exit;Button: StartTrainBCI;Hover_Exit,MarkerSent
12:40:46.496,BCI,TrainBCI,Hover_Enter,Button: StartTrainBCI,Hovering
12:40:46.496,BCI,TrainBCI,LSL_Logger,2026-07-03 12:40:46.496;BCI;TrainBCI;Hover_Enter;Button: StartTrainBCI;Hovering,MarkerSent
12:40:48.488,BCI,TrainBCI,Dwell,Button: StartTrainBCI,Dwelling_Completed
12:40:48.488,BCI,TrainBCI,LSL_Logger,2026-07-03 12:40:48.488;BCI;TrainBCI;Dwell;Button: StartTrainBCI;Dwelling_Completed,MarkerSent
12:40:48.488,BCI,TrainBCI,Action_Executed,Button: StartTrainBCI; Action: ButtonAction,Execution_Proceeding
12:40:48.488,BCI,TrainBCI,LSL_Logger,2026-07-03 12:40:48.488;BCI;TrainBCI;Action_Executed;Button: StartTrainBCI; Action: ButtonAction;Execution_Proceeding,MarkerSent
12:40:48.841,BCI,TrainBCI,LSL_Logger,2026-07-03 12:40:48.841;BCI;TrainBCI;Eye_Closed;eye_tracking;Eye_Closed,MarkerSent
12:40:48.841,BCI,TrainBCI,Eye_Closed,eye_tracking,Eye_Closed
12:40:48.943,BCI,TrainBCI,LSL_Logger,2026-07-03 12:40:48.943;BCI;TrainBCI;Eye_Opened;eye_tracking;Eye_Opened,MarkerSent
12:40:48.943,BCI,TrainBCI,Eye_Opened,eye_tracking,Eye_Opened
12:40:49.330,BCI,TrainBCI,LSL_Logger,2026-07-03 12:40:49.330;BCI;TrainBCI;Eye_Closed;eye_tracking;Eye_Closed,MarkerSent
12:40:49.330,BCI,TrainBCI,Eye_Closed,eye_tracking,Eye_Closed
12:40:49.396,BCI,TrainBCI,LSL_Logger,2026-07-03 12:40:49.396;BCI;TrainBCI;Eye_Opened;eye_tracking;Eye_Opened,MarkerSent
12:40:49.396,BCI,TrainBCI,Eye_Opened,eye_tracking,Eye_Opened
12:40:49.782,BCI,TrainBCI,LSL_Logger,2026-07-03 12:40:49.782;BCI;TrainBCI;Eye_Closed;eye_tracking;Eye_Closed,MarkerSent
12:40:49.782,BCI,TrainBCI,Eye_Closed,eye_tracking,Eye_Closed
12:40:49.882,BCI,TrainBCI,LSL_Logger,2026-07-03 12:40:49.882;BCI;TrainBCI;Eye_Opened;eye_tracking;Eye_Opened,MarkerSent
12:40:49.882,BCI,TrainBCI,Eye_Opened,eye_tracking,Eye_Opened
12:40:50.353,BCI,TrainBCI,LSL_Logger,2026-07-03 12:40:50.353;BCI;TrainBCI;Eye_Closed;eye_tracking;Eye_Closed,MarkerSent
12:40:50.353,BCI,TrainBCI,Eye_Closed,eye_tracking,Eye_Closed
12:40:50.462,BCI,TrainBCI,LSL_Logger,2026-07-03 12:40:50.462;BCI;TrainBCI;Eye_Opened;eye_tracking;Eye_Opened,MarkerSent
12:40:50.462,BCI,TrainBCI,Eye_Opened,eye_tracking,Eye_Opened
12:40:50.496,BCI,TrainBCI,Training_Active_Door1_Start,Door_Single,TAD1S
12:40:50.496,BCI,TrainBCI,LSL_Logger,2026-07-03 12:40:50.496;BCI;TrainBCI;Training_Active_Door1_Start;Door_Single;TAD1S,MarkerSent
12:40:50.925,BCI,TrainBCI,LSL_Logger,2026-07-03 12:40:50.925;BCI;TrainBCI;Eye_Closed;eye_tracking;Eye_Closed,MarkerSent
12:40:50.925,BCI,TrainBCI,Eye_Closed,eye_tracking,Eye_Closed
12:40:50.991,BCI,TrainBCI,LSL_Logger,2026-07-03 12:40:50.991;BCI;TrainBCI;Eye_Opened;eye_tracking;Eye_Opened,MarkerSent
12:40:50.991,BCI,TrainBCI,Eye_Opened,eye_tracking,Eye_Opened
12:40:54.497,BCI,TrainBCI,Training_Active_Door1_End,Door_Single,TAD1E
12:40:54.497,BCI,TrainBCI,LSL_Logger,2026-07-03 12:40:54.497;BCI;TrainBCI;Training_Active_Door1_End;Door_Single;TAD1E,MarkerSent
12:40:55.372,BCI,TrainBCI,LSL_Logger,2026-07-03 12:40:55.372;BCI;TrainBCI;Eye_Closed;eye_tracking;Eye_Closed,MarkerSent
12:40:55.372,BCI,TrainBCI,Eye_Closed,eye_tracking,Eye_Closed
12:40:55.395,BCI,TrainBCI,LSL_Logger,2026-07-03 12:40:55.395;BCI;TrainBCI;Eye_Opened;eye_tracking;Eye_Opened,MarkerSent
12:40:55.395,BCI,TrainBCI,Eye_Opened,eye_tracking,Eye_Opened
12:40:56.194,BCI,TrainBCI,LSL_Logger,2026-07-03 12:40:56.194;BCI;TrainBCI;Eye_Closed;eye_tracking;Eye_Closed,MarkerSent
12:40:56.194,BCI,TrainBCI,Eye_Closed,eye_tracking,Eye_Closed
12:40:56.304,BCI,TrainBCI,LSL_Logger,2026-07-03 12:40:56.304;BCI;TrainBCI;Eye_Opened;eye_tracking;Eye_Opened,MarkerSent
12:40:56.304,BCI,TrainBCI,Eye_Opened,eye_tracking,Eye_Opened
12:40:56.553,BCI,TrainBCI,LSL_Logger,2026-07-03 12:40:56.553;BCI;TrainBCI;Eye_Closed;eye_tracking;Eye_Closed,MarkerSent
12:40:56.553,BCI,TrainBCI,Eye_Closed,eye_tracking,Eye_Closed
12:40:56.688,BCI,TrainBCI,LSL_Logger,2026-07-03 12:40:56.688;BCI;TrainBCI;Eye_Opened;eye_tracking;Eye_Opened,MarkerSent
12:40:56.688,BCI,TrainBCI,Eye_Opened,eye_tracking,Eye_Opened
12:40:57.011,BCI,TrainBCI,LSL_Logger,2026-07-03 12:40:57.011;BCI;TrainBCI;Eye_Closed;eye_tracking;Eye_Closed,MarkerSent
12:40:57.011,BCI,TrainBCI,Eye_Closed,eye_tracking,Eye_Closed
12:40:57.076,BCI,TrainBCI,LSL_Logger,2026-07-03 12:40:57.076;BCI;TrainBCI;Eye_Opened;eye_tracking;Eye_Opened,MarkerSent
12:40:57.076,BCI,TrainBCI,Eye_Opened,eye_tracking,Eye_Opened
12:40:57.438,BCI,TrainBCI,LSL_Logger,2026-07-03 12:40:57.438;BCI;TrainBCI;Eye_Closed;eye_tracking;Eye_Closed,MarkerSent
12:40:57.438,BCI,TrainBCI,Eye_Closed,eye_tracking,Eye_Closed
12:40:57.529,BCI,TrainBCI,LSL_Logger,2026-07-03 12:40:57.529;BCI;TrainBCI;Eye_Opened;eye_tracking;Eye_Opened,MarkerSent
12:40:57.529,BCI,TrainBCI,Eye_Opened,eye_tracking,Eye_Opened
12:40:57.942,BCI,TrainBCI,LSL_Logger,2026-07-03 12:40:57.942;BCI;TrainBCI;Eye_Closed;eye_tracking;Eye_Closed,MarkerSent
12:40:57.942,BCI,TrainBCI,Eye_Closed,eye_tracking,Eye_Closed
12:40:58.020,BCI,TrainBCI,LSL_Logger,2026-07-03 12:40:58.020;BCI;TrainBCI;Eye_Opened;eye_tracking;Eye_Opened,MarkerSent
12:40:58.020,BCI,TrainBCI,Eye_Opened,eye_tracking,Eye_Opened
12:40:58.361,BCI,TrainBCI,LSL_Logger,2026-07-03 12:40:58.361;BCI;TrainBCI;Eye_Closed;eye_tracking;Eye_Closed,MarkerSent
12:40:58.361,BCI,TrainBCI,Eye_Closed,eye_tracking,Eye_Closed
12:40:58.463,BCI,TrainBCI,LSL_Logger,2026-07-03 12:40:58.463;BCI;TrainBCI;Eye_Opened;eye_tracking;Eye_Opened,MarkerSent
12:40:58.463,BCI,TrainBCI,Eye_Opened,eye_tracking,Eye_Opened
12:40:58.510,BCI,TrainBCI,Training_Active_Door1_Start,Door_Single,TAD1S
12:40:58.510,BCI,TrainBCI,LSL_Logger,2026-07-03 12:40:58.510;BCI;TrainBCI;Training_Active_Door1_Start;Door_Single;TAD1S,MarkerSent
12:40:59.645,BCI,TrainBCI,LSL_Logger,2026-07-03 12:40:59.645;BCI;TrainBCI;Eye_Closed;eye_tracking;Eye_Closed,MarkerSent
12:40:59.645,BCI,TrainBCI,Eye_Closed,eye_tracking,Eye_Closed
12:40:59.713,BCI,TrainBCI,LSL_Logger,2026-07-03 12:40:59.713;BCI;TrainBCI;Eye_Opened;eye_tracking;Eye_Opened,MarkerSent
12:40:59.713,BCI,TrainBCI,Eye_Opened,eye_tracking,Eye_Opened
12:41:01.139,BCI,TrainBCI,LSL_Logger,2026-07-03 12:41:01.139;BCI;TrainBCI;Eye_Closed;eye_tracking;Eye_Closed,MarkerSent
12:41:01.139,BCI,TrainBCI,Eye_Closed,eye_tracking,Eye_Closed
12:41:01.220,BCI,TrainBCI,LSL_Logger,2026-07-03 12:41:01.220;BCI;TrainBCI;Eye_Opened;eye_tracking;Eye_Opened,MarkerSent
12:41:01.220,BCI,TrainBCI,Eye_Opened,eye_tracking,Eye_Opened
12:41:02.518,BCI,TrainBCI,Training_Active_Door1_End,Door_Single,TAD1E
12:41:02.518,BCI,TrainBCI,LSL_Logger,2026-07-03 12:41:02.518;BCI;TrainBCI;Training_Active_Door1_End;Door_Single;TAD1E,MarkerSent
12:41:03.071,BCI,TrainBCI,LSL_Logger,2026-07-03 12:41:03.071;BCI;TrainBCI;Eye_Closed;eye_tracking;Eye_Closed,MarkerSent
12:41:03.071,BCI,TrainBCI,Eye_Closed,eye_tracking,Eye_Closed
12:41:03.140,BCI,TrainBCI,LSL_Logger,2026-07-03 12:41:03.140;BCI;TrainBCI;Eye_Opened;eye_tracking;Eye_Opened,MarkerSent
12:41:03.140,BCI,TrainBCI,Eye_Opened,eye_tracking,Eye_Opened
12:41:04.439,BCI,TrainBCI,LSL_Logger,2026-07-03 12:41:04.439;BCI;TrainBCI;Eye_Closed;eye_tracking;Eye_Closed,MarkerSent
12:41:04.439,BCI,TrainBCI,Eye_Closed,eye_tracking,Eye_Closed
12:41:04.507,BCI,TrainBCI,LSL_Logger,2026-07-03 12:41:04.507;BCI;TrainBCI;Eye_Opened;eye_tracking;Eye_Opened,MarkerSent
12:41:04.507,BCI,TrainBCI,Eye_Opened,eye_tracking,Eye_Opened
12:41:04.950,BCI,TrainBCI,LSL_Logger,2026-07-03 12:41:04.950;BCI;TrainBCI;Eye_Closed;eye_tracking;Eye_Closed,MarkerSent
12:41:04.950,BCI,TrainBCI,Eye_Closed,eye_tracking,Eye_Closed
12:41:05.075,BCI,TrainBCI,LSL_Logger,2026-07-03 12:41:05.075;BCI;TrainBCI;Eye_Opened;eye_tracking;Eye_Opened,MarkerSent
12:41:05.075,BCI,TrainBCI,Eye_Opened,eye_tracking,Eye_Opened
12:41:05.433,BCI,TrainBCI,LSL_Logger,2026-07-03 12:41:05.433;BCI;TrainBCI;Eye_Closed;eye_tracking;Eye_Closed,MarkerSent
12:41:05.433,BCI,TrainBCI,Eye_Closed,eye_tracking,Eye_Closed
12:41:05.571,BCI,TrainBCI,LSL_Logger,2026-07-03 12:41:05.571;BCI;TrainBCI;Eye_Opened;eye_tracking;Eye_Opened,MarkerSent
12:41:05.571,BCI,TrainBCI,Eye_Opened,eye_tracking,Eye_Opened
12:41:05.836,BCI,TrainBCI,LSL_Logger,2026-07-03 12:41:05.836;BCI;TrainBCI;Eye_Closed;eye_tracking;Eye_Closed,MarkerSent
12:41:05.836,BCI,TrainBCI,Eye_Closed,eye_tracking,Eye_Closed
12:41:05.953,BCI,TrainBCI,LSL_Logger,2026-07-03 12:41:05.953;BCI;TrainBCI;Eye_Opened;eye_tracking;Eye_Opened,MarkerSent
12:41:05.953,BCI,TrainBCI,Eye_Opened,eye_tracking,Eye_Opened
12:41:06.236,BCI,TrainBCI,LSL_Logger,2026-07-03 12:41:06.236;BCI;TrainBCI;Eye_Closed;eye_tracking;Eye_Closed,MarkerSent
12:41:06.236,BCI,TrainBCI,Eye_Closed,eye_tracking,Eye_Closed
12:41:06.360,BCI,TrainBCI,LSL_Logger,2026-07-03 12:41:06.360;BCI;TrainBCI;Eye_Opened;eye_tracking;Eye_Opened,MarkerSent
12:41:06.360,BCI,TrainBCI,Eye_Opened,eye_tracking,Eye_Opened
12:41:06.522,BCI,TrainBCI,Active_Training_Door2_Start,Door_Double,TAD2S
12:41:06.522,BCI,TrainBCI,LSL_Logger,2026-07-03 12:41:06.522;BCI;TrainBCI;Active_Training_Door2_Start;Door_Double;TAD2S,MarkerSent
12:41:07.890,BCI,TrainBCI,LSL_Logger,2026-07-03 12:41:07.890;BCI;TrainBCI;Eye_Closed;eye_tracking;Eye_Closed,MarkerSent
12:41:07.890,BCI,TrainBCI,Eye_Closed,eye_tracking,Eye_Closed
12:41:07.958,BCI,TrainBCI,LSL_Logger,2026-07-03 12:41:07.958;BCI;TrainBCI;Eye_Opened;eye_tracking;Eye_Opened,MarkerSent
12:41:07.958,BCI,TrainBCI,Eye_Opened,eye_tracking,Eye_Opened
12:41:09.766,BCI,TrainBCI,LSL_Logger,2026-07-03 12:41:09.766;BCI;TrainBCI;Eye_Closed;eye_tracking;Eye_Closed,MarkerSent
12:41:09.766,BCI,TrainBCI,Eye_Closed,eye_tracking,Eye_Closed
12:41:09.835,BCI,TrainBCI,LSL_Logger,2026-07-03 12:41:09.835;BCI;TrainBCI;Eye_Opened;eye_tracking;Eye_Opened,MarkerSent
12:41:09.835,BCI,TrainBCI,Eye_Opened,eye_tracking,Eye_Opened
12:41:10.528,BCI,TrainBCI,Active_Training_Door2_End,Door_Double,TAD2E
12:41:10.528,BCI,TrainBCI,LSL_Logger,2026-07-03 12:41:10.528;BCI;TrainBCI;Active_Training_Door2_End;Door_Double;TAD2E,MarkerSent
12:41:11.957,BCI,TrainBCI,LSL_Logger,2026-07-03 12:41:11.957;BCI;TrainBCI;Eye_Closed;eye_tracking;Eye_Closed,MarkerSent
12:41:11.957,BCI,TrainBCI,Eye_Closed,eye_tracking,Eye_Closed
12:41:11.969,BCI,TrainBCI,LSL_Logger,2026-07-03 12:41:11.969;BCI;TrainBCI;Eye_Opened;eye_tracking;Eye_Opened,MarkerSent
12:41:11.969,BCI,TrainBCI,Eye_Opened,eye_tracking,Eye_Opened
12:41:13.055,BCI,TrainBCI,LSL_Logger,2026-07-03 12:41:13.055;BCI;TrainBCI;Eye_Closed;eye_tracking;Eye_Closed,MarkerSent
12:41:13.055,BCI,TrainBCI,Eye_Closed,eye_tracking,Eye_Closed
12:41:13.066,BCI,TrainBCI,LSL_Logger,2026-07-03 12:41:13.066;BCI;TrainBCI;Eye_Opened;eye_tracking;Eye_Opened,MarkerSent
12:41:13.066,BCI,TrainBCI,Eye_Opened,eye_tracking,Eye_Opened
12:41:13.434,BCI,TrainBCI,LSL_Logger,2026-07-03 12:41:13.434;BCI;TrainBCI;Eye_Closed;eye_tracking;Eye_Closed,MarkerSent
12:41:13.434,BCI,TrainBCI,Eye_Closed,eye_tracking,Eye_Closed
12:41:13.521,BCI,TrainBCI,LSL_Logger,2026-07-03 12:41:13.521;BCI;TrainBCI;Eye_Opened;eye_tracking;Eye_Opened,MarkerSent
12:41:13.521,BCI,TrainBCI,Eye_Opened,eye_tracking,Eye_Opened
12:41:13.785,BCI,TrainBCI,LSL_Logger,2026-07-03 12:41:13.785;BCI;TrainBCI;Eye_Closed;eye_tracking;Eye_Closed,MarkerSent
12:41:13.785,BCI,TrainBCI,Eye_Closed,eye_tracking,Eye_Closed
12:41:13.875,BCI,TrainBCI,LSL_Logger,2026-07-03 12:41:13.875;BCI;TrainBCI;Eye_Opened;eye_tracking;Eye_Opened,MarkerSent
12:41:13.875,BCI,TrainBCI,Eye_Opened,eye_tracking,Eye_Opened
12:41:14.222,BCI,TrainBCI,LSL_Logger,2026-07-03 12:41:14.222;BCI;TrainBCI;Eye_Closed;eye_tracking;Eye_Closed,MarkerSent
12:41:14.222,BCI,TrainBCI,Eye_Closed,eye_tracking,Eye_Closed
12:41:14.333,BCI,TrainBCI,LSL_Logger,2026-07-03 12:41:14.333;BCI;TrainBCI;Eye_Opened;eye_tracking;Eye_Opened,MarkerSent
12:41:14.333,BCI,TrainBCI,Eye_Opened,eye_tracking,Eye_Opened
12:41:14.536,BCI,TrainBCI,Training_Active_Door1_Start,Door_Single,TAD1S
12:41:14.536,BCI,TrainBCI,LSL_Logger,2026-07-03 12:41:14.536;BCI;TrainBCI;Training_Active_Door1_Start;Door_Single;TAD1S,MarkerSent
12:41:14.673,BCI,TrainBCI,LSL_Logger,2026-07-03 12:41:14.673;BCI;TrainBCI;Eye_Closed;eye_tracking;Eye_Closed,MarkerSent
12:41:14.673,BCI,TrainBCI,Eye_Closed,eye_tracking,Eye_Closed
12:41:14.706,BCI,TrainBCI,LSL_Logger,2026-07-03 12:41:14.706;BCI;TrainBCI;Eye_Opened;eye_tracking;Eye_Opened,MarkerSent
12:41:14.706,BCI,TrainBCI,Eye_Opened,eye_tracking,Eye_Opened
12:41:18.453,BCI,TrainBCI,LSL_Logger,2026-07-03 12:41:18.453;BCI;TrainBCI;Eye_Closed;eye_tracking;Eye_Closed,MarkerSent
12:41:18.453,BCI,TrainBCI,Eye_Closed,eye_tracking,Eye_Closed
12:41:18.541,BCI,TrainBCI,LSL_Logger,2026-07-03 12:41:18.541;BCI;TrainBCI;Eye_Opened;eye_tracking;Eye_Opened,MarkerSent
12:41:18.541,BCI,TrainBCI,Eye_Opened,eye_tracking,Eye_Opened
12:41:18.541,BCI,TrainBCI,Training_Active_Door1_End,Door_Single,TAD1E
12:41:18.541,BCI,TrainBCI,LSL_Logger,2026-07-03 12:41:18.541;BCI;TrainBCI;Training_Active_Door1_End;Door_Single;TAD1E,MarkerSent
12:41:19.005,BCI,TrainBCI,LSL_Logger,2026-07-03 12:41:19.005;BCI;TrainBCI;Eye_Closed;eye_tracking;Eye_Closed,MarkerSent
12:41:19.005,BCI,TrainBCI,Eye_Closed,eye_tracking,Eye_Closed
12:41:19.119,BCI,TrainBCI,LSL_Logger,2026-07-03 12:41:19.119;BCI;TrainBCI;Eye_Opened;eye_tracking;Eye_Opened,MarkerSent
12:41:19.119,BCI,TrainBCI,Eye_Opened,eye_tracking,Eye_Opened
12:41:19.697,BCI,TrainBCI,LSL_Logger,2026-07-03 12:41:19.697;BCI;TrainBCI;Eye_Closed;eye_tracking;Eye_Closed,MarkerSent
12:41:19.697,BCI,TrainBCI,Eye_Closed,eye_tracking,Eye_Closed
12:41:19.841,BCI,TrainBCI,LSL_Logger,2026-07-03 12:41:19.841;BCI;TrainBCI;Eye_Opened;eye_tracking;Eye_Opened,MarkerSent
12:41:19.841,BCI,TrainBCI,Eye_Opened,eye_tracking,Eye_Opened
12:41:20.251,BCI,TrainBCI,LSL_Logger,2026-07-03 12:41:20.251;BCI;TrainBCI;Eye_Closed;eye_tracking;Eye_Closed,MarkerSent
12:41:20.251,BCI,TrainBCI,Eye_Closed,eye_tracking,Eye_Closed
12:41:20.351,BCI,TrainBCI,LSL_Logger,2026-07-03 12:41:20.351;BCI;TrainBCI;Eye_Opened;eye_tracking;Eye_Opened,MarkerSent
12:41:20.351,BCI,TrainBCI,Eye_Opened,eye_tracking,Eye_Opened
12:41:20.814,BCI,TrainBCI,LSL_Logger,2026-07-03 12:41:20.814;BCI;TrainBCI;Eye_Closed;eye_tracking;Eye_Closed,MarkerSent
12:41:20.814,BCI,TrainBCI,Eye_Closed,eye_tracking,Eye_Closed
12:41:20.918,BCI,TrainBCI,LSL_Logger,2026-07-03 12:41:20.918;BCI;TrainBCI;Eye_Opened;eye_tracking;Eye_Opened,MarkerSent
12:41:20.918,BCI,TrainBCI,Eye_Opened,eye_tracking,Eye_Opened
12:41:21.405,BCI,TrainBCI,LSL_Logger,2026-07-03 12:41:21.405;BCI;TrainBCI;Eye_Closed;eye_tracking;Eye_Closed,MarkerSent
12:41:21.405,BCI,TrainBCI,Eye_Closed,eye_tracking,Eye_Closed
12:41:21.605,BCI,TrainBCI,LSL_Logger,2026-07-03 12:41:21.605;BCI;TrainBCI;Eye_Opened;eye_tracking;Eye_Opened,MarkerSent
12:41:21.605,BCI,TrainBCI,Eye_Opened,eye_tracking,Eye_Opened
12:41:22.446,BCI,TrainBCI,LSL_Logger,2026-07-03 12:41:22.446;BCI;TrainBCI;Eye_Closed;eye_tracking;Eye_Closed,MarkerSent
12:41:22.446,BCI,TrainBCI,Eye_Closed,eye_tracking,Eye_Closed
12:41:22.545,BCI,TrainBCI,Active_Training_Door2_Start,Door_Double,TAD2S
12:41:22.545,BCI,TrainBCI,LSL_Logger,2026-07-03 12:41:22.545;BCI;TrainBCI;Active_Training_Door2_Start;Door_Double;TAD2S,MarkerSent
12:41:22.563,BCI,TrainBCI,LSL_Logger,2026-07-03 12:41:22.563;BCI;TrainBCI;Eye_Opened;eye_tracking;Eye_Opened,MarkerSent
12:41:22.563,BCI,TrainBCI,Eye_Opened,eye_tracking,Eye_Opened
12:41:23.814,BCI,TrainBCI,LSL_Logger,2026-07-03 12:41:23.814;BCI;TrainBCI;Eye_Closed;eye_tracking;Eye_Closed,MarkerSent
12:41:23.814,BCI,TrainBCI,Eye_Closed,eye_tracking,Eye_Closed
12:41:23.914,BCI,TrainBCI,LSL_Logger,2026-07-03 12:41:23.914;BCI;TrainBCI;Eye_Opened;eye_tracking;Eye_Opened,MarkerSent
12:41:23.914,BCI,TrainBCI,Eye_Opened,eye_tracking,Eye_Opened
12:41:25.617,BCI,TrainBCI,LSL_Logger,2026-07-03 12:41:25.617;BCI;TrainBCI;Eye_Closed;eye_tracking;Eye_Closed,MarkerSent
12:41:25.617,BCI,TrainBCI,Eye_Closed,eye_tracking,Eye_Closed
12:41:25.685,BCI,TrainBCI,LSL_Logger,2026-07-03 12:41:25.685;BCI;TrainBCI;Eye_Opened;eye_tracking;Eye_Opened,MarkerSent
12:41:25.685,BCI,TrainBCI,Eye_Opened,eye_tracking,Eye_Opened
12:41:26.555,BCI,TrainBCI,Active_Training_Door2_End,Door_Double,TAD2E
12:41:26.555,BCI,TrainBCI,LSL_Logger,2026-07-03 12:41:26.555;BCI;TrainBCI;Active_Training_Door2_End;Door_Double;TAD2E,MarkerSent
12:41:26.613,BCI,TrainBCI,LSL_Logger,2026-07-03 12:41:26.613;BCI;TrainBCI;Eye_Closed;eye_tracking;Eye_Closed,MarkerSent
12:41:26.613,BCI,TrainBCI,Eye_Closed,eye_tracking,Eye_Closed
12:41:26.678,BCI,TrainBCI,LSL_Logger,2026-07-03 12:41:26.678;BCI;TrainBCI;Eye_Opened;eye_tracking;Eye_Opened,MarkerSent
12:41:26.678,BCI,TrainBCI,Eye_Opened,eye_tracking,Eye_Opened
12:41:27.194,BCI,TrainBCI,LSL_Logger,2026-07-03 12:41:27.194;BCI;TrainBCI;Eye_Closed;eye_tracking;Eye_Closed,MarkerSent
12:41:27.194,BCI,TrainBCI,Eye_Closed,eye_tracking,Eye_Closed
12:41:27.285,BCI,TrainBCI,LSL_Logger,2026-07-03 12:41:27.285;BCI;TrainBCI;Eye_Opened;eye_tracking;Eye_Opened,MarkerSent
12:41:27.285,BCI,TrainBCI,Eye_Opened,eye_tracking,Eye_Opened
12:41:27.696,BCI,TrainBCI,LSL_Logger,2026-07-03 12:41:27.696;BCI;TrainBCI;Eye_Closed;eye_tracking;Eye_Closed,MarkerSent
12:41:27.696,BCI,TrainBCI,Eye_Closed,eye_tracking,Eye_Closed
12:41:27.832,BCI,TrainBCI,LSL_Logger,2026-07-03 12:41:27.832;BCI;TrainBCI;Eye_Opened;eye_tracking;Eye_Opened,MarkerSent
12:41:27.832,BCI,TrainBCI,Eye_Opened,eye_tracking,Eye_Opened
12:41:28.276,BCI,TrainBCI,LSL_Logger,2026-07-03 12:41:28.276;BCI;TrainBCI;Eye_Closed;eye_tracking;Eye_Closed,MarkerSent
12:41:28.276,BCI,TrainBCI,Eye_Closed,eye_tracking,Eye_Closed
12:41:28.411,BCI,TrainBCI,LSL_Logger,2026-07-03 12:41:28.411;BCI;TrainBCI;Eye_Opened;eye_tracking;Eye_Opened,MarkerSent
12:41:28.411,BCI,TrainBCI,Eye_Opened,eye_tracking,Eye_Opened
12:41:29.037,BCI,TrainBCI,LSL_Logger,2026-07-03 12:41:29.037;BCI;TrainBCI;Eye_Closed;eye_tracking;Eye_Closed,MarkerSent
12:41:29.037,BCI,TrainBCI,Eye_Closed,eye_tracking,Eye_Closed
12:41:29.111,BCI,TrainBCI,LSL_Logger,2026-07-03 12:41:29.111;BCI;TrainBCI;Eye_Opened;eye_tracking;Eye_Opened,MarkerSent
12:41:29.111,BCI,TrainBCI,Eye_Opened,eye_tracking,Eye_Opened
12:41:29.612,BCI,TrainBCI,LSL_Logger,2026-07-03 12:41:29.612;BCI;TrainBCI;Eye_Closed;eye_tracking;Eye_Closed,MarkerSent
12:41:29.612,BCI,TrainBCI,Eye_Closed,eye_tracking,Eye_Closed
12:41:29.679,BCI,TrainBCI,LSL_Logger,2026-07-03 12:41:29.679;BCI;TrainBCI;Eye_Opened;eye_tracking;Eye_Opened,MarkerSent
12:41:29.679,BCI,TrainBCI,Eye_Opened,eye_tracking,Eye_Opened
12:41:30.233,BCI,TrainBCI,LSL_Logger,2026-07-03 12:41:30.233;BCI;TrainBCI;Eye_Closed;eye_tracking;Eye_Closed,MarkerSent
12:41:30.233,BCI,TrainBCI,Eye_Closed,eye_tracking,Eye_Closed
12:41:30.321,BCI,TrainBCI,LSL_Logger,2026-07-03 12:41:30.321;BCI;TrainBCI;Eye_Opened;eye_tracking;Eye_Opened,MarkerSent
12:41:30.321,BCI,TrainBCI,Eye_Opened,eye_tracking,Eye_Opened
12:41:30.567,BCI,TrainBCI,Active_Training_Door2_Start,Door_Double,TAD2S
12:41:30.567,BCI,TrainBCI,LSL_Logger,2026-07-03 12:41:30.567;BCI;TrainBCI;Active_Training_Door2_Start;Door_Double;TAD2S,MarkerSent
12:41:32.514,BCI,TrainBCI,LSL_Logger,2026-07-03 12:41:32.514;BCI;TrainBCI;Eye_Closed;eye_tracking;Eye_Closed,MarkerSent
12:41:32.514,BCI,TrainBCI,Eye_Closed,eye_tracking,Eye_Closed
12:41:32.581,BCI,TrainBCI,LSL_Logger,2026-07-03 12:41:32.581;BCI;TrainBCI;Eye_Opened;eye_tracking;Eye_Opened,MarkerSent
12:41:32.581,BCI,TrainBCI,Eye_Opened,eye_tracking,Eye_Opened
12:41:34.571,BCI,TrainBCI,Active_Training_Door2_End,Door_Double,TAD2E
12:41:34.571,BCI,TrainBCI,LSL_Logger,2026-07-03 12:41:34.571;BCI;TrainBCI;Active_Training_Door2_End;Door_Double;TAD2E,MarkerSent
12:41:35.084,BCI,TrainBCI,LSL_Logger,2026-07-03 12:41:35.084;BCI;TrainBCI;Eye_Closed;eye_tracking;Eye_Closed,MarkerSent
12:41:35.084,BCI,TrainBCI,Eye_Closed,eye_tracking,Eye_Closed
12:41:35.381,BCI,TrainBCI,LSL_Logger,2026-07-03 12:41:35.381;BCI;TrainBCI;Eye_Opened;eye_tracking;Eye_Opened,MarkerSent
12:41:35.381,BCI,TrainBCI,Eye_Opened,eye_tracking,Eye_Opened
12:41:36.231,BCI,TrainBCI,LSL_Logger,2026-07-03 12:41:36.231;BCI;TrainBCI;Eye_Closed;eye_tracking;Eye_Closed,MarkerSent
12:41:36.231,BCI,TrainBCI,Eye_Closed,eye_tracking,Eye_Closed
12:41:36.334,BCI,TrainBCI,LSL_Logger,2026-07-03 12:41:36.334;BCI;TrainBCI;Eye_Opened;eye_tracking;Eye_Opened,MarkerSent
12:41:36.334,BCI,TrainBCI,Eye_Opened,eye_tracking,Eye_Opened
12:41:37.314,BCI,TrainBCI,LSL_Logger,2026-07-03 12:41:37.314;BCI;TrainBCI;Eye_Closed;eye_tracking;Eye_Closed,MarkerSent
12:41:37.314,BCI,TrainBCI,Eye_Closed,eye_tracking,Eye_Closed
12:41:37.408,BCI,TrainBCI,LSL_Logger,2026-07-03 12:41:37.408;BCI;TrainBCI;Eye_Opened;eye_tracking;Eye_Opened,MarkerSent
12:41:37.408,BCI,TrainBCI,Eye_Opened,eye_tracking,Eye_Opened
12:41:37.957,BCI,TrainBCI,LSL_Logger,2026-07-03 12:41:37.957;BCI;TrainBCI;Eye_Closed;eye_tracking;Eye_Closed,MarkerSent
12:41:37.957,BCI,TrainBCI,Eye_Closed,eye_tracking,Eye_Closed
12:41:38.046,BCI,TrainBCI,LSL_Logger,2026-07-03 12:41:38.046;BCI;TrainBCI;Eye_Opened;eye_tracking;Eye_Opened,MarkerSent
12:41:38.046,BCI,TrainBCI,Eye_Opened,eye_tracking,Eye_Opened
12:41:38.378,BCI,TrainBCI,LSL_Logger,2026-07-03 12:41:38.378;BCI;TrainBCI;Eye_Closed;eye_tracking;Eye_Closed,MarkerSent
12:41:38.378,BCI,TrainBCI,Eye_Closed,eye_tracking,Eye_Closed
12:41:38.477,BCI,TrainBCI,LSL_Logger,2026-07-03 12:41:38.477;BCI;TrainBCI;Eye_Opened;eye_tracking;Eye_Opened,MarkerSent
12:41:38.477,BCI,TrainBCI,Eye_Opened,eye_tracking,Eye_Opened
12:41:38.582,BCI,TrainBCI,Training_Active_Door1_Start,Door_Single,TAD1S
12:41:38.582,BCI,TrainBCI,LSL_Logger,2026-07-03 12:41:38.582;BCI;TrainBCI;Training_Active_Door1_Start;Door_Single;TAD1S,MarkerSent
12:41:41.128,BCI,TrainBCI,LSL_Logger,2026-07-03 12:41:41.128;BCI;TrainBCI;Eye_Closed;eye_tracking;Eye_Closed,MarkerSent
12:41:41.128,BCI,TrainBCI,Eye_Closed,eye_tracking,Eye_Closed
12:41:41.185,BCI,TrainBCI,LSL_Logger,2026-07-03 12:41:41.185;BCI;TrainBCI;Eye_Opened;eye_tracking;Eye_Opened,MarkerSent
12:41:41.185,BCI,TrainBCI,Eye_Opened,eye_tracking,Eye_Opened
12:41:42.591,BCI,TrainBCI,Training_Active_Door1_End,Door_Single,TAD1E
12:41:42.591,BCI,TrainBCI,LSL_Logger,2026-07-03 12:41:42.591;BCI;TrainBCI;Training_Active_Door1_End;Door_Single;TAD1E,MarkerSent
12:41:43.116,BCI,TrainBCI,LSL_Logger,2026-07-03 12:41:43.116;BCI;TrainBCI;Eye_Closed;eye_tracking;Eye_Closed,MarkerSent
12:41:43.116,BCI,TrainBCI,Eye_Closed,eye_tracking,Eye_Closed
12:41:43.407,BCI,TrainBCI,LSL_Logger,2026-07-03 12:41:43.407;BCI;TrainBCI;Eye_Opened;eye_tracking;Eye_Opened,MarkerSent
12:41:43.407,BCI,TrainBCI,Eye_Opened,eye_tracking,Eye_Opened
12:41:43.658,BCI,TrainBCI,LSL_Logger,2026-07-03 12:41:43.658;BCI;TrainBCI;Eye_Closed;eye_tracking;Eye_Closed,MarkerSent
12:41:43.658,BCI,TrainBCI,Eye_Closed,eye_tracking,Eye_Closed
12:41:43.746,BCI,TrainBCI,LSL_Logger,2026-07-03 12:41:43.746;BCI;TrainBCI;Eye_Opened;eye_tracking;Eye_Opened,MarkerSent
12:41:43.746,BCI,TrainBCI,Eye_Opened,eye_tracking,Eye_Opened
12:41:44.365,BCI,TrainBCI,LSL_Logger,2026-07-03 12:41:44.365;BCI;TrainBCI;Eye_Closed;eye_tracking;Eye_Closed,MarkerSent
12:41:44.365,BCI,TrainBCI,Eye_Closed,eye_tracking,Eye_Closed
12:41:44.407,BCI,TrainBCI,LSL_Logger,2026-07-03 12:41:44.407;BCI;TrainBCI;Eye_Opened;eye_tracking;Eye_Opened,MarkerSent
12:41:44.407,BCI,TrainBCI,Eye_Opened,eye_tracking,Eye_Opened
12:41:44.981,BCI,TrainBCI,LSL_Logger,2026-07-03 12:41:44.981;BCI;TrainBCI;Eye_Closed;eye_tracking;Eye_Closed,MarkerSent
12:41:44.981,BCI,TrainBCI,Eye_Closed,eye_tracking,Eye_Closed
12:41:45.060,BCI,TrainBCI,LSL_Logger,2026-07-03 12:41:45.060;BCI;TrainBCI;Eye_Opened;eye_tracking;Eye_Opened,MarkerSent
12:41:45.060,BCI,TrainBCI,Eye_Opened,eye_tracking,Eye_Opened
12:41:45.679,BCI,TrainBCI,LSL_Logger,2026-07-03 12:41:45.679;BCI;TrainBCI;Eye_Closed;eye_tracking;Eye_Closed,MarkerSent
12:41:45.679,BCI,TrainBCI,Eye_Closed,eye_tracking,Eye_Closed
12:41:45.727,BCI,TrainBCI,LSL_Logger,2026-07-03 12:41:45.727;BCI;TrainBCI;Eye_Opened;eye_tracking;Eye_Opened,MarkerSent
12:41:45.727,BCI,TrainBCI,Eye_Opened,eye_tracking,Eye_Opened
12:41:46.256,BCI,TrainBCI,LSL_Logger,2026-07-03 12:41:46.256;BCI;TrainBCI;Eye_Closed;eye_tracking;Eye_Closed,MarkerSent
12:41:46.256,BCI,TrainBCI,Eye_Closed,eye_tracking,Eye_Closed
12:41:46.344,BCI,TrainBCI,LSL_Logger,2026-07-03 12:41:46.344;BCI;TrainBCI;Eye_Opened;eye_tracking;Eye_Opened,MarkerSent
12:41:46.344,BCI,TrainBCI,Eye_Opened,eye_tracking,Eye_Opened
12:41:46.601,BCI,TrainBCI,Training_Active_Door1_Start,Door_Single,TAD1S
12:41:46.601,BCI,TrainBCI,LSL_Logger,2026-07-03 12:41:46.601;BCI;TrainBCI;Training_Active_Door1_Start;Door_Single;TAD1S,MarkerSent
12:41:46.613,BCI,TrainBCI,LSL_Logger,2026-07-03 12:41:46.613;BCI;TrainBCI;Eye_Closed;eye_tracking;Eye_Closed,MarkerSent
12:41:46.613,BCI,TrainBCI,Eye_Closed,eye_tracking,Eye_Closed
12:41:46.697,BCI,TrainBCI,LSL_Logger,2026-07-03 12:41:46.697;BCI;TrainBCI;Eye_Opened;eye_tracking;Eye_Opened,MarkerSent
12:41:46.697,BCI,TrainBCI,Eye_Opened,eye_tracking,Eye_Opened
12:41:48.244,BCI,TrainBCI,LSL_Logger,2026-07-03 12:41:48.244;BCI;TrainBCI;Eye_Closed;eye_tracking;Eye_Closed,MarkerSent
12:41:48.244,BCI,TrainBCI,Eye_Closed,eye_tracking,Eye_Closed
12:41:48.277,BCI,TrainBCI,LSL_Logger,2026-07-03 12:41:48.277;BCI;TrainBCI;Eye_Opened;eye_tracking;Eye_Opened,MarkerSent
12:41:48.277,BCI,TrainBCI,Eye_Opened,eye_tracking,Eye_Opened
12:41:48.979,BCI,TrainBCI,LSL_Logger,2026-07-03 12:41:48.979;BCI;TrainBCI;Eye_Closed;eye_tracking;Eye_Closed,MarkerSent
12:41:48.979,BCI,TrainBCI,Eye_Closed,eye_tracking,Eye_Closed
12:41:49.013,BCI,TrainBCI,LSL_Logger,2026-07-03 12:41:49.013;BCI;TrainBCI;Eye_Opened;eye_tracking;Eye_Opened,MarkerSent
12:41:49.013,BCI,TrainBCI,Eye_Opened,eye_tracking,Eye_Opened
12:41:50.359,BCI,TrainBCI,LSL_Logger,2026-07-03 12:41:50.359;BCI;TrainBCI;Eye_Closed;eye_tracking;Eye_Closed,MarkerSent
12:41:50.359,BCI,TrainBCI,Eye_Closed,eye_tracking,Eye_Closed
12:41:50.371,BCI,TrainBCI,LSL_Logger,2026-07-03 12:41:50.371;BCI;TrainBCI;Eye_Opened;eye_tracking;Eye_Opened,MarkerSent
12:41:50.371,BCI,TrainBCI,Eye_Opened,eye_tracking,Eye_Opened
12:41:50.606,BCI,TrainBCI,Training_Active_Door1_End,Door_Single,TAD1E
12:41:50.606,BCI,TrainBCI,LSL_Logger,2026-07-03 12:41:50.606;BCI;TrainBCI;Training_Active_Door1_End;Door_Single;TAD1E,MarkerSent
12:41:50.927,BCI,TrainBCI,LSL_Logger,2026-07-03 12:41:50.927;BCI;TrainBCI;Eye_Closed;eye_tracking;Eye_Closed,MarkerSent
12:41:50.927,BCI,TrainBCI,Eye_Closed,eye_tracking,Eye_Closed
12:41:51.041,BCI,TrainBCI,LSL_Logger,2026-07-03 12:41:51.041;BCI;TrainBCI;Eye_Opened;eye_tracking;Eye_Opened,MarkerSent
12:41:51.041,BCI,TrainBCI,Eye_Opened,eye_tracking,Eye_Opened
12:41:51.609,BCI,TrainBCI,LSL_Logger,2026-07-03 12:41:51.609;BCI;TrainBCI;Eye_Closed;eye_tracking;Eye_Closed,MarkerSent
12:41:51.609,BCI,TrainBCI,Eye_Closed,eye_tracking,Eye_Closed
12:41:51.688,BCI,TrainBCI,LSL_Logger,2026-07-03 12:41:51.688;BCI;TrainBCI;Eye_Opened;eye_tracking;Eye_Opened,MarkerSent
12:41:51.688,BCI,TrainBCI,Eye_Opened,eye_tracking,Eye_Opened
12:41:52.127,BCI,TrainBCI,LSL_Logger,2026-07-03 12:41:52.127;BCI;TrainBCI;Eye_Closed;eye_tracking;Eye_Closed,MarkerSent
12:41:52.127,BCI,TrainBCI,Eye_Closed,eye_tracking,Eye_Closed
12:41:52.213,BCI,TrainBCI,LSL_Logger,2026-07-03 12:41:52.213;BCI;TrainBCI;Eye_Opened;eye_tracking;Eye_Opened,MarkerSent
12:41:52.213,BCI,TrainBCI,Eye_Opened,eye_tracking,Eye_Opened
12:41:52.572,BCI,TrainBCI,LSL_Logger,2026-07-03 12:41:52.572;BCI;TrainBCI;Eye_Closed;eye_tracking;Eye_Closed,MarkerSent
12:41:52.572,BCI,TrainBCI,Eye_Closed,eye_tracking,Eye_Closed
12:41:52.628,BCI,TrainBCI,LSL_Logger,2026-07-03 12:41:52.628;BCI;TrainBCI;Eye_Opened;eye_tracking;Eye_Opened,MarkerSent
12:41:52.628,BCI,TrainBCI,Eye_Opened,eye_tracking,Eye_Opened
12:41:53.405,BCI,TrainBCI,LSL_Logger,2026-07-03 12:41:53.405;BCI;TrainBCI;Eye_Closed;eye_tracking;Eye_Closed,MarkerSent
12:41:53.405,BCI,TrainBCI,Eye_Closed,eye_tracking,Eye_Closed
12:41:53.493,BCI,TrainBCI,LSL_Logger,2026-07-03 12:41:53.493;BCI;TrainBCI;Eye_Opened;eye_tracking;Eye_Opened,MarkerSent
12:41:53.493,BCI,TrainBCI,Eye_Opened,eye_tracking,Eye_Opened
12:41:54.020,BCI,TrainBCI,LSL_Logger,2026-07-03 12:41:54.020;BCI;TrainBCI;Eye_Closed;eye_tracking;Eye_Closed,MarkerSent
12:41:54.020,BCI,TrainBCI,Eye_Closed,eye_tracking,Eye_Closed
12:41:54.087,BCI,TrainBCI,LSL_Logger,2026-07-03 12:41:54.087;BCI;TrainBCI;Eye_Opened;eye_tracking;Eye_Opened,MarkerSent
12:41:54.087,BCI,TrainBCI,Eye_Opened,eye_tracking,Eye_Opened
12:41:54.625,BCI,TrainBCI,Active_Training_Door2_Start,Door_Double,TAD2S
12:41:54.625,BCI,TrainBCI,LSL_Logger,2026-07-03 12:41:54.625;BCI;TrainBCI;Active_Training_Door2_Start;Door_Double;TAD2S,MarkerSent
12:41:54.727,BCI,TrainBCI,LSL_Logger,2026-07-03 12:41:54.727;BCI;TrainBCI;Eye_Closed;eye_tracking;Eye_Closed,MarkerSent
12:41:54.727,BCI,TrainBCI,Eye_Closed,eye_tracking,Eye_Closed
12:41:54.774,BCI,TrainBCI,LSL_Logger,2026-07-03 12:41:54.774;BCI;TrainBCI;Eye_Opened;eye_tracking;Eye_Opened,MarkerSent
12:41:54.774,BCI,TrainBCI,Eye_Opened,eye_tracking,Eye_Opened
12:41:55.705,BCI,TrainBCI,LSL_Logger,2026-07-03 12:41:55.705;BCI;TrainBCI;Eye_Closed;eye_tracking;Eye_Closed,MarkerSent
12:41:55.705,BCI,TrainBCI,Eye_Closed,eye_tracking,Eye_Closed
12:41:55.796,BCI,TrainBCI,LSL_Logger,2026-07-03 12:41:55.796;BCI;TrainBCI;Eye_Opened;eye_tracking;Eye_Opened,MarkerSent
12:41:55.796,BCI,TrainBCI,Eye_Opened,eye_tracking,Eye_Opened
12:41:56.369,BCI,TrainBCI,LSL_Logger,2026-07-03 12:41:56.369;BCI;TrainBCI;Eye_Closed;eye_tracking;Eye_Closed,MarkerSent
12:41:56.369,BCI,TrainBCI,Eye_Closed,eye_tracking,Eye_Closed
12:41:56.426,BCI,TrainBCI,LSL_Logger,2026-07-03 12:41:56.426;BCI;TrainBCI;Eye_Opened;eye_tracking;Eye_Opened,MarkerSent
12:41:56.426,BCI,TrainBCI,Eye_Opened,eye_tracking,Eye_Opened
12:41:58.143,BCI,TrainBCI,LSL_Logger,2026-07-03 12:41:58.143;BCI;TrainBCI;Eye_Closed;eye_tracking;Eye_Closed,MarkerSent
12:41:58.143,BCI,TrainBCI,Eye_Closed,eye_tracking,Eye_Closed
12:41:58.176,BCI,TrainBCI,LSL_Logger,2026-07-03 12:41:58.176;BCI;TrainBCI;Eye_Opened;eye_tracking;Eye_Opened,MarkerSent
12:41:58.176,BCI,TrainBCI,Eye_Opened,eye_tracking,Eye_Opened
12:41:58.634,BCI,TrainBCI,Active_Training_Door2_End,Door_Double,TAD2E
12:41:58.634,BCI,TrainBCI,LSL_Logger,2026-07-03 12:41:58.634;BCI;TrainBCI;Active_Training_Door2_End;Door_Double;TAD2E,MarkerSent
12:41:59.194,BCI,TrainBCI,LSL_Logger,2026-07-03 12:41:59.194;BCI;TrainBCI;Eye_Closed;eye_tracking;Eye_Closed,MarkerSent
12:41:59.194,BCI,TrainBCI,Eye_Closed,eye_tracking,Eye_Closed
12:41:59.542,BCI,TrainBCI,LSL_Logger,2026-07-03 12:41:59.542;BCI;TrainBCI;Eye_Opened;eye_tracking;Eye_Opened,MarkerSent
12:41:59.542,BCI,TrainBCI,Eye_Opened,eye_tracking,Eye_Opened
12:42:00.175,BCI,TrainBCI,LSL_Logger,2026-07-03 12:42:00.175;BCI;TrainBCI;Eye_Closed;eye_tracking;Eye_Closed,MarkerSent
12:42:00.175,BCI,TrainBCI,Eye_Closed,eye_tracking,Eye_Closed
12:42:00.254,BCI,TrainBCI,LSL_Logger,2026-07-03 12:42:00.254;BCI;TrainBCI;Eye_Opened;eye_tracking;Eye_Opened,MarkerSent
12:42:00.254,BCI,TrainBCI,Eye_Opened,eye_tracking,Eye_Opened
12:42:00.991,BCI,TrainBCI,LSL_Logger,2026-07-03 12:42:00.991;BCI;TrainBCI;Eye_Closed;eye_tracking;Eye_Closed,MarkerSent
12:42:00.991,BCI,TrainBCI,Eye_Closed,eye_tracking,Eye_Closed
12:42:01.085,BCI,TrainBCI,LSL_Logger,2026-07-03 12:42:01.085;BCI;TrainBCI;Eye_Opened;eye_tracking;Eye_Opened,MarkerSent
12:42:01.085,BCI,TrainBCI,Eye_Opened,eye_tracking,Eye_Opened
12:42:01.759,BCI,TrainBCI,LSL_Logger,2026-07-03 12:42:01.759;BCI;TrainBCI;Eye_Closed;eye_tracking;Eye_Closed,MarkerSent
12:42:01.759,BCI,TrainBCI,Eye_Closed,eye_tracking,Eye_Closed
12:42:01.805,BCI,TrainBCI,LSL_Logger,2026-07-03 12:42:01.805;BCI;TrainBCI;Eye_Opened;eye_tracking;Eye_Opened,MarkerSent
12:42:01.805,BCI,TrainBCI,Eye_Opened,eye_tracking,Eye_Opened
12:42:02.083,BCI,TrainBCI,LSL_Logger,2026-07-03 12:42:02.083;BCI;TrainBCI;Eye_Closed;eye_tracking;Eye_Closed,MarkerSent
12:42:02.083,BCI,TrainBCI,Eye_Closed,eye_tracking,Eye_Closed
12:42:02.151,BCI,TrainBCI,LSL_Logger,2026-07-03 12:42:02.151;BCI;TrainBCI;Eye_Opened;eye_tracking;Eye_Opened,MarkerSent
12:42:02.151,BCI,TrainBCI,Eye_Opened,eye_tracking,Eye_Opened
12:42:02.645,BCI,TrainBCI,Training_Active_Door1_Start,Door_Single,TAD1S
12:42:02.645,BCI,TrainBCI,LSL_Logger,2026-07-03 12:42:02.645;BCI;TrainBCI;Training_Active_Door1_Start;Door_Single;TAD1S,MarkerSent
12:42:03.172,BCI,TrainBCI,LSL_Logger,2026-07-03 12:42:03.172;BCI;TrainBCI;Eye_Closed;eye_tracking;Eye_Closed,MarkerSent
12:42:03.172,BCI,TrainBCI,Eye_Closed,eye_tracking,Eye_Closed
12:42:03.223,BCI,TrainBCI,LSL_Logger,2026-07-03 12:42:03.223;BCI;TrainBCI;Eye_Opened;eye_tracking;Eye_Opened,MarkerSent
12:42:03.223,BCI,TrainBCI,Eye_Opened,eye_tracking,Eye_Opened
12:42:04.081,BCI,TrainBCI,LSL_Logger,2026-07-03 12:42:04.081;BCI;TrainBCI;Eye_Closed;eye_tracking;Eye_Closed,MarkerSent
12:42:04.081,BCI,TrainBCI,Eye_Closed,eye_tracking,Eye_Closed
12:42:04.138,BCI,TrainBCI,LSL_Logger,2026-07-03 12:42:04.138;BCI;TrainBCI;Eye_Opened;eye_tracking;Eye_Opened,MarkerSent
12:42:04.138,BCI,TrainBCI,Eye_Opened,eye_tracking,Eye_Opened
12:42:06.281,BCI,TrainBCI,LSL_Logger,2026-07-03 12:42:06.281;BCI;TrainBCI;Eye_Closed;eye_tracking;Eye_Closed,MarkerSent
12:42:06.281,BCI,TrainBCI,Eye_Closed,eye_tracking,Eye_Closed
12:42:06.304,BCI,TrainBCI,LSL_Logger,2026-07-03 12:42:06.304;BCI;TrainBCI;Eye_Opened;eye_tracking;Eye_Opened,MarkerSent
12:42:06.304,BCI,TrainBCI,Eye_Opened,eye_tracking,Eye_Opened
12:42:06.646,BCI,TrainBCI,Training_Active_Door1_End,Door_Single,TAD1E
12:42:06.646,BCI,TrainBCI,LSL_Logger,2026-07-03 12:42:06.646;BCI;TrainBCI;Training_Active_Door1_End;Door_Single;TAD1E,MarkerSent
12:42:07.205,BCI,TrainBCI,LSL_Logger,2026-07-03 12:42:07.205;BCI;TrainBCI;Eye_Closed;eye_tracking;Eye_Closed,MarkerSent
12:42:07.205,BCI,TrainBCI,Eye_Closed,eye_tracking,Eye_Closed
12:42:07.250,BCI,TrainBCI,LSL_Logger,2026-07-03 12:42:07.250;BCI;TrainBCI;Eye_Opened;eye_tracking;Eye_Opened,MarkerSent
12:42:07.250,BCI,TrainBCI,Eye_Opened,eye_tracking,Eye_Opened
12:42:07.572,BCI,TrainBCI,LSL_Logger,2026-07-03 12:42:07.572;BCI;TrainBCI;Eye_Closed;eye_tracking;Eye_Closed,MarkerSent
12:42:07.572,BCI,TrainBCI,Eye_Closed,eye_tracking,Eye_Closed
12:42:07.672,BCI,TrainBCI,LSL_Logger,2026-07-03 12:42:07.672;BCI;TrainBCI;Eye_Opened;eye_tracking;Eye_Opened,MarkerSent
12:42:07.672,BCI,TrainBCI,Eye_Opened,eye_tracking,Eye_Opened
12:42:08.038,BCI,TrainBCI,LSL_Logger,2026-07-03 12:42:08.038;BCI;TrainBCI;Eye_Closed;eye_tracking;Eye_Closed,MarkerSent
12:42:08.038,BCI,TrainBCI,Eye_Closed,eye_tracking,Eye_Closed
12:42:08.106,BCI,TrainBCI,LSL_Logger,2026-07-03 12:42:08.106;BCI;TrainBCI;Eye_Opened;eye_tracking;Eye_Opened,MarkerSent
12:42:08.106,BCI,TrainBCI,Eye_Opened,eye_tracking,Eye_Opened
12:42:08.518,BCI,TrainBCI,LSL_Logger,2026-07-03 12:42:08.518;BCI;TrainBCI;Eye_Closed;eye_tracking;Eye_Closed,MarkerSent
12:42:08.518,BCI,TrainBCI,Eye_Closed,eye_tracking,Eye_Closed
12:42:08.539,BCI,TrainBCI,LSL_Logger,2026-07-03 12:42:08.539;BCI;TrainBCI;Eye_Opened;eye_tracking;Eye_Opened,MarkerSent
12:42:08.539,BCI,TrainBCI,Eye_Opened,eye_tracking,Eye_Opened
12:42:09.337,BCI,TrainBCI,LSL_Logger,2026-07-03 12:42:09.337;BCI;TrainBCI;Eye_Closed;eye_tracking;Eye_Closed,MarkerSent
12:42:09.337,BCI,TrainBCI,Eye_Closed,eye_tracking,Eye_Closed
12:42:09.424,BCI,TrainBCI,LSL_Logger,2026-07-03 12:42:09.424;BCI;TrainBCI;Eye_Opened;eye_tracking;Eye_Opened,MarkerSent
12:42:09.424,BCI,TrainBCI,Eye_Opened,eye_tracking,Eye_Opened
12:42:09.836,BCI,TrainBCI,LSL_Logger,2026-07-03 12:42:09.836;BCI;TrainBCI;Eye_Closed;eye_tracking;Eye_Closed,MarkerSent
12:42:09.836,BCI,TrainBCI,Eye_Closed,eye_tracking,Eye_Closed
12:42:09.915,BCI,TrainBCI,LSL_Logger,2026-07-03 12:42:09.915;BCI;TrainBCI;Eye_Opened;eye_tracking;Eye_Opened,MarkerSent
12:42:09.915,BCI,TrainBCI,Eye_Opened,eye_tracking,Eye_Opened
12:42:10.515,BCI,TrainBCI,LSL_Logger,2026-07-03 12:42:10.515;BCI;TrainBCI;Eye_Closed;eye_tracking;Eye_Closed,MarkerSent
12:42:10.515,BCI,TrainBCI,Eye_Closed,eye_tracking,Eye_Closed
12:42:10.606,BCI,TrainBCI,LSL_Logger,2026-07-03 12:42:10.606;BCI;TrainBCI;Eye_Opened;eye_tracking;Eye_Opened,MarkerSent
12:42:10.606,BCI,TrainBCI,Eye_Opened,eye_tracking,Eye_Opened
12:42:10.661,BCI,TrainBCI,Training_Active_Door1_Start,Door_Single,TAD1S
12:42:10.661,BCI,TrainBCI,LSL_Logger,2026-07-03 12:42:10.661;BCI;TrainBCI;Training_Active_Door1_Start;Door_Single;TAD1S,MarkerSent
12:42:12.618,BCI,TrainBCI,LSL_Logger,2026-07-03 12:42:12.618;BCI;TrainBCI;Eye_Closed;eye_tracking;Eye_Closed,MarkerSent
12:42:12.618,BCI,TrainBCI,Eye_Closed,eye_tracking,Eye_Closed
12:42:12.672,BCI,TrainBCI,LSL_Logger,2026-07-03 12:42:12.672;BCI;TrainBCI;Eye_Opened;eye_tracking;Eye_Opened,MarkerSent
12:42:12.672,BCI,TrainBCI,Eye_Opened,eye_tracking,Eye_Opened
12:42:13.880,BCI,TrainBCI,LSL_Logger,2026-07-03 12:42:13.880;BCI;TrainBCI;Eye_Closed;eye_tracking;Eye_Closed,MarkerSent
12:42:13.880,BCI,TrainBCI,Eye_Closed,eye_tracking,Eye_Closed
12:42:13.925,BCI,TrainBCI,LSL_Logger,2026-07-03 12:42:13.925;BCI;TrainBCI;Eye_Opened;eye_tracking;Eye_Opened,MarkerSent
12:42:13.925,BCI,TrainBCI,Eye_Opened,eye_tracking,Eye_Opened
12:42:14.664,BCI,TrainBCI,Training_Active_Door1_End,Door_Single,TAD1E
12:42:14.664,BCI,TrainBCI,LSL_Logger,2026-07-03 12:42:14.664;BCI;TrainBCI;Training_Active_Door1_End;Door_Single;TAD1E,MarkerSent
12:42:15.301,BCI,TrainBCI,LSL_Logger,2026-07-03 12:42:15.301;BCI;TrainBCI;Eye_Closed;eye_tracking;Eye_Closed,MarkerSent
12:42:15.301,BCI,TrainBCI,Eye_Closed,eye_tracking,Eye_Closed
12:42:15.401,BCI,TrainBCI,LSL_Logger,2026-07-03 12:42:15.401;BCI;TrainBCI;Eye_Opened;eye_tracking;Eye_Opened,MarkerSent
12:42:15.401,BCI,TrainBCI,Eye_Opened,eye_tracking,Eye_Opened
12:42:15.936,BCI,TrainBCI,LSL_Logger,2026-07-03 12:42:15.936;BCI;TrainBCI;Eye_Closed;eye_tracking;Eye_Closed,MarkerSent
12:42:15.936,BCI,TrainBCI,Eye_Closed,eye_tracking,Eye_Closed
12:42:15.980,BCI,TrainBCI,LSL_Logger,2026-07-03 12:42:15.980;BCI;TrainBCI;Eye_Opened;eye_tracking;Eye_Opened,MarkerSent
12:42:15.980,BCI,TrainBCI,Eye_Opened,eye_tracking,Eye_Opened
12:42:16.467,BCI,TrainBCI,LSL_Logger,2026-07-03 12:42:16.467;BCI;TrainBCI;Eye_Closed;eye_tracking;Eye_Closed,MarkerSent
12:42:16.467,BCI,TrainBCI,Eye_Closed,eye_tracking,Eye_Closed
12:42:16.499,BCI,TrainBCI,LSL_Logger,2026-07-03 12:42:16.499;BCI;TrainBCI;Eye_Opened;eye_tracking;Eye_Opened,MarkerSent
12:42:16.499,BCI,TrainBCI,Eye_Opened,eye_tracking,Eye_Opened
12:42:17.151,BCI,TrainBCI,LSL_Logger,2026-07-03 12:42:17.151;BCI;TrainBCI;Eye_Closed;eye_tracking;Eye_Closed,MarkerSent
12:42:17.151,BCI,TrainBCI,Eye_Closed,eye_tracking,Eye_Closed
12:42:17.239,BCI,TrainBCI,LSL_Logger,2026-07-03 12:42:17.239;BCI;TrainBCI;Eye_Opened;eye_tracking;Eye_Opened,MarkerSent
12:42:17.239,BCI,TrainBCI,Eye_Opened,eye_tracking,Eye_Opened
12:42:17.835,BCI,TrainBCI,LSL_Logger,2026-07-03 12:42:17.835;BCI;TrainBCI;Eye_Closed;eye_tracking;Eye_Closed,MarkerSent
12:42:17.835,BCI,TrainBCI,Eye_Closed,eye_tracking,Eye_Closed
12:42:17.923,BCI,TrainBCI,LSL_Logger,2026-07-03 12:42:17.923;BCI;TrainBCI;Eye_Opened;eye_tracking;Eye_Opened,MarkerSent
12:42:17.923,BCI,TrainBCI,Eye_Opened,eye_tracking,Eye_Opened
12:42:18.683,BCI,TrainBCI,Active_Training_Door2_Start,Door_Double,TAD2S
12:42:18.683,BCI,TrainBCI,LSL_Logger,2026-07-03 12:42:18.683;BCI;TrainBCI;Active_Training_Door2_Start;Door_Double;TAD2S,MarkerSent
12:42:18.829,BCI,TrainBCI,LSL_Logger,2026-07-03 12:42:18.829;BCI;TrainBCI;Eye_Closed;eye_tracking;Eye_Closed,MarkerSent
12:42:18.829,BCI,TrainBCI,Eye_Closed,eye_tracking,Eye_Closed
12:42:18.850,BCI,TrainBCI,LSL_Logger,2026-07-03 12:42:18.850;BCI;TrainBCI;Eye_Opened;eye_tracking;Eye_Opened,MarkerSent
12:42:18.850,BCI,TrainBCI,Eye_Opened,eye_tracking,Eye_Opened
12:42:20.853,BCI,TrainBCI,LSL_Logger,2026-07-03 12:42:20.853;BCI;TrainBCI;Eye_Closed;eye_tracking;Eye_Closed,MarkerSent
12:42:20.853,BCI,TrainBCI,Eye_Closed,eye_tracking,Eye_Closed
12:42:20.931,BCI,TrainBCI,LSL_Logger,2026-07-03 12:42:20.931;BCI;TrainBCI;Eye_Opened;eye_tracking;Eye_Opened,MarkerSent
12:42:20.931,BCI,TrainBCI,Eye_Opened,eye_tracking,Eye_Opened
12:42:22.696,BCI,TrainBCI,Active_Training_Door2_End,Door_Double,TAD2E
12:42:22.696,BCI,TrainBCI,LSL_Logger,2026-07-03 12:42:22.696;BCI;TrainBCI;Active_Training_Door2_End;Door_Double;TAD2E,MarkerSent
12:42:23.114,BCI,TrainBCI,LSL_Logger,2026-07-03 12:42:23.114;BCI;TrainBCI;Eye_Closed;eye_tracking;Eye_Closed,MarkerSent
12:42:23.114,BCI,TrainBCI,Eye_Closed,eye_tracking,Eye_Closed
12:42:23.181,BCI,TrainBCI,LSL_Logger,2026-07-03 12:42:23.181;BCI;TrainBCI;Eye_Opened;eye_tracking;Eye_Opened,MarkerSent
12:42:23.181,BCI,TrainBCI,Eye_Opened,eye_tracking,Eye_Opened
12:42:23.544,BCI,TrainBCI,LSL_Logger,2026-07-03 12:42:23.544;BCI;TrainBCI;Eye_Closed;eye_tracking;Eye_Closed,MarkerSent
12:42:23.544,BCI,TrainBCI,Eye_Closed,eye_tracking,Eye_Closed
12:42:23.704,BCI,TrainBCI,LSL_Logger,2026-07-03 12:42:23.704;BCI;TrainBCI;Eye_Opened;eye_tracking;Eye_Opened,MarkerSent
12:42:23.704,BCI,TrainBCI,Eye_Opened,eye_tracking,Eye_Opened
12:42:24.036,BCI,TrainBCI,LSL_Logger,2026-07-03 12:42:24.036;BCI;TrainBCI;Eye_Closed;eye_tracking;Eye_Closed,MarkerSent
12:42:24.036,BCI,TrainBCI,Eye_Closed,eye_tracking,Eye_Closed
12:42:24.146,BCI,TrainBCI,LSL_Logger,2026-07-03 12:42:24.146;BCI;TrainBCI;Eye_Opened;eye_tracking;Eye_Opened,MarkerSent
12:42:24.146,BCI,TrainBCI,Eye_Opened,eye_tracking,Eye_Opened
12:42:24.470,BCI,TrainBCI,LSL_Logger,2026-07-03 12:42:24.470;BCI;TrainBCI;Eye_Closed;eye_tracking;Eye_Closed,MarkerSent
12:42:24.470,BCI,TrainBCI,Eye_Closed,eye_tracking,Eye_Closed
12:42:24.547,BCI,TrainBCI,LSL_Logger,2026-07-03 12:42:24.547;BCI;TrainBCI;Eye_Opened;eye_tracking;Eye_Opened,MarkerSent
12:42:24.547,BCI,TrainBCI,Eye_Opened,eye_tracking,Eye_Opened
12:42:25.231,BCI,TrainBCI,LSL_Logger,2026-07-03 12:42:25.231;BCI;TrainBCI;Eye_Closed;eye_tracking;Eye_Closed,MarkerSent
12:42:25.231,BCI,TrainBCI,Eye_Closed,eye_tracking,Eye_Closed
12:42:25.319,BCI,TrainBCI,LSL_Logger,2026-07-03 12:42:25.319;BCI;TrainBCI;Eye_Opened;eye_tracking;Eye_Opened,MarkerSent
12:42:25.319,BCI,TrainBCI,Eye_Opened,eye_tracking,Eye_Opened
12:42:25.631,BCI,TrainBCI,LSL_Logger,2026-07-03 12:42:25.631;BCI;TrainBCI;Eye_Closed;eye_tracking;Eye_Closed,MarkerSent
12:42:25.631,BCI,TrainBCI,Eye_Closed,eye_tracking,Eye_Closed
12:42:25.721,BCI,TrainBCI,LSL_Logger,2026-07-03 12:42:25.721;BCI;TrainBCI;Eye_Opened;eye_tracking;Eye_Opened,MarkerSent
12:42:25.721,BCI,TrainBCI,Eye_Opened,eye_tracking,Eye_Opened
12:42:26.317,BCI,TrainBCI,LSL_Logger,2026-07-03 12:42:26.317;BCI;TrainBCI;Eye_Closed;eye_tracking;Eye_Closed,MarkerSent
12:42:26.317,BCI,TrainBCI,Eye_Closed,eye_tracking,Eye_Closed
12:42:26.452,BCI,TrainBCI,LSL_Logger,2026-07-03 12:42:26.452;BCI;TrainBCI;Eye_Opened;eye_tracking;Eye_Opened,MarkerSent
12:42:26.452,BCI,TrainBCI,Eye_Opened,eye_tracking,Eye_Opened
12:42:26.704,BCI,TrainBCI,Active_Training_Door2_Start,Door_Double,TAD2S
12:42:26.704,BCI,TrainBCI,LSL_Logger,2026-07-03 12:42:26.704;BCI;TrainBCI;Active_Training_Door2_Start;Door_Double;TAD2S,MarkerSent
12:42:29.297,BCI,TrainBCI,LSL_Logger,2026-07-03 12:42:29.297;BCI;TrainBCI;Eye_Closed;eye_tracking;Eye_Closed,MarkerSent
12:42:29.297,BCI,TrainBCI,Eye_Closed,eye_tracking,Eye_Closed
12:42:29.319,BCI,TrainBCI,LSL_Logger,2026-07-03 12:42:29.319;BCI;TrainBCI;Eye_Opened;eye_tracking;Eye_Opened,MarkerSent
12:42:29.319,BCI,TrainBCI,Eye_Opened,eye_tracking,Eye_Opened
12:42:30.707,BCI,TrainBCI,Active_Training_Door2_End,Door_Double,TAD2E
12:42:30.707,BCI,TrainBCI,LSL_Logger,2026-07-03 12:42:30.707;BCI;TrainBCI;Active_Training_Door2_End;Door_Double;TAD2E,MarkerSent
12:42:30.751,BCI,TrainBCI,LSL_Logger,2026-07-03 12:42:30.751;BCI;TrainBCI;Eye_Closed;eye_tracking;Eye_Closed,MarkerSent
12:42:30.751,BCI,TrainBCI,Eye_Closed,eye_tracking,Eye_Closed
12:42:30.827,BCI,TrainBCI,LSL_Logger,2026-07-03 12:42:30.827;BCI;TrainBCI;Eye_Opened;eye_tracking;Eye_Opened,MarkerSent
12:42:30.827,BCI,TrainBCI,Eye_Opened,eye_tracking,Eye_Opened
12:42:31.313,BCI,TrainBCI,LSL_Logger,2026-07-03 12:42:31.313;BCI;TrainBCI;Eye_Closed;eye_tracking;Eye_Closed,MarkerSent
12:42:31.313,BCI,TrainBCI,Eye_Closed,eye_tracking,Eye_Closed
12:42:31.400,BCI,TrainBCI,LSL_Logger,2026-07-03 12:42:31.400;BCI;TrainBCI;Eye_Opened;eye_tracking;Eye_Opened,MarkerSent
12:42:31.400,BCI,TrainBCI,Eye_Opened,eye_tracking,Eye_Opened
12:42:31.910,BCI,TrainBCI,LSL_Logger,2026-07-03 12:42:31.910;BCI;TrainBCI;Eye_Closed;eye_tracking;Eye_Closed,MarkerSent
12:42:31.910,BCI,TrainBCI,Eye_Closed,eye_tracking,Eye_Closed
12:42:32.076,BCI,TrainBCI,LSL_Logger,2026-07-03 12:42:32.076;BCI;TrainBCI;Eye_Opened;eye_tracking;Eye_Opened,MarkerSent
12:42:32.076,BCI,TrainBCI,Eye_Opened,eye_tracking,Eye_Opened
12:42:32.731,BCI,TrainBCI,LSL_Logger,2026-07-03 12:42:32.731;BCI;TrainBCI;Eye_Closed;eye_tracking;Eye_Closed,MarkerSent
12:42:32.731,BCI,TrainBCI,Eye_Closed,eye_tracking,Eye_Closed
12:42:32.829,BCI,TrainBCI,LSL_Logger,2026-07-03 12:42:32.829;BCI;TrainBCI;Eye_Opened;eye_tracking;Eye_Opened,MarkerSent
12:42:32.829,BCI,TrainBCI,Eye_Opened,eye_tracking,Eye_Opened
12:42:33.512,BCI,TrainBCI,LSL_Logger,2026-07-03 12:42:33.512;BCI;TrainBCI;Eye_Closed;eye_tracking;Eye_Closed,MarkerSent
12:42:33.512,BCI,TrainBCI,Eye_Closed,eye_tracking,Eye_Closed
12:42:33.617,BCI,TrainBCI,LSL_Logger,2026-07-03 12:42:33.617;BCI;TrainBCI;Eye_Opened;eye_tracking;Eye_Opened,MarkerSent
12:42:33.617,BCI,TrainBCI,Eye_Opened,eye_tracking,Eye_Opened
12:42:34.498,BCI,TrainBCI,LSL_Logger,2026-07-03 12:42:34.498;BCI;TrainBCI;Eye_Closed;eye_tracking;Eye_Closed,MarkerSent
12:42:34.498,BCI,TrainBCI,Eye_Closed,eye_tracking,Eye_Closed
12:42:34.564,BCI,TrainBCI,LSL_Logger,2026-07-03 12:42:34.564;BCI;TrainBCI;Eye_Opened;eye_tracking;Eye_Opened,MarkerSent
12:42:34.564,BCI,TrainBCI,Eye_Opened,eye_tracking,Eye_Opened
12:42:34.707,BCI,TrainBCI,Active_Training_Door2_Start,Door_Double,TAD2S
12:42:34.707,BCI,TrainBCI,LSL_Logger,2026-07-03 12:42:34.707;BCI;TrainBCI;Active_Training_Door2_Start;Door_Double;TAD2S,MarkerSent
12:42:35.794,BCI,TrainBCI,LSL_Logger,2026-07-03 12:42:35.794;BCI;TrainBCI;Eye_Closed;eye_tracking;Eye_Closed,MarkerSent
12:42:35.794,BCI,TrainBCI,Eye_Closed,eye_tracking,Eye_Closed
12:42:35.818,BCI,TrainBCI,LSL_Logger,2026-07-03 12:42:35.818;BCI;TrainBCI;Eye_Opened;eye_tracking;Eye_Opened,MarkerSent
12:42:35.818,BCI,TrainBCI,Eye_Opened,eye_tracking,Eye_Opened
12:42:37.108,BCI,TrainBCI,LSL_Logger,2026-07-03 12:42:37.108;BCI;TrainBCI;Eye_Closed;eye_tracking;Eye_Closed,MarkerSent
12:42:37.108,BCI,TrainBCI,Eye_Closed,eye_tracking,Eye_Closed
12:42:37.163,BCI,TrainBCI,LSL_Logger,2026-07-03 12:42:37.163;BCI;TrainBCI;Eye_Opened;eye_tracking;Eye_Opened,MarkerSent
12:42:37.163,BCI,TrainBCI,Eye_Opened,eye_tracking,Eye_Opened
12:42:38.712,BCI,TrainBCI,Active_Training_Door2_End,Door_Double,TAD2E
12:42:38.712,BCI,TrainBCI,LSL_Logger,2026-07-03 12:42:38.712;BCI;TrainBCI;Active_Training_Door2_End;Door_Double;TAD2E,MarkerSent
12:42:39.506,BCI,TrainBCI,LSL_Logger,2026-07-03 12:42:39.506;BCI;TrainBCI;Eye_Closed;eye_tracking;Eye_Closed,MarkerSent
12:42:39.506,BCI,TrainBCI,Eye_Closed,eye_tracking,Eye_Closed
12:42:39.606,BCI,TrainBCI,LSL_Logger,2026-07-03 12:42:39.606;BCI;TrainBCI;Eye_Opened;eye_tracking;Eye_Opened,MarkerSent
12:42:39.606,BCI,TrainBCI,Eye_Opened,eye_tracking,Eye_Opened
12:42:40.148,BCI,TrainBCI,LSL_Logger,2026-07-03 12:42:40.148;BCI;TrainBCI;Eye_Closed;eye_tracking;Eye_Closed,MarkerSent
12:42:40.148,BCI,TrainBCI,Eye_Closed,eye_tracking,Eye_Closed
12:42:40.259,BCI,TrainBCI,LSL_Logger,2026-07-03 12:42:40.259;BCI;TrainBCI;Eye_Opened;eye_tracking;Eye_Opened,MarkerSent
12:42:40.259,BCI,TrainBCI,Eye_Opened,eye_tracking,Eye_Opened
12:42:40.875,BCI,TrainBCI,LSL_Logger,2026-07-03 12:42:40.875;BCI;TrainBCI;Eye_Closed;eye_tracking;Eye_Closed,MarkerSent
12:42:40.875,BCI,TrainBCI,Eye_Closed,eye_tracking,Eye_Closed
12:42:40.942,BCI,TrainBCI,LSL_Logger,2026-07-03 12:42:40.942;BCI;TrainBCI;Eye_Opened;eye_tracking;Eye_Opened,MarkerSent
12:42:40.942,BCI,TrainBCI,Eye_Opened,eye_tracking,Eye_Opened
12:42:41.398,BCI,TrainBCI,LSL_Logger,2026-07-03 12:42:41.398;BCI;TrainBCI;Eye_Closed;eye_tracking;Eye_Closed,MarkerSent
12:42:41.398,BCI,TrainBCI,Eye_Closed,eye_tracking,Eye_Closed
12:42:41.476,BCI,TrainBCI,LSL_Logger,2026-07-03 12:42:41.476;BCI;TrainBCI;Eye_Opened;eye_tracking;Eye_Opened,MarkerSent
12:42:41.476,BCI,TrainBCI,Eye_Opened,eye_tracking,Eye_Opened
12:42:41.995,BCI,TrainBCI,LSL_Logger,2026-07-03 12:42:41.995;BCI;TrainBCI;Eye_Closed;eye_tracking;Eye_Closed,MarkerSent
12:42:41.995,BCI,TrainBCI,Eye_Closed,eye_tracking,Eye_Closed
12:42:42.082,BCI,TrainBCI,LSL_Logger,2026-07-03 12:42:42.082;BCI;TrainBCI;Eye_Opened;eye_tracking;Eye_Opened,MarkerSent
12:42:42.082,BCI,TrainBCI,Eye_Opened,eye_tracking,Eye_Opened
12:42:42.727,BCI,TrainBCI,Training_Active_Door1_Start,Door_Single,TAD1S
12:42:42.727,BCI,TrainBCI,LSL_Logger,2026-07-03 12:42:42.727;BCI;TrainBCI;Training_Active_Door1_Start;Door_Single;TAD1S,MarkerSent
12:42:42.810,BCI,TrainBCI,LSL_Logger,2026-07-03 12:42:42.810;BCI;TrainBCI;Eye_Closed;eye_tracking;Eye_Closed,MarkerSent
12:42:42.810,BCI,TrainBCI,Eye_Closed,eye_tracking,Eye_Closed
12:42:42.893,BCI,TrainBCI,LSL_Logger,2026-07-03 12:42:42.893;BCI;TrainBCI;Eye_Opened;eye_tracking;Eye_Opened,MarkerSent
12:42:42.893,BCI,TrainBCI,Eye_Opened,eye_tracking,Eye_Opened
12:42:43.806,BCI,TrainBCI,LSL_Logger,2026-07-03 12:42:43.806;BCI;TrainBCI;Eye_Closed;eye_tracking;Eye_Closed,MarkerSent
12:42:43.806,BCI,TrainBCI,Eye_Closed,eye_tracking,Eye_Closed
12:42:43.967,BCI,TrainBCI,LSL_Logger,2026-07-03 12:42:43.967;BCI;TrainBCI;Eye_Opened;eye_tracking;Eye_Opened,MarkerSent
12:42:43.967,BCI,TrainBCI,Eye_Opened,eye_tracking,Eye_Opened
12:42:44.157,BCI,TrainBCI,LSL_Logger,2026-07-03 12:42:44.157;BCI;TrainBCI;Eye_Closed;eye_tracking;Eye_Closed,MarkerSent
12:42:44.157,BCI,TrainBCI,Eye_Closed,eye_tracking,Eye_Closed
12:42:44.280,BCI,TrainBCI,LSL_Logger,2026-07-03 12:42:44.280;BCI;TrainBCI;Eye_Opened;eye_tracking;Eye_Opened,MarkerSent
12:42:44.280,BCI,TrainBCI,Eye_Opened,eye_tracking,Eye_Opened
12:42:44.459,BCI,TrainBCI,LSL_Logger,2026-07-03 12:42:44.459;BCI;TrainBCI;Eye_Closed;eye_tracking;Eye_Closed,MarkerSent
12:42:44.459,BCI,TrainBCI,Eye_Closed,eye_tracking,Eye_Closed
12:42:44.550,BCI,TrainBCI,LSL_Logger,2026-07-03 12:42:44.550;BCI;TrainBCI;Eye_Opened;eye_tracking;Eye_Opened,MarkerSent
12:42:44.550,BCI,TrainBCI,Eye_Opened,eye_tracking,Eye_Opened
12:42:44.726,BCI,TrainBCI,LSL_Logger,2026-07-03 12:42:44.726;BCI;TrainBCI;Eye_Closed;eye_tracking;Eye_Closed,MarkerSent
12:42:44.726,BCI,TrainBCI,Eye_Closed,eye_tracking,Eye_Closed
12:42:44.839,BCI,TrainBCI,LSL_Logger,2026-07-03 12:42:44.839;BCI;TrainBCI;Eye_Opened;eye_tracking;Eye_Opened,MarkerSent
12:42:44.839,BCI,TrainBCI,Eye_Opened,eye_tracking,Eye_Opened
12:42:45.447,BCI,TrainBCI,LSL_Logger,2026-07-03 12:42:45.447;BCI;TrainBCI;Eye_Closed;eye_tracking;Eye_Closed,MarkerSent
12:42:45.447,BCI,TrainBCI,Eye_Closed,eye_tracking,Eye_Closed
12:42:45.513,BCI,TrainBCI,LSL_Logger,2026-07-03 12:42:45.513;BCI;TrainBCI;Eye_Opened;eye_tracking;Eye_Opened,MarkerSent
12:42:45.513,BCI,TrainBCI,Eye_Opened,eye_tracking,Eye_Opened
12:42:45.828,BCI,TrainBCI,LSL_Logger,2026-07-03 12:42:45.828;BCI;TrainBCI;Eye_Closed;eye_tracking;Eye_Closed,MarkerSent
12:42:45.828,BCI,TrainBCI,Eye_Closed,eye_tracking,Eye_Closed
12:42:45.930,BCI,TrainBCI,LSL_Logger,2026-07-03 12:42:45.930;BCI;TrainBCI;Eye_Opened;eye_tracking;Eye_Opened,MarkerSent
12:42:45.930,BCI,TrainBCI,Eye_Opened,eye_tracking,Eye_Opened
12:42:46.145,BCI,TrainBCI,LSL_Logger,2026-07-03 12:42:46.145;BCI;TrainBCI;Eye_Closed;eye_tracking;Eye_Closed,MarkerSent
12:42:46.145,BCI,TrainBCI,Eye_Closed,eye_tracking,Eye_Closed
12:42:46.223,BCI,TrainBCI,LSL_Logger,2026-07-03 12:42:46.223;BCI;TrainBCI;Eye_Opened;eye_tracking;Eye_Opened,MarkerSent
12:42:46.223,BCI,TrainBCI,Eye_Opened,eye_tracking,Eye_Opened
12:42:46.741,BCI,TrainBCI,Training_Active_Door1_End,Door_Single,TAD1E
12:42:46.741,BCI,TrainBCI,LSL_Logger,2026-07-03 12:42:46.741;BCI;TrainBCI;Training_Active_Door1_End;Door_Single;TAD1E,MarkerSent
12:42:47.040,BCI,TrainBCI,LSL_Logger,2026-07-03 12:42:47.040;BCI;TrainBCI;Eye_Closed;eye_tracking;Eye_Closed,MarkerSent
12:42:47.040,BCI,TrainBCI,Eye_Closed,eye_tracking,Eye_Closed
12:42:47.107,BCI,TrainBCI,LSL_Logger,2026-07-03 12:42:47.107;BCI;TrainBCI;Eye_Opened;eye_tracking;Eye_Opened,MarkerSent
12:42:47.107,BCI,TrainBCI,Eye_Opened,eye_tracking,Eye_Opened
12:42:47.581,BCI,TrainBCI,LSL_Logger,2026-07-03 12:42:47.581;BCI;TrainBCI;Eye_Closed;eye_tracking;Eye_Closed,MarkerSent
12:42:47.581,BCI,TrainBCI,Eye_Closed,eye_tracking,Eye_Closed
12:42:47.662,BCI,TrainBCI,LSL_Logger,2026-07-03 12:42:47.662;BCI;TrainBCI;Eye_Opened;eye_tracking;Eye_Opened,MarkerSent
12:42:47.662,BCI,TrainBCI,Eye_Opened,eye_tracking,Eye_Opened
12:42:48.458,BCI,TrainBCI,LSL_Logger,2026-07-03 12:42:48.458;BCI;TrainBCI;Eye_Closed;eye_tracking;Eye_Closed,MarkerSent
12:42:48.458,BCI,TrainBCI,Eye_Closed,eye_tracking,Eye_Closed
12:42:48.505,BCI,TrainBCI,LSL_Logger,2026-07-03 12:42:48.505;BCI;TrainBCI;Eye_Opened;eye_tracking;Eye_Opened,MarkerSent
12:42:48.505,BCI,TrainBCI,Eye_Opened,eye_tracking,Eye_Opened
12:42:49.062,BCI,TrainBCI,LSL_Logger,2026-07-03 12:42:49.062;BCI;TrainBCI;Eye_Closed;eye_tracking;Eye_Closed,MarkerSent
12:42:49.062,BCI,TrainBCI,Eye_Closed,eye_tracking,Eye_Closed
12:42:49.106,BCI,TrainBCI,LSL_Logger,2026-07-03 12:42:49.106;BCI;TrainBCI;Eye_Opened;eye_tracking;Eye_Opened,MarkerSent
12:42:49.106,BCI,TrainBCI,Eye_Opened,eye_tracking,Eye_Opened
12:42:49.438,BCI,TrainBCI,LSL_Logger,2026-07-03 12:42:49.438;BCI;TrainBCI;Eye_Closed;eye_tracking;Eye_Closed,MarkerSent
12:42:49.438,BCI,TrainBCI,Eye_Closed,eye_tracking,Eye_Closed
12:42:49.505,BCI,TrainBCI,LSL_Logger,2026-07-03 12:42:49.505;BCI;TrainBCI;Eye_Opened;eye_tracking;Eye_Opened,MarkerSent
12:42:49.505,BCI,TrainBCI,Eye_Opened,eye_tracking,Eye_Opened
12:42:50.192,BCI,TrainBCI,LSL_Logger,2026-07-03 12:42:50.192;BCI;TrainBCI;Eye_Closed;eye_tracking;Eye_Closed,MarkerSent
12:42:50.192,BCI,TrainBCI,Eye_Closed,eye_tracking,Eye_Closed
12:42:50.261,BCI,TrainBCI,LSL_Logger,2026-07-03 12:42:50.261;BCI;TrainBCI;Eye_Opened;eye_tracking;Eye_Opened,MarkerSent
12:42:50.261,BCI,TrainBCI,Eye_Opened,eye_tracking,Eye_Opened
12:42:50.656,BCI,TrainBCI,LSL_Logger,2026-07-03 12:42:50.656;BCI;TrainBCI;Eye_Closed;eye_tracking;Eye_Closed,MarkerSent
12:42:50.656,BCI,TrainBCI,Eye_Closed,eye_tracking,Eye_Closed
12:42:50.746,BCI,TrainBCI,Active_Training_Door2_Start,Door_Double,TAD2S
12:42:50.746,BCI,TrainBCI,LSL_Logger,2026-07-03 12:42:50.746;BCI;TrainBCI;Active_Training_Door2_Start;Door_Double;TAD2S,MarkerSent
12:42:50.758,BCI,TrainBCI,LSL_Logger,2026-07-03 12:42:50.758;BCI;TrainBCI;Eye_Opened;eye_tracking;Eye_Opened,MarkerSent
12:42:50.758,BCI,TrainBCI,Eye_Opened,eye_tracking,Eye_Opened
12:42:51.479,BCI,TrainBCI,LSL_Logger,2026-07-03 12:42:51.479;BCI;TrainBCI;Eye_Closed;eye_tracking;Eye_Closed,MarkerSent
12:42:51.479,BCI,TrainBCI,Eye_Closed,eye_tracking,Eye_Closed
12:42:51.545,BCI,TrainBCI,LSL_Logger,2026-07-03 12:42:51.545;BCI;TrainBCI;Eye_Opened;eye_tracking;Eye_Opened,MarkerSent
12:42:51.545,BCI,TrainBCI,Eye_Opened,eye_tracking,Eye_Opened
12:42:52.009,BCI,TrainBCI,LSL_Logger,2026-07-03 12:42:52.009;BCI;TrainBCI;Eye_Closed;eye_tracking;Eye_Closed,MarkerSent
12:42:52.009,BCI,TrainBCI,Eye_Closed,eye_tracking,Eye_Closed
12:42:52.054,BCI,TrainBCI,LSL_Logger,2026-07-03 12:42:52.054;BCI;TrainBCI;Eye_Opened;eye_tracking;Eye_Opened,MarkerSent
12:42:52.054,BCI,TrainBCI,Eye_Opened,eye_tracking,Eye_Opened
12:42:53.008,BCI,TrainBCI,LSL_Logger,2026-07-03 12:42:53.008;BCI;TrainBCI;Eye_Closed;eye_tracking;Eye_Closed,MarkerSent
12:42:53.008,BCI,TrainBCI,Eye_Closed,eye_tracking,Eye_Closed
12:42:53.075,BCI,TrainBCI,LSL_Logger,2026-07-03 12:42:53.075;BCI;TrainBCI;Eye_Opened;eye_tracking;Eye_Opened,MarkerSent
12:42:53.075,BCI,TrainBCI,Eye_Opened,eye_tracking,Eye_Opened
12:42:54.256,BCI,TrainBCI,LSL_Logger,2026-07-03 12:42:54.256;BCI;TrainBCI;Eye_Closed;eye_tracking;Eye_Closed,MarkerSent
12:42:54.256,BCI,TrainBCI,Eye_Closed,eye_tracking,Eye_Closed
12:42:54.326,BCI,TrainBCI,LSL_Logger,2026-07-03 12:42:54.326;BCI;TrainBCI;Eye_Opened;eye_tracking;Eye_Opened,MarkerSent
12:42:54.326,BCI,TrainBCI,Eye_Opened,eye_tracking,Eye_Opened
12:42:54.749,BCI,TrainBCI,Active_Training_Door2_End,Door_Double,TAD2E
12:42:54.749,BCI,TrainBCI,LSL_Logger,2026-07-03 12:42:54.749;BCI;TrainBCI;Active_Training_Door2_End;Door_Double;TAD2E,MarkerSent
12:42:55.027,BCI,TrainBCI,LSL_Logger,2026-07-03 12:42:55.027;BCI;TrainBCI;Eye_Closed;eye_tracking;Eye_Closed,MarkerSent
12:42:55.027,BCI,TrainBCI,Eye_Closed,eye_tracking,Eye_Closed
12:42:55.069,BCI,TrainBCI,LSL_Logger,2026-07-03 12:42:55.069;BCI;TrainBCI;Eye_Opened;eye_tracking;Eye_Opened,MarkerSent
12:42:55.069,BCI,TrainBCI,Eye_Opened,eye_tracking,Eye_Opened
12:42:55.686,BCI,TrainBCI,LSL_Logger,2026-07-03 12:42:55.686;BCI;TrainBCI;Eye_Closed;eye_tracking;Eye_Closed,MarkerSent
12:42:55.686,BCI,TrainBCI,Eye_Closed,eye_tracking,Eye_Closed
12:42:55.742,BCI,TrainBCI,LSL_Logger,2026-07-03 12:42:55.742;BCI;TrainBCI;Eye_Opened;eye_tracking;Eye_Opened,MarkerSent
12:42:55.742,BCI,TrainBCI,Eye_Opened,eye_tracking,Eye_Opened
12:42:56.056,BCI,TrainBCI,LSL_Logger,2026-07-03 12:42:56.056;BCI;TrainBCI;Eye_Closed;eye_tracking;Eye_Closed,MarkerSent
12:42:56.056,BCI,TrainBCI,Eye_Closed,eye_tracking,Eye_Closed
12:42:56.161,BCI,TrainBCI,LSL_Logger,2026-07-03 12:42:56.161;BCI;TrainBCI;Eye_Opened;eye_tracking;Eye_Opened,MarkerSent
12:42:56.161,BCI,TrainBCI,Eye_Opened,eye_tracking,Eye_Opened
12:42:56.753,BCI,TrainBCI,LSL_Logger,2026-07-03 12:42:56.753;BCI;TrainBCI;Eye_Closed;eye_tracking;Eye_Closed,MarkerSent
12:42:56.753,BCI,TrainBCI,Eye_Closed,eye_tracking,Eye_Closed
12:42:56.846,BCI,TrainBCI,LSL_Logger,2026-07-03 12:42:56.846;BCI;TrainBCI;Eye_Opened;eye_tracking;Eye_Opened,MarkerSent
12:42:56.846,BCI,TrainBCI,Eye_Opened,eye_tracking,Eye_Opened
12:42:57.323,BCI,TrainBCI,LSL_Logger,2026-07-03 12:42:57.323;BCI;TrainBCI;Eye_Closed;eye_tracking;Eye_Closed,MarkerSent
12:42:57.323,BCI,TrainBCI,Eye_Closed,eye_tracking,Eye_Closed
12:42:57.404,BCI,TrainBCI,LSL_Logger,2026-07-03 12:42:57.404;BCI;TrainBCI;Eye_Opened;eye_tracking;Eye_Opened,MarkerSent
12:42:57.404,BCI,TrainBCI,Eye_Opened,eye_tracking,Eye_Opened
12:42:57.986,BCI,TrainBCI,LSL_Logger,2026-07-03 12:42:57.986;BCI;TrainBCI;Eye_Closed;eye_tracking;Eye_Closed,MarkerSent
12:42:57.986,BCI,TrainBCI,Eye_Closed,eye_tracking,Eye_Closed
12:42:58.061,BCI,TrainBCI,LSL_Logger,2026-07-03 12:42:58.061;BCI;TrainBCI;Eye_Opened;eye_tracking;Eye_Opened,MarkerSent
12:42:58.061,BCI,TrainBCI,Eye_Opened,eye_tracking,Eye_Opened
12:42:58.641,BCI,TrainBCI,LSL_Logger,2026-07-03 12:42:58.641;BCI;TrainBCI;Eye_Closed;eye_tracking;Eye_Closed,MarkerSent
12:42:58.641,BCI,TrainBCI,Eye_Closed,eye_tracking,Eye_Closed
12:42:58.707,BCI,TrainBCI,LSL_Logger,2026-07-03 12:42:58.707;BCI;TrainBCI;Eye_Opened;eye_tracking;Eye_Opened,MarkerSent
12:42:58.707,BCI,TrainBCI,Eye_Opened,eye_tracking,Eye_Opened
12:42:58.767,BCI,TrainBCI,Training_Active_Door1_Start,Door_Single,TAD1S
12:42:58.767,BCI,TrainBCI,LSL_Logger,2026-07-03 12:42:58.767;BCI;TrainBCI;Training_Active_Door1_Start;Door_Single;TAD1S,MarkerSent
12:42:59.938,BCI,TrainBCI,LSL_Logger,2026-07-03 12:42:59.938;BCI;TrainBCI;Eye_Closed;eye_tracking;Eye_Closed,MarkerSent
12:42:59.938,BCI,TrainBCI,Eye_Closed,eye_tracking,Eye_Closed
12:42:59.971,BCI,TrainBCI,LSL_Logger,2026-07-03 12:42:59.971;BCI;TrainBCI;Eye_Opened;eye_tracking;Eye_Opened,MarkerSent
12:42:59.971,BCI,TrainBCI,Eye_Opened,eye_tracking,Eye_Opened
12:43:00.276,BCI,TrainBCI,LSL_Logger,2026-07-03 12:43:00.276;BCI;TrainBCI;Eye_Closed;eye_tracking;Eye_Closed,MarkerSent
12:43:00.276,BCI,TrainBCI,Eye_Closed,eye_tracking,Eye_Closed
12:43:00.319,BCI,TrainBCI,LSL_Logger,2026-07-03 12:43:00.319;BCI;TrainBCI;Eye_Opened;eye_tracking;Eye_Opened,MarkerSent
12:43:00.319,BCI,TrainBCI,Eye_Opened,eye_tracking,Eye_Opened
12:43:00.841,BCI,TrainBCI,LSL_Logger,2026-07-03 12:43:00.841;BCI;TrainBCI;Eye_Closed;eye_tracking;Eye_Closed,MarkerSent
12:43:00.841,BCI,TrainBCI,Eye_Closed,eye_tracking,Eye_Closed
12:43:00.918,BCI,TrainBCI,LSL_Logger,2026-07-03 12:43:00.918;BCI;TrainBCI;Eye_Opened;eye_tracking;Eye_Opened,MarkerSent
12:43:00.918,BCI,TrainBCI,Eye_Opened,eye_tracking,Eye_Opened
12:43:02.770,BCI,TrainBCI,Training_Active_Door1_End,Door_Single,TAD1E
12:43:02.770,BCI,TrainBCI,LSL_Logger,2026-07-03 12:43:02.770;BCI;TrainBCI;Training_Active_Door1_End;Door_Single;TAD1E,MarkerSent
12:43:03.328,BCI,TrainBCI,LSL_Logger,2026-07-03 12:43:03.328;BCI;TrainBCI;Eye_Closed;eye_tracking;Eye_Closed,MarkerSent
12:43:03.328,BCI,TrainBCI,Eye_Closed,eye_tracking,Eye_Closed
12:43:03.504,BCI,TrainBCI,LSL_Logger,2026-07-03 12:43:03.504;BCI;TrainBCI;Eye_Opened;eye_tracking;Eye_Opened,MarkerSent
12:43:03.504,BCI,TrainBCI,Eye_Opened,eye_tracking,Eye_Opened
12:43:04.152,BCI,TrainBCI,LSL_Logger,2026-07-03 12:43:04.152;BCI;TrainBCI;Eye_Closed;eye_tracking;Eye_Closed,MarkerSent
12:43:04.152,BCI,TrainBCI,Eye_Closed,eye_tracking,Eye_Closed
12:43:04.200,BCI,TrainBCI,LSL_Logger,2026-07-03 12:43:04.200;BCI;TrainBCI;Eye_Opened;eye_tracking;Eye_Opened,MarkerSent
12:43:04.200,BCI,TrainBCI,Eye_Opened,eye_tracking,Eye_Opened
12:43:05.007,BCI,TrainBCI,LSL_Logger,2026-07-03 12:43:05.007;BCI;TrainBCI;Eye_Closed;eye_tracking;Eye_Closed,MarkerSent
12:43:05.007,BCI,TrainBCI,Eye_Closed,eye_tracking,Eye_Closed
12:43:05.074,BCI,TrainBCI,LSL_Logger,2026-07-03 12:43:05.074;BCI;TrainBCI;Eye_Opened;eye_tracking;Eye_Opened,MarkerSent
12:43:05.074,BCI,TrainBCI,Eye_Opened,eye_tracking,Eye_Opened
12:43:05.504,BCI,TrainBCI,LSL_Logger,2026-07-03 12:43:05.504;BCI;TrainBCI;Eye_Closed;eye_tracking;Eye_Closed,MarkerSent
12:43:05.504,BCI,TrainBCI,Eye_Closed,eye_tracking,Eye_Closed
12:43:05.584,BCI,TrainBCI,LSL_Logger,2026-07-03 12:43:05.584;BCI;TrainBCI;Eye_Opened;eye_tracking;Eye_Opened,MarkerSent
12:43:05.584,BCI,TrainBCI,Eye_Opened,eye_tracking,Eye_Opened
12:43:05.908,BCI,TrainBCI,LSL_Logger,2026-07-03 12:43:05.908;BCI;TrainBCI;Eye_Closed;eye_tracking;Eye_Closed,MarkerSent
12:43:05.908,BCI,TrainBCI,Eye_Closed,eye_tracking,Eye_Closed
12:43:06.026,BCI,TrainBCI,LSL_Logger,2026-07-03 12:43:06.026;BCI;TrainBCI;Eye_Opened;eye_tracking;Eye_Opened,MarkerSent
12:43:06.026,BCI,TrainBCI,Eye_Opened,eye_tracking,Eye_Opened
12:43:06.774,BCI,TrainBCI,Active_Training_Door2_Start,Door_Double,TAD2S
12:43:06.774,BCI,TrainBCI,LSL_Logger,2026-07-03 12:43:06.774;BCI;TrainBCI;Active_Training_Door2_Start;Door_Double;TAD2S,MarkerSent
12:43:06.798,BCI,TrainBCI,LSL_Logger,2026-07-03 12:43:06.798;BCI;TrainBCI;Eye_Closed;eye_tracking;Eye_Closed,MarkerSent
12:43:06.798,BCI,TrainBCI,Eye_Closed,eye_tracking,Eye_Closed
12:43:06.874,BCI,TrainBCI,LSL_Logger,2026-07-03 12:43:06.874;BCI;TrainBCI;Eye_Opened;eye_tracking;Eye_Opened,MarkerSent
12:43:06.874,BCI,TrainBCI,Eye_Opened,eye_tracking,Eye_Opened
12:43:08.435,BCI,TrainBCI,LSL_Logger,2026-07-03 12:43:08.435;BCI;TrainBCI;Eye_Closed;eye_tracking;Eye_Closed,MarkerSent
12:43:08.435,BCI,TrainBCI,Eye_Closed,eye_tracking,Eye_Closed
12:43:08.503,BCI,TrainBCI,LSL_Logger,2026-07-03 12:43:08.503;BCI;TrainBCI;Eye_Opened;eye_tracking;Eye_Opened,MarkerSent
12:43:08.503,BCI,TrainBCI,Eye_Opened,eye_tracking,Eye_Opened
12:43:08.886,BCI,TrainBCI,LSL_Logger,2026-07-03 12:43:08.886;BCI;TrainBCI;Eye_Closed;eye_tracking;Eye_Closed,MarkerSent
12:43:08.886,BCI,TrainBCI,Eye_Closed,eye_tracking,Eye_Closed
12:43:08.953,BCI,TrainBCI,LSL_Logger,2026-07-03 12:43:08.953;BCI;TrainBCI;Eye_Opened;eye_tracking;Eye_Opened,MarkerSent
12:43:08.953,BCI,TrainBCI,Eye_Opened,eye_tracking,Eye_Opened
12:43:09.714,BCI,TrainBCI,LSL_Logger,2026-07-03 12:43:09.714;BCI;TrainBCI;Eye_Closed;eye_tracking;Eye_Closed,MarkerSent
12:43:09.714,BCI,TrainBCI,Eye_Closed,eye_tracking,Eye_Closed
12:43:09.769,BCI,TrainBCI,LSL_Logger,2026-07-03 12:43:09.769;BCI;TrainBCI;Eye_Opened;eye_tracking;Eye_Opened,MarkerSent
12:43:09.769,BCI,TrainBCI,Eye_Opened,eye_tracking,Eye_Opened
12:43:10.467,BCI,TrainBCI,LSL_Logger,2026-07-03 12:43:10.467;BCI;TrainBCI;Eye_Closed;eye_tracking;Eye_Closed,MarkerSent
12:43:10.467,BCI,TrainBCI,Eye_Closed,eye_tracking,Eye_Closed
12:43:10.523,BCI,TrainBCI,LSL_Logger,2026-07-03 12:43:10.523;BCI;TrainBCI;Eye_Opened;eye_tracking;Eye_Opened,MarkerSent
12:43:10.523,BCI,TrainBCI,Eye_Opened,eye_tracking,Eye_Opened
12:43:10.786,BCI,TrainBCI,Active_Training_Door2_End,Door_Double,TAD2E
12:43:10.786,BCI,TrainBCI,LSL_Logger,2026-07-03 12:43:10.786;BCI;TrainBCI;Active_Training_Door2_End;Door_Double;TAD2E,MarkerSent
12:43:11.190,BCI,TrainBCI,LSL_Logger,2026-07-03 12:43:11.190;BCI;TrainBCI;Eye_Closed;eye_tracking;Eye_Closed,MarkerSent
12:43:11.190,BCI,TrainBCI,Eye_Closed,eye_tracking,Eye_Closed
12:43:11.415,BCI,TrainBCI,LSL_Logger,2026-07-03 12:43:11.415;BCI;TrainBCI;Eye_Opened;eye_tracking;Eye_Opened,MarkerSent
12:43:11.415,BCI,TrainBCI,Eye_Opened,eye_tracking,Eye_Opened
12:43:12.005,BCI,TrainBCI,LSL_Logger,2026-07-03 12:43:12.005;BCI;TrainBCI;Eye_Closed;eye_tracking;Eye_Closed,MarkerSent
12:43:12.005,BCI,TrainBCI,Eye_Closed,eye_tracking,Eye_Closed
12:43:12.205,BCI,TrainBCI,LSL_Logger,2026-07-03 12:43:12.205;BCI;TrainBCI;Eye_Opened;eye_tracking;Eye_Opened,MarkerSent
12:43:12.205,BCI,TrainBCI,Eye_Opened,eye_tracking,Eye_Opened
12:43:12.804,BCI,TrainBCI,LSL_Logger,2026-07-03 12:43:12.804;BCI;TrainBCI;Eye_Closed;eye_tracking;Eye_Closed,MarkerSent
12:43:12.804,BCI,TrainBCI,Eye_Closed,eye_tracking,Eye_Closed
12:43:12.902,BCI,TrainBCI,LSL_Logger,2026-07-03 12:43:12.902;BCI;TrainBCI;Eye_Opened;eye_tracking;Eye_Opened,MarkerSent
12:43:12.902,BCI,TrainBCI,Eye_Opened,eye_tracking,Eye_Opened
12:43:13.323,BCI,TrainBCI,LSL_Logger,2026-07-03 12:43:13.323;BCI;TrainBCI;Eye_Closed;eye_tracking;Eye_Closed,MarkerSent
12:43:13.323,BCI,TrainBCI,Eye_Closed,eye_tracking,Eye_Closed
12:43:13.429,BCI,TrainBCI,LSL_Logger,2026-07-03 12:43:13.429;BCI;TrainBCI;Eye_Opened;eye_tracking;Eye_Opened,MarkerSent
12:43:13.429,BCI,TrainBCI,Eye_Opened,eye_tracking,Eye_Opened
12:43:13.721,BCI,TrainBCI,LSL_Logger,2026-07-03 12:43:13.721;BCI;TrainBCI;Eye_Closed;eye_tracking;Eye_Closed,MarkerSent
12:43:13.721,BCI,TrainBCI,Eye_Closed,eye_tracking,Eye_Closed
12:43:13.788,BCI,TrainBCI,LSL_Logger,2026-07-03 12:43:13.788;BCI;TrainBCI;Eye_Opened;eye_tracking;Eye_Opened,MarkerSent
12:43:13.788,BCI,TrainBCI,Eye_Opened,eye_tracking,Eye_Opened
12:43:14.215,BCI,TrainBCI,LSL_Logger,2026-07-03 12:43:14.215;BCI;TrainBCI;Eye_Closed;eye_tracking;Eye_Closed,MarkerSent
12:43:14.215,BCI,TrainBCI,Eye_Closed,eye_tracking,Eye_Closed
12:43:14.305,BCI,TrainBCI,LSL_Logger,2026-07-03 12:43:14.305;BCI;TrainBCI;Eye_Opened;eye_tracking;Eye_Opened,MarkerSent
12:43:14.305,BCI,TrainBCI,Eye_Opened,eye_tracking,Eye_Opened
12:43:14.787,BCI,TrainBCI,Training_Active_Door1_Start,Door_Single,TAD1S
12:43:14.787,BCI,TrainBCI,LSL_Logger,2026-07-03 12:43:14.787;BCI;TrainBCI;Training_Active_Door1_Start;Door_Single;TAD1S,MarkerSent
12:43:15.015,BCI,TrainBCI,LSL_Logger,2026-07-03 12:43:15.015;BCI;TrainBCI;Eye_Closed;eye_tracking;Eye_Closed,MarkerSent
12:43:15.015,BCI,TrainBCI,Eye_Closed,eye_tracking,Eye_Closed
12:43:15.081,BCI,TrainBCI,LSL_Logger,2026-07-03 12:43:15.081;BCI;TrainBCI;Eye_Opened;eye_tracking;Eye_Opened,MarkerSent
12:43:15.081,BCI,TrainBCI,Eye_Opened,eye_tracking,Eye_Opened
12:43:16.737,BCI,TrainBCI,LSL_Logger,2026-07-03 12:43:16.737;BCI;TrainBCI;Eye_Closed;eye_tracking;Eye_Closed,MarkerSent
12:43:16.737,BCI,TrainBCI,Eye_Closed,eye_tracking,Eye_Closed
12:43:16.748,BCI,TrainBCI,LSL_Logger,2026-07-03 12:43:16.748;BCI;TrainBCI;Eye_Opened;eye_tracking;Eye_Opened,MarkerSent
12:43:16.748,BCI,TrainBCI,Eye_Opened,eye_tracking,Eye_Opened
12:43:17.584,BCI,TrainBCI,LSL_Logger,2026-07-03 12:43:17.584;BCI;TrainBCI;Eye_Closed;eye_tracking;Eye_Closed,MarkerSent
12:43:17.584,BCI,TrainBCI,Eye_Closed,eye_tracking,Eye_Closed
12:43:17.619,BCI,TrainBCI,LSL_Logger,2026-07-03 12:43:17.619;BCI;TrainBCI;Eye_Opened;eye_tracking;Eye_Opened,MarkerSent
12:43:17.619,BCI,TrainBCI,Eye_Opened,eye_tracking,Eye_Opened
12:43:18.793,BCI,TrainBCI,Training_Active_Door1_End,Door_Single,TAD1E
12:43:18.793,BCI,TrainBCI,LSL_Logger,2026-07-03 12:43:18.793;BCI;TrainBCI;Training_Active_Door1_End;Door_Single;TAD1E,MarkerSent
12:43:19.185,BCI,TrainBCI,LSL_Logger,2026-07-03 12:43:19.185;BCI;TrainBCI;Eye_Closed;eye_tracking;Eye_Closed,MarkerSent
12:43:19.185,BCI,TrainBCI,Eye_Closed,eye_tracking,Eye_Closed
12:43:19.297,BCI,TrainBCI,LSL_Logger,2026-07-03 12:43:19.297;BCI;TrainBCI;Eye_Opened;eye_tracking;Eye_Opened,MarkerSent
12:43:19.297,BCI,TrainBCI,Eye_Opened,eye_tracking,Eye_Opened
12:43:19.779,BCI,TrainBCI,LSL_Logger,2026-07-03 12:43:19.779;BCI;TrainBCI;Eye_Closed;eye_tracking;Eye_Closed,MarkerSent
12:43:19.779,BCI,TrainBCI,Eye_Closed,eye_tracking,Eye_Closed
12:43:19.846,BCI,TrainBCI,LSL_Logger,2026-07-03 12:43:19.846;BCI;TrainBCI;Eye_Opened;eye_tracking;Eye_Opened,MarkerSent
12:43:19.846,BCI,TrainBCI,Eye_Opened,eye_tracking,Eye_Opened
12:43:20.502,BCI,TrainBCI,LSL_Logger,2026-07-03 12:43:20.502;BCI;TrainBCI;Eye_Closed;eye_tracking;Eye_Closed,MarkerSent
12:43:20.502,BCI,TrainBCI,Eye_Closed,eye_tracking,Eye_Closed
12:43:20.556,BCI,TrainBCI,LSL_Logger,2026-07-03 12:43:20.556;BCI;TrainBCI;Eye_Opened;eye_tracking;Eye_Opened,MarkerSent
12:43:20.556,BCI,TrainBCI,Eye_Opened,eye_tracking,Eye_Opened
12:43:21.499,BCI,TrainBCI,LSL_Logger,2026-07-03 12:43:21.499;BCI;TrainBCI;Eye_Closed;eye_tracking;Eye_Closed,MarkerSent
12:43:21.499,BCI,TrainBCI,Eye_Closed,eye_tracking,Eye_Closed
12:43:21.548,BCI,TrainBCI,LSL_Logger,2026-07-03 12:43:21.548;BCI;TrainBCI;Eye_Opened;eye_tracking;Eye_Opened,MarkerSent
12:43:21.548,BCI,TrainBCI,Eye_Opened,eye_tracking,Eye_Opened
12:43:22.496,BCI,TrainBCI,LSL_Logger,2026-07-03 12:43:22.496;BCI;TrainBCI;Eye_Closed;eye_tracking;Eye_Closed,MarkerSent
12:43:22.496,BCI,TrainBCI,Eye_Closed,eye_tracking,Eye_Closed
12:43:22.531,BCI,TrainBCI,LSL_Logger,2026-07-03 12:43:22.531;BCI;TrainBCI;Eye_Opened;eye_tracking;Eye_Opened,MarkerSent
12:43:22.531,BCI,TrainBCI,Eye_Opened,eye_tracking,Eye_Opened
12:43:22.810,BCI,TrainBCI,Active_Training_Door2_Start,Door_Double,TAD2S
12:43:22.810,BCI,TrainBCI,LSL_Logger,2026-07-03 12:43:22.810;BCI;TrainBCI;Active_Training_Door2_Start;Door_Double;TAD2S,MarkerSent
12:43:22.904,BCI,TrainBCI,LSL_Logger,2026-07-03 12:43:22.904;BCI;TrainBCI;Eye_Closed;eye_tracking;Eye_Closed,MarkerSent
12:43:22.904,BCI,TrainBCI,Eye_Closed,eye_tracking,Eye_Closed
12:43:22.972,BCI,TrainBCI,LSL_Logger,2026-07-03 12:43:22.972;BCI;TrainBCI;Eye_Opened;eye_tracking;Eye_Opened,MarkerSent
12:43:22.972,BCI,TrainBCI,Eye_Opened,eye_tracking,Eye_Opened
12:43:25.691,BCI,TrainBCI,LSL_Logger,2026-07-03 12:43:25.691;BCI;TrainBCI;Eye_Closed;eye_tracking;Eye_Closed,MarkerSent
12:43:25.691,BCI,TrainBCI,Eye_Closed,eye_tracking,Eye_Closed
12:43:25.731,BCI,TrainBCI,LSL_Logger,2026-07-03 12:43:25.731;BCI;TrainBCI;Eye_Opened;eye_tracking;Eye_Opened,MarkerSent
12:43:25.731,BCI,TrainBCI,Eye_Opened,eye_tracking,Eye_Opened
12:43:26.042,BCI,TrainBCI,LSL_Logger,2026-07-03 12:43:26.042;BCI;TrainBCI;Eye_Closed;eye_tracking;Eye_Closed,MarkerSent
12:43:26.042,BCI,TrainBCI,Eye_Closed,eye_tracking,Eye_Closed
12:43:26.163,BCI,TrainBCI,LSL_Logger,2026-07-03 12:43:26.163;BCI;TrainBCI;Eye_Opened;eye_tracking;Eye_Opened,MarkerSent
12:43:26.163,BCI,TrainBCI,Eye_Opened,eye_tracking,Eye_Opened
12:43:26.814,BCI,TrainBCI,Active_Training_Door2_End,Door_Double,TAD2E
12:43:26.814,BCI,TrainBCI,LSL_Logger,2026-07-03 12:43:26.814;BCI;TrainBCI;Active_Training_Door2_End;Door_Double;TAD2E,MarkerSent
12:43:27.230,BCI,TrainBCI,LSL_Logger,2026-07-03 12:43:27.230;BCI;TrainBCI;Eye_Closed;eye_tracking;Eye_Closed,MarkerSent
12:43:27.230,BCI,TrainBCI,Eye_Closed,eye_tracking,Eye_Closed
12:43:27.330,BCI,TrainBCI,LSL_Logger,2026-07-03 12:43:27.330;BCI;TrainBCI;Eye_Opened;eye_tracking;Eye_Opened,MarkerSent
12:43:27.330,BCI,TrainBCI,Eye_Opened,eye_tracking,Eye_Opened
12:43:27.761,BCI,TrainBCI,LSL_Logger,2026-07-03 12:43:27.761;BCI;TrainBCI;Eye_Closed;eye_tracking;Eye_Closed,MarkerSent
12:43:27.761,BCI,TrainBCI,Eye_Closed,eye_tracking,Eye_Closed
12:43:28.096,BCI,TrainBCI,LSL_Logger,2026-07-03 12:43:28.096;BCI;TrainBCI;Eye_Opened;eye_tracking;Eye_Opened,MarkerSent
12:43:28.096,BCI,TrainBCI,Eye_Opened,eye_tracking,Eye_Opened
12:43:28.727,BCI,TrainBCI,LSL_Logger,2026-07-03 12:43:28.727;BCI;TrainBCI;Eye_Closed;eye_tracking;Eye_Closed,MarkerSent
12:43:28.727,BCI,TrainBCI,Eye_Closed,eye_tracking,Eye_Closed
12:43:28.789,BCI,TrainBCI,LSL_Logger,2026-07-03 12:43:28.789;BCI;TrainBCI;Eye_Opened;eye_tracking;Eye_Opened,MarkerSent
12:43:28.789,BCI,TrainBCI,Eye_Opened,eye_tracking,Eye_Opened
12:43:28.824,BCI,TrainBCI,Train_End,Training Complete,Train_End
12:43:28.824,BCI,TrainBCI,LSL_Logger,2026-07-03 12:43:28.824;BCI;TrainBCI;Train_End;Training Complete;Train_End,MarkerSent
12:43:31.629,BCI,TrainBCI,Hover_Enter,Button: NextTrainBCI,Hovering
12:43:31.629,BCI,TrainBCI,LSL_Logger,2026-07-03 12:43:31.629;BCI;TrainBCI;Hover_Enter;Button: NextTrainBCI;Hovering,MarkerSent
12:43:31.629,BCI,TrainBCI,Dwell_Start,Button: NextTrainBCI,Dwell_Started
12:43:31.629,BCI,TrainBCI,LSL_Logger,2026-07-03 12:43:31.629;BCI;TrainBCI;Dwell_Start;Button: NextTrainBCI;Dwell_Started,MarkerSent
12:43:31.823,BCI,TrainBCI,LSL_Logger,2026-07-03 12:43:31.823;BCI;TrainBCI;Eye_Closed;eye_tracking;Eye_Closed,MarkerSent
12:43:31.823,BCI,TrainBCI,Eye_Closed,eye_tracking,Eye_Closed
12:43:31.901,BCI,TrainBCI,LSL_Logger,2026-07-03 12:43:31.901;BCI;TrainBCI;Eye_Opened;eye_tracking;Eye_Opened,MarkerSent
12:43:31.901,BCI,TrainBCI,Eye_Opened,eye_tracking,Eye_Opened
12:43:31.958,BCI,TrainBCI,Hover_Exit,Button: NextTrainBCI,Hover_Exit
12:43:31.958,BCI,TrainBCI,LSL_Logger,2026-07-03 12:43:31.958;BCI;TrainBCI;Hover_Exit;Button: NextTrainBCI;Hover_Exit,MarkerSent
12:43:32.378,BCI,TrainBCI,LSL_Logger,2026-07-03 12:43:32.378;BCI;TrainBCI;Eye_Closed;eye_tracking;Eye_Closed,MarkerSent
12:43:32.378,BCI,TrainBCI,Eye_Closed,eye_tracking,Eye_Closed
12:43:32.468,BCI,TrainBCI,LSL_Logger,2026-07-03 12:43:32.468;BCI;TrainBCI;Eye_Opened;eye_tracking;Eye_Opened,MarkerSent
12:43:32.468,BCI,TrainBCI,Eye_Opened,eye_tracking,Eye_Opened
12:43:32.559,BCI,TrainBCI,Hover_Enter,Button: NextTrainBCI,Hovering
12:43:32.559,BCI,TrainBCI,LSL_Logger,2026-07-03 12:43:32.559;BCI;TrainBCI;Hover_Enter;Button: NextTrainBCI;Hovering,MarkerSent
12:43:32.993,BCI,TrainBCI,LSL_Logger,2026-07-03 12:43:32.993;BCI;TrainBCI;Eye_Closed;eye_tracking;Eye_Closed,MarkerSent
12:43:32.993,BCI,TrainBCI,Eye_Closed,eye_tracking,Eye_Closed
12:43:33.083,BCI,TrainBCI,LSL_Logger,2026-07-03 12:43:33.083;BCI;TrainBCI;Eye_Opened;eye_tracking;Eye_Opened,MarkerSent
12:43:33.083,BCI,TrainBCI,Eye_Opened,eye_tracking,Eye_Opened
12:43:33.544,BCI,TrainBCI,LSL_Logger,2026-07-03 12:43:33.544;BCI;TrainBCI;Eye_Closed;eye_tracking;Eye_Closed,MarkerSent
12:43:33.544,BCI,TrainBCI,Eye_Closed,eye_tracking,Eye_Closed
12:43:33.611,BCI,TrainBCI,LSL_Logger,2026-07-03 12:43:33.611;BCI;TrainBCI;Eye_Opened;eye_tracking;Eye_Opened,MarkerSent
12:43:33.611,BCI,TrainBCI,Eye_Opened,eye_tracking,Eye_Opened
12:43:34.556,BCI,TrainBCI,Dwell,Button: NextTrainBCI,Dwelling_Completed
12:43:34.556,BCI,TrainBCI,LSL_Logger,2026-07-03 12:43:34.556;BCI;TrainBCI;Dwell;Button: NextTrainBCI;Dwelling_Completed,MarkerSent
12:43:34.556,BCI,TrainBCI,Action_Executed,Button: NextTrainBCI; Action: ButtonAction,Execution_Proceeding
12:43:34.556,BCI,TrainBCI,LSL_Logger,2026-07-03 12:43:34.556;BCI;TrainBCI;Action_Executed;Button: NextTrainBCI; Action: ButtonAction;Execution_Proceeding,MarkerSent
12:43:34.556,BCI,Test3D,Phase_Start,Test3D,
12:43:35.022,BCI,Test3D,LSL_Logger,2026-07-03 12:43:35.022;BCI;Test3D;Eye_Closed;eye_tracking;Eye_Closed,MarkerSent
12:43:35.022,BCI,Test3D,Eye_Closed,eye_tracking,Eye_Closed
12:43:35.065,BCI,Test3D,LSL_Logger,2026-07-03 12:43:35.065;BCI;Test3D;Eye_Opened;eye_tracking;Eye_Opened,MarkerSent
12:43:35.065,BCI,Test3D,Eye_Opened,eye_tracking,Eye_Opened
12:43:36.176,BCI,Test3D,LSL_Logger,2026-07-03 12:43:36.176;BCI;Test3D;Eye_Closed;eye_tracking;Eye_Closed,MarkerSent
12:43:36.176,BCI,Test3D,Eye_Closed,eye_tracking,Eye_Closed
12:43:36.234,BCI,Test3D,LSL_Logger,2026-07-03 12:43:36.234;BCI;Test3D;Eye_Opened;eye_tracking;Eye_Opened,MarkerSent
12:43:36.234,BCI,Test3D,Eye_Opened,eye_tracking,Eye_Opened
12:43:36.558,BCI,Test3D,Dwell,Button: StartTestBCI,Dwelling_Completed
12:43:36.558,BCI,Test3D,LSL_Logger,2026-07-03 12:43:36.558;BCI;Test3D;Dwell;Button: StartTestBCI;Dwelling_Completed,MarkerSent
12:43:36.558,BCI,Test3D,Action_Executed,Button: StartTestBCI; Action: ButtonAction,Execution_Proceeding
12:43:36.558,BCI,Test3D,LSL_Logger,2026-07-03 12:43:36.558;BCI;Test3D;Action_Executed;Button: StartTestBCI; Action: ButtonAction;Execution_Proceeding,MarkerSent
12:43:36.559,BCI,Test3D,Predict_Start,Prediction_Window,Predict_Start:5
12:43:36.559,BCI,Test3D,LSL_Logger,2026-07-03 12:43:36.559;BCI;Test3D;Predict_Start;Prediction_Window;Predict_Start:5,MarkerSent
12:43:37.411,BCI,Test3D,LSL_Logger,2026-07-03 12:43:37.411;BCI;Test3D;Eye_Closed;eye_tracking;Eye_Closed,MarkerSent
12:43:37.411,BCI,Test3D,Eye_Closed,eye_tracking,Eye_Closed
12:43:37.448,BCI,Test3D,LSL_Logger,2026-07-03 12:43:37.448;BCI;Test3D;Eye_Opened;eye_tracking;Eye_Opened,MarkerSent
12:43:37.448,BCI,Test3D,Eye_Opened,eye_tracking,Eye_Opened
12:43:38.064,BCI,Test3D,LSL_Logger,2026-07-03 12:43:38.064;BCI;Test3D;Eye_Closed;eye_tracking;Eye_Closed,MarkerSent
12:43:38.064,BCI,Test3D,Eye_Closed,eye_tracking,Eye_Closed
12:43:38.109,BCI,Test3D,LSL_Logger,2026-07-03 12:43:38.109;BCI;Test3D;Eye_Opened;eye_tracking;Eye_Opened,MarkerSent
12:43:38.109,BCI,Test3D,Eye_Opened,eye_tracking,Eye_Opened
12:43:38.527,BCI,Test3D,LSL_Logger,2026-07-03 12:43:38.527;BCI;Test3D;Eye_Closed;eye_tracking;Eye_Closed,MarkerSent
12:43:38.527,BCI,Test3D,Eye_Closed,eye_tracking,Eye_Closed
12:43:38.591,BCI,Test3D,LSL_Logger,2026-07-03 12:43:38.591;BCI;Test3D;Eye_Opened;eye_tracking;Eye_Opened,MarkerSent
12:43:38.591,BCI,Test3D,Eye_Opened,eye_tracking,Eye_Opened
12:43:39.148,BCI,Test3D,LSL_Logger,2026-07-03 12:43:39.148;BCI;Test3D;Eye_Closed;eye_tracking;Eye_Closed,MarkerSent
12:43:39.148,BCI,Test3D,Eye_Closed,eye_tracking,Eye_Closed
12:43:39.191,BCI,Test3D,LSL_Logger,2026-07-03 12:43:39.191;BCI;Test3D;Eye_Opened;eye_tracking;Eye_Opened,MarkerSent
12:43:39.191,BCI,Test3D,Eye_Opened,eye_tracking,Eye_Opened
12:43:39.508,BCI,Test3D,LSL_Logger,2026-07-03 12:43:39.508;BCI;Test3D;Eye_Closed;eye_tracking;Eye_Closed,MarkerSent
12:43:39.508,BCI,Test3D,Eye_Closed,eye_tracking,Eye_Closed
12:43:39.599,BCI,Test3D,LSL_Logger,2026-07-03 12:43:39.599;BCI;Test3D;Eye_Opened;eye_tracking;Eye_Opened,MarkerSent
12:43:39.599,BCI,Test3D,Eye_Opened,eye_tracking,Eye_Opened
12:43:40.174,BCI,Test3D,LSL_Logger,2026-07-03 12:43:40.174;BCI;Test3D;Eye_Closed;eye_tracking;Eye_Closed,MarkerSent
12:43:40.174,BCI,Test3D,Eye_Closed,eye_tracking,Eye_Closed
12:43:40.244,BCI,Test3D,LSL_Logger,2026-07-03 12:43:40.244;BCI;Test3D;Eye_Opened;eye_tracking;Eye_Opened,MarkerSent
12:43:40.244,BCI,Test3D,Eye_Opened,eye_tracking,Eye_Opened
12:43:40.460,BCI,Test3D,LSL_Logger,2026-07-03 12:43:40.460;BCI;Test3D;Eye_Closed;eye_tracking;Eye_Closed,MarkerSent
12:43:40.460,BCI,Test3D,Eye_Closed,eye_tracking,Eye_Closed
12:43:40.542,BCI,Test3D,LSL_Logger,2026-07-03 12:43:40.542;BCI;Test3D;Eye_Opened;eye_tracking;Eye_Opened,MarkerSent
12:43:40.542,BCI,Test3D,Eye_Opened,eye_tracking,Eye_Opened
12:43:40.898,BCI,Test3D,LSL_Logger,2026-07-03 12:43:40.898;BCI;Test3D;Eye_Closed;eye_tracking;Eye_Closed,MarkerSent
12:43:40.898,BCI,Test3D,Eye_Closed,eye_tracking,Eye_Closed
12:43:40.976,BCI,Test3D,LSL_Logger,2026-07-03 12:43:40.976;BCI;Test3D;Eye_Opened;eye_tracking;Eye_Opened,MarkerSent
12:43:40.976,BCI,Test3D,Eye_Opened,eye_tracking,Eye_Opened
12:43:42.347,BCI,Test3D,LSL_Logger,2026-07-03 12:43:42.347;BCI;Test3D;Eye_Closed;eye_tracking;Eye_Closed,MarkerSent
12:43:42.347,BCI,Test3D,Eye_Closed,eye_tracking,Eye_Closed
12:43:42.396,BCI,Test3D,LSL_Logger,2026-07-03 12:43:42.396;BCI;Test3D;Eye_Opened;eye_tracking;Eye_Opened,MarkerSent
12:43:42.396,BCI,Test3D,Eye_Opened,eye_tracking,Eye_Opened
12:43:43.555,BCI,Test3D,LSL_Logger,2026-07-03 12:43:43.555;BCI;Test3D;Eye_Closed;eye_tracking;Eye_Closed,MarkerSent
12:43:43.555,BCI,Test3D,Eye_Closed,eye_tracking,Eye_Closed
12:43:43.614,BCI,Test3D,LSL_Logger,2026-07-03 12:43:43.614;BCI;Test3D;Eye_Opened;eye_tracking;Eye_Opened,MarkerSent
12:43:43.614,BCI,Test3D,Eye_Opened,eye_tracking,Eye_Opened
12:43:43.858,BCI,Test3D,LSL_Logger,2026-07-03 12:43:43.858;BCI;Test3D;Eye_Closed;eye_tracking;Eye_Closed,MarkerSent
12:43:43.858,BCI,Test3D,Eye_Closed,eye_tracking,Eye_Closed
12:43:43.946,BCI,Test3D,LSL_Logger,2026-07-03 12:43:43.946;BCI;Test3D;Eye_Opened;eye_tracking;Eye_Opened,MarkerSent
12:43:43.946,BCI,Test3D,Eye_Opened,eye_tracking,Eye_Opened
12:43:44.542,BCI,Test3D,BCI_Command_Received,300,PredictResultActiveObj1
12:43:44.542,BCI,Test3D,LSL_Logger,2026-07-03 12:43:44.542;BCI;Test3D;BCI_Command_Received;300;PredictResultActiveObj1,MarkerSent
12:43:44.554,BCI,Test3D,Dwell_Start_External,Object: Door_Single,Dwell_Started
12:43:44.554,BCI,Test3D,LSL_Logger,2026-07-03 12:43:44.554;BCI;Test3D;Dwell_Start_External;Object: Door_Single;Dwell_Started,MarkerSent
12:43:44.554,BCI,Test3D,Predict_End,Prediction_Phase,Predict_End
12:43:44.554,BCI,Test3D,LSL_Logger,2026-07-03 12:43:44.554;BCI;Test3D;Predict_End;Prediction_Phase;Predict_End,MarkerSent
12:43:45.540,BCI,Test3D,LSL_Logger,2026-07-03 12:43:45.540;BCI;Test3D;Eye_Closed;eye_tracking;Eye_Closed,MarkerSent
12:43:45.540,BCI,Test3D,Eye_Closed,eye_tracking,Eye_Closed
12:43:45.608,BCI,Test3D,LSL_Logger,2026-07-03 12:43:45.608;BCI;Test3D;Eye_Opened;eye_tracking;Eye_Opened,MarkerSent
12:43:45.608,BCI,Test3D,Eye_Opened,eye_tracking,Eye_Opened
12:43:46.310,BCI,Test3D,LSL_Logger,2026-07-03 12:43:46.310;BCI;Test3D;Eye_Closed;eye_tracking;Eye_Closed,MarkerSent
12:43:46.310,BCI,Test3D,Eye_Closed,eye_tracking,Eye_Closed
12:43:46.377,BCI,Test3D,LSL_Logger,2026-07-03 12:43:46.377;BCI;Test3D;Eye_Opened;eye_tracking;Eye_Opened,MarkerSent
12:43:46.377,BCI,Test3D,Eye_Opened,eye_tracking,Eye_Opened
12:43:46.534,BCI,Test3D,Dwell_Complete,Object: Door_Single,Dwelling_Completed
12:43:46.534,BCI,Test3D,LSL_Logger,2026-07-03 12:43:46.534;BCI;Test3D;Dwell_Complete;Object: Door_Single;Dwelling_Completed,MarkerSent
12:43:46.534,BCI,Test3D,Action_Executed,Object: Door_Single; Action: OpenDoor,Execution_Proceeding
12:43:46.534,BCI,Test3D,LSL_Logger,2026-07-03 12:43:46.534;BCI;Test3D;Action_Executed;Object: Door_Single; Action: OpenDoor;Execution_Proceeding,MarkerSent
12:43:47.436,BCI,Test3D,Hover_Enter,Button: Yes,Hovering
12:43:47.436,BCI,Test3D,LSL_Logger,2026-07-03 12:43:47.436;BCI;Test3D;Hover_Enter;Button: Yes;Hovering,MarkerSent
12:43:47.436,BCI,Test3D,Dwell_Start,Button: Yes,Dwell_Started
12:43:47.436,BCI,Test3D,LSL_Logger,2026-07-03 12:43:47.436;BCI;Test3D;Dwell_Start;Button: Yes;Dwell_Started,MarkerSent
12:43:47.471,BCI,Test3D,Hover_Exit,Button: Yes,Hover_Exit
12:43:47.471,BCI,Test3D,LSL_Logger,2026-07-03 12:43:47.471;BCI;Test3D;Hover_Exit;Button: Yes;Hover_Exit,MarkerSent
12:43:49.436,BCI,Test3D,Hover_Enter,Button: Yes,Hovering
12:43:49.436,BCI,Test3D,LSL_Logger,2026-07-03 12:43:49.436;BCI;Test3D;Hover_Enter;Button: Yes;Hovering,MarkerSent
12:43:49.751,BCI,Test3D,LSL_Logger,2026-07-03 12:43:49.751;BCI;Test3D;Eye_Closed;eye_tracking;Eye_Closed,MarkerSent
12:43:49.751,BCI,Test3D,Eye_Closed,eye_tracking,Eye_Closed
12:43:49.810,BCI,Test3D,LSL_Logger,2026-07-03 12:43:49.810;BCI;Test3D;Eye_Opened;eye_tracking;Eye_Opened,MarkerSent
12:43:49.810,BCI,Test3D,Eye_Opened,eye_tracking,Eye_Opened
12:43:49.995,BCI,Test3D,Hover_Exit,Button: Yes,Hover_Exit
12:43:49.995,BCI,Test3D,LSL_Logger,2026-07-03 12:43:49.995;BCI;Test3D;Hover_Exit;Button: Yes;Hover_Exit,MarkerSent
12:43:50.027,BCI,Test3D,LSL_Logger,2026-07-03 12:43:50.027;BCI;Test3D;Eye_Closed;eye_tracking;Eye_Closed,MarkerSent
12:43:50.027,BCI,Test3D,Eye_Closed,eye_tracking,Eye_Closed
12:43:50.092,BCI,Test3D,LSL_Logger,2026-07-03 12:43:50.092;BCI;Test3D;Eye_Opened;eye_tracking;Eye_Opened,MarkerSent
12:43:50.092,BCI,Test3D,Eye_Opened,eye_tracking,Eye_Opened
12:43:50.138,BCI,Test3D,Hover_Enter,Button: Yes,Hovering
12:43:50.138,BCI,Test3D,LSL_Logger,2026-07-03 12:43:50.138;BCI;Test3D;Hover_Enter;Button: Yes;Hovering,MarkerSent
12:43:51.492,BCI,Test3D,LSL_Logger,2026-07-03 12:43:51.492;BCI;Test3D;Eye_Closed;eye_tracking;Eye_Closed,MarkerSent
12:43:51.492,BCI,Test3D,Eye_Closed,eye_tracking,Eye_Closed
12:43:51.571,BCI,Test3D,LSL_Logger,2026-07-03 12:43:51.571;BCI;Test3D;Eye_Opened;eye_tracking;Eye_Opened,MarkerSent
12:43:51.571,BCI,Test3D,Eye_Opened,eye_tracking,Eye_Opened
12:43:51.688,BCI,Test3D,LSL_Logger,2026-07-03 12:43:51.688;BCI;Test3D;Eye_Closed;eye_tracking;Eye_Closed,MarkerSent
12:43:51.688,BCI,Test3D,Eye_Closed,eye_tracking,Eye_Closed
12:43:51.779,BCI,Test3D,LSL_Logger,2026-07-03 12:43:51.779;BCI;Test3D;Eye_Opened;eye_tracking;Eye_Opened,MarkerSent
12:43:51.779,BCI,Test3D,Eye_Opened,eye_tracking,Eye_Opened
12:43:52.128,BCI,Test3D,Dwell,Button: Yes,Dwelling_Completed
12:43:52.128,BCI,Test3D,LSL_Logger,2026-07-03 12:43:52.128;BCI;Test3D;Dwell;Button: Yes;Dwelling_Completed,MarkerSent
12:43:52.128,BCI,Test3D,Action_Executed,Button: Yes; Action: ButtonAction,Execution_Proceeding
12:43:52.128,BCI,Test3D,LSL_Logger,2026-07-03 12:43:52.128;BCI;Test3D;Action_Executed;Button: Yes; Action: ButtonAction;Execution_Proceeding,MarkerSent
12:43:52.128,BCI,Test3D,Answer,Answer_Phase,Test3D
12:43:52.128,BCI,Test3D,LSL_Logger,2026-07-03 12:43:52.128;BCI;Test3D;Answer;Answer_Phase;Test3D,MarkerSent
12:43:52.129,BCI,Test3D,Predict_Start,Prediction_Window,Predict_Start:4
12:43:52.129,BCI,Test3D,LSL_Logger,2026-07-03 12:43:52.129;BCI;Test3D;Predict_Start;Prediction_Window;Predict_Start:4,MarkerSent
12:43:53.109,BCI,Test3D,LSL_Logger,2026-07-03 12:43:53.109;BCI;Test3D;Eye_Closed;eye_tracking;Eye_Closed,MarkerSent
12:43:53.109,BCI,Test3D,Eye_Closed,eye_tracking,Eye_Closed
12:43:53.177,BCI,Test3D,LSL_Logger,2026-07-03 12:43:53.177;BCI;Test3D;Eye_Opened;eye_tracking;Eye_Opened,MarkerSent
12:43:53.177,BCI,Test3D,Eye_Opened,eye_tracking,Eye_Opened
12:43:54.608,BCI,Test3D,LSL_Logger,2026-07-03 12:43:54.608;BCI;Test3D;Eye_Closed;eye_tracking;Eye_Closed,MarkerSent
12:43:54.608,BCI,Test3D,Eye_Closed,eye_tracking,Eye_Closed
12:43:54.654,BCI,Test3D,LSL_Logger,2026-07-03 12:43:54.654;BCI;Test3D;Eye_Opened;eye_tracking;Eye_Opened,MarkerSent
12:43:54.654,BCI,Test3D,Eye_Opened,eye_tracking,Eye_Opened
12:43:55.167,BCI,Test3D,LSL_Logger,2026-07-03 12:43:55.167;BCI;Test3D;Eye_Closed;eye_tracking;Eye_Closed,MarkerSent
12:43:55.167,BCI,Test3D,Eye_Closed,eye_tracking,Eye_Closed
12:43:55.285,BCI,Test3D,LSL_Logger,2026-07-03 12:43:55.285;BCI;Test3D;Eye_Opened;eye_tracking;Eye_Opened,MarkerSent
12:43:55.285,BCI,Test3D,Eye_Opened,eye_tracking,Eye_Opened
12:43:56.036,BCI,Test3D,LSL_Logger,2026-07-03 12:43:56.036;BCI;Test3D;Eye_Closed;eye_tracking;Eye_Closed,MarkerSent
12:43:56.036,BCI,Test3D,Eye_Closed,eye_tracking,Eye_Closed
12:43:56.106,BCI,Test3D,LSL_Logger,2026-07-03 12:43:56.106;BCI;Test3D;Eye_Opened;eye_tracking;Eye_Opened,MarkerSent
12:43:56.106,BCI,Test3D,Eye_Opened,eye_tracking,Eye_Opened
12:43:57.254,BCI,Test3D,LSL_Logger,2026-07-03 12:43:57.254;BCI;Test3D;Eye_Closed;eye_tracking;Eye_Closed,MarkerSent
12:43:57.254,BCI,Test3D,Eye_Closed,eye_tracking,Eye_Closed
12:43:57.321,BCI,Test3D,LSL_Logger,2026-07-03 12:43:57.321;BCI;Test3D;Eye_Opened;eye_tracking;Eye_Opened,MarkerSent
12:43:57.321,BCI,Test3D,Eye_Opened,eye_tracking,Eye_Opened
12:43:58.691,BCI,Test3D,BCI_Command_Received,300,PredictResultActiveObj1
12:43:58.691,BCI,Test3D,LSL_Logger,2026-07-03 12:43:58.691;BCI;Test3D;BCI_Command_Received;300;PredictResultActiveObj1,MarkerSent
12:43:58.691,BCI,Test3D,Dwell_Start_External,Object: Door_Single,Dwell_Started
12:43:58.691,BCI,Test3D,LSL_Logger,2026-07-03 12:43:58.691;BCI;Test3D;Dwell_Start_External;Object: Door_Single;Dwell_Started,MarkerSent
12:43:58.691,BCI,Test3D,Predict_End,Prediction_Phase,Predict_End
12:43:58.691,BCI,Test3D,LSL_Logger,2026-07-03 12:43:58.691;BCI;Test3D;Predict_End;Prediction_Phase;Predict_End,MarkerSent
12:43:58.691,BCI,Test3D,LSL_Logger,2026-07-03 12:43:58.691;BCI;Test3D;Eye_Closed;eye_tracking;Eye_Closed,MarkerSent
12:43:58.691,BCI,Test3D,Eye_Closed,eye_tracking,Eye_Closed
12:43:58.760,BCI,Test3D,LSL_Logger,2026-07-03 12:43:58.760;BCI;Test3D;Eye_Opened;eye_tracking;Eye_Opened,MarkerSent
12:43:58.760,BCI,Test3D,Eye_Opened,eye_tracking,Eye_Opened
12:44:00.150,BCI,Test3D,LSL_Logger,2026-07-03 12:44:00.150;BCI;Test3D;Eye_Closed;eye_tracking;Eye_Closed,MarkerSent
12:44:00.150,BCI,Test3D,Eye_Closed,eye_tracking,Eye_Closed
12:44:00.206,BCI,Test3D,LSL_Logger,2026-07-03 12:44:00.206;BCI;Test3D;Eye_Opened;eye_tracking;Eye_Opened,MarkerSent
12:44:00.206,BCI,Test3D,Eye_Opened,eye_tracking,Eye_Opened
12:44:00.687,BCI,Test3D,Dwell_Complete,Object: Door_Single,Dwelling_Completed
12:44:00.687,BCI,Test3D,LSL_Logger,2026-07-03 12:44:00.687;BCI;Test3D;Dwell_Complete;Object: Door_Single;Dwelling_Completed,MarkerSent
12:44:00.687,BCI,Test3D,Action_Executed,Object: Door_Single; Action: OpenDoor,Execution_Proceeding
12:44:00.687,BCI,Test3D,LSL_Logger,2026-07-03 12:44:00.687;BCI;Test3D;Action_Executed;Object: Door_Single; Action: OpenDoor;Execution_Proceeding,MarkerSent
12:44:01.221,BCI,Test3D,LSL_Logger,2026-07-03 12:44:01.221;BCI;Test3D;Eye_Closed;eye_tracking;Eye_Closed,MarkerSent
12:44:01.221,BCI,Test3D,Eye_Closed,eye_tracking,Eye_Closed
12:44:01.288,BCI,Test3D,LSL_Logger,2026-07-03 12:44:01.288;BCI;Test3D;Eye_Opened;eye_tracking;Eye_Opened,MarkerSent
12:44:01.288,BCI,Test3D,Eye_Opened,eye_tracking,Eye_Opened
12:44:01.332,BCI,Test3D,Hover_Enter,Button: Yes,Hovering
12:44:01.332,BCI,Test3D,LSL_Logger,2026-07-03 12:44:01.332;BCI;Test3D;Hover_Enter;Button: Yes;Hovering,MarkerSent
12:44:01.344,BCI,Test3D,Hover_Exit,Button: Yes,Hover_Exit
12:44:01.344,BCI,Test3D,LSL_Logger,2026-07-03 12:44:01.344;BCI;Test3D;Hover_Exit;Button: Yes;Hover_Exit,MarkerSent
12:44:01.523,BCI,Test3D,Hover_Enter,Button: Yes,Hovering
12:44:01.523,BCI,Test3D,LSL_Logger,2026-07-03 12:44:01.523;BCI;Test3D;Hover_Enter;Button: Yes;Hovering,MarkerSent
12:44:01.844,BCI,Test3D,Hover_Exit,Button: Yes,Hover_Exit
12:44:01.844,BCI,Test3D,LSL_Logger,2026-07-03 12:44:01.844;BCI;Test3D;Hover_Exit;Button: Yes;Hover_Exit,MarkerSent
12:44:02.831,BCI,Test3D,LSL_Logger,2026-07-03 12:44:02.831;BCI;Test3D;Eye_Closed;eye_tracking;Eye_Closed,MarkerSent
12:44:02.831,BCI,Test3D,Eye_Closed,eye_tracking,Eye_Closed
12:44:02.955,BCI,Test3D,LSL_Logger,2026-07-03 12:44:02.955;BCI;Test3D;Eye_Opened;eye_tracking;Eye_Opened,MarkerSent
12:44:02.955,BCI,Test3D,Eye_Opened,eye_tracking,Eye_Opened
12:44:03.011,BCI,Test3D,Hover_Enter,Button: Yes,Hovering
12:44:03.011,BCI,Test3D,LSL_Logger,2026-07-03 12:44:03.011;BCI;Test3D;Hover_Enter;Button: Yes;Hovering,MarkerSent
12:44:03.045,BCI,Test3D,Hover_Exit,Button: Yes,Hover_Exit
12:44:03.045,BCI,Test3D,LSL_Logger,2026-07-03 12:44:03.045;BCI;Test3D;Hover_Exit;Button: Yes;Hover_Exit,MarkerSent
12:44:03.057,BCI,Test3D,Hover_Enter,Button: Yes,Hovering
12:44:03.057,BCI,Test3D,LSL_Logger,2026-07-03 12:44:03.057;BCI;Test3D;Hover_Enter;Button: Yes;Hovering,MarkerSent
12:44:03.621,BCI,Test3D,LSL_Logger,2026-07-03 12:44:03.621;BCI;Test3D;Eye_Closed;eye_tracking;Eye_Closed,MarkerSent
12:44:03.621,BCI,Test3D,Eye_Closed,eye_tracking,Eye_Closed
12:44:03.799,BCI,Test3D,LSL_Logger,2026-07-03 12:44:03.799;BCI;Test3D;Eye_Opened;eye_tracking;Eye_Opened,MarkerSent
12:44:03.799,BCI,Test3D,Eye_Opened,eye_tracking,Eye_Opened
12:44:03.989,BCI,Test3D,LSL_Logger,2026-07-03 12:44:03.989;BCI;Test3D;Eye_Closed;eye_tracking;Eye_Closed,MarkerSent
12:44:03.989,BCI,Test3D,Eye_Closed,eye_tracking,Eye_Closed
12:44:04.235,BCI,Test3D,LSL_Logger,2026-07-03 12:44:04.235;BCI;Test3D;Eye_Opened;eye_tracking;Eye_Opened,MarkerSent
12:44:04.235,BCI,Test3D,Eye_Opened,eye_tracking,Eye_Opened
12:44:05.053,BCI,Test3D,Dwell,Button: Yes,Dwelling_Completed
12:44:05.053,BCI,Test3D,LSL_Logger,2026-07-03 12:44:05.053;BCI;Test3D;Dwell;Button: Yes;Dwelling_Completed,MarkerSent
12:44:05.053,BCI,Test3D,Action_Executed,Button: Yes; Action: ButtonAction,Execution_Proceeding
12:44:05.053,BCI,Test3D,LSL_Logger,2026-07-03 12:44:05.053;BCI;Test3D;Action_Executed;Button: Yes; Action: ButtonAction;Execution_Proceeding,MarkerSent
12:44:05.053,BCI,Test3D,Answer,Answer_Phase,Test3D
12:44:05.053,BCI,Test3D,LSL_Logger,2026-07-03 12:44:05.053;BCI;Test3D;Answer;Answer_Phase;Test3D,MarkerSent
12:44:05.053,BCI,Test3D,Predict_Start,Prediction_Window,Predict_Start:3
12:44:05.053,BCI,Test3D,LSL_Logger,2026-07-03 12:44:05.053;BCI;Test3D;Predict_Start;Prediction_Window;Predict_Start:3,MarkerSent
12:44:05.836,BCI,Test3D,LSL_Logger,2026-07-03 12:44:05.836;BCI;Test3D;Eye_Closed;eye_tracking;Eye_Closed,MarkerSent
12:44:05.836,BCI,Test3D,Eye_Closed,eye_tracking,Eye_Closed
12:44:05.881,BCI,Test3D,LSL_Logger,2026-07-03 12:44:05.881;BCI;Test3D;Eye_Opened;eye_tracking;Eye_Opened,MarkerSent
12:44:05.881,BCI,Test3D,Eye_Opened,eye_tracking,Eye_Opened
12:44:08.672,BCI,Test3D,LSL_Logger,2026-07-03 12:44:08.672;BCI;Test3D;Eye_Closed;eye_tracking;Eye_Closed,MarkerSent
12:44:08.672,BCI,Test3D,Eye_Closed,eye_tracking,Eye_Closed
12:44:08.788,BCI,Test3D,LSL_Logger,2026-07-03 12:44:08.788;BCI;Test3D;Eye_Opened;eye_tracking;Eye_Opened,MarkerSent
12:44:08.788,BCI,Test3D,Eye_Opened,eye_tracking,Eye_Opened
12:44:09.621,BCI,Test3D,LSL_Logger,2026-07-03 12:44:09.621;BCI;Test3D;Eye_Closed;eye_tracking;Eye_Closed,MarkerSent
12:44:09.621,BCI,Test3D,Eye_Closed,eye_tracking,Eye_Closed
12:44:09.690,BCI,Test3D,LSL_Logger,2026-07-03 12:44:09.690;BCI;Test3D;Eye_Opened;eye_tracking;Eye_Opened,MarkerSent
12:44:09.690,BCI,Test3D,Eye_Opened,eye_tracking,Eye_Opened
12:44:10.786,BCI,Test3D,BCI_Command_Received,301,PredictResultActiveObj2
12:44:10.786,BCI,Test3D,LSL_Logger,2026-07-03 12:44:10.786;BCI;Test3D;BCI_Command_Received;301;PredictResultActiveObj2,MarkerSent
12:44:10.787,BCI,Test3D,Dwell_Start_External,Object: Door_Double,Dwell_Started
12:44:10.787,BCI,Test3D,LSL_Logger,2026-07-03 12:44:10.787;BCI;Test3D;Dwell_Start_External;Object: Door_Double;Dwell_Started,MarkerSent
12:44:10.787,BCI,Test3D,Predict_End,Prediction_Phase,Predict_End
12:44:10.787,BCI,Test3D,LSL_Logger,2026-07-03 12:44:10.787;BCI;Test3D;Predict_End;Prediction_Phase;Predict_End,MarkerSent
12:44:11.596,BCI,Test3D,LSL_Logger,2026-07-03 12:44:11.596;BCI;Test3D;Eye_Closed;eye_tracking;Eye_Closed,MarkerSent
12:44:11.596,BCI,Test3D,Eye_Closed,eye_tracking,Eye_Closed
12:44:11.657,BCI,Test3D,LSL_Logger,2026-07-03 12:44:11.657;BCI;Test3D;Eye_Opened;eye_tracking;Eye_Opened,MarkerSent
12:44:11.657,BCI,Test3D,Eye_Opened,eye_tracking,Eye_Opened
12:44:12.669,BCI,Test3D,LSL_Logger,2026-07-03 12:44:12.669;BCI;Test3D;Eye_Closed;eye_tracking;Eye_Closed,MarkerSent
12:44:12.669,BCI,Test3D,Eye_Closed,eye_tracking,Eye_Closed
12:44:12.736,BCI,Test3D,LSL_Logger,2026-07-03 12:44:12.736;BCI;Test3D;Eye_Opened;eye_tracking;Eye_Opened,MarkerSent
12:44:12.736,BCI,Test3D,Eye_Opened,eye_tracking,Eye_Opened
12:44:12.782,BCI,Test3D,Dwell_Complete,Object: Door_Double,Dwelling_Completed
12:44:12.782,BCI,Test3D,LSL_Logger,2026-07-03 12:44:12.782;BCI;Test3D;Dwell_Complete;Object: Door_Double;Dwelling_Completed,MarkerSent
12:44:12.782,BCI,Test3D,Action_Executed,Object: Door_Double; Action: OpenDoor,Execution_Proceeding
12:44:12.782,BCI,Test3D,LSL_Logger,2026-07-03 12:44:12.782;BCI;Test3D;Action_Executed;Object: Door_Double; Action: OpenDoor;Execution_Proceeding,MarkerSent
12:44:13.590,BCI,Test3D,Hover_Enter,Button: No,Hovering
12:44:13.590,BCI,Test3D,LSL_Logger,2026-07-03 12:44:13.590;BCI;Test3D;Hover_Enter;Button: No;Hovering,MarkerSent
12:44:13.590,BCI,Test3D,Dwell_Start,Button: No,Dwell_Started
12:44:13.590,BCI,Test3D,LSL_Logger,2026-07-03 12:44:13.590;BCI;Test3D;Dwell_Start;Button: No;Dwell_Started,MarkerSent
12:44:13.640,BCI,Test3D,Hover_Exit,Button: No,Hover_Exit
12:44:13.640,BCI,Test3D,LSL_Logger,2026-07-03 12:44:13.640;BCI;Test3D;Hover_Exit;Button: No;Hover_Exit,MarkerSent
12:44:13.652,BCI,Test3D,Hover_Enter,Button: No,Hovering
12:44:13.652,BCI,Test3D,LSL_Logger,2026-07-03 12:44:13.652;BCI;Test3D;Hover_Enter;Button: No;Hovering,MarkerSent
12:44:13.685,BCI,Test3D,Hover_Exit,Button: No,Hover_Exit
12:44:13.685,BCI,Test3D,LSL_Logger,2026-07-03 12:44:13.685;BCI;Test3D;Hover_Exit;Button: No;Hover_Exit,MarkerSent
12:44:13.696,BCI,Test3D,Hover_Enter,Button: Yes,Hovering
12:44:13.696,BCI,Test3D,LSL_Logger,2026-07-03 12:44:13.696;BCI;Test3D;Hover_Enter;Button: Yes;Hovering,MarkerSent
12:44:13.847,BCI,Test3D,Hover_Exit,Button: Yes,Hover_Exit
12:44:13.847,BCI,Test3D,LSL_Logger,2026-07-03 12:44:13.847;BCI;Test3D;Hover_Exit;Button: Yes;Hover_Exit,MarkerSent
12:44:14.514,BCI,Test3D,LSL_Logger,2026-07-03 12:44:14.514;BCI;Test3D;Eye_Closed;eye_tracking;Eye_Closed,MarkerSent
12:44:14.514,BCI,Test3D,Eye_Closed,eye_tracking,Eye_Closed
12:44:14.624,BCI,Test3D,LSL_Logger,2026-07-03 12:44:14.624;BCI;Test3D;Eye_Opened;eye_tracking;Eye_Opened,MarkerSent
12:44:14.624,BCI,Test3D,Eye_Opened,eye_tracking,Eye_Opened
12:44:14.693,BCI,Test3D,Hover_Enter,Button: Yes,Hovering
12:44:14.693,BCI,Test3D,LSL_Logger,2026-07-03 12:44:14.693;BCI;Test3D;Hover_Enter;Button: Yes;Hovering,MarkerSent
12:44:15.749,BCI,Test3D,LSL_Logger,2026-07-03 12:44:15.749;BCI;Test3D;Eye_Closed;eye_tracking;Eye_Closed,MarkerSent
12:44:15.749,BCI,Test3D,Eye_Closed,eye_tracking,Eye_Closed
12:44:15.873,BCI,Test3D,LSL_Logger,2026-07-03 12:44:15.873;BCI;Test3D;Eye_Opened;eye_tracking;Eye_Opened,MarkerSent
12:44:15.873,BCI,Test3D,Eye_Opened,eye_tracking,Eye_Opened
12:44:16.690,BCI,Test3D,Dwell,Button: Yes,Dwelling_Completed
12:44:16.690,BCI,Test3D,LSL_Logger,2026-07-03 12:44:16.690;BCI;Test3D;Dwell;Button: Yes;Dwelling_Completed,MarkerSent
12:44:16.690,BCI,Test3D,Action_Executed,Button: Yes; Action: ButtonAction,Execution_Proceeding
12:44:16.690,BCI,Test3D,LSL_Logger,2026-07-03 12:44:16.690;BCI;Test3D;Action_Executed;Button: Yes; Action: ButtonAction;Execution_Proceeding,MarkerSent
12:44:16.690,BCI,Test3D,Answer,Answer_Phase,Test3D
12:44:16.690,BCI,Test3D,LSL_Logger,2026-07-03 12:44:16.690;BCI;Test3D;Answer;Answer_Phase;Test3D,MarkerSent
12:44:16.690,BCI,Test3D,Predict_Start,Prediction_Window,Predict_Start:2
12:44:16.691,BCI,Test3D,LSL_Logger,2026-07-03 12:44:16.690;BCI;Test3D;Predict_Start;Prediction_Window;Predict_Start:2,MarkerSent
12:44:17.379,BCI,Test3D,LSL_Logger,2026-07-03 12:44:17.379;BCI;Test3D;Eye_Closed;eye_tracking;Eye_Closed,MarkerSent
12:44:17.379,BCI,Test3D,Eye_Closed,eye_tracking,Eye_Closed
12:44:17.479,BCI,Test3D,LSL_Logger,2026-07-03 12:44:17.479;BCI;Test3D;Eye_Opened;eye_tracking;Eye_Opened,MarkerSent
12:44:17.479,BCI,Test3D,Eye_Opened,eye_tracking,Eye_Opened
12:44:17.719,BCI,Test3D,LSL_Logger,2026-07-03 12:44:17.719;BCI;Test3D;Eye_Closed;eye_tracking;Eye_Closed,MarkerSent
12:44:17.719,BCI,Test3D,Eye_Closed,eye_tracking,Eye_Closed
12:44:17.822,BCI,Test3D,LSL_Logger,2026-07-03 12:44:17.822;BCI;Test3D;Eye_Opened;eye_tracking;Eye_Opened,MarkerSent
12:44:17.822,BCI,Test3D,Eye_Opened,eye_tracking,Eye_Opened
12:44:20.547,BCI,Test3D,BCI_Command_Received,300,PredictResultActiveObj1
12:44:20.547,BCI,Test3D,LSL_Logger,2026-07-03 12:44:20.547;BCI;Test3D;BCI_Command_Received;300;PredictResultActiveObj1,MarkerSent
12:44:20.547,BCI,Test3D,Dwell_Start_External,Object: Door_Single,Dwell_Started
12:44:20.547,BCI,Test3D,LSL_Logger,2026-07-03 12:44:20.547;BCI;Test3D;Dwell_Start_External;Object: Door_Single;Dwell_Started,MarkerSent
12:44:20.547,BCI,Test3D,Predict_End,Prediction_Phase,Predict_End
12:44:20.547,BCI,Test3D,LSL_Logger,2026-07-03 12:44:20.547;BCI;Test3D;Predict_End;Prediction_Phase;Predict_End,MarkerSent
12:44:21.531,BCI,Test3D,LSL_Logger,2026-07-03 12:44:21.531;BCI;Test3D;Eye_Closed;eye_tracking;Eye_Closed,MarkerSent
12:44:21.531,BCI,Test3D,Eye_Closed,eye_tracking,Eye_Closed
12:44:21.621,BCI,Test3D,LSL_Logger,2026-07-03 12:44:21.621;BCI;Test3D;Eye_Opened;eye_tracking;Eye_Opened,MarkerSent
12:44:21.621,BCI,Test3D,Eye_Opened,eye_tracking,Eye_Opened
12:44:22.540,BCI,Test3D,Dwell_Complete,Object: Door_Single,Dwelling_Completed
12:44:22.540,BCI,Test3D,LSL_Logger,2026-07-03 12:44:22.540;BCI;Test3D;Dwell_Complete;Object: Door_Single;Dwelling_Completed,MarkerSent
12:44:22.540,BCI,Test3D,Action_Executed,Object: Door_Single; Action: OpenDoor,Execution_Proceeding
12:44:22.540,BCI,Test3D,LSL_Logger,2026-07-03 12:44:22.540;BCI;Test3D;Action_Executed;Object: Door_Single; Action: OpenDoor;Execution_Proceeding,MarkerSent
12:44:22.952,BCI,Test3D,LSL_Logger,2026-07-03 12:44:22.952;BCI;Test3D;Eye_Closed;eye_tracking;Eye_Closed,MarkerSent
12:44:22.952,BCI,Test3D,Eye_Closed,eye_tracking,Eye_Closed
12:44:23.019,BCI,Test3D,LSL_Logger,2026-07-03 12:44:23.019;BCI;Test3D;Eye_Opened;eye_tracking;Eye_Opened,MarkerSent
12:44:23.019,BCI,Test3D,Eye_Opened,eye_tracking,Eye_Opened
12:44:23.078,BCI,Test3D,Hover_Enter,Button: Yes,Hovering
12:44:23.078,BCI,Test3D,LSL_Logger,2026-07-03 12:44:23.078;BCI;Test3D;Hover_Enter;Button: Yes;Hovering,MarkerSent
12:44:23.092,BCI,Test3D,Hover_Exit,Button: Yes,Hover_Exit
12:44:23.092,BCI,Test3D,LSL_Logger,2026-07-03 12:44:23.092;BCI;Test3D;Hover_Exit;Button: Yes;Hover_Exit,MarkerSent
12:44:23.297,BCI,Test3D,Hover_Enter,Button: Yes,Hovering
12:44:23.297,BCI,Test3D,LSL_Logger,2026-07-03 12:44:23.297;BCI;Test3D;Hover_Enter;Button: Yes;Hovering,MarkerSent
12:44:23.452,BCI,Test3D,Hover_Exit,Button: Yes,Hover_Exit
12:44:23.452,BCI,Test3D,LSL_Logger,2026-07-03 12:44:23.452;BCI;Test3D;Hover_Exit;Button: Yes;Hover_Exit,MarkerSent
12:44:23.475,BCI,Test3D,Hover_Enter,Button: No,Hovering
12:44:23.475,BCI,Test3D,LSL_Logger,2026-07-03 12:44:23.475;BCI;Test3D;Hover_Enter;Button: No;Hovering,MarkerSent
12:44:24.414,BCI,Test3D,LSL_Logger,2026-07-03 12:44:24.414;BCI;Test3D;Eye_Closed;eye_tracking;Eye_Closed,MarkerSent
12:44:24.414,BCI,Test3D,Eye_Closed,eye_tracking,Eye_Closed
12:44:24.481,BCI,Test3D,LSL_Logger,2026-07-03 12:44:24.481;BCI;Test3D;Eye_Opened;eye_tracking;Eye_Opened,MarkerSent
12:44:24.481,BCI,Test3D,Eye_Opened,eye_tracking,Eye_Opened
12:44:25.425,BCI,Test3D,LSL_Logger,2026-07-03 12:44:25.425;BCI;Test3D;Eye_Closed;eye_tracking;Eye_Closed,MarkerSent
12:44:25.425,BCI,Test3D,Eye_Closed,eye_tracking,Eye_Closed
12:44:25.471,BCI,Test3D,Dwell,Button: No,Dwelling_Completed
12:44:25.471,BCI,Test3D,LSL_Logger,2026-07-03 12:44:25.471;BCI;Test3D;Dwell;Button: No;Dwelling_Completed,MarkerSent
12:44:25.471,BCI,Test3D,Action_Executed,Button: No; Action: ButtonAction,Execution_Proceeding
12:44:25.471,BCI,Test3D,LSL_Logger,2026-07-03 12:44:25.471;BCI;Test3D;Action_Executed;Button: No; Action: ButtonAction;Execution_Proceeding,MarkerSent
12:44:25.471,BCI,Test3D,Answer,Answer_Phase,Test3D
12:44:25.471,BCI,Test3D,LSL_Logger,2026-07-03 12:44:25.471;BCI;Test3D;Answer;Answer_Phase;Test3D,MarkerSent
12:44:25.472,BCI,Test3D,Predict_Start,Prediction_Window,Predict_Start:1
12:44:25.472,BCI,Test3D,LSL_Logger,2026-07-03 12:44:25.472;BCI;Test3D;Predict_Start;Prediction_Window;Predict_Start:1,MarkerSent
12:44:25.529,BCI,Test3D,LSL_Logger,2026-07-03 12:44:25.529;BCI;Test3D;Eye_Opened;eye_tracking;Eye_Opened,MarkerSent
12:44:25.529,BCI,Test3D,Eye_Opened,eye_tracking,Eye_Opened
12:44:26.676,BCI,Test3D,LSL_Logger,2026-07-03 12:44:26.676;BCI;Test3D;Eye_Closed;eye_tracking;Eye_Closed,MarkerSent
12:44:26.676,BCI,Test3D,Eye_Closed,eye_tracking,Eye_Closed
12:44:26.745,BCI,Test3D,LSL_Logger,2026-07-03 12:44:26.745;BCI;Test3D;Eye_Opened;eye_tracking;Eye_Opened,MarkerSent
12:44:26.745,BCI,Test3D,Eye_Opened,eye_tracking,Eye_Opened
12:44:27.044,BCI,Test3D,LSL_Logger,2026-07-03 12:44:27.044;BCI;Test3D;Eye_Closed;eye_tracking;Eye_Closed,MarkerSent
12:44:27.044,BCI,Test3D,Eye_Closed,eye_tracking,Eye_Closed
12:44:27.133,BCI,Test3D,LSL_Logger,2026-07-03 12:44:27.133;BCI;Test3D;Eye_Opened;eye_tracking;Eye_Opened,MarkerSent
12:44:27.133,BCI,Test3D,Eye_Opened,eye_tracking,Eye_Opened
12:44:28.084,BCI,Test3D,LSL_Logger,2026-07-03 12:44:28.084;BCI;Test3D;Eye_Closed;eye_tracking;Eye_Closed,MarkerSent
12:44:28.084,BCI,Test3D,Eye_Closed,eye_tracking,Eye_Closed
12:44:28.163,BCI,Test3D,LSL_Logger,2026-07-03 12:44:28.163;BCI;Test3D;Eye_Opened;eye_tracking;Eye_Opened,MarkerSent
12:44:28.163,BCI,Test3D,Eye_Opened,eye_tracking,Eye_Opened
12:44:28.619,BCI,Test3D,BCI_Command_Received,300,PredictResultActiveObj1
12:44:28.619,BCI,Test3D,LSL_Logger,2026-07-03 12:44:28.619;BCI;Test3D;BCI_Command_Received;300;PredictResultActiveObj1,MarkerSent
12:44:28.619,BCI,Test3D,Dwell_Start_External,Object: Door_Single,Dwell_Started
12:44:28.619,BCI,Test3D,LSL_Logger,2026-07-03 12:44:28.619;BCI;Test3D;Dwell_Start_External;Object: Door_Single;Dwell_Started,MarkerSent
12:44:28.619,BCI,Test3D,Predict_End,Prediction_Phase,Predict_End
12:44:28.619,BCI,Test3D,LSL_Logger,2026-07-03 12:44:28.619;BCI;Test3D;Predict_End;Prediction_Phase;Predict_End,MarkerSent
12:44:29.695,BCI,Test3D,LSL_Logger,2026-07-03 12:44:29.695;BCI;Test3D;Eye_Closed;eye_tracking;Eye_Closed,MarkerSent
12:44:29.695,BCI,Test3D,Eye_Closed,eye_tracking,Eye_Closed
12:44:29.809,BCI,Test3D,LSL_Logger,2026-07-03 12:44:29.809;BCI;Test3D;Eye_Opened;eye_tracking;Eye_Opened,MarkerSent
12:44:29.809,BCI,Test3D,Eye_Opened,eye_tracking,Eye_Opened
12:44:30.606,BCI,Test3D,Dwell_Complete,Object: Door_Single,Dwelling_Completed
12:44:30.606,BCI,Test3D,LSL_Logger,2026-07-03 12:44:30.606;BCI;Test3D;Dwell_Complete;Object: Door_Single;Dwelling_Completed,MarkerSent
12:44:30.606,BCI,Test3D,Action_Executed,Object: Door_Single; Action: OpenDoor,Execution_Proceeding
12:44:30.606,BCI,Test3D,LSL_Logger,2026-07-03 12:44:30.606;BCI;Test3D;Action_Executed;Object: Door_Single; Action: OpenDoor;Execution_Proceeding,MarkerSent
12:44:30.711,BCI,Test3D,LSL_Logger,2026-07-03 12:44:30.711;BCI;Test3D;Eye_Closed;eye_tracking;Eye_Closed,MarkerSent
12:44:30.711,BCI,Test3D,Eye_Closed,eye_tracking,Eye_Closed
12:44:30.803,BCI,Test3D,LSL_Logger,2026-07-03 12:44:30.803;BCI;Test3D;Eye_Opened;eye_tracking;Eye_Opened,MarkerSent
12:44:30.803,BCI,Test3D,Eye_Opened,eye_tracking,Eye_Opened
12:44:31.130,BCI,Test3D,Hover_Enter,Button: Yes,Hovering
12:44:31.130,BCI,Test3D,LSL_Logger,2026-07-03 12:44:31.130;BCI;Test3D;Hover_Enter;Button: Yes;Hovering,MarkerSent
12:44:31.314,BCI,Test3D,Hover_Exit,Button: Yes,Hover_Exit
12:44:31.314,BCI,Test3D,LSL_Logger,2026-07-03 12:44:31.314;BCI;Test3D;Hover_Exit;Button: Yes;Hover_Exit,MarkerSent
12:44:31.328,BCI,Test3D,Hover_Enter,Button: No,Hovering
12:44:31.328,BCI,Test3D,LSL_Logger,2026-07-03 12:44:31.328;BCI;Test3D;Hover_Enter;Button: No;Hovering,MarkerSent
12:44:33.119,BCI,Test3D,Dwell,Button: No,Dwelling_Completed
12:44:33.119,BCI,Test3D,LSL_Logger,2026-07-03 12:44:33.119;BCI;Test3D;Dwell;Button: No;Dwelling_Completed,MarkerSent
12:44:33.119,BCI,Test3D,Action_Executed,Button: No; Action: ButtonAction,Execution_Proceeding
12:44:33.119,BCI,Test3D,LSL_Logger,2026-07-03 12:44:33.119;BCI;Test3D;Action_Executed;Button: No; Action: ButtonAction;Execution_Proceeding,MarkerSent
12:44:33.119,BCI,Test3D,Answer,Answer_Phase,Test3D
12:44:33.119,BCI,Test3D,LSL_Logger,2026-07-03 12:44:33.119;BCI;Test3D;Answer;Answer_Phase;Test3D,MarkerSent
12:44:33.132,BCI,Test3D,Hover_Enter,Button: NextTrainBCI,Hovering
12:44:33.132,BCI,Test3D,LSL_Logger,2026-07-03 12:44:33.132;BCI;Test3D;Hover_Enter;Button: NextTrainBCI;Hovering,MarkerSent
12:44:33.558,BCI,Test3D,Hover_Exit,Button: NextTrainBCI,Hover_Exit
12:44:33.558,BCI,Test3D,LSL_Logger,2026-07-03 12:44:33.558;BCI;Test3D;Hover_Exit;Button: NextTrainBCI;Hover_Exit,MarkerSent
12:44:33.598,BCI,Test3D,LSL_Logger,2026-07-03 12:44:33.598;BCI;Test3D;Eye_Closed;eye_tracking;Eye_Closed,MarkerSent
12:44:33.598,BCI,Test3D,Eye_Closed,eye_tracking,Eye_Closed
12:44:33.644,BCI,Test3D,LSL_Logger,2026-07-03 12:44:33.644;BCI;Test3D;Eye_Opened;eye_tracking;Eye_Opened,MarkerSent
12:44:33.644,BCI,Test3D,Eye_Opened,eye_tracking,Eye_Opened
12:44:33.791,BCI,Test3D,Hover_Enter,Button: NextTrainBCI,Hovering
12:44:33.791,BCI,Test3D,LSL_Logger,2026-07-03 12:44:33.791;BCI;Test3D;Hover_Enter;Button: NextTrainBCI;Hovering,MarkerSent
12:44:34.708,BCI,Test3D,LSL_Logger,2026-07-03 12:44:34.708;BCI;Test3D;Eye_Closed;eye_tracking;Eye_Closed,MarkerSent
12:44:34.708,BCI,Test3D,Eye_Closed,eye_tracking,Eye_Closed
12:44:34.818,BCI,Test3D,LSL_Logger,2026-07-03 12:44:34.818;BCI;Test3D;Eye_Opened;eye_tracking;Eye_Opened,MarkerSent
12:44:34.818,BCI,Test3D,Eye_Opened,eye_tracking,Eye_Opened
12:44:35.298,BCI,Test3D,Hover_Exit,Button: NextTrainBCI,Hover_Exit
12:44:35.298,BCI,Test3D,LSL_Logger,2026-07-03 12:44:35.298;BCI;Test3D;Hover_Exit;Button: NextTrainBCI;Hover_Exit,MarkerSent
12:44:35.907,BCI,Test3D,Hover_Enter,Button: NextTrainBCI,Hovering
12:44:35.907,BCI,Test3D,LSL_Logger,2026-07-03 12:44:35.907;BCI;Test3D;Hover_Enter;Button: NextTrainBCI;Hovering,MarkerSent
12:44:36.078,BCI,Test3D,LSL_Logger,2026-07-03 12:44:36.078;BCI;Test3D;Eye_Closed;eye_tracking;Eye_Closed,MarkerSent
12:44:36.078,BCI,Test3D,Eye_Closed,eye_tracking,Eye_Closed
12:44:36.155,BCI,Test3D,Hover_Exit,Button: NextTrainBCI,Hover_Exit
12:44:36.155,BCI,Test3D,LSL_Logger,2026-07-03 12:44:36.155;BCI;Test3D;Hover_Exit;Button: NextTrainBCI;Hover_Exit,MarkerSent
12:44:36.167,BCI,Test3D,Hover_Enter,Button: NextTrainBCI,Hovering
12:44:36.167,BCI,Test3D,LSL_Logger,2026-07-03 12:44:36.167;BCI;Test3D;Hover_Enter;Button: NextTrainBCI;Hovering,MarkerSent
12:44:36.180,BCI,Test3D,Hover_Exit,Button: NextTrainBCI,Hover_Exit
12:44:36.180,BCI,Test3D,LSL_Logger,2026-07-03 12:44:36.180;BCI;Test3D;Hover_Exit;Button: NextTrainBCI;Hover_Exit,MarkerSent
12:44:36.180,BCI,Test3D,LSL_Logger,2026-07-03 12:44:36.180;BCI;Test3D;Eye_Opened;eye_tracking;Eye_Opened,MarkerSent
12:44:36.180,BCI,Test3D,Eye_Opened,eye_tracking,Eye_Opened
12:44:36.512,BCI,Test3D,LSL_Logger,2026-07-03 12:44:36.512;BCI;Test3D;Eye_Closed;eye_tracking;Eye_Closed,MarkerSent
12:44:36.512,BCI,Test3D,Eye_Closed,eye_tracking,Eye_Closed
12:44:36.633,BCI,Test3D,LSL_Logger,2026-07-03 12:44:36.633;BCI;Test3D;Eye_Opened;eye_tracking;Eye_Opened,MarkerSent
12:44:36.633,BCI,Test3D,Eye_Opened,eye_tracking,Eye_Opened
12:44:36.879,BCI,Test3D,LSL_Logger,2026-07-03 12:44:36.879;BCI;Test3D;Eye_Closed;eye_tracking;Eye_Closed,MarkerSent
12:44:36.879,BCI,Test3D,Eye_Closed,eye_tracking,Eye_Closed
12:44:36.949,BCI,Test3D,LSL_Logger,2026-07-03 12:44:36.949;BCI;Test3D;Eye_Opened;eye_tracking;Eye_Opened,MarkerSent
12:44:36.949,BCI,Test3D,Eye_Opened,eye_tracking,Eye_Opened
12:44:37.139,BCI,Test3D,LSL_Logger,2026-07-03 12:44:37.139;BCI;Test3D;Eye_Closed;eye_tracking;Eye_Closed,MarkerSent
12:44:37.139,BCI,Test3D,Eye_Closed,eye_tracking,Eye_Closed
12:44:37.425,BCI,Test3D,LSL_Logger,2026-07-03 12:44:37.425;BCI;Test3D;Eye_Opened;eye_tracking;Eye_Opened,MarkerSent
12:44:37.425,BCI,Test3D,Eye_Opened,eye_tracking,Eye_Opened
12:44:37.546,BCI,Test3D,LSL_Logger,2026-07-03 12:44:37.546;BCI;Test3D;Eye_Closed;eye_tracking;Eye_Closed,MarkerSent
12:44:37.546,BCI,Test3D,Eye_Closed,eye_tracking,Eye_Closed
12:44:37.675,BCI,Test3D,LSL_Logger,2026-07-03 12:44:37.675;BCI;Test3D;Eye_Opened;eye_tracking;Eye_Opened,MarkerSent
12:44:37.675,BCI,Test3D,Eye_Opened,eye_tracking,Eye_Opened
12:44:38.204,BCI,Test3D,LSL_Logger,2026-07-03 12:44:38.204;BCI;Test3D;Eye_Closed;eye_tracking;Eye_Closed,MarkerSent
12:44:38.204,BCI,Test3D,Eye_Closed,eye_tracking,Eye_Closed
12:44:38.448,BCI,Test3D,LSL_Logger,2026-07-03 12:44:38.448;BCI;Test3D;Eye_Opened;eye_tracking;Eye_Opened,MarkerSent
12:44:38.448,BCI,Test3D,Eye_Opened,eye_tracking,Eye_Opened
12:44:38.711,BCI,Test3D,Hover_Enter,Button: NextTrainBCI,Hovering
12:44:38.711,BCI,Test3D,LSL_Logger,2026-07-03 12:44:38.711;BCI;Test3D;Hover_Enter;Button: NextTrainBCI;Hovering,MarkerSent
12:44:38.780,BCI,Test3D,Hover_Exit,Button: NextTrainBCI,Hover_Exit
12:44:38.780,BCI,Test3D,LSL_Logger,2026-07-03 12:44:38.780;BCI;Test3D;Hover_Exit;Button: NextTrainBCI;Hover_Exit,MarkerSent
12:44:38.907,BCI,Test3D,LSL_Logger,2026-07-03 12:44:38.907;BCI;Test3D;Eye_Closed;eye_tracking;Eye_Closed,MarkerSent
12:44:38.907,BCI,Test3D,Eye_Closed,eye_tracking,Eye_Closed
12:44:38.988,BCI,Test3D,LSL_Logger,2026-07-03 12:44:38.988;BCI;Test3D;Eye_Opened;eye_tracking;Eye_Opened,MarkerSent
12:44:38.988,BCI,Test3D,Eye_Opened,eye_tracking,Eye_Opened
12:44:39.046,BCI,Test3D,LSL_Logger,2026-07-03 12:44:39.046;BCI;Test3D;Eye_Closed;eye_tracking;Eye_Closed,MarkerSent
12:44:39.046,BCI,Test3D,Eye_Closed,eye_tracking,Eye_Closed
12:44:39.105,BCI,Test3D,LSL_Logger,2026-07-03 12:44:39.105;BCI;Test3D;Eye_Opened;eye_tracking;Eye_Opened,MarkerSent
12:44:39.105,BCI,Test3D,Eye_Opened,eye_tracking,Eye_Opened
12:44:39.370,BCI,Test3D,LSL_Logger,2026-07-03 12:44:39.370;BCI;Test3D;Eye_Closed;eye_tracking;Eye_Closed,MarkerSent
12:44:39.370,BCI,Test3D,Eye_Closed,eye_tracking,Eye_Closed
12:44:39.513,BCI,Test3D,LSL_Logger,2026-07-03 12:44:39.513;BCI;Test3D;Eye_Opened;eye_tracking;Eye_Opened,MarkerSent
12:44:39.513,BCI,Test3D,Eye_Opened,eye_tracking,Eye_Opened
12:44:39.961,BCI,Test3D,LSL_Logger,2026-07-03 12:44:39.961;BCI;Test3D;Eye_Closed;eye_tracking;Eye_Closed,MarkerSent
12:44:39.961,BCI,Test3D,Eye_Closed,eye_tracking,Eye_Closed
12:44:40.122,BCI,Test3D,LSL_Logger,2026-07-03 12:44:40.122;BCI;Test3D;Eye_Opened;eye_tracking;Eye_Opened,MarkerSent
12:44:40.122,BCI,Test3D,Eye_Opened,eye_tracking,Eye_Opened
12:44:40.429,BCI,Test3D,LSL_Logger,2026-07-03 12:44:40.429;BCI;Test3D;Eye_Closed;eye_tracking;Eye_Closed,MarkerSent
12:44:40.429,BCI,Test3D,Eye_Closed,eye_tracking,Eye_Closed
12:44:40.530,BCI,Test3D,LSL_Logger,2026-07-03 12:44:40.530;BCI;Test3D;Eye_Opened;eye_tracking;Eye_Opened,MarkerSent
12:44:40.530,BCI,Test3D,Eye_Opened,eye_tracking,Eye_Opened
12:44:40.941,BCI,Test3D,LSL_Logger,2026-07-03 12:44:40.941;BCI;Test3D;Eye_Closed;eye_tracking;Eye_Closed,MarkerSent
12:44:40.941,BCI,Test3D,Eye_Closed,eye_tracking,Eye_Closed
12:44:41.040,BCI,Test3D,LSL_Logger,2026-07-03 12:44:41.040;BCI;Test3D;Eye_Opened;eye_tracking;Eye_Opened,MarkerSent
12:44:41.040,BCI,Test3D,Eye_Opened,eye_tracking,Eye_Opened
12:44:41.341,BCI,Test3D,LSL_Logger,2026-07-03 12:44:41.341;BCI;Test3D;Eye_Closed;eye_tracking;Eye_Closed,MarkerSent
12:44:41.341,BCI,Test3D,Eye_Closed,eye_tracking,Eye_Closed
12:44:41.440,BCI,Test3D,LSL_Logger,2026-07-03 12:44:41.440;BCI;Test3D;Eye_Opened;eye_tracking;Eye_Opened,MarkerSent
12:44:41.440,BCI,Test3D,Eye_Opened,eye_tracking,Eye_Opened
12:44:41.628,BCI,Test3D,LSL_Logger,2026-07-03 12:44:41.628;BCI;Test3D;Eye_Closed;eye_tracking;Eye_Closed,MarkerSent
12:44:41.628,BCI,Test3D,Eye_Closed,eye_tracking,Eye_Closed
12:44:41.661,BCI,Test3D,LSL_Logger,2026-07-03 12:44:41.661;BCI;Test3D;Eye_Opened;eye_tracking;Eye_Opened,MarkerSent
12:44:41.661,BCI,Test3D,Eye_Opened,eye_tracking,Eye_Opened
12:44:42.008,BCI,Test3D,LSL_Logger,2026-07-03 12:44:42.008;BCI;Test3D;Eye_Closed;eye_tracking;Eye_Closed,MarkerSent
12:44:42.008,BCI,Test3D,Eye_Closed,eye_tracking,Eye_Closed
12:44:42.055,BCI,Test3D,LSL_Logger,2026-07-03 12:44:42.055;BCI;Test3D;Eye_Opened;eye_tracking;Eye_Opened,MarkerSent
12:44:42.055,BCI,Test3D,Eye_Opened,eye_tracking,Eye_Opened
12:44:42.089,BCI,Test3D,LSL_Logger,2026-07-03 12:44:42.089;BCI;Test3D;Eye_Closed;eye_tracking;Eye_Closed,MarkerSent
12:44:42.089,BCI,Test3D,Eye_Closed,eye_tracking,Eye_Closed
12:44:42.268,BCI,Test3D,LSL_Logger,2026-07-03 12:44:42.268;BCI;Test3D;Eye_Opened;eye_tracking;Eye_Opened,MarkerSent
12:44:42.268,BCI,Test3D,Eye_Opened,eye_tracking,Eye_Opened
12:44:42.471,BCI,Test3D,LSL_Logger,2026-07-03 12:44:42.471;BCI;Test3D;Eye_Closed;eye_tracking;Eye_Closed,MarkerSent
12:44:42.471,BCI,Test3D,Eye_Closed,eye_tracking,Eye_Closed
12:44:42.492,BCI,Test3D,LSL_Logger,2026-07-03 12:44:42.492;BCI;Test3D;Eye_Opened;eye_tracking;Eye_Opened,MarkerSent
12:44:42.492,BCI,Test3D,Eye_Opened,eye_tracking,Eye_Opened
12:44:42.638,BCI,Test3D,LSL_Logger,2026-07-03 12:44:42.638;BCI;Test3D;Eye_Closed;eye_tracking;Eye_Closed,MarkerSent
12:44:42.638,BCI,Test3D,Eye_Closed,eye_tracking,Eye_Closed
12:44:42.763,BCI,Test3D,LSL_Logger,2026-07-03 12:44:42.763;BCI;Test3D;Eye_Opened;eye_tracking;Eye_Opened,MarkerSent
12:44:42.763,BCI,Test3D,Eye_Opened,eye_tracking,Eye_Opened
12:44:42.776,BCI,Test3D,LSL_Logger,2026-07-03 12:44:42.776;BCI;Test3D;Eye_Closed;eye_tracking;Eye_Closed,MarkerSent
12:44:42.776,BCI,Test3D,Eye_Closed,eye_tracking,Eye_Closed
12:44:42.845,BCI,Test3D,LSL_Logger,2026-07-03 12:44:42.845;BCI;Test3D;Eye_Opened;eye_tracking;Eye_Opened,MarkerSent
12:44:42.845,BCI,Test3D,Eye_Opened,eye_tracking,Eye_Opened
12:44:43.282,BCI,Test3D,LSL_Logger,2026-07-03 12:44:43.282;BCI;Test3D;Eye_Closed;eye_tracking;Eye_Closed,MarkerSent
12:44:43.282,BCI,Test3D,Eye_Closed,eye_tracking,Eye_Closed
12:44:43.338,BCI,Test3D,LSL_Logger,2026-07-03 12:44:43.338;BCI;Test3D;Eye_Opened;eye_tracking;Eye_Opened,MarkerSent
12:44:43.338,BCI,Test3D,Eye_Opened,eye_tracking,Eye_Opened
